EDGE,,Weight,_4,SIM,4G bands,Audio quality,Browser,Loudspeaker_1,Model Name,Status,Dimensions,Card slot,USB,NFC,Models,Video,Video_1,Speed,Display,Sensors,Colors,GPU,Type,Chipset,WLAN,Talk time,Features_1,_2,Keyboard,Camera,_1,Stand-by,Features,Price,Single,Loudspeaker,Resolution,OS,3G bands,Technology,Charging,SAR EU,Performance,3.5mm jack,Music play,Talk time_1,Announced,Brand,Radio,_3,Positioning,Bluetooth,CPU,SAR,Internal,Model Image,GPRS,2G bands,Announced_1,Type_1,Single_1,Battery (old),Size,Protection
No,Stylus,544.3 g (1.20 lb),,No,,,,,Acer Chromebook Tab 10,"Available. Released 2018, July",238.3 x 172.2 x 9.9 mm (9.38 x 6.78 x 0.39 in),microSDXC (dedicated slot),USB Type-C 3.1,No,,720p,,,,Accelerometer,"Black, Blue",,IPS LCD,Rockchip RK3399,"Wi-Fi 802.11 b/g/n/ac, dual-band, Wi-Fi Direct",Up to 9 h (multimedia),,,,,,,,About 330 EUR,5 MP,"Yes, with stereo speakers","1536 x 2048 pixels, 4:3 ratio (~264 ppi density)",Chrome OS,,No cellular connectivity,,,,Yes,,,"2018, March",Acer,No,,,"4.1, A2DP, LE",Hexa-core (4x Cortex-A53 & 2x Cortex-A72),,32GB 4GB RAM,https://fdn2.gsmarena.com/vv/bigpic/acer-chromebook-tab-10.jpg,No,N/A,,"Li-Po 4500 mAh, non-removable (34 Wh)",2 MP,,"9.7 inches, 291.4 cm2(~71.0% screen-to-body ratio)",
,"3, 7, 8, 28",260 g (9.17 oz),,Nano-SIM + Micro-SIM,"1, 3, 7, 8, 20",,,,acer iconia talk s-8306 ,Discontinued,191.7 x 101 x 9.4 mm (7.55 x 3.98 x 0.37 in),microSDXC (dedicated slot),microUSB 2.0,No,,1080p@30fps,720p,"HSPA 42.2/11.5 Mbps, LTE Cat4 150/50 Mbps",,"Accelerometer, proximity",Black,Mali-T720MP2,IPS LCD,Mediatek MT8735,"Wi-Fi 802.11 a/b/g/n, Wi-Fi Direct",Up to 9 h (multimedia),,,,,,,"HDR, panorama",About 170 EUR,"13 MP, AF",Yes,"720 x 1280 pixels, 16:9 ratio (~210 ppi density)",Android 6.0 (Marshmallow),HSDPA 850 / 1900 / 2100,GSM / HSPA / LTE,,,,Yes,,,"2016, August. Released 2016, October",Acer,FM radio,,"GPS, GLONASS","4.0, A2DP",Quad-core 1.3 GHz Cortex-A53,,"16GB 2GB RAM, 32GB 2GB RAM",,,GSM 850 / 900 / 1800 / 1900 - SIM 1 & SIM 2,"2016, August. Released 2016, October","Li-Ion 3400 mAh, non-removable (12.92 Wh)",2 MP,,"7.0 inches, 135.1 cm2(~69.8% screen-to-body ratio)",
Yes,,169 g (5.96 oz),,"Single SIM (Micro-SIM) or Hybrid Dual SIM (Micro-SIM, dual stand-by)",LTE,,,,Acer Liquid Z6 Plus,Discontinued,153.8 x 75.6 x 8.5 mm (6.06 x 2.98 x 0.33 in),microSDXC (uses shared SIM slot),microUSB 2.0,No,,1080p@30fps,,"HSPA 42.2/5.76 Mbps, LTE Cat4 150/50 Mbps",,"Fingerprint (front-mounted), accelerometer, proximity","Black, White",Mali-T720MP3,IPS LCD,Mediatek MT6753 (28 nm),"Wi-Fi 802.11 b/g/n, Wi-Fi Direct",,,,,,,,"LED flash, HDR, panorama",About 250 EUR,"13 MP, AF",Yes,"1080 x 1920 pixels, 16:9 ratio (~401 ppi density)",Android 6.0 (Marshmallow),HSDPA,GSM / HSPA / LTE,,,,Yes,,,"2016, August. Released 2016, December",Acer,FM radio,,GPS,"4.0, A2DP",Octa-core 1.3 GHz Cortex-A53,,32GB 3GB RAM,https://fdn2.gsmarena.com/vv/bigpic/acer-liquid-z6-plus.jpg,Yes,GSM 850 / 900 / 1800 / 1900 - SIM 1 & SIM 2 (dual-SIM model only),,"Li-Po 4080 mAh, non-removable",5 MP,,"5.5 inches, 83.4 cm2(~71.7% screen-to-body ratio)",
Yes,eMMC 5.0,126 g (4.44 oz),,"Single SIM (Micro-SIM) or Dual SIM (Micro-SIM, dual stand-by)",LTE,,,,Acer Liquid Z6,Discontinued,145.5 x 72.5 x 8.5 mm (5.73 x 2.85 x 0.33 in),microSDXC,microUSB 2.0,No,,Yes,,"HSPA, LTE",,"Accelerometer, proximity","Black, White",Mali-T720MP2,IPS LCD,Mediatek MT6737 (28 nm),Wi-Fi 802.11 b/g/n,,,,,,,,"LED flash, HDR, panorama",About 120 EUR,"8 MP, AF",Yes,"720 x 1280 pixels, 16:9 ratio (~294 ppi density)",Android 6.0 (Marshmallow),HSDPA,GSM / HSPA / LTE,,,,Yes,,,"2016, August. Released 2016, December",Acer,FM radio,,GPS,"4.0, A2DP",Quad-core 1.25 GHz Cortex-A53,,8GB 1GB RAM,https://fdn2.gsmarena.com/vv/bigpic/acer-liquid-z6.jpg,Yes,GSM 850 / 900 / 1800 / 1900 - SIM 1 & SIM 2 (dual-SIM model only),,"Li-Ion 2000 mAh, removable",2 MP,,"5.0 inches, 68.9 cm2(~65.3% screen-to-body ratio)",
No,HDMI,-,,No,,,,,Acer Iconia Tab 10 A3-A40,Discontinued,259 x 167 x 8.9 mm (10.20 x 6.57 x 0.35 in),microSDXC (dedicated slot),microUSB 2.0,No,,1080p@30fps,,,,Accelerometer,Black,Mali-T720 MP2,IPS LCD,Mediatek MT8163A,"Wi-Fi 802.11 a/b/g/n/ac, dual-band",,,,,,,,,About 230 EUR,5 MP,"Yes, with stereo speakers (4 speakers)","1920 x 1200 pixels, 16:10 ratio (~224 ppi density)",Android 6.0 (Marshmallow),,No cellular connectivity,,,,Yes,,,"2016, April. Released 2016, June",Acer,No,,,"4.0, A2DP",Quad-core 1.3 GHz Cortex-A53,,"16GB 2GB RAM, 32GB 2GB RAM, 64GB 2GB RAM",https://fdn2.gsmarena.com/vv/bigpic/acer-iconia-tab-10-a3-a40.jpg,No,N/A,,"Li-Ion 6100 mAh, non-removable",2 MP,,"10.1 inches, 295.8 cm2(~68.4% screen-to-body ratio)",
,HSDPA 850 / 1700(AWS) / 1900 - PA,166 g (5.86 oz),,Triple SIM (Micro-SIM),LTE 800 / 1800 / 2100 / 2600 - Europe,Noise -86.1dB / Crosstalk -88.1dB,,Voice 61dB / Noise 62dB / Ring 67dB,acer liquid x2-8034 ,Discontinued,153.3 x 78.8 x 8.5 mm (6.04 x 3.10 x 0.33 in),microSDHC (dedicated slot),microUSB 2.0,No,,1080p@30fps,,"HSPA 42.2/5.76 Mbps, LTE Cat4 150/50 Mbps","Contrast ratio: 950 (nominal), 2.084 (sunlight)","Accelerometer, proximity, compass","Black, Gold",Mali-T720MP4,IPS LCD,Mediatek MT6753 (28 nm),"Wi-Fi 802.11 b/g/n, hotspot",Up to 23 h (3G),LED flash,24-bit/192kHz audio,,Photo/Video,LTE 700 / 900 / 1800 - Taiwan,Up to 820 h (3G),LED flash,About 230 EUR,"13 MP, f/1.8, AF",Yes,"720 x 1280 pixels, 16:9 ratio (~267 ppi density)",Android 5.1 (Lollipop),"HSDPA 900 / 1900 / 2100 - Europe, Taiwan",GSM / HSPA / LTE,,,Basemark OS II 2.0: 825Basemark X: 4300,Yes,,,"2015, April. Released 2016, February",Acer,FM radio,,GPS,"4.0, A2DP, LE",Octa-core 1.3 GHz Cortex-A53,,32GB 3GB RAM,,,GSM 850 / 900 / 1800 / 1900,"2015, April. Released 2016, February","Li-Po 4020 mAh, removable","13 MP, f/1.8, AF",Endurance rating 85h,"5.5 inches, 83.4 cm2(~69.0% screen-to-body ratio)",
,eMMC 5.0,150 g (5.29 oz),,Nano-SIM + Nano-SIM,LTE,,,,acer liquid jade 2-7956 ,Discontinued,156.6 x 75.9 x 8.4 mm (6.17 x 2.99 x 0.33 in),microSDXC,microUSB 2.0,No,,"4K@30fps, 1080p@30fps",1080p@30fps,"HSPA 42.2/5.76 Mbps, LTE Cat4 150/50 Mbps",,"Accelerometer, gyro, proximity, compass",Black,Adreno 418,Super AMOLED,Qualcomm MSM8992 Snapdragon 808 (20 nm),"Wi-Fi 802.11 a/b/g/n/ac, dual-band, Wi-Fi Direct",,,,,,,,"Dual-LED flash, HDR, panorama",,"21 MP, AF",Yes,"1080 x 1920 pixels, 16:9 ratio (~401 ppi density)",Android 6.0 (Marshmallow),HSDPA 900 / 2100,GSM / HSPA / LTE,,,,Yes,,,"2016, February",Acer,FM radio,,GPS,"4.0, A2DP, LE",Hexa-core (4x1.4 GHz Cortex-A53 & 2x1.8 GHz Cortex-A57),,32GB 3GB RAM,,,GSM 850 / 900 / 1800 / 1900 - SIM 1 & SIM 2,"2016, February","Li-Po 3000 mAh, non-removable",8 MP,,"5.5 inches, 83.4 cm2(~70.2% screen-to-body ratio)",Corning Gorilla Glass 4
Yes,,-,,"Single SIM (Micro-SIM) or Dual SIM (Micro-SIM, dual stand-by)",LTE,,,,acer liquid zest plus-8059 ,Discontinued,154 x 77 x 10 mm (6.06 x 3.03 x 0.39 in),microSDXC (dedicated slot),microUSB 2.0,No,,1080p@30fps,,"HSPA, LTE",,"Accelerometer, proximity, compass","Blue, White",Mali-T720MP2,IPS LCD,Mediatek MT6735 (28 nm),Wi-Fi 802.11 b/g/n,,,,,,,,"Laser AF, LED flash, HDR, panorama",About 200 EUR,"13 MP, PDAF",Yes,"720 x 1280 pixels, 16:9 ratio (~267 ppi density)",Android 6.0 (Marshmallow),HSDPA,GSM / HSPA / LTE,10W wired,,,Yes,,,"2016, April. Released 2016, July",Acer,FM radio,,GPS,"4.0, A2DP",Quad-core 1.3 GHz Cortex-A53,,16GB 2GB RAM,,Yes,GSM 850 / 900 / 1800 / 1900 - SIM 1 & SIM 2 (dual-SIM model only),"2016, April. Released 2016, July","Li-Ion 5000 mAh, non-removable",5 MP,,"5.5 inches, 83.4 cm2(~70.3% screen-to-body ratio)",
,,125 g (4.41 oz),,"Single SIM (Micro-SIM) or Dual SIM (Micro-SIM, dual stand-by)",LTE,,,,Acer Liquid Zest,Discontinued,145.7 x 71.2 x 8.4 mm (5.74 x 2.80 x 0.33 in),microSDHC (dedicated slot),microUSB 2.0,No,,1080p@30fps,,"HSPA, LTE Cat4 150/50 Mbps",,"Accelerometer, proximity, compass","Black, White",Mali-400MP2 - Z525Mali-T720MP2 - Z528,IPS LCD,Mediatek MT6580 - Z525Mediatek MT6735 - Z525,Wi-Fi 802.11 b/g/n,,,,,,,,"LED flash, HDR, panorama",About 110 EUR,"8 MP, f/2.0, AF",Yes,"720 x 1280 pixels, 16:9 ratio (~294 ppi density)",Android 6.0 (Marshmallow),HSDPA 850 / 900 / 1900 / 2100,GSM / HSPA / LTE,,,,Yes,,,"2016, February. Released 2016, April",Acer,FM radio,,GPS,"4.0, A2DP",Quad-core 1.3 GHz - Z525Quad-core 1.0 GHz - Z528,,8GB 1GB RAM,https://fdn2.gsmarena.com/vv/bigpic/acer-zest.jpg,,GSM 850 / 900 / 1800 / 1900 - SIM 1 & SIM 2 (dual-SIM model only),,"Li-Ion 2000 mAh, removable",5 MP,,"5.0 inches, 68.9 cm2(~66.4% screen-to-body ratio)",
No,,353.8 g (12.49 oz),,No,,,,,acer predator 8-7750 ,Discontinued,217.9 x 127 x 8.6 mm (8.58 x 5.0 x 0.34 in),microSDXC (dedicated slot),microUSB 2.0,No,GT-810-15NC,1080p@30fps,,,,Yes,Black/Silver,,IPS LCD,Intel Atom x7-Z8700,Wi-Fi 802.11 a/b/g/n,Up to 8 h 30 min,,,,,,,,About 350 EUR,5 MP,"Yes, with stereo speakers (4 speakers)","1920 x 1200 pixels, 16:10 ratio (~283 ppi density)",Android 5.0 (Lollipop),,No cellular connectivity,,,,Yes,,,"2015, September. Released 2015, November",Acer,No,,,"4.0, A2DP, LE",Quad-core 1.6 GHz,,"32GB 2GB RAM, 64GB 2GB RAM",,No,N/A,"2015, September. Released 2015, November","Li-Po 4420 mAh, non-removable",2 MP,,"8.0 inches, 185.6 cm2(~67.1% screen-to-body ratio)",
,HSDPA 850 / 1700(AWS) / 1900 / 2100 - USA,150 g (5.29 oz),Microsoft Continuum support,Nano-SIM + Nano-SIM,LTE 800 / 1800 / 2100 / 2600 - Europe,,,,Acer Liquid Jade Primo,Discontinued,156.5 x 75.9 x 8.4 mm (6.16 x 2.99 x 0.33 in),microSDXC (uses shared SIM slot),USB Type-C 3.1,No,,"4K@30fps, 1080p@30fps",1080p@30fps,"HSPA 42.2/5.76 Mbps, LTE (2CA) Cat6 300/50 Mbps",,"Accelerometer, gyro, proximity, compass",Black,Adreno 418,AMOLED,Qualcomm MSM8992 Snapdragon 808 (20 nm),"Wi-Fi 802.11 a/b/g/n/ac, dual-band, Wi-Fi Direct, hotspot",Up to 20 h (3G),,LTE 700 / 1700 / 1900 / 2600 - USA,,Photo/Video,LTE 900 / 1800 / 2600 - Taiwan,Up to 330 h (3G),"Dual-LED flash, HDR, panorama",About 220 EUR,"21 MP, f/2.2, AF",Yes,"1080 x 1920 pixels, 16:9 ratio (~401 ppi density)",Microsoft Windows 10,HSDPA 850 / 900 / 1900 / 2100 - Europe/ Taiwan,GSM / HSPA / LTE,,,,Yes,,,"2015, September. Released 2016, April",Acer,FM radio,eMMC 5.0,GPS,"4.0, A2DP, LE, EDR",Hexa-core (4x1.4 GHz Cortex-A53 & 2x1.8 GHz Cortex-A57),,32GB 3GB RAM,https://fdn2.gsmarena.com/vv/bigpic/acer-liquid-jade-primo-.jpg,,GSM 850 / 900 / 1800 / 1900 - SIM 1 & SIM 2,,"Li-Po 2870 mAh, non-removable","8 MP, f/2.2",Endurance rating 56h,"5.5 inches, 83.4 cm2(~70.2% screen-to-body ratio)",Corning Gorilla Glass (unspecified version)
Yes,eMMC 4.5,142 g (5.01 oz),,"Single SIM (Micro-SIM) or Dual SIM (Micro-SIM, dual stand-by)",LTE,,,,Acer Liquid Z330,Discontinued,136 x 66.5 x 9.6 mm (5.35 x 2.62 x 0.38 in),microSDXC (dedicated slot),microUSB 2.0,No,,Yes,,"HSPA, LTE",,"Accelerometer, proximity","Mystic Black, Pure White",Adreno 304,IPS LCD,Qualcomm MSM8909 Snapdragon 210 (28 nm),"Wi-Fi 802.11 b/g/n, hotspot",Up to 11 h,,,,,,Up to 430 h,LED flash,About 110 EUR,"5 MP, AF",Yes,"480 x 854 pixels, 16:9 ratio (~218 ppi density)",Android 5.1 (Lollipop),HSDPA,GSM / HSPA / LTE,,,,Yes,,,"2015, September. Released 2015, October",Acer,FM radio,,GPS,"4.0, A2DP",Quad-core 1.1 GHz Cortex-A7,,8GB 1GB RAM,https://fdn2.gsmarena.com/vv/bigpic/acer-liquid-z320-z330.jpg,Yes,GSM 850 / 900 / 1800 / 1900 - SIM 1 & SIM 2 (dual-SIM model only),,"Li-Ion 2000 mAh, removable",5 MP,,"4.5 inches, 55.8 cm2(~61.7% screen-to-body ratio)",
Yes,eMMC 4.5,142 g (5.01 oz),,"Single SIM (Micro-SIM) or Dual SIM (Micro-SIM, dual stand-by)",,,,,Acer Liquid Z320,Discontinued,136 x 66.5 x 9.6 mm (5.35 x 2.62 x 0.38 in),microSDXC (dedicated slot),microUSB 2.0,No,,Yes,,HSPA 42.2/5.76 Mbps,,"Accelerometer, proximity",Pure White,Adreno 304,IPS LCD,Qualcomm MSM8909 Snapdragon 210 (28 nm),"Wi-Fi 802.11 b/g/n, hotspot",,,,,,,,LED flash,About 90 EUR,"5 MP, AF",Yes,"480 x 854 pixels, 16:9 ratio (~218 ppi density)",Android 5.1 (Lollipop),HSDPA,GSM / HSPA,,,,Yes,,,"2015, September. Released 2015, November",Acer,FM radio,,GPS,"4.0, A2DP",Quad-core 1.0 GHz Cortex-A7,,8GB 1GB RAM,https://fdn2.gsmarena.com/vv/bigpic/acer-liquid-z320-z330.jpg,Yes,GSM 850 / 900 / 1800 / 1900 - SIM 1 & SIM 2 (dual-SIM model only),,"Li-Po 2000 mAh, removable",2 MP,,"4.5 inches, 55.8 cm2(~61.7% screen-to-body ratio)",
,,165 g (5.82 oz),,"Single SIM (Micro-SIM) or Dual SIM (Micro-SIM, dual stand-by)",LTE,,,,acer liquid z630s-7529 ,Discontinued,156.3 x 77.5 x 8.9 mm (6.15 x 3.05 x 0.35 in),microSDXC (dedicated slot),"microUSB 2.0, OTG",No,,1080p@30fps,,"HSPA, LTE",,"Accelerometer, proximity, compass","Black, Gold",Mali-T720MP3,IPS LCD,Mediatek MT6753 (28 nm),"Wi-Fi 802.11 b/g/n, hotspot",,,,,,,,"LED flash, HDR, panorama",,"8 MP, AF",Yes,"720 x 1280 pixels, 16:9 ratio (~267 ppi density)",Android 5.1 (Lollipop),HSDPA 900 / 1900 / 2100,GSM / HSPA / LTE,,,,Yes,,,"2015, September. Released 2015, September",Acer,FM radio,,GPS,"4.0, A2DP",Octa-core 1.3 GHz Cortex-A53,,32GB 3GB RAM,,,GSM 850 / 900 / 1800 / 1900 - SIM 1 & SIM 2 (dual-SIM model only),"2015, September. Released 2015, September","Li-Po 4000 mAh, removable (15.2 Wh)",8 MP,,"5.5 inches, 83.4 cm2(~68.8% screen-to-body ratio)",
Yes,,165 g (5.82 oz),,"Single SIM (Micro-SIM) or Dual SIM (Micro-SIM, dual stand-by)",LTE,,,,Acer Liquid Z630,Discontinued,156.3 x 77.5 x 8.9 mm (6.15 x 3.05 x 0.35 in),microSDXC (dedicated slot),"microUSB 2.0, OTG",No,,Yes,,"HSPA, LTE",,"Accelerometer, proximity, compass",Black,Mali-T720MP2,IPS LCD,Mediatek MT6735 (28 nm),"Wi-Fi 802.11 b/g/n, hotspot",Up to 22 h,,,,,,Up to 1030 h,"LED flash, HDR, panorama",About 200 EUR,"8 MP, AF",Yes,"720 x 1280 pixels, 16:9 ratio (~267 ppi density)",Android 5.1 (Lollipop),HSDPA,GSM / HSPA / LTE,,,,Yes,,,"2015, September. Released 2015, September",Acer,FM radio,,GPS,"4.0, A2DP",Quad-core 1.3 GHz Cortex-A53,,"8GB 1GB RAM, 16GB 2GB RAM",https://fdn2.gsmarena.com/vv/bigpic/acer-liquid-z630.jpg,Yes,GSM 850 / 900 / 1800 / 1900 - SIM 1 & SIM 2 (dual-SIM model only),,"Li-Ion 4000 mAh, removable",8 MP,,"5.5 inches, 83.4 cm2(~68.8% screen-to-body ratio)",
Yes,,145 g (5.11 oz),,"Single SIM (Micro-SIM) or Dual SIM (Micro-SIM, dual stand-by)",LTE,,,,Acer Liquid Z530S,Discontinued,144 x 70.3 x 8.9 mm (5.67 x 2.77 x 0.35 in),microSDXC (dedicated slot),microUSB 2.0,No,,Yes,,"HSPA, LTE",,"Accelerometer, proximity","Black, White",Mali-T720MP3,IPS LCD,Mediatek MT6753 (28 nm),"Wi-Fi 802.11 b/g/n, hotspot",,,,,,,,"LED flash, HDR, panorama",,"8 MP, AF",Yes,"720 x 1280 pixels, 16:9 ratio (~294 ppi density)",Android 5.1 (Lollipop),HSDPA,GSM / HSPA / LTE,,,,Yes,,,"2015, September. Released 2015, November",Acer,FM radio,,GPS,"4.0, A2DP",Octa-core 1.3 GHz Cortex-A53,,32GB 3GB RAM,https://fdn2.gsmarena.com/vv/bigpic/acer-liquid-z530.jpg,Yes,GSM 850 / 900 / 1800 / 1900 - SIM 1 & SIM 2 (dual-SIM model only),,"Li-Ion 2420 mAh, removable",8 MP,,"5.0 inches, 68.9 cm2(~68.1% screen-to-body ratio)",
Yes,,145 g (5.11 oz),,"Single SIM (Micro-SIM) or Dual SIM (Micro-SIM, dual stand-by)",LTE,,,,Acer Liquid Z530,Discontinued,144 x 70.3 x 8.9 mm (5.67 x 2.77 x 0.35 in),microSDXC (dedicated slot),microUSB 2.0,No,,Yes,,"HSPA, LTE",,"Accelerometer, proximity","Black, White",Mali-T720MP2,IPS LCD,Mediatek MT6735 (28 nm),"Wi-Fi 802.11 b/g/n, hotspot",,,,,,,,"LED flash, HDR, panorama",About 150 EUR,"8 MP, AF",Yes,"720 x 1280 pixels, 16:9 ratio (~294 ppi density)",Android 5.1 (Lollipop),HSDPA,GSM / HSPA / LTE,,,,Yes,,,"2015, September. Released 2015, October",Acer,FM radio,,GPS,"4.0, A2DP",Quad-core 1.3 GHz Cortex-A53,,"8GB 1GB RAM, 16GB 2GB RAM",https://fdn2.gsmarena.com/vv/bigpic/acer-liquid-z530.jpg,Yes,GSM 850 / 900 / 1800 / 1900 - SIM 1 & SIM 2 (dual-SIM model only),,"Li-Ion 2420 mAh, removable",8 MP,,"5.0 inches, 68.9 cm2(~68.1% screen-to-body ratio)",
Yes,eMMC 4.5,142 g (5.01 oz),,"Single SIM (Micro-SIM) or Dual SIM (Micro-SIM, dual stand-by)",LTE,,,,Acer Liquid M330,Discontinued,136 x 66.5 x 9.6 mm (5.35 x 2.62 x 0.38 in),microSDXC (dedicated slot),microUSB 2.0,No,,Yes,,"HSPA, LTE",,"Accelerometer, proximity","Mystic Black, Pure White",Adreno 304,IPS LCD,Qualcomm MSM8909 Snapdragon 210 (28 nm),"Wi-Fi 802.11 b/g/n, hotspot",,,,,,,,LED flash,,"5 MP, AF",Yes,"480 x 854 pixels, 16:9 ratio (~218 ppi density)",Microsoft Windows 10,HSDPA,GSM / HSPA / LTE,,,,Yes,,,"2015, September. Released 2015, November",Acer,FM radio,,GPS,"4.0, A2DP",Quad-core 1.0 GHz Cortex-A7,,8GB 1GB RAM,https://fdn2.gsmarena.com/vv/bigpic/acer-liquid-m320-m330.jpg,Yes,GSM 850 / 900 / 1800 / 1900 - SIM 1 & SIM 2 (dual-SIM model only),,"Li-Ion 2000 mAh, removable",5 MP,,"4.5 inches, 55.8 cm2(~61.7% screen-to-body ratio)",
Yes,eMMC 4.5,142 g (5.01 oz),,"Single SIM (Micro-SIM) or Dual SIM (Micro-SIM, dual stand-by)",,,,,Acer Liquid M320,Discontinued,136 x 66.5 x 9.6 mm (5.35 x 2.62 x 0.38 in),microSDXC (dedicated slot),microUSB 2.0,No,,Yes,,HSPA 42.2/5.76 Mbps,,"Accelerometer, proximity","Mystic Black, Pure White",Adreno 304,IPS LCD,Qualcomm MSM8909 Snapdragon 210 (28 nm),"Wi-Fi 802.11 b/g/n, hotspot",,,,,,,,LED flash,,"5 MP, AF",Yes,"480 x 854 pixels, 16:9 ratio (~218 ppi density)",Microsoft Windows 10,HSDPA,GSM / HSPA,,,,Yes,,,"2015, September. Released 2015, November",Acer,FM radio,,GPS,"4.0, A2DP",Quad-core 1.1 GHz Cortex-A7,,8GB 1GB RAM,https://fdn2.gsmarena.com/vv/bigpic/acer-liquid-m320-m330.jpg,Yes,GSM 850 / 900 / 1800 / 1900 - SIM 1 & SIM 2 (dual-SIM model only),,"Li-Ion 2000 mAh, removable",2 MP,,"4.5 inches, 55.8 cm2(~61.7% screen-to-body ratio)",
No,,540 g (1.19 lb),,No,,,,,Acer Iconia Tab 10 A3-A30,Discontinued,260 x 176 x 9.7 mm (10.24 x 6.93 x 0.38 in),microSDXC (dedicated slot),microUSB 2.0,Yes,,1080p@30fps,,,,Accelerometer,Black,,LED-backlit IPS LCD,Intel Atom Z3735F,"Wi-Fi 802.11 a/b/g/n/ac, dual-band, hotspot",Up to 7 h 30 min (multimedia),,,,,,,,About 250 EUR,5 MP,"Yes, with stereo speakers","1920 x 1200 pixels, 16:10 ratio (~224 ppi density)",Android 5.0 (Lollipop),,No cellular connectivity,,,,Yes,,,"2015, April. Released 2015, June",Acer,No,,A-GPS only,"4.0, A2DP",Quad-core 1.33 GHz,,"16GB 2GB RAM, 32GB 2GB RAM, 64GB 2GB RAM",https://fdn2.gsmarena.com/vv/bigpic/acer-iconia-tab-10-a3-a30-new.png,No,N/A,,"Li-Ion 5910 mAh, non-removable (22 Wh)",2 MP,,"10.1 inches, 295.8 cm2(~64.6% screen-to-body ratio)","Corning Gorilla Glass 4, oleophobic coating"
No,,355 g (12.52 oz),,No,,,,,Acer Iconia One 8 B1-820,Discontinued,213.9 x 127.7 x 9.5 mm (8.42 x 5.03 x 0.37 in),microSDHC (dedicated slot),microUSB 2.0,No,,1080p@30fps,,,,Accelerometer,"Black, White",,IPS LCD,Intel Atom Z3735G,Wi-Fi 802.11 b/g/n,Up to 8 h 30 min (multimedia),,,,,,,,About 180 EUR,5 MP,"Yes, with stereo speakers","800 x 1280 pixels, 16:10 ratio (~189 ppi density)",Android 5.0 (Lollipop),,No cellular connectivity,,,,Yes,,,"2015, April. Released 2015, May",Acer,No,,"GPS, GLONASS","4.0, A2DP",Quad-core 1.33 GHz,,"16GB 1GB RAM, 32GB 1GB RAM",https://fdn2.gsmarena.com/vv/bigpic/acer-iconia-one-8-b1-820.jpg,No,N/A,,"Li-Ion 4550 mAh, non-removable (17.2 Wh)",VGA,,"8.0 inches, 185.6 cm2(~67.9% screen-to-body ratio)",
No,,508 g (1.12 lb),,No,,,,,Acer Iconia Tab A3-A20,Discontinued,256.5 x 170.2 x 10.2 mm (10.10 x 6.70 x 0.40 in),microSDXC (dedicated slot),microUSB 2.0,No,,720p,,,,Accelerometer,"Black, White",Mali-450MP4,LED-backlit IPS LCD,Mediatek MT8127 (28 nm),"Wi-Fi 802.11 b/g/n, hotspot",Up to 9 h (multimedia),,,,,,,,About 190 EUR,"5 MP, AF","Yes, with stereo speakers","1280 x 800 pixels, 16:10 ratio (~149 ppi density)",Android 4.4 (KitKat),,No cellular connectivity,,,,Yes,,Up to 9 h (multimedia),"2014, October. Released 2014, October",Acer,No,,A-GPS only,"4.0, A2DP",Quad-core 1.3 GHz Cortex-A7,,16GB 1GB RAM,https://fdn2.gsmarena.com/vv/bigpic/acer-a3-20.jpg,No,N/A,,"Li-Po 5910 mAh, non-removable (A3-A20-K1AY)",2 MP,,"10.1 inches, 295.8 cm2(~67.8% screen-to-body ratio)","Corning Gorilla Glass 4, oleophobic coating"
No,,508 g (1.12 lb),,No,,,,,Acer Iconia Tab A3-A20FHD,Discontinued,256.5 x 170.2 x 10.2 mm (10.10 x 6.70 x 0.40 in),microSDXC (dedicated slot),microUSB 2.0,No,,720p,,,,Accelerometer,"Black, White",Mali-450MP4,LED-backlit IPS LCD,Mediatek MT8127 (28 nm),"Wi-Fi 802.11 b/g/n, hotspot",Up to 8 h (multimedia),,,,,,,,About 230 EUR,"5 MP, AF","Yes, with stereo speakers","1920 x 1200 pixels, 16:10 ratio (~224 ppi density)",Android 4.4 (KitKat),,No cellular connectivity,,,,Yes,,Up to 8 h (multimedia),"2014, October. Released 2014, October",Acer,No,,A-GPS only,"4.0, A2DP",Quad-core 1.5 GHz Cortex-A7,,32GB 2GB RAM,https://fdn2.gsmarena.com/vv/bigpic/acer-a3-20.jpg,No,N/A,,"Li-Po 5910 mAh, non-removable (A3-A20FHD-K8KX)",2 MP,,"10.1 inches, 295.8 cm2(~67.8% screen-to-body ratio)","Corning Gorilla Glass 4, oleophobic coating"
,HSDPA 850 / 900 / 1900 / 2100,110 g (3.88 oz),,Nano-SIM + Nano-SIM,"1, 3, 7, 20",,,,Acer Liquid Jade Z,Discontinued,143.5 x 69.8 x 8 mm (5.65 x 2.75 x 0.31 in),microSDHC (uses shared SIM slot),microUSB 2.0,No,,1080p@30fps,,"HSPA 21.1/5.76 Mbps, LTE Cat4 150/50 Mbps",,"Accelerometer, gyro, proximity, compass","Black, White",Mali-T760MP2,IPS LCD,Mediatek MT6732 (28 nm),"Wi-Fi 802.11 b/g/n, hotspot",Up to 7 h (2G) / Up to 4 h (3G),,,,,,Up to 410 h (2G) / Up to 400 h (3G),"LED flash, HDR, panorama",About 200 EUR,"13 MP, f/1.8, AF",Yes,"720 x 1280 pixels, 16:9 ratio (~294 ppi density)",Android 5.0 (Lollipop),HSDPA 900 / 2100,GSM / HSPA / LTE,,,,Yes,,,"2015, March. Released 2015, April",Acer,FM radio,,GPS,"4.0, A2DP, EDR",Quad-core 1.5 GHz Cortex-A53,,"8GB 1GB RAM (Jade Z), 16GB 2GB RAM (Jade Z+)",https://fdn2.gsmarena.com/vv/bigpic/acer-liquid-jade-z.jpg,,GSM 850 / 900 / 1800 / 1900 - SIM 1 & SIM 2,,"Li-Po 2300 mAh, non-removable",5 MP,,"5.0 inches, 68.9 cm2(~68.8% screen-to-body ratio)",Corning Gorilla Glass 3
,HSDPA 850 / 900 / 1900 / 2100,118 g (4.16 oz),,"Single SIM (Micro-SIM) or Dual SIM (Micro-SIM, dual stand-by)",,,,,Acer Liquid Z520,Discontinued,154 x 86 x 6.4 mm (6.06 x 3.39 x 0.25 in),microSDHC (dedicated slot),microUSB 2.0,No,Z520,"1080p@30fps, 720p@60fps",,HSPA,,"Accelerometer, proximity","Black, White",Mali-400MP2,TFT,Mediatek MT6582M (28 nm),"Wi-Fi 802.11 b/g/n, hotspot",,,,,,,,"LED flash, HDR, panorama",About 130 EUR,"8 MP, AF",Yes,"480 x 854 pixels, 16:9 ratio (~187 ppi density)",Android 4.4.2 (KitKat),HSDPA 900 / 2100,GSM / HSPA,,,,Yes,,,"2015, March. Released 2015, April",Acer,FM radio,,GPS,"4.0, A2DP",Quad-core 1.3 GHz Cortex-A7,,"8GB 1GB RAM, 16GB 2GB RAM",https://fdn2.gsmarena.com/vv/bigpic/acer-liquid-z520.jpg,,GSM 850 / 900 / 1800 / 1900 - SIM 1 & SIM 2 (dual-SIM model only),,"Li-Po 2000 mAh, removable",2 MP,,"5.0 inches, 75.7 cm2(~57.1% screen-to-body ratio)",
,HSDPA 850 / 1900,120 g (4.23 oz),,"Single SIM (Mini-SIM) or Dual SIM (Mini-SIM/Micro-SIM, dual stand-by)",,,,,Acer Liquid Z220,Discontinued,125.3 x 64 x 9.6 mm (4.93 x 2.52 x 0.38 in),microSDHC (dedicated slot),microUSB 2.0,No,Z220,720p@30fps,,HSPA,,Accelerometer,"Black, White",Adreno 302,IPS LCD,Qualcomm Snapdragon 200 (28 nm),"Wi-Fi 802.11 b/g/n, hotspot",,,eMMC 4.5,,,HSDPA 850 / 1700(AWS),,LED flash,About 90 EUR,"5 MP, AF",Yes,"480 x 800 pixels, 5:3 ratio (~233 ppi density)",Android 5.0 (Lollipop),HSDPA 900 / 2100,GSM / HSPA,,,,Yes,,,"2015, March. Released 2015, April",Acer,FM radio,,GPS,"4.0, A2DP",Dual-core 1.2 GHz Cortex-A7,,8GB 1GB RAM,https://fdn2.gsmarena.com/vv/bigpic/acer-liquid-z220.jpg,,GSM 850 / 900 / 1800 / 1900 - SIM 1 & SIM 2 (dual-SIM model only),,"Li-Ion 1300 mAh, removable",2 MP,,"4.0 inches, 45.5 cm2(~56.8% screen-to-body ratio)",
,HSDPA 850 / 1900,119 g (4.20 oz),,"Single SIM (Mini-SIM) or Dual SIM (Mini-SIM/Micro-SIM, dual stand-by)",,,,,acer liquid m220-7071 ,Discontinued,124.9 x 64 x 9.6 mm (4.92 x 2.52 x 0.38 in),microSDHC (dedicated slot),microUSB 2.0,No,,Yes,,HSPA 21.1/5.76 Mbps,,"Accelerometer, proximity","Mystic Black, Pure White",Adreno 302,TFT,Qualcomm MSM8210 Snapdragon 200 (28 nm),"Wi-Fi 802.11 b/g/n, hotspot",Up to 4 h,,eMMC 4.5,,,HSDPA 850 / 1700(AWS),Up to 200 h,"LED flash, panorama",About 80 EUR,"5 MP, AF",Yes,"480 x 800 pixels, 5:3 ratio (~233 ppi density)",Microsoft Windows Phone 8.1,HSDPA 900 / 2100,GSM / HSPA,,,,Yes,,,"2015, March. Released 2015, May",Acer,FM radio,,GPS,"4.0, A2DP",Dual-core 1.2 GHz Cortex-A7,,"4GB 512MB RAM (M220), 8GB 1GB RAM (M220+)",,,GSM 850 / 900 / 1800 / 1900 - SIM 1 & SIM 2 (dual-SIM model only),"2015, March. Released 2015, May","Li-Ion 1300 mAh, removable",2 MP,,"4.0 inches, 45.5 cm2(~57.0% screen-to-body ratio)",
,HSDPA 850 / 900 / 1900 / 2100,145 g (5.11 oz),,"Single SIM (Micro-SIM) or Dual SIM (Micro-SIM, dual stand-by)","1, 3, 7, 20",,,,acer liquid z410-6912 ,Discontinued,136 x 66.7 x 9.9 mm (5.35 x 2.63 x 0.39 in),microSDHC (dedicated slot),microUSB 2.0,No,,"Yes, dual shot",,"HSPA, LTE Cat4 150/50 Mbps",,"Accelerometer, proximity",Black,Mali-T760MP2,IPS LCD,Mediatek MT6732M (28 nm),"Wi-Fi 802.11 b/g/n, hotspot",,,,,,"2, 4, 7, 17",,LED flash,About 130 EUR,"5 MP, AF","Yes, dual speakers","540 x 960 pixels, 16:9 ratio (~245 ppi density)",Android 4.4.4 (KitKat),HSDPA 900 / 2100,GSM / HSPA / LTE,,,,Yes,,,"2015, January. Released 2015, February",Acer,FM radio,,GPS,"4.0, A2DP",Quad-core 1.3 GHz Cortex-A53,,"8GB 1GB RAM, 16GB 2GB RAM",,,GSM 850 / 900 / 1800 / 1900 - SIM 1 & SIM 2 (dual-SIM model only),"2015, January. Released 2015, February","Li-Po 2000 mAh, removable",2 MP,,"4.5 inches, 55.8 cm2(~61.5% screen-to-body ratio)",
,HSDPA 850 / 900 / 1900 / 2100 - EU,116 g (4.09 oz),,Nano-SIM + Nano-SIM,"3, 8, 28 - Taiwan",,,Voice 60dB / Noise 56dB / Ring 60dB,Acer Liquid Jade S,Discontinued,143 x 69 x 7.8 mm (5.63 x 2.72 x 0.31 in),microSDHC (uses shared SIM slot),microUSB 2.0,No,S56,1080p@30fps,,"HSPA 21.1/5.76 Mbps, LTE Cat4 150/50 Mbps",,"Accelerometer, proximity, compass","Black, White, Red, Pink",Mali-T760MP2,IPS LCD,Mediatek MT6752M,"Wi-Fi 802.11 b/g/n, hotspot",Up to 6 h (3G),,,,Photo/Video,LTE 800 / 1800 / 2100 / 2600 - EU,Up to 250 h (3G),"LED flash, HDR, panorama",About 200 EUR,"13 MP, f/1.8, AF",Yes,"720 x 1280 pixels, 16:9 ratio (~294 ppi density)","Android 4.4.4 (KitKat), upgradable to 5.1 (Lollipop)",HSDPA 900 / 2100,GSM / HSPA / LTE,,,Basemark OS II 2.0: 725Basemark X: 3934,Yes,,,"2014, December. Released 2014, December",Acer,FM radio,,GPS,"4.0, A2DP, EDR",Octa-core 1.5 GHz Cortex-A53,,16GB 2GB RAM,https://fdn2.gsmarena.com/vv/bigpic/acer-liquid-jade-s-s56.jpg,,GSM 850 / 900 / 1800 / 1900 - SIM 1 & SIM 2,,"Li-Ion 2300 mAh, non-removable","5 MP, f/2.2",Endurance rating 43h,"5.0 inches, 68.9 cm2(~69.8% screen-to-body ratio)",Corning Gorilla Glass 3
,HSDPA 850 / 900 / 1900 / 2100,150 g (5.29 oz),,"Single SIM (Micro-SIM) or Dual SIM (Micro-SIM, dual stand-by)",,,,,Acer Liquid Z500,Discontinued,145 x 73 x 8.8 mm (5.71 x 2.87 x 0.35 in),microSDHC (dedicated slot),microUSB 2.0,No,,1080p@30fps,,HSPA,,"Accelerometer, proximity","Aquamarine Green, Sandy Silver, Titanium Black",Mali-400MP2,IPS LCD,Mediatek MT6582 (28 nm),"Wi-Fi 802.11 b/g/n, hotspot",,,,,,,,"LED flash, HDR",About 150 EUR,"8 MP, AF","Yes, with stereo speakers","720 x 1280 pixels, 16:9 ratio (~294 ppi density)",Android 4.4.2 (KitKat),HSDPA 900 / 2100,GSM / HSPA,,0.62 W/kg (head),,Yes,,,"2014, September. Released 2014, Septeber",Acer,FM radio,,GPS,"4.0, A2DP, EDR",Quad-core 1.3 GHz Cortex-A7,,"4GB 1GB RAM, 16GB 2GB RAM",https://fdn2.gsmarena.com/vv/bigpic/acer-liquid-z5.jpg,,GSM 850 / 900 / 1800 / 1900 - SIM 1 & SIM 2 (dual-SIM model only),,"Li-Ion 2000 mAh, non-removable",2 MP,,"5.0 inches, 68.9 cm2(~65.1% screen-to-body ratio)",Corning Gorilla Glass 3
,,110 g (3.88 oz),,"Hybrid Dual SIM (Micro-SIM, dual stand-by)",,,,,Acer Liquid Jade,Discontinued,140.5 x 69 x 7.5 mm (5.53 x 2.72 x 0.30 in),microSDHC (uses shared SIM slot),microUSB 2.0,No,,1080p@30fps,,HSPA,,"Accelerometer, proximity, compass","Black, White, Green, Pink, Gray",Mali-400MP2,IPS LCD,Mediatek MT6582 (28 nm),"Wi-Fi 802.11 b/g/n, hotspot",Up to 5 h (3G),,,,,,Up to 330 h (3G),LED flash,About 180 EUR,"13 MP, AF",Yes,"720 x 1280 pixels, 16:9 ratio (~294 ppi density)",Android 4.4.2 (KitKat),HSDPA 900 / 2100,GSM / HSPA,,,,Yes,,,"2014, June. Released 2014, July",Acer,FM radio,,GPS,"4.0, A2DP",Quad-core 1.3 GHz Cortex-A7,,"8GB 1GB RAM, 16GB 2GB RAM",https://fdn2.gsmarena.com/vv/bigpic/acer-liquid-jade.jpg,,GSM 850 / 900 / 1800 / 1900 - SIM 1 & SIM 2,,"Li-Ion 2100 mAh, non-removable",2 MP,,"5.0 inches, 68.9 cm2(~71.1% screen-to-body ratio)",Corning Gorilla Glass 3
,,155 g (5.47 oz),,Triple SIM (Micro-SIM),,,,,Acer Liquid E700,Discontinued,147.3 x 73 x 9.9 mm (5.80 x 2.87 x 0.39 in),microSDHC (dedicated slot),microUSB 2.0,No,,1080p@30fps,,HSPA,,"Accelerometer, proximity","Titan Black, Burgundy Red",Mali-400MP2,IPS LCD,Mediatek MT6582 (28 nm),"Wi-Fi 802.11 b/g/n, hotspot",Up to 24 h,LED flash,,,,,Up to 1440 h,LED flash,About 200 EUR,"8 MP, AF","Yes, with stereo speakers","720 x 1280 pixels, 16:9 ratio (~294 ppi density)",Android 4.4.2 (KitKat),HSDPA 850 / 900 / 1900 / 2100,GSM / HSPA,,,,Yes,Up to 100 h,,"2014, June. Released 2014, August",Acer,FM radio,,GPS,"4.0, A2DP",Quad-core 1.2 GHz Cortex-A7,,"4GB 1GB RAM, 16GB 2GB RAM",https://fdn2.gsmarena.com/vv/bigpic/acer-liquid-e700.jpg,,GSM 850 / 900 / 1800 / 1900 - SIM 1 & SIM 2 & SIM 3,,"Li-Ion 3500 mAh, non-removable",2 MP,,"5.0 inches, 68.9 cm2(~64.1% screen-to-body ratio)",
,HSDPA 850 / 900 / 1900 / 2100,155 g (5.47 oz),,Micro-SIM,"1, 3, 7, 20",,,,Acer Liquid E600,Discontinued,147 x 72 x 9.5 mm (5.79 x 2.83 x 0.37 in),microSDHC (dedicated slot),microUSB 2.0,No,,Yes,,"HSPA 21.1/5.76 Mbps, LTE Cat4 150/50 Mbps",,"Accelerometer, proximity","Black, Green, Dark red",Adreno 305,IPS LCD,Qualcomm MSM8926 Snapdragon 400 (28 nm),"Wi-Fi 802.11 b/g/n, hotspot",Up to 6 h (3G),,eMMC 4.5,,,LTE: 800 / 1700(AWS) 1800 / 1900 / 2100 / 2600 MHz,,"LED flash, HDR",About 200 EUR,"8 MP, AF","Yes, with stereo speakers","480 x 854 pixels, 16:9 ratio (~196 ppi density)",Android 4.4.2 (KitKat),HSDPA 900 / 2100,GSM / HSPA / LTE,,,,Yes,,,"2014, June. Released 2014, September",Acer,FM radio,,GPS,"4.0, A2DP",Quad-core 1.2 GHz Cortex-A7,,"4GB 1GB RAM, 16GB 2GB RAM",https://fdn2.gsmarena.com/vv/bigpic/acer-liquid-e600-1.jpg,,GSM 850 / 900 / 1800 / 1900,,"Li-Ion 2500 mAh, non-removable",2 MP or VGA,,"5.0 inches, 68.9 cm2(~65.1% screen-to-body ratio)",
,HSDPA 850 / 900 / 1900 / 2100,130 g (4.59 oz),,"Single SIM (Mini-SIM) or Dual SIM (Mini-SIM/Micro-SIM, dual stand-by)",,,,,Acer Liquid Z200,Discontinued,126 x 65 x 10.3 mm (4.96 x 2.56 x 0.41 in),microSDHC (dedicated slot),microUSB 2.0,No,,Yes,,HSPA,,Accelerometer,"Titanium Black, Essential White, Fragrant Pink, Sky Blue, Sunshine Yellow",Mali-400,TFT,Mediatek MT6572M (28 nm),"Wi-Fi 802.11 b/g/n, hotspot",,,,,,No,,Panorama,About 90 EUR,2 MP,Yes,"480 x 800 pixels, 5:3 ratio (~233 ppi density)",Android 4.4.2 (KitKat),HSDPA 900 / 2100,GSM / HSPA,,,,Yes,,,"2014, June. Released 2014, September",Acer,FM radio,,GPS,"4.0, A2DP",Dual-core 1.0 GHz Cortex-A7,,4GB 512MB RAM,https://fdn2.gsmarena.com/vv/bigpic/acer-liquid-z200.jpg,,GSM 850 / 900 / 1800 / 1900 - SIM 1 & SIM 2 (dual-SIM model only),,"Li-Ion 1300 mAh, removable",,,"4.0 inches, 45.5 cm2(~55.6% screen-to-body ratio)",
No,HDMI port,360 g (12.70 oz),,No,,,,,Acer Iconia Tab 8 A1-840FHD,Discontinued,215 x 130 x 8.5 mm (8.46 x 5.12 x 0.33 in),microSDHC (dedicated slot),microUSB 2.0,No,,Yes,,,,Accelerometer,Silver,Intel Gen 7 (Ivy Bridge),IPS LCD,Intel Atom Z3745,"Wi-Fi 802.11 a/b/g/n, dual-band",Up to 7 h 30 min (multimedia),,,,,,,,About 200 EUR,5 MP,Yes,"1200 x 1920 pixels, 16:10 ratio (~283 ppi density)",Android 4.4.2 (KitKat),,No cellular connectivity,,,,Yes,,,"2014, June. Released 2014, September",Acer,No,,"GPS, GLONASS","4.0, A2DP",Quad-core 1.86 GHz,,"16GB 2GB RAM, 32GB 2GB RAM",https://fdn2.gsmarena.com/vv/bigpic/acer-iconia-tab-8-2014-1.jpg,No,N/A,,"Li-Ion 4600 mAh, non-removable",2 MP,,"8.0 inches, 185.6 cm2(~66.4% screen-to-body ratio)",
Yes,,298 g (10.51 oz),,Mini-SIM,,,,,Acer Iconia Tab 7 A1-713,Discontinued,8.9 mm thickness,microSDHC (dedicated slot),microUSB 2.0,No,,Yes,,HSPA,,Accelerometer,Black,,TFT,,Wi-Fi 802.11 b/g/n,Up to 6 h (multimedia),,,,,,,,About 110 EUR,2 MP,Yes,"600 x 1024 pixels, 16:9 ratio (~170 ppi density)","Android 4.2.2 (Jelly Bean), upgradable to 4.4.2 (KitKat)",HSDPA,GSM / HSPA,,,,Yes,,,"2014, April. Released 2014, August",Acer,No,,GPS,"4.0, A2DP",Quad-core,,16GB 1GB RAM,https://fdn2.gsmarena.com/vv/bigpic/acer-iconia-tab-7.jpg,Yes,GSM 850 / 900 / 1800 / 1900 N/A,,"Li-Ion 3400 mAh, non-removable",Yes,,"7.0 inches, 137.9 cm2",
Yes,,298 g (10.51 oz),,Mini-SIM,,,,,Acer Iconia Tab 7 A1-713HD,Discontinued,8.9 mm thickness,microSDHC (dedicated slot),microUSB 2.0,No,,Yes,,HSPA,,Accelerometer,Black,,IPS LCD,,Wi-Fi 802.11 b/g/n,Up to 6 h (multimedia),,,,,,,,About 150 EUR,5 MP,Yes,"800 x 1280 pixels, 16:10 ratio (~216 ppi density)",Android 4.4.2 (KitKat),HSDPA,GSM / HSPA,,,,Yes,,,"2014, April. Released 2014, August",Acer,No,,GPS,"4.0, A2DP",Quad-core,,16GB 1GB RAM,https://fdn2.gsmarena.com/vv/bigpic/acer-iconia-tab-7.jpg,Yes,GSM 850 / 900 / 1800 / 1900 N/A,,"Li-Ion 3400 mAh, non-removable",Yes,,"7.0 inches, 142.1 cm2",
No,,-,,No,,,,,Acer Iconia One 7 B1-730,Discontinued,8.9 mm thickness,microSDHC (dedicated slot),microUSB 2.0,No,,Yes,,,,Accelerometer,"Red, white, black, blue, pink",PowerVR SGX544MP2,IPS LCD,Intel Atom Z2560,Wi-Fi 802.11 b/g/n,Up to 7 h (multimedia),,,,,,,,About 90 EUR,5 MP,"Yes, with stereo speakers","800 x 1280 pixels, 16:10 ratio (~216 ppi density)","Android 4.2.2 (Jelly Bean), upgradable to 4.4.2 (KitKat)",,No cellular connectivity,,,,Yes,,,"2014, April. Released 2014, June",Acer,No,,No,"4.0, A2DP",Dual-core 1.6 GHz,,8GB 1GB RAM,https://fdn2.gsmarena.com/vv/bigpic/acer-iconia-one-7.jpg,No,N/A,,"Li-Ion 3700 mAh, non-removable",Yes,,"7.0 inches, 142.1 cm2",
Yes,,-,,Dual SIM,,,,,Acer Liquid E3 Duo Plus,Discontinued,138 x 69 x 8.9 mm (5.43 x 2.72 x 0.35 in),microSDHC (dedicated slot),microUSB 2.0,No,,Yes,,HSPA,,"Accelerometer, proximity",Black,PowerVR SGX544,IPS LCD,Mediatek MT6589 (28 nm),"Wi-Fi 802.11 b/g/n, hotspot",Up to 5 h,LED flash,,,,,Up to 260 h,LED flash,About 240 EUR,"13 MP, AF",Yes,"720 x 1280 pixels, 16:9 ratio (~312 ppi density)",Android 4.2.2 (Jelly Bean),HSDPA,GSM / HSPA,,,,Yes,,,"2014, Q3. Released 2014, Q3",Acer,FM radio,,"GPS, GLONASS","4.0, A2DP",Quad-core 1.2 GHz Cortex-A7,,16GB 2GB RAM,https://fdn2.gsmarena.com/vv/bigpic/acer-liquid-e3-plus.jpg,Yes,GSM 850 / 900 / 1800 / 1900 - SIM 1 & SIM 2,,"Li-Ion 2000 mAh, non-removable",2 MP,,"4.7 inches, 60.9 cm2(~64.0% screen-to-body ratio)",
Yes,,134 g (4.73 oz),,"Single SIM (Micro-SIM) or Dual SIM (Micro-SIM, dual stand-by)",,,,,Acer Liquid E3,Discontinued,136 x 68 x 9 mm (5.35 x 2.68 x 0.35 in),microSDHC (dedicated slot),microUSB 2.0,No,,Yes,,HSPA,,"Accelerometer, proximity",Black/White,PowerVR SGX544,IPS LCD,Mediatek MT6589 (28 nm),"Wi-Fi 802.11 b/g/n, hotspot",Up to 5 h,LED flash,,,,,Up to 260 h,LED flash,About 200 EUR,"13 MP, AF",Yes,"720 x 1280 pixels, 16:9 ratio (~312 ppi density)",Android 4.2.2 (Jelly Bean),HSDPA,GSM / HSPA,,,,Yes,,,"2014, February. Released 2014, April",Acer,FM radio,,"GPS, GLONASS","4.0, A2DP",Quad-core 1.2 GHz Cortex-A7,,4GB 1GB RAM,https://fdn2.gsmarena.com/vv/bigpic/acer-liquid-e3-new.jpg,Yes,GSM 850 / 900 / 1800 / 1900 - SIM 1 & SIM 2 (dual-SIM model only),,"Li-Ion 2500 mAh, non-removable",2 MP,,"4.7 inches, 60.9 cm2(~65.8% screen-to-body ratio)",
Yes,,122 g (4.30 oz),,"Single SIM (Micro-SIM) or Dual SIM (Micro-SIM, dual stand-by)",,,,,Acer Liquid Z4,Discontinued,124 x 64 x 9.7 mm (4.88 x 2.52 x 0.38 in),microSDXC (dedicated slot),microUSB 2.0,No,,720p@30fps,,HSPA,,"Accelerometer, proximity",Black/White,Mali-400,TFT,Mediatek MT6572 (28 nm),"Wi-Fi 802.11 b/g/n, hotspot",,,,,,,,LED flash,About 100 EUR,"5 MP, AF",Yes,"480 x 800 pixels, 5:3 ratio (~233 ppi density)",Android 4.2.2 (Jelly Bean),HSDPA,GSM / HSPA,,,,Yes,,,"2014, February. Released 2014, April",Acer,No,,No,"4.0, A2DP",Dual-core 1.3 GHz Cortex-A7,,4GB 512MB RAM,https://fdn2.gsmarena.com/vv/bigpic/acer-liquid-z4.jpg,Yes,GSM 850 / 900 / 1800 / 1900 - SIM 1 & SIM 2 (dual-SIM model only),,"Li-Ion 1630 mAh, removable",1.3 MP,,"4.0 inches, 45.5 cm2(~57.4% screen-to-body ratio)",
Yes,No,323 g (11.39 oz),,Yes,,,,,Acer Iconia B1-721,Discontinued,199 x 122.3 x 11.4 mm (7.83 x 4.81 x 0.45 in),microSDHC (dedicated slot),microUSB 2.0,No,,Yes,,HSPA,,Accelerometer,Black/Red,Mali-400,TFT,Mediatek MT8312 (28 nm),Wi-Fi 802.11 b/g/n,,,,,,,,,About 130 EUR,VGA,Yes,"600 x 1024 pixels, 16:9 ratio (~170 ppi density)",Android 4.2 (Jelly Bean),HSDPA,GSM / HSPA,,,,Yes,,,"2014, January. Released 2014, January",Acer,No,,GPS,Yes,Dual-core 1.3 GHz Cortex-A7,,16GB 1GB RAM,https://fdn2.gsmarena.com/vv/bigpic/acer-iconia-b1-721.jpg,Yes,GSM 850 / 900 / 1800 / 1900,,"Li-Po 2955 mAh, non-removable",,,"7.0 inches, 137.9 cm2(~56.7% screen-to-body ratio)",
No,No,315 g (11.11 oz),,No,,,,,Acer Iconia B1-720,Discontinued,198.1 x 121.9 x 10.2 mm (7.80 x 4.80 x 0.40 in),microSDHC (dedicated slot),microUSB 2.0,No,,Yes,,,,Accelerometer,"Black, Gold",PowerVR SGX531,TFT,Mediatek MT8111,Wi-Fi 802.11 b/g/n,Up to 5 h (multimedia),,,,,,,,About 100 EUR,VGA,Yes,"600 x 1024 pixels, 16:9 ratio (~170 ppi density)",Android 4.2 (Jelly Bean),,No cellular connectivity,,,,Yes,,,"2014, January. Released 2014, January",Acer,No,,GPS,"4.0, A2DP",Dual-core 1.3 GHz,,"8GB 1GB RAM, 16GB 1GB RAM",https://fdn2.gsmarena.com/vv/bigpic/acer-iconia-tab-b1-720.jpg,No,N/A,,"Li-Po 2955 mAh, non-removable",,,"7.0 inches, 137.9 cm2(~57.1% screen-to-body ratio)",
No,,380 g (13.40 oz),,No,,,,,acer iconia a1 830-5930 ,Discontinued,203 x 138.4 x 8.2 mm (7.99 x 5.45 x 0.32 in),microSDHC (dedicated slot),microUSB 2.0,No,,1080p@30fps,,,,Accelerometer,White,PowerVR SGX544MP2,LED-backlit IPS LCD,Intel Atom Z2560,Wi-Fi 802.11 b/g/n,Up to 7 h 30 min (multimedia),,,,,,,,About 130 EUR,"5 MP, AF",Yes,"768 x 1024 pixels, 4:3 ratio (~162 ppi density)",Android 4.2 (Jelly Bean),,No cellular connectivity,,,,Yes,,,"2014, January. Released 2014, March",Acer,No,,GPS,3.0,Dual-core 1.6 GHz,,16GB 1GB RAM,,No,N/A,"2014, January. Released 2014, March","Li-Ion 4000 mAh, non-removable",2 MP,,"7.9 inches, 193.3 cm2(~68.8% screen-to-body ratio)",
,,150 g (5.29 oz),,Dual SIM,,,,,Acer Liquid Z5,Discontinued,145.5 x 73.5 x 8.8 mm (5.73 x 2.89 x 0.35 in),microSDHC (dedicated slot),microUSB 2.0,No,,Yes,,HSPA,,"Accelerometer, proximity","Essential White, Gentle Grey",Mali-400,TFT,Mediatek MT6572 (28 nm),"Wi-Fi 802.11 b/g/n, hotspot",,,,,,,,LED flash,About 170 EUR,5 MP,Yes,"480 x 854 pixels, 16:9 ratio (~196 ppi density)",Android 4.2 (Jelly Bean),HSDPA 900 / 2100,GSM / HSPA,,,,Yes,,,"2014, January. Released 2014, January",Acer,FM radio,,GPS,"3.0, A2DP, EDR",Dual-core 1.3 GHz Cortex-A7,,4GB 512MB RAM,https://fdn2.gsmarena.com/vv/bigpic/acer-liquid-z5.jpg,,GSM 850 / 900 / 1800 / 1900 - SIM 1 & SIM 2,,"Li-Ion 2000 mAh, non-removable",VGA,,"5.0 inches, 68.9 cm2(~64.4% screen-to-body ratio)",
,eMMC 4.5,229 g (8.08 oz),,Nano-SIM,"3, 7, 20",,,,acer liquid s2-5670 ,Discontinued,166 x 86.2 x 9 mm (6.54 x 3.39 x 0.35 in),microSDXC (dedicated slot),microUSB 2.0,Yes,,"4K@24fps, 1080p@60fps",1080p@30fps,"HSPA 42.2/5.76 Mbps, LTE Cat4 150/50 Mbps",,"Accelerometer, gyro, proximity, compass","Black, Red",Adreno 330,IPS LCD,Qualcomm MSM8974 Snapdragon 800 (28 nm),"Wi-Fi 802.11 a/b/g/n/ac, dual-band, Wi-Fi Direct, DLNA, hotspot",Up to 13 h (3G),,,,,,Up to 700 h (3G),Quad-LED ring flash,About 340 EUR,"13 MP, AF","Yes, with stereo speakers","1080 x 1920 pixels, 16:9 ratio (~368 ppi density)",Android 4.2.2 (Jelly Bean),HSDPA 900 / 2100,GSM / HSPA / LTE,,,,Yes,,,"2013, August. Released 2013, December",Acer,"Stereo FM radio, RDS",,"GPS, GLONASS","4.0, A2DP",Quad-core 2.2 GHz Krait 400,,16GB 2GB RAM,,,GSM 850 / 900 / 1800 / 1900,"2013, August. Released 2013, December","Li-Po 3300 mAh, non-removable",2 MP,,"6.0 inches, 98.7 cm2(~69.0% screen-to-body ratio)",Corning Gorilla Glass 3
,No,120 g (4.23 oz),,"Single SIM (Micro-SIM) or Dual SIM (Micro-SIM, dual stand-by)",,,,,acer liquid z3-5624 ,Discontinued,109 x 60 x 10.4 mm (4.29 x 2.36 x 0.41 in),microSDHC (dedicated slot),microUSB 2.0,No,,Yes,,HSPA 21.1/5.76 Mbps,,"Accelerometer, proximity","Rock Black, Classic White",Mali-400,TFT,Mediatek MT6572 (28 nm),"Wi-Fi 802.11 a/b/g/n, hotspot",,,,,,,,,About 100 EUR,3.15 MP,Yes,"320 x 480 pixels, 3:2 ratio (~165 ppi density)",Android 4.2 (Jelly Bean),HSDPA 900 / 2100,GSM / HSPA,,,,Yes,,,"2013, August. Released 2013, September",Acer,Stereo FM radio,,GPS,"3.0, A2DP, EDR",Dual-core 1.0 GHz Cortex-A7,,4GB 512MB RAM,,,GSM 900 / 1800 / 1900,"2013, August. Released 2013, September","Li-Ion 1500 mAh, removable",,,"3.5 inches, 36.5 cm2(~55.8% screen-to-body ratio)",
,,195 g (6.88 oz),,"Single SIM (Micro-SIM) or Dual SIM (Micro-SIM, dual stand-by)",,,,,Acer Liquid S1,Discontinued,163 x 83 x 9.6 mm (6.42 x 3.27 x 0.38 in),microSDHC (dedicated slot),microUSB 2.0,No,,1080p@30fps,,HSPA 42.2/5.76 Mbps,,"Accelerometer, gyro, proximity, compass","White, Black",PowerVR SGX544,TFT,Mediatek MT6589 (28 nm),"Wi-Fi 802.11 b/g/n, hotspot",Up to 11 h,,,,,,Up to 450 h,LED flash,About 320 EUR,"8 MP, AF","Yes, with stereo speakers","720 x 1280 pixels, 16:9 ratio (~258 ppi density)","Android 4.2 (Jelly Bean), Float UI",HSDPA 900 / 2100,GSM / HSPA,,0.44 W/kg (head)     0.41 W/kg (body),,Yes,,,"2013, June. Released 2013, August",Acer,FM radio,,GPS,"4.0, A2DP, LE",Quad-core 1.5 GHz Cortex-A7,,8GB 1GB RAM,https://fdn2.gsmarena.com/vv/bigpic/acer-liquid-s1.jpg,,GSM 850 / 900 / 1800 / 1900 - SIM 1 & SIM 2 (dual-SIM model only),,"Li-Po 2400 mAh, removable",2 MP,,"5.7 inches, 89.6 cm2(~66.2% screen-to-body ratio)",
,HDMI port,560 g (1.23 lb),,Micro-SIM - cellular model only,,,,,Acer Iconia Tab A3,Discontinued,260 x 175 x 10.2 mm (10.24 x 6.89 x 0.40 in),microSDHC (dedicated slot),"microUSB 2.0, OTG",No,,1080p@30fps,,HSPA 21.1/5.76 Mbps - cellular model only,,"Accelerometer, gyro","Black/Silver, White",PowerVR SGX544,LED-backlit IPS LCD,Mediatek MT8125T - Wi-FiMediatek MT8389W - 3G,"Wi-Fi 802.11 b/g/n, hotspot",Up to 11 h (multimedia),,,,,,,,About 190 EUR,5 MP,"Yes, with stereo speakers","800 x 1280 pixels, 16:10 ratio (~149 ppi density)",Android 4.2.2 (Jelly Bean),HSDPA 850 / 900 / 1900 / 2100,GSM / HSPA,,,,Yes,,,"2013, September. Released 2013, November",Acer,No,,GPS - cellular model only,"4.0, A2DP",Quad-core 1.2 GHz Cortex-A7,,"16GB 1GB RAM, 32GB 1GB RAM",https://fdn2.gsmarena.com/vv/bigpic/acer-iconia-a3-a10.jpg,,GSM 850 / 900 / 1800 / 1900,,"Li-Po 7300 mAh, non-removable (27 Wh)",VGA,,"10.1 inches, 295.8 cm2(~65.0% screen-to-body ratio)",
Yes,HDMI port,430 g (15.17 oz),,Yes,,,,,Acer Iconia Tab A1-811,Discontinued,208.7 x 145.7 x 11.1 mm (8.22 x 5.74 x 0.44 in),microSDHC (dedicated slot),microUSB 2.0,No,,Yes,,HSPA,,"Accelerometer, gyro",White,PowerVR SGX544,TFT,Mediatek MT8389W,"Wi-Fi 802.11 b/g/n, hotspot",Up to 7 h (multimedia),,,,,,,,About 150 EUR,"5 MP, AF",Yes,"768 x 1024 pixels, 4:3 ratio (~162 ppi density)",Android 4.2 (Jelly Bean),HSDPA,GSM / HSPA,,,,Yes,,,"2013, Q2. Released 2013, Q2",Acer,No,,GPS,"4.0, A2DP",Quad-core 1.2 GHz Cortex-A7,,8GB 1GB RAM,https://fdn2.gsmarena.com/vv/bigpic/acer-iconia-b1-810.jpg,Yes,GSM 850 / 900 / 1800 / 1900,,"Li-Ion 4960 mAh, non-removable (18.6 Wh)",VGA,,"7.9 inches, 193.3 cm2(~63.6% screen-to-body ratio)",
No,HDMI port,410 g (14.46 oz),,No,,,,,Acer Iconia Tab A1-810,Discontinued,208.7 x 145.7 x 11.1 mm (8.22 x 5.74 x 0.44 in),microSDHC (dedicated slot),microUSB 2.0,No,,Yes,,,,"Accelerometer, gyro",Black,PowerVR SGX544,LED-backlit IPS LCD,Mediatek MT8125 (28 nm),Wi-Fi 802.11 b/g/n,Up to 10 h (multimedia),,,,,,Up to 350 h,,About 120 EUR,"5 MP, AF",Yes,"768 x 1024 pixels, 4:3 ratio (~162 ppi density)","Android 4.2.2 (Jelly Bean), upgradаble to 4.4.2 (KitKat)",,No cellular connectivity,,,,Yes,,,"2013, April. Released 2013, May",Acer,No,,GPS,"4.0, A2DP",Quad-core 1.2 GHz,,"8GB 1GB RAM, 16GB 1GB RAM",https://fdn2.gsmarena.com/vv/bigpic/acer-iconia-b1-810.jpg,No,N/A,,"Li-Ion 4960 mAh, non-removable (18.6 Wh)",VGA,,"7.9 inches, 193.3 cm2(~63.6% screen-to-body ratio)",
,,140 g (4.94 oz),,"Single SIM (Micro-SIM) or Dual SIM (Micro-SIM, dual stand-by)",,,,,Acer Liquid E2,Discontinued,131 x 68 x 9.9 mm (5.16 x 2.68 x 0.39 in),microSDHC (dedicated slot),microUSB 2.0,No,,1080p@30fps,,HSPA,,"Accelerometer, gyro, proximity, compass","Black, White",PowerVR SGX544,IPS LCD,Mediatek MT6589 (28 nm),"Wi-Fi 802.11 b/g/n, hotspot",Up to 9 h,,,,,,Up to 450 h,LED flash,About 180 EUR,"8 MP, AF","Yes, with stereo speakers","540 x 960 pixels, 16:9 ratio (~245 ppi density)",Android 4.2.1 (Jelly Bean),HSDPA 900 / 2100,GSM / HSPA,,0.23 W/kg (head),,Yes,,,"2013, April. Released 2013, May",Acer,FM radio,,GPS,"3.0, A2DP, EDR",Quad-core 1.2 GHz Cortex-A7,,4GB 1GB RAM,https://fdn2.gsmarena.com/vv/bigpic/Acer-Liquid-E2.jpg,,GSM 850 / 900 / 1800 / 1900 - SIM 1 & SIM 2 (dual-SIM model only),,"Li-Ion 2000 mAh, removable",2 MP,,"4.5 inches, 55.8 cm2(~62.7% screen-to-body ratio)",
,No,110 g (4.59 oz),,"Single SIM (Mini-SIM) or Dual SIM (Mini-SIM, dual stand-by)",,,,,Acer Liquid Z2,Discontinued,110 x 62.5 x 12.3 mm (4.33 x 2.46 x 0.48 in),microSDHC (dedicated slot),microUSB 2.0,No,,Yes,,HSPA 7.2/5.76 Mbps,,"Accelerometer, proximity","Black, Black/White",Adreno 200,"TFT, 256K colors",Qualcomm MSM7227A Snapdragon S1,"Wi-Fi 802.11 b/g/n, hotspot",Up to 4 h,,,,,SRS audio,Up to 450 h,,About 100 EUR,3 MP or 5 MP,Yes,"320 x 480 pixels, 3:2 ratio (~165 ppi density)",Android 4.1.1 (Jelly Bean),HSDPA 900 / 2100,GSM / HSPA,,,,Yes,,,"2013, February. Released 2013, March",Acer,"FM radio, RDS",,GPS,"3.0, A2DP",1.0 GHz Cortex-A5,,4GB 512MB RAM,https://fdn2.gsmarena.com/vv/bigpic/acer-liquid-z2.jpg,,GSM 850 / 900 / 1800 / 1900 - SIM 1 & SIM 2 (dual-SIM model only),,"Li-Ion 1300 mAh, removable",,,"3.5 inches, 36.5 cm2(~53.1% screen-to-body ratio)",
,,140 g (4.94 oz),,Mini-SIM,,,,,Acer Liquid C1,Discontinued,127.3 x 65.5 x 10 mm (5.01 x 2.58 x 0.39 in),microSDHC (dedicated slot),microUSB 2.0,No,,Yes,,HSPA 21.1/5.76 Mbps,,"Accelerometer, proximity","Black, White",PowerVR SGX540,IPS LCD,Intel Atom Z2420,"Wi-Fi 802.11 b/g/n, hotspot",Up to 9 h,,,,,,,LED flash,About 180 EUR,"8 MP, AF",Yes,"540 x 960 pixels, 16:9 ratio (~256 ppi density)",Android 4.0 (Ice Cream Sandwich),HSDPA 850 / 900 / 1900 / 2100,GSM / HSPA,,0.38 W/kg (head)     0.70 W/kg (body),,Yes,,,"2013, January. Released 2013, March",Acer,FM radio,,GPS,"2.1, A2DP, EDR",1.2 GHz,,4GB 1GB RAM,https://fdn2.gsmarena.com/vv/bigpic/acer-liquid-c1.jpg,,GSM 850 / 900 / 1800 / 1900,,"Li-Ion 2000 mAh, removable",VGA,,"4.3 inches, 51.0 cm2(~61.1% screen-to-body ratio)",
,,130 g (4.59 oz),,"Single SIM (Mini-SIM) or Dual SIM (Mini-SIM, dual stand-by)",,,,,Acer Liquid E1,Discontinued,132 x 68.5 x 9.9 mm (5.20 x 2.70 x 0.39 in),microSDHC (dedicated slot),microUSB 2.0,Yes (single sim model only),,720p@30fps,,HSPA,,"Accelerometer, gyro, proximity, compass","Black, White",SGX531u,IPS LCD,Mediatek MT6577 (40 nm),"Wi-Fi 802.11 b/g/n, hotspot",Up to 8 h,,,,,,Up to 400 h,LED flash,About 170 EUR,"5 MP, AF","Yes, with stereo speakers","540 x 960 pixels, 16:9 ratio (~245 ppi density)",Android 4.1.1 (Jelly Bean),HSDPA 900 / 2100,GSM / HSPA,,0.47 W/kg (head),,Yes,,,"2013, January. Released 2013, March",Acer,FM radio,,GPS,"3.0, A2DP, EDR",Dual-core 1.0 GHz Cortex-A9,,4GB 1GB RAM,https://fdn2.gsmarena.com/vv/bigpic/acer-liquid-e1.jpg,,GSM 850 / 900 / 1800 / 1900 - SIM 1 & SIM 2 (dual-SIM model only),,"Li-Ion 1760 mAh, removable",VGA,,"4.5 inches, 55.8 cm2(~61.7% screen-to-body ratio)",
No,No,339.9 g (11.99 oz),,No,,,,,Acer Iconia Tab B1-710,Discontinued,198.1 x 129.5 x 12.7 mm (7.80 x 5.10 x 0.5 in),microSDHC (dedicated slot),microUSB 2.0,No,,Yes,,,,Accelerometer,White,PowerVR SGX531u,TFT,Mediatek MT8317T,Wi-Fi 802.11 b/g/n,Up to 3 h 30 min (multimedia),,,,,,,,About 110 EUR,Yes,Yes,"600 x 1024 pixels, 16:9 ratio (~170 ppi density)",Android OS,,No cellular connectivity,,,,Yes,,,"2013, November. Released 2013, November",Acer,No,,GPS,"4.0, A2DP",Dual-core 1.2 GHz Cortex-A9,,8GB 1GB RAM,https://fdn2.gsmarena.com/vv/bigpic/acer-b1-710.jpg,No,N/A,,"Li-Ion 2640 mAh, non-removable",,,"7.0 inches, 137.9 cm2(~53.8% screen-to-body ratio)",
No,No,320 g (11.29 oz),,No,,,,,Acer Iconia Tab B1-A71,Discontinued,197.4 x 128.5 x 11.3 mm (7.77 x 5.06 x 0.44 in),microSDHC (dedicated slot),microUSB 2.0,No,,Yes,,,,Accelerometer,Black,SGX531u,"TFT, 256K colors",Mediatek MT8317,Wi-Fi 802.11 b/g/n,,,,,,,,,About 100 EUR,VGA,Yes,"600 x 1024 pixels, 16:9 ratio (~170 ppi density)",Android 4.1 (Jelly Bean),,No cellular connectivity,,,,Yes,,,"2013, January. Released 2013, January",Acer,No,,GPS,"4.0, A2DP",Dual-core 1.2 GHz Cortex-A9,,"8GB 512MB RAM, 16GB 512MB RAM",https://fdn2.gsmarena.com/vv/bigpic/acer-iconia-b1-a71-new.jpg,No,N/A,,"Li-Po 2710 mAh, non-removable (10 Wh)",,,"7.0 inches, 137.9 cm2(~54.4% screen-to-body ratio)",
No,Acer UI,390 g (13.76 oz),,No,,,,,Acer Iconia Tab A110,Discontinued,193 x 126.5 x 11.4 mm (7.60 x 4.98 x 0.45 in),microSDHC (dedicated slot),microUSB 2.0,No,,720p@30fps,,,,"Accelerometer, gyro, compass",Black/Silver,ULP GeForce,"TFT, 256K colors",Nvidia Tegra 3 T30L,Wi-Fi 802.11 b/g/n,Up to 7 h 30 min (multimedia),,HDMI portMP3/WAV/WMA/eAAC+ playerXviD/MP4/H.264 playerDocument viewerPhoto viewer/editor,,,No,Up to 270 h,,About 150 EUR,2 MP,Yes,"600 x 1024 pixels, 16:9 ratio (~170 ppi density)",Android 4.1 (Jelly Bean),,No cellular connectivity,,,,Yes,,,"2012, October. Released 2012, October",Acer,No,,"GPS (3G model), GLONASS","3.0, A2DP",Quad-core 1.2 GHz,,8GB 1GB RAM,https://fdn2.gsmarena.com/vv/bigpic/acer-iconia-tab-a210.jpg,No,N/A,,"Li-Po 3420 mAh, non-removable (12.7 Wh)",,,"7.0 inches, 137.9 cm2(~56.5% screen-to-body ratio)",
,No,100 g (3.53 oz),,"Dual SIM (Mini-SIM, dual stand-by)",,,,,Acer Liquid Z110,Discontinued,110 x 61.5 x 12.3 mm (4.33 x 2.42 x 0.48 in),microSDHC (dedicated slot),microUSB 2.0,No,,Yes,,HSPA 7.2/0.384 Mbps,,"Accelerometer, proximity","Black, White",PowerVR SGX531,"TFT, 256K colors",Mediatek MT6575 (40 nm),Wi-Fi 802.11 b/g/n,Up to 5 h,,MP3/WAV/WMA/eAAC+ playerMP4/H.264 playerDocument viewerPhoto viewer/editor,,,SRS audio,Up to 450 h,,About 100 EUR,3.15 MP,Yes,"320 x 480 pixels, 3:2 ratio (~165 ppi density)",Android 2.3 (Gingerbread),HSDPA 2100 - SIM 1 only,GSM / HSPA,,0.53 W/kg (head)     0.64 W/kg (body),,Yes,,,"2012, October. Released 2012, October",Acer,FM radio,,GPS,"3.0, A2DP",1.0 GHz Cortex-A9,,4GB 512MB RAM,https://fdn2.gsmarena.com/vv/bigpic/acer-liquid-z.jpg,,GSM 850 / 900 / 1800 / 1900 - SIM 1 & SIM 2,,"Li-Po 1300 mAh, removable",,,"3.5 inches, 36.5 cm2(~53.9% screen-to-body ratio)",
,No,145 g (5.11 oz),,Mini-SIM,,,,,Acer Liquid Gallant E350,Discontinued,129 x 65.9 x 9.9 mm (5.08 x 2.59 x 0.39 in),microSDHC (dedicated slot),microUSB 2.0,,,Yes,,HSPA,,"Accelerometer, proximity","Gentle Black, Ceramic White",PowerVR SGX531,TFT,Mediatek MT6575 (40 nm),"Wi-Fi 802.11 b/g/n, Wi-Fi Direct, hotspot",,,,,,MP3/WAV/WMA/eAAC+ playerMP4/H.264 playerOrganizerDocument viewerVoice memo/dialPredictive text input,,LED flash,About 160 EUR,"5 MP, AF",Yes,"540 x 960 pixels, 16:9 ratio (~256 ppi density)",Android 4.0.3 (Ice Cream Sandwich),HSDPA 900 / 2100,GSM / HSPA,,0.50 W/kg (head),,Yes,,,"2012, August. Released 2012, September",Acer,FM radio,,"GPS, A-GPS","3.0, A2DP, EDR",1.0 GHz Cortex-A9,0.49 W/kg (head)     0.54 W/kg (body),4GB 1GB RAM,https://fdn2.gsmarena.com/vv/bigpic/acer-liquid-gallant-e350.jpg,,GSM 850 / 900 / 1800 / 1900,,Removable Li-Ion 1500 mAh battery,,,"4.3 inches, 51.0 cm2(~60.0% screen-to-body ratio)",
,No,145 g (5.11 oz),,Dual SIM (Mini-SIM),,,,,Acer Liquid Gallant Duo,Discontinued,129 x 65.9 x 9.9 mm (5.08 x 2.59 x 0.39 in),microSDHC (dedicated slot),microUSB 2.0,,,Yes,,HSPA,,"Accelerometer, proximity","Gentle Black, Ceramic White",PowerVR SGX531,TFT,Mediatek MT6575 (40 nm),"Wi-Fi 802.11 b/g/n, Wi-Fi Direct, hotspot",,,,,,MP3/WAV/WMA/eAAC+ playerMP4/H.264 playerOrganizerDocument viewerVoice memo/dialPredictive text input,,LED flash,About 140 EUR,"5 MP, AF",Yes,"540 x 960 pixels, 16:9 ratio (~256 ppi density)",Android 4.0.3 (Ice Cream Sandwich),HSDPA 900 / 2100,GSM / HSPA,,,,Yes,,,"2012, July. Released 2012, September",Acer,FM radio,,"GPS, A-GPS","3.0, A2DP, EDR",1.0 GHz Cortex-A9,,4GB 1GB RAM,https://fdn2.gsmarena.com/vv/bigpic/acer-liquid-gallant-duo-new.jpg,,GSM 850 / 900 / 1800 / 1900 - SIM 1 & SIM 2,,Removable Li-Ion 1500 mAh battery,,,"4.3 inches, 51.0 cm2(~60.0% screen-to-body ratio)",
,No,125 g (4.41 oz),,Mini-SIM,,,,,acer liquid glow e330-4589 ,Discontinued,117 x 58.5 x 11.5 mm (4.61 x 2.30 x 0.45 in),microSDHC (dedicated slot),microUSB 2.0,Yes,,Yes,,HSPA,,"Accelerometer, proximity, compass","Black, White, Pink",Adreno 200,TFT,Qualcomm MSM7227A Snapdragon S1,"Wi-Fi 802.11 b/g/n, hotspot",,,,,,MP3/WAV/WMA/eAAC+ playerMP4/H.264 playerOrganizerDocument viewerVoice memo/dialPredictive text input,,LED flash,About 120 EUR,"5 MP, AF",Yes,"480 x 800 pixels, 5:3 ratio (~252 ppi density)",Android 4.0 (Ice Cream Sandwich),HSDPA 900 / 2100,GSM / HSPA,,1.68 W/kg (head)     0.86 W/kg (body),,Yes,,,"2012, February. Released 2012, August",Acer,FM radio,,"GPS, A-GPS","3.0, A2DP, EDR",1.0 GHz Cortex-A5,,1GB 512MB RAM,,,GSM 900 / 1800 / 1900,"2012, February. Released 2012, August",Removable Li-Ion 1300 mAh battery,,,"3.7 inches, 39.0 cm2(~56.9% screen-to-body ratio)",
,HD,122 (4.30 oz),,Micro-SIM,,Noise -81.6dB / Crosstalk -80.0dB,,Voice 59dB / Noise 58dB / Ring 66dB,Acer CloudMobile S500,Discontinued,127 x 65.8 x 9.9 mm (5.0 x 2.59 x 0.39 in),microSDHC (dedicated slot),microUSB 2.0,Yes,,1080p@30fps,,HSPA,Contrast ratio: 1063:1 (nominal) / 1.931:1 (sunlight),"Accelerometer, proximity, compass",Black,Adreno 225,IPS LCD,Qualcomm MSM8260A Snapdragon S4 Plus,"Wi-Fi 802.11 b/g/n, DLNA, hotspot",,,,,Photo/Video,CloudMobile cloud serviceMP3/WAV/WMA/eAAC+ playerDivX/XviD/MP4/H.264 playerOrganizerDocument viewerVoice memo/dial/commandsPredictive text input,,"LED flash, HDR",About 220 EUR,"8 MP, AF",Yes,"720 x 1280 pixels, 16:9 ratio (~342 ppi density)",Android 4.0 (Ice Cream Sandwich),HSDPA 900 / 1900 / 2100,GSM / HSPA,,,,Yes,,,"2012, February. Released 2012, September",Acer,FM radio,,"GPS, A-GPS","4.0, A2DP",Dual-core 1.5 GHz Krait,,8GB 1GB RAM,https://fdn2.gsmarena.com/vv/bigpic/Acer-CloudMobile.jpg,,GSM 850 / 900 / 1800 / 1900,,Removable Li-Ion 1460 mAh battery,,Endurance rating 30h,"4.3 inches, 51.0 cm2(~61.0% screen-to-body ratio)",
No,Acer UI,685 g (1.51 lb),,No,,,,,acer iconia tab a210-5066 ,Discontinued,259.1 x 175.3 x 12.2 mm (10.20 x 6.90 x 0.48 in),microSDHC (dedicated slot),"microUSB 2.0, USB 2.0, OTG",No,,Yes,,,,"Accelerometer, gyro",Titanium Gray,ULP GeForce,"TFT, 256K colors",Nvidia Tegra 3,"Wi-Fi 802.11 b/g/n, hotspot",Up to 8 h (multimedia),,Stereo sound,,,No,,,About 260 EUR,2 MP,"Yes, with stereo speakers","800 x 1280 pixels, 16:10 ratio (~149 ppi density)","Android 4.0 (Ice Cream Sandwich), upgradable to 4.1 (Jelly Bean)",,No cellular connectivity,,,,Yes,,,"2012, Q3. Released 2012, November",Acer,No,MP3/WAV/WMA/eAAC+ playerXviD/MP4/H.264 playerDocument viewerPhoto viewer/editor,"GPS, GLONASS","2.1, EDR",Quad-core 1.2 GHz,,"8GB 1GB RAM, 16GB 1GB RAM",,No,N/A,"2012, Q3. Released 2012, November","Li-Po 3260 mAh, non-removable",,,"10.1 inches, 295.8 cm2(~65.1% screen-to-body ratio)",
No,Acer UI,700 g (1.54 lb),,No,,,,,Acer Iconia Tab A200,Discontinued,260 x 175 x 12.4 mm (10.24 x 6.89 x 0.49 in),microSDHC (dedicated slot),"microUSB 2.0, USB 2.0, OTG",,,Yes,,,,"Accelerometer, gyro",Black,ULP GeForce,IPS LCD,Nvidia Tegra 2 T20,"Wi-Fi 802.11 b/g/n, hotspot",Up to 8 h (multimedia),,MP3/WAV/WMA/eAAC+ playerXviD/MP4/H.264 playerOrganizerDocument viewerPredictive text input,,,No,,,About 200 EUR,2 MP,Yes,"800 x 1280 pixels, 16:10 ratio (~149 ppi density)","Android 3.2 (Honeycomb), upgradable to 4.0 (Ice Cream Sandwich)",,No cellular connectivity,,,,Yes,,,"2012, January. Released 2012, January",Acer,No,,GPS,"2.1, A2DP, EDR",Dual-core 1.0 GHz Cortex-A9,,"8GB 1GB RAM, 16GB 1GB RAM",https://fdn2.gsmarena.com/vv/bigpic/acer-iconia-tab-a200.jpg,No,N/A,,Non-removable Li-Po 3260 mAh battery,,,"10.1 inches, 295.8 cm2(~65.0% screen-to-body ratio)",
,HDMI portMP3/WAV/WMA/eAAC+ playerXviD/MP4/H.264 playerOrganizerDocument viewerPredictive text input,667 g (1.47 lb),,Mini-SIM,,,,,Acer Iconia Tab A701,Discontinued,259.8 x 175 x 10.9 mm (10.23 x 6.89 x 0.43 in),microSDHC (dedicated slot),"microUSB 2.0, USB 2.0",,,720p,,HSPA 21.1/5.76 Mbps,,"Accelerometer, gyro, compass",Titanium Gray,ULP GeForce,LCD,Nvidia Tegra 3,"Wi-Fi 802.11 a/b/g/n, dual-band, hotspot, DLNA",Up to 12 h (multimedia),,,,,,,LED flash,About 380 EUR,"5 MP, AF","Yes, with stereo speakers","1920 x 1200 pixels, 16:10 ratio (~224 ppi density)",Android 4.0 (Ice Cream Sandwich),HSDPA 900 / 2100,GSM / HSPA,,,,Yes,,,"2012, January. Released 2012, July",Acer,No,,"GPS, A-GPS","2.1, A2DP, EDR",Quad-core 1.3 GHz Cortex-A9,,"16GB 1GB RAM, 32GB 1GB RAM, 64GB 1GB RAM",https://fdn2.gsmarena.com/vv/bigpic/acer-iconia-tab-a700.jpg,,GSM 850 / 900 / 1800 / 1900,,Non-removable Li-Po 9800 mAh battery (36 Wh),Yes,,"10.1 inches, 295.8 cm2(~65.1% screen-to-body ratio)",
No,HDMI portMP3/WAV/WMA/eAAC+ playerXviD/MP4/H.264 playerOrganizerDocument viewerPredictive text input,665 g (1.47 lb),,No,,,,,Acer Iconia Tab A700,Discontinued,259 x 175 x 11 mm (10.20 x 6.89 x 0.43 in),microSDHC (dedicated slot),"microUSB 2.0, USB 2.0",,,720p,,,,"Accelerometer, gyro, compass","Titanium Gray, Metallic Red",ULP GeForce,LCD,Nvidia Tegra 3,Wi-Fi 802.11 b/g/n,Up to 10 h (multimedia),,,,,,,LED flash,About 230 EUR,"5 MP, AF","Yes, with stereo speakers","1920 x 1200 pixels, 16:10 ratio (~224 ppi density)",Android 4.0 (Ice Cream Sandwich),,No cellular connectivity,,,,Yes,,,"2012, January. Released 2012, August",Acer,No,,"GPS, A-GPS","2.1, EDR",Quad-core 1.3 GHz,,"16GB 1GB RAM, 32GB 1GB RAM, 64GB 1GB RAM",https://fdn2.gsmarena.com/vv/bigpic/acer-iconia-tab-a700.jpg,No,N/A,,Non-removable Li-Ion 9800 mAh battery,Yes,,"10.1 inches, 295.8 cm2(~65.3% screen-to-body ratio)",
,HDMI portMP3/WAV/WMA/eAAC+ playerMP4/H.264 playerOrganizerDocument viewerPredictive text input,777 g (1.71 lb),,Mini-SIM,,,,,acer iconia tab a511-4643 ,Discontinued,260 x 175 x 11 mm (10.24 x 6.89 x 0.43 in),microSDHC (dedicated slot),microUSB 2.0,,,720p,,HSPA 7.2/5.76 Mbps,,"Accelerometer, gyro, proximity, compass","Black, Silver",ULP GeForce,"TFT, 256K colors",Nvidia Tegra 3,"Wi-Fi 802.11 b/g/n, hotspot",Up to 15 h (multimedia),,,,,,,,About 250 EUR,"5 MP, AF","Yes, with stereo speakers","1280 x 800 pixels, 16:10 ratio (~149 ppi density)",Android 4.0 (Ice Cream Sandwich),HSDPA 850 / 900 / 1900 / 2100,GSM / HSPA,,,,Yes,,,"2012, February. Released 2012, August",Acer,No,,"GPS, A-GPS","2.1, A2DP, EDR",Quad-core 1.3 GHz Cortex-A9,,"16GB 1GB RAM, 32GB 1GB RAM",,,GSM 850 / 900 / 1800 / 1900,"2012, February. Released 2012, August",Non-removable Li-Po 9800 mAh battery (36 Wh),1 MP,,"10.1 inches, 295.8 cm2(~65.0% screen-to-body ratio)",
No,HDMI portMP3/WAV/WMA/eAAC+ playerMP4/H.264 playerOrganizerOffice document editorPredictive text input,680 g (1.50 lb),,No,,,,,acer iconia tab a510-4642 ,Discontinued,259.1 x 175.3 x 10.2 mm (10.20 x 6.90 x 0.40 in),microSDHC (dedicated slot),microUSB 2.0,,,720p,,,,"Accelerometer, gyro, compass","Black, Silver",ULP GeForce,"TFT, 256K colors",Nvidia Tegra 3,Wi-Fi 802.11 b/g/n,Up to 15 h (multimedia),,,,,,,,About 230 EUR,"5 MP, AF","Yes, with stereo speakers","1280 x 800 pixels, 16:10 ratio (~149 ppi density)",Android 4.0 (Ice Cream Sandwich),,No cellular connectivity,,,,Yes,,,"2012, February. Released 2012, April",Acer,No,,GPS,"2.1, A2DP, EDR",Quad-core 1.3 GHz Cortex-A9,,"16GB 1GB RAM, 32GB 1GB RAM",,No,N/A,"2012, February. Released 2012, April",Non-removable Li-Po 9800 mAh battery (36 Wh),1 MP,,"10.1 inches, 295.8 cm2(~65.1% screen-to-body ratio)",
,HSDPA 850 / 1900,126 g (4.44 oz),,Mini-SIM,,,HTML5,,Acer Allegro,Discontinued,116 x 59 x 13 mm (4.57 x 2.32 x 0.51 in),No,microUSB 2.0,,,Yes,,HSPA,,"Accelerometer, proximity, compass","Black, White",Adreno 205,TFT,Qualcomm MSM8255 Snapdragon S2,"Wi-Fi 802.11 b/g/n, DLNA",Up to 6 h,,MP3/WAV/WMA/eAAC+ playerMP4/WMV/H.264 playerDocument viewerVoice memoPredictive text input,,,No,,,About 140 EUR,"5 MP, AF",Yes,"480 x 800 pixels, 5:3 ratio (~259 ppi density)",Microsoft Windows Phone 7.5 Mango,HSDPA 900 / 2100,GSM / HSPA,,,,Yes,,,"2011, October. Released 2011, November",Acer,No,,"GPS, A-GPS","2.1, A2DP, EDR",1.0 GHz Scorpion,,8GB,https://fdn2.gsmarena.com/vv/bigpic/acer-allego.jpg,,GSM 850 / 900 / 1800 / 1900,,Removable Li-Ion 1300 mAh battery,,,"3.6 inches, 36.9 cm2(~53.9% screen-to-body ratio)",
,Touch sensitive controlsAcer UI,138 g (4.87 oz),,Mini-SIM,,,,,Acer Liquid Express E320,Discontinued,115 x 60.8 x 13.4 mm (4.53 x 2.39 x 0.53 in),"microSDHC (dedicated slot), 2 GB included",microUSB 2.0,Region specific,,Yes,,HSPA,,"Accelerometer, proximity",Black,Adreno 200,"TFT, 256K colors",Qualcomm MSM7227T-1 Snapdragon S1,"Wi-Fi 802.11 b/g/n, hotspot",Up to 8 h (2G) / Up to 6 h 40 min (3G),,MP3/WAV/WMA/eAAC+ playerMP4/WMV/H.264 playerOrganizerDocument viewerVoice memoPredictive text input,,,No,Up to 400 h (2G) / Up to 480 h (3G),LED flash,About 90 EUR,"5 MP, AF",Yes,"320 x 480 pixels, 16:9 ratio (~210 ppi density)",Android 2.3 (Gingerbread),HSDPA 900 / 2100,GSM / HSPA,,,,Yes,,,"2011, September. Released 2011, November",Acer,"Stereo FM radio, RDS",,"GPS, A-GPS","2.1, A2DP, EDR",800MHz ARM 11,,"512MB RAM, 512MB",https://fdn2.gsmarena.com/vv/bigpic/acer-c6-liquid-express.jpg,,GSM 850 / 900 / 1800 / 1900,,Removable Li-Ion battery,,,"3.5 inches, 33.8 cm2(~48.3% screen-to-body ratio)",
,Acer UI,777 g (1.71 lb),,Mini-SIM,,,"HTML, Adobe Flash",,Acer Iconia Tab A501,Discontinued,260 x 177 x 13.3 mm (10.24 x 6.97 x 0.52 in),microSDHC (dedicated slot),"microUSB 2.0, USB 2.0",,,Yes,,HSPA 21.1/5.76 Mbps,,"Accelerometer, gyro, proximity, compass",Black,ULP GeForce,"LCD, 256K colors",Nvidia Tegra 2 T20,"Wi-Fi 802.11 b/g/n, hotspot",Up to 8 h,,,,,HDMI portMP3/WAV/WMA/eAAC+ playerXviD/MP4/H.264 playerOrganizerDocument viewerPredictive text input,Up to 400 h,LED flash,About 490 EUR,"5 MP, AF","Yes, with stereo speakers","800 x 1280 pixels, 16:10 ratio (~149 ppi density)","Android 3.0 (Honeycomb), upgradable to 3.2 (Honeycomb)",HSDPA 900 / 2100,GSM / HSPA,,,,Yes,,,"2011, February. Released 2011, April",Acer,No,,"GPS, A-GPS","2.1, A2DP, EDR",Dual-core 1.0 GHz Cortex-A9,,"16GB 1GB RAM, 32GB 1GB RAM, 64GB 1GB RAM",https://fdn2.gsmarena.com/vv/bigpic/Acer-IconiaTab-A500-Tablet-new.jpg,,GSM 850 / 900 / 1800 / 1900,,Non-removable Li-Po 3260 mAh battery (24.1 Wh),2 MP,,"10.1 inches, 295.8 cm2(~64.3% screen-to-body ratio)",
No,Acer UI,730 g (1.61 lb),,No,,,"HTML, Adobe Flash",,acer iconia tab a500-3907 ,Discontinued,260 x 177 x 13.3 mm (10.24 x 6.97 x 0.52 in),microSDHC (dedicated slot),"microUSB 2.0, USB 2.0",,,Yes,,,,"Accelerometer, gyro, proximity",Black,ULP GeForce,"LCD, 256K colors",Nvidia Tegra 2 T20,"Wi-Fi 802.11 b/g/n, hotspot",Up to 6 h,,,,,HDMI portMP3/WAV/WMA/eAAC+ playerXviD/MP4/H.264 playerOrganizerDocument viewerPredictive text input,Up to 200 h,LED flash,About 200 EUR,"5 MP, AF","Yes, with stereo speakers","800 x 1280 pixels, 16:10 ratio (~149 ppi density)","Android 3.0, upgradable to 4.0 (Ice Cream Sandwich)",,No cellular connectivity,,,,Yes,,,"2011, February. Released 2011, April",Acer,No,,GPS,"2.1, A2DP, EDR",Dual-core 1.0 GHz Cortex-A9,,"16GB 1GB RAM, 32GB 1GB RAM",,No,N/A,"2011, February. Released 2011, April",Non-removable Li-Po 3260 mAh battery,2 MP,,"10.1 inches, 295.8 cm2(~64.3% screen-to-body ratio)",
,HSDPA 850 / 1900 / 2100 - American version,185 g (6.53 oz),,Mini-SIM,,,"HTML, Adobe Flash",,Acer Iconia Smart,Discontinued,141.7 x 64.5 x 13.6 mm (5.58 x 2.54 x 0.54 in),microSDHC (dedicated slot),microUSB 2.0,,,720p@30fps,,HSPA 14.4/5.76 Mbps,,"Accelerometer, gyro, proximity",Silver,Adreno 205,TFT,Qualcomm MSM8255-1 Snapdragon S2,"Wi-Fi 802.11 b/g/n, UPnP, DLNA, hotspot",Up to 11 h (2G) / Up to 8 h (3G),,HDMI portMP3/WAV/WMA/eAAC+ playerXviD/MP4/H.264 playerOrganizerDocument viewerVoice memo/dial/commandsPredictive text input,,,Acer UI 4.2,Up to 450 h (2G) / Up to 500 h (3G),LED flash,About 220 EUR,"8 MP, AF",Yes,480 x 1024 pixels (~236 ppi density),Android 2.3 (Gingerbread),HSDPA 900 / 1900 / 2100,GSM / HSPA,,,,Yes,,,"2011, February. Released 2011, August",Acer,"Stereo FM radio, RDS",,"GPS, A-GPS","2.1, A2DP, EDR",1.0 GHz Scorpion,,8GB 512MB RAM,https://fdn2.gsmarena.com/vv/bigpic/acer-iconia-smart-new.jpg,,GSM 850 / 900 / 1800 / 1900,,Removable Li-Po 1500 mAh battery,2 MP,,"4.8 inches, 57.1 cm2(~62.5% screen-to-body ratio)",Corning Gorilla Glass
,Acer UI,470 g (1.04 lb),,Mini-SIM,,,"HTML, Adobe Flash",,acer iconia tab a101-3906 ,Discontinued,195 x 117 x 13.1 mm (7.68 x 4.61 x 0.52 in),microSDHC (dedicated slot),microUSB 2.0,,,720p@30fps,,HSPA 21.1/5.76 Mbps,,"Accelerometer, gyro, compass","Black/Red, Black/Blue",ULP GeForce,LCD,Nvidia Tegra 2 T20,"Wi-Fi 802.11 b/g/n, hotspot",,,,,,HDMI portMP3/WAV/WMA/eAAC+ playerXviD/MP4/H.264 playerOrganizerDocument viewerPredictive text input,,LED flash,About 260 EUR,"5 MP, AF","Yes, with stereo speakers","600 x 1024 pixels, 16:9 ratio (~170 ppi density)",Android 3.2 (Honeycomb),HSDPA 850 / 900 / 1900 / 2100,GSM / HSPA,,,,Yes,,,"2011, February. Released 2011, May",Acer,No,,"GPS, A-GPS","2.1, A2DP, EDR",Dual-core 1.0 GHz Cortex-A9,,"8GB 1GB RAM, 16GB 1GB RAM",,,GSM 850 / 900 / 1800 / 1900,"2011, February. Released 2011, May",Non-removable Li-Po 1530 mAh battery,2 MP,,"7.0 inches, 137.9 cm2(~60.4% screen-to-body ratio)",
No,Acer UI,450 g (0.99 lb),,No,,,"HTML, Adobe Flash",,acer iconia tab a100-3841 ,Discontinued,195 x 117 x 13.1 mm (7.68 x 4.61 x 0.52 in),microSDHC (dedicated slot),microUSB 2.0,,,720p@30fps,,,,"Accelerometer, gyro, compass","Black/Red, Black/Blue",ULP GeForce,LCD,Nvidia Tegra 2 T20,"Wi-Fi 802.11 b/g/n, hotspot",,,,,,HDMI portMP3/WAV/WMA/eAAC+ playerXviD/MP4/H.264 playerOrganizerDocument viewerPredictive text input,,LED flash,About 100 EUR,"5 MP, AF","Yes, with stereo speakers","600 x 1024 pixels, 16:9 ratio (~170 ppi density)","Android 3.0, upgradable to 4.0 (Ice Cream Sandwich)",,No cellular connectivity,,,,Yes,,,"2011, February. Released 2011, April",Acer,No,,GPS,"2.1, A2DP, EDR",Dual-core 1.0 GHz Cortex-A9,,"8GB 1GB RAM, 16GB 1GB RAM",,No,N/A,"2011, February. Released 2011, April",Non-removable Li-Po 1530 mAh battery,2 MP,,"7.0 inches, 137.9 cm2(~60.4% screen-to-body ratio)",
,HSDPA 850 / 1900 - American version,108 g (3.81 oz),,Mini-SIM,,,HTML,,Acer Liquid mini E310,Discontinued,110.4 x 57.5 x 13 mm (4.35 x 2.26 x 0.51 in),"microSDHC (dedicated slot), 2 GB included",microUSB 2.0,,,480p@30fps,,HSPA 7.2/0.384 Mbps,,"Accelerometer, proximity, compass","blue, pink, silver, black, green, lagoon, cherry, pearl, steel",Adreno 200,"TFT, 256K colors",Qualcomm MSM7227-1 Snapdragon S1,"Wi-Fi 802.11 b/g, DLNA, hotspot",Up to 8 h (2G) / Up to 6 h 30 min (3G),,No,,,Touch sensitive controlsAcer UI,Up to 400 h (2G) / Up to 480 h (3G),,About 120 EUR,5 MP,Yes,"320 x 480 pixels, 3:2 ratio (~180 ppi density)","Android 2.2 (Froyo), upgradable to 2.3 (Gingerbread)",HSDPA 900 / 2100,GSM / HSPA,,,,Yes,,,"2011, January. Released 2011, April",Acer,"Stereo FM radio, RDS",MP3/WAV/WMA/eAAC+ playerMP4/WMV/H.264 playerDocument viewerVoice memoPredictive text input,"GPS, A-GPS","2.1, A2DP, EDR",600 MHz ARM 11,,"512MB RAM, 512MB",https://fdn2.gsmarena.com/vv/bigpic/acer-liquidmini.jpg,,GSM 850 / 900 / 1800 / 1900,,Removable Li-Ion 1300 mAh battery,,,"3.2 inches, 30.5 cm2(~48.0% screen-to-body ratio)",
,HSDPA 850 / 1900,109 g (3.84 oz),,Mini-SIM,,,HTML,,Acer beTouch E210,Discontinued,116 x 63 x 12 mm (4.57 x 2.48 x 0.47 in),microSDHC (dedicated slot),microUSB 2.0,,,Yes,,HSPA 7.2/2 Mbps,,"Accelerometer, compass","Black, White",Adreno 200,"TFT resistive touchscreen, 256K colors",Qualcomm MSM7227 Snapdragon S1,"Wi-Fi 802.11 b/g, hotspot",,,No,QWERTY,,Optical trackpad,,,About 150 EUR,3.15 MP,Yes,"320 x 240 pixels, 4:3 ratio (~154 ppi density)",Android 2.2 (Froyo),HSDPA 900 / 2100,GSM / HSPA,,0.92 W/kg (head),,Yes,,,"2011, January. Released 2011, Q2",Acer,Stereo FM radio,MP3/WAV/WMA/eAAC+ playerMP4/H.264/WMV playerDocument viewerVoice memoPredictive text input,"GPS, A-GPS","2.1, A2DP, EDR",600 MHz ARM 11,0.92 W/kg (head)     0.88 W/kg (body),"256MB RAM, 512MB",https://fdn2.gsmarena.com/vv/bigpic/acer-betouch-e210.jpg,,GSM 850 / 900 / 1800 / 1900,,Removable Li-Ion 1300 mAh battery,,,"2.6 inches, 20.9 cm2(~28.6% screen-to-body ratio)",
,No,95 g (3.35 oz),,Mini-SIM,,,HTML,,Acer beTouch E140,Discontinued,104.5 x 55.8 x 12.8 mm (4.11 x 2.20 x 0.50 in),microSDHC (dedicated slot),microUSB 2.0,,,Yes,,HSPA 7.2/2 Mbps,,"Accelerometer, compass",Black,Adreno 200,"TFT resistive touchscreen, 256K colors",Qualcomm MSM7227 Snapdragon S1,"Wi-Fi 802.11 b/g, hotspot",Up to 6 h (2G) / Up to 5 h (3G),,,,,MP3/WAV/WMA/eAAC+ playerMP4/WMV/H.264 playerOrganizerVoice memoPredictive text input,Up to 400 h (2G) / Up to 500 h (3G),,About 110 EUR,3.15 MP,Yes,"240 x 320 pixels, 4:3 ratio (~143 ppi density)",Android 2.2 (Froyo),HSDPA 900 / 2100,GSM / HSPA,,,,Yes,,,"2010, December. Released 2010, December",Acer,"Stereo FM radio, RDS",,"GPS, A-GPS","2.1, A2DP, EDR",600 MHz ARM 11,,"256MB RAM, 512MB",https://fdn2.gsmarena.com/vv/bigpic/Acer-beTouch-E140-ofic.jpg,,GSM 850 / 900 / 1800 / 1900,,Removable Li-Ion 1300 mAh battery,,,"2.8 inches, 24.3 cm2(~41.6% screen-to-body ratio)",
Class 10,TD-SCDMA,130 g (4.59 oz),,Mini-SIM,,,HTML,,acer betouch t500-3587 ,Discontinued,118.5 x 58 x 13.5 mm (4.67 x 2.28 x 0.53 in),microSDHC (dedicated slot),microUSB 2.0,,,Yes,,TD-SCDMA,,Accelerometer,Black,,TFT,,Wi-Fi 802.11 b/g,,,No,,,,,,About 70 EUR,3.15 MP,Yes,"320 x 480 pixels, 3:2 ratio (~180 ppi density)",Android-based OPhone 1.5,,GSM,,,,No,,,"2010, October. Released 2010, Q4",Acer,No,MP3/WAV/WMA/eAAC+ playerMP4/WMV/H.264 playerOrganizerVoice memo/dialPredictive text input,"GPS, A-GPS","2.1, A2DP",,,"256MB RAM, 512MB",,Class 10,GSM 900 / 1800 / 1900,"2010, October. Released 2010, Q4",Removable Li-Ion 1500 mAh battery,,,"3.2 inches, 30.5 cm2(~44.4% screen-to-body ratio)",
,Acer UI 4.0 Breeze,135 g (4.76 oz),,Mini-SIM,,,"HTML, Adobe Flash",,Acer Liquid mt,Discontinued,115 x 63 x 13.5 mm (4.53 x 2.48 x 0.53 in),microSDHC (dedicated slot),microUSB 2.0,,,720p@30fps,,HSPA 14.4/2 Mbps,,"Accelerometer, proximity, compass",Silver,Adreno 205,TFT,Qualcomm MSM7230,"Wi-Fi 802.11 b/g/n, UPnP, hotspot",Up to 11 h (2G) / Up to 8 h (3G),,MP3/WAV/WMA/eAAC+ playerXviD/MP4/H.264 playerDocument viewerVoice memo/dialPredictive text inputMusic recognition,,,No,Up to 450 h (2G) / Up to 550 h (3G),LED flash,About 70 EUR,"5 MP, AF",Yes,"480 x 800 pixels, 5:3 ratio (~259 ppi density)",Android 2.2 (Froyo),HSDPA 850 / 1900 / 2100,GSM / HSPA,,,,Yes,,,"2010, October. Released 2010, November",Acer,No,,"GPS, A-GPS","2.1, A2DP",800 MHz Scorpion,,"512MB RAM, 512MB",https://fdn2.gsmarena.com/vv/bigpic/acer-liquid-metal-ofic.jpg,,GSM 850 / 900 / 1800 / 1900,,Removable Li-Ion 1500 mAh battery,,,"3.6 inches, 36.9 cm2(~50.9% screen-to-body ratio)",
,HSDPA 850 / 1900,109 g (3.84 oz),,Mini-SIM,,,HTML,,Acer beTouch E130,Discontinued,115 x 62.5 x 11.5 mm (4.53 x 2.46 x 0.45 in),microSDHC (dedicated slot),microUSB 2.0,,,Yes,,HSPA 3.6/0.384 Mbps,,"Accelerometer, compass","Black, White",,"TFT, 65K colors",ST Ericsson PNX6715,Wi-Fi 802.11 b/g,Up to 6 h,,No,QWERTY,,Optical trackpad,Up to 600 h,,About 90 EUR,3.15 MP,Yes,"320 x 240 pixels, 4:3 ratio (~154 ppi density)",Android 1.6 (Donut),HSDPA 900 / 2100,GSM / HSPA,,,,Yes,,,"2010, June. Released 2010, August",Acer,"Stereo FM radio, RDS",MP3/WAV/WMA/eAAC+ playerMP4/H.264 playerDocument viewerVoice memoPredictive text input,"GPS, A-GPS","2.0, A2DP",416 MHz,,"256MB RAM, 512MB",https://fdn2.gsmarena.com/vv/bigpic/acer-130-ofic.jpg,,GSM 850 / 900 / 1800 / 1900,,Removable Li-Ion 1500 mAh battery,,,"2.6 inches, 20.9 cm2(~29.1% screen-to-body ratio)",
,HSDPA 850 / 1900,105 g (3.70 oz),,Mini-SIM,,,HTML,,Acer beTouch E120,Discontinued,104.5 x 54 x 13.2 mm (4.11 x 2.13 x 0.52 in),microSDHC (dedicated slot),microUSB 2.0,,,Yes,,HSPA 3.6/0.384 Mbps,,"Accelerometer, compass","Black, White",,TFT,,Wi-Fi 802.11 b/g,Up to 6 h,,"Acer Spinlets, Acer UrFooz appsAcer web widgetsAcer multimedia menuMP3/WAV/WMA/eAAC+ playerMP4/WMV/H.264 playerPocket OfficeVoice memoPredictive text input",,,No,Up to 600 h,,About 70 EUR,3.15 MP,Yes,"240 x 320 pixels, 4:3 ratio (~143 ppi density)",Android 1.6 (Donut),HSDPA 900 / 2100,GSM / HSPA,,,,Yes,,,"2010, June. Released 2010, Q3",Acer,"Stereo FM radio, RDS",,"GPS, A-GPS","2.0, A2DP","ST Ericsson PNX6715, 416 MHz",,"256MB RAM, 512MB",https://fdn2.gsmarena.com/vv/bigpic/acer-e120.jpg,,GSM 850 / 900 / 1800 / 1900,,Removable Li-Ion 1500 mAh battery,,,"2.8 inches, 24.3 cm2(~43.0% screen-to-body ratio)",
,HSDPA 900 / 1900 / 2100,140 g (4.94 oz),,Mini-SIM,,,HTML,Voice 63dB / Noise 65dB / Ring 75dB,Acer Stream,Discontinued,119.5 x 63 x 11.2 mm (4.70 x 2.48 x 0.44 in),"microSDHC (dedicated slot), 8 GB included",microUSB 2.0,,,720p@24fps,,HSPA 7.2/2 Mbps,,"Accelerometer, proximity, compass",Black,Adreno 200,AMOLED,Qualcomm QSD8250 Snapdragon S1,"Wi-Fi 802.11 b/g/n, DLNA & UPnP technology",Up to 5 h (3G),,Dedicated music keys,,Photo,No,Up to 400 h (3G),,About 130 EUR,"5 MP, AF",Yes,"480 x 800 pixels, 5:3 ratio (~252 ppi density)",Android 2.1 (Eclair),HSDPA 850 / 1900 / 2100,GSM / HSPA,,,,Yes,,,"2010, May. Released 2010, August",Acer,"Stereo FM radio, RDS",Micro HDMI portDedicated search keyMP3/WAV/WMA/eAAC+ playerMP4/Xvid/WMV/H.264 playerDocument viewerVoice memoPredictive text input,"GPS, A-GPS","2.1, A2DP",1.0 GHz Scorpion,,2GB 512MB RAM,https://fdn2.gsmarena.com/vv/bigpic/acer-liquid-stream-ofic.jpg,,GSM 850 / 900 / 1800 / 1900,,Removable Li-Ion 1400 mAh battery,,,"3.7 inches, 39.0 cm2(~51.8% screen-to-body ratio)",
,Acer UI 3.0,135 g (4.76 oz),,Mini-SIM,,,"HTML, Adobe Flash",,Acer Liquid E,Discontinued,115 x 62.5 x 12.5 mm (4.53 x 2.46 x 0.49 in),microSDHC (dedicated slot),miniUSB,,,480p@20fps,,HSPA 7.2/2 Mbps,,"Accelerometer, proximity","Black, White, Red, Ferrari edition",Adreno 200,"TFT, 256K colors",Qualcomm QSD8250 Snapdragon S1,Wi-Fi 802.11 b/g,Up to 5 h,,MP3/WAV/WMA/eAAC+ playerMP4/WMV/H.264 playerOrganizerDocument viewerVoice memoPredictive text input,,,No,Up to 400 h,,About 90 EUR,"5 MP, AF",Yes,"480 x 800 pixels, 5:3 ratio (~267 ppi density)","Android 2.1 (Eclair), upgradable to Android 2.2 (Froyo)",HSDPA 900 / 1900 / 2100,GSM / HSPA,,,,Yes,,,"2010, February. Released 2010, August",Acer,No,,"GPS, A-GPS","2.0, A2DP",768 MHz Scorpion,,"512MB RAM, 512MB",https://fdn2.gsmarena.com/vv/bigpic/acer-liquid-e-new.jpg,,GSM 850 / 900 / 1800 / 1900,,Removable Li-Ion 1350 mAh battery,,,"3.5 inches, 34.9 cm2(~48.5% screen-to-body ratio)",
,HSDPA 850 / 900 / 2100,125 g (4.41 oz),,Mini-SIM,,,"WAP 2.0/xHTML, HTML",,Acer neoTouch P400,Discontinued,115 x 59.3 x 12 mm (4.53 x 2.33 x 0.47 in),microSD (dedicated slot),2.0,,,Yes,,HSPA,,"Accelerometer, compass",Black,Adreno 200,"TFT resistive touchscreen, 256K colors",Qualcomm MSM7227 Snapdragon S1,Wi-Fi 802.11 b/g,Up to 5 h,,Acer applicationsMP3/WAV/WMA/eAAC+ playerMP4/WMV/H.264 playerPocket OfficeVoice memo,,,No,Up to 400 h,,About 100 EUR,"3.15 MP, AF",Yes,"320 x 480 pixels, 3:2 ratio (~180 ppi density)",Microsoft Windows Mobile 6.5.3 Professional,HSDPA 900 / 2100,GSM / HSPA,,,,Yes,,,"2010, February. Released 2010, May",Acer,Stereo FM radio,,"GPS, A-GPS","2.1, A2DP",600 MHz ARM 11,,"256MB RAM, 512MB ROM",https://fdn2.gsmarena.com/vv/bigpic/acer-neotouch-p400.jpg,,GSM 850 / 900 / 1800 / 1900,,Removable Li-Po 1090 mAh battery,,,"3.2 inches, 30.5 cm2(~44.7% screen-to-body ratio)",
,HSDPA 850 / 900 / 2100,125 g (4.41 oz),,Mini-SIM,,,HTML,,Acer beTouch E400,Discontinued,115 x 59.3 x 12 mm (4.53 x 2.33 x 0.47 in),microSD (dedicated slot),2.0,,,Yes,,HSPA 3.6/0.384 Mbps,,"Accelerometer, compass","Soft-touch Black, Ceramic White and Pearl Red with 3 exchangeable battery covers",Adreno 200,"TFT resistive touchscreen, 256K colors",Qualcomm MSM7227 Snapdragon S1,Wi-Fi 802.11 b/g,Up to 5 h,,No,,,Digital compassAcer UI,Up to 400 h,,About 80 EUR,"3.15 MP, AF",Yes,"320 x 480 pixels, 3:2 ratio (~180 ppi density)",Android 2.1 (Eclair),HSDPA 900 / 2100,GSM / HSPA,,,,Yes,,,"2010, February. Released 2010, April",Acer,Stereo FM radio,MP3/WAV/WMA/eAAC+ playerMP4/WMV/H.264 playerPocket OfficeVoice memoPredictive text input,"GPS, A-GPS","2.0, A2DP",600 MHz ARM 11,,"256MB RAM, 512MB",https://fdn2.gsmarena.com/vv/bigpic/acer-betouch-e400.jpg,,GSM 850 / 900 / 1800 / 1900,,Removable Li-Po 1090 mAh battery,,,"3.2 inches, 30.5 cm2(~44.7% screen-to-body ratio)",
,No,130.6g (4.59 oz),,Mini-SIM,,,HTML,,Acer neoTouch P300,Discontinued,110 x 55 x 15.1 mm (4.33 x 2.17 x 0.59 in),microSD (dedicated slot),2.0,,,Yes,,HSPA 7.2/2 Mbps,,Accelerometer,Black,No,"TFT resistive touchscreen, 65K colors",Qualcomm MSM7225 Snapdragon S1,Wi-Fi 802.11 b/g,Up to 4 h,,,QWERTY,,MP3/WAV/WMA/eAAC+ playerMP4/WMV/H.264 playerPocket OfficeVoice memoPredictive text input,Up to 400 h,,About 80 EUR,"3.15 MP, AF",Yes,"240 x 400 pixels, 5:3 ratio (~146 ppi density)",Microsoft Windows Mobile 6.5.3,HSDPA 2100,GSM / HSPA,,,,Yes,,,"2010, February. Released 2010, Q2",Acer,No,,"GPS, A-GPS","2.0, A2DP",528 MHz ARM 11,,"256MB RAM, 512MB ROM",https://fdn2.gsmarena.com/vv/bigpic/acer-p300.jpg,,GSM 850 / 900 / 1800 / 1900,,Removable Li-Po 970 mAh battery,,,"3.2 inches, 29.1 cm2(~48.2% screen-to-body ratio)",
,HSDPA 850 / 1900,105 g (3.70 oz),,Mini-SIM,,,HTML,,Acer beTouch E110,Discontinued,103.5 x 54 x 13.4 mm (4.07 x 2.13 x 0.53 in),microSD (dedicated slot),2.0,,,Yes,,HSPA 3.6/0.384 Mbps,,,"Black, Dark Blue",,"TFT resistive touchscreen, 256K colors (65K effective)",,No,,,Acer web widgetsAcer multimedia menuMP3/WAV/WMA/eAAC+ playerMP4/WMV/H.264 playerPocket OfficeVoice memoPredictive text input,,,No,,,About 70 EUR,3.15 MP,Yes,"240 x 320 pixels, 4:3 ratio (~143 ppi density)",Android 1.5 (Cupcake),HSDPA 900 / 2100,GSM / HSPA,,,,Yes,,,"2010, February. Released 2010, March",Acer,Stereo FM radio,,"GPS, A-GPS","2.0, A2DP",ST Ericsson PNX6715 416MHz,,"256MB RAM, 256MB",https://fdn2.gsmarena.com/vv/bigpic/acer-e110.jpg,,GSM 850 / 900 / 1800 / 1900,,Removable Li-Ion 1500 mAh battery,,,"2.8 inches, 24.3 cm2(~43.4% screen-to-body ratio)",
,Acer UI 3.0,135 g (4.76 oz),,Mini-SIM,,Noise -82.3dB / Crosstalk -80.3dB,HTML,Voice 72dB / Noise 72dB / Ring 83dB,Acer Liquid,Discontinued,115 x 62.5 x 12.5 mm (4.53 x 2.46 x 0.49 in),microSDHC (dedicated slot),miniUSB,,,480p@20fps,,HSPA 7.2/2 Mbps,,"Accelerometer, proximity","Black, White, Red",Adreno 200,"TFT, 256K colors",Qualcomm QSD8250 Snapdragon S1,Wi-Fi 802.11 b/g,Up to 5 h,,MP3/WAV/WMA/eAAC+ playerMP4/WMV/H.264 playerDocument viewerVoice memoPredictive text input,,Photo,No,Up to 400 h,,About 90 EUR,"5 MP, AF",Yes,"480 x 800 pixels, 5:3 ratio (~267 ppi density)",Android 1.6 (Donut),HSDPA 900 / 1900 / 2100,GSM / HSPA,,,,Yes,,,"2009, October. Released 2009, December",Acer,No,,"GPS, A-GPS","2.0, A2DP",768 MHz Scorpion,1.11 W/kg (head)     0.35 W/kg (body),"256MB RAM, 512MB",https://fdn2.gsmarena.com/vv/bigpic/acer-liquid-new.jpg,,GSM 850 / 900 / 1800 / 1900,,Removable Li-Ion 1350 mAh battery,,,"3.5 inches, 34.9 cm2(~48.5% screen-to-body ratio)",
,Acer UI 3.0,130 g (4.59 oz),,Mini-SIM,,Noise -84.1dB / Crosstalk -81.8dB,HTML,Voice 58dB / Noise 59dB / Ring 69dB,Acer neoTouch,Discontinued,118.6 x 63 x 12 mm (4.67 x 2.48 x 0.47 in),microSDHC (dedicated slot),miniUSB,,,480p,,HSPA 7.2/5.76 Mbps,,"Accelerometer, proximity",Black,Adreno 200,"TFT resistive touchscreen, 65K colors",Qualcomm QSD8250 Snapdragon S1,Wi-Fi 802.11 b/g,Up to 5 h,,MP3/WAV/WMA/eAAC+ playerMP4/WMV/H.264 playerFacebook and Flikr integrationPocket OfficeVoice memoPredictive text input,,Photo,,Up to 400 h,LED flash,About 210 EUR,"5 MP, AF",Yes,"480 x 800 pixels, 5:3 ratio (~246 ppi density)",Microsoft Windows Mobile 6.5 Professional,HSDPA 900 / 1900 / 2100,GSM / HSPA,,,,Yes,,,"2009, October. Released 2009, October",Acer,"Stereo FM radio, RDS",,"GPS, A-GPS","2.1, A2DP",1.0 GHz Scorpion,1.23 W/kg (head)     0.72 W/kg (body),"256MB RAM, 512MB ROM",https://fdn2.gsmarena.com/vv/bigpic/acer-neo-touch-new.jpg,,GSM 850 / 900 / 1800 / 1900,,Removable Li-Po 1350 mAh battery,,,"3.8 inches, 41.1 cm2(~55.0% screen-to-body ratio)",
,,146 g (5.15 oz),,Mini-SIM,,,HTML,,Acer beTouch E200,Discontinued,110 x 53.5 x 15.4 mm (4.33 x 2.11 x 0.61 in),microSD (dedicated slot),miniUSB,,,Yes,,HSPA 3.6/0.384 Mbps,,,"Black, White",No,"TFT, 65K colors",Qualcomm MSM7225 Snapdragon S1,No,Up to 5 h,,,,,MP3/WAV/WMA/eAAC+ playerMP4/WMV/H.264 playerPocket OfficeVoice memoPredictive text input,Up to 400 h,,About 190 EUR,3.15 MP,Yes,"240 x 400 pixels, 5:3 ratio (~155 ppi density)",Microsoft Windows Mobile 6.5 Professional,HSDPA 900 / 2100,GSM / HSPA,,,,No,,,"2009, October. Released 2009, October",Acer,No,,"GPS, A-GPS","2.0, A2DP",528 MHz ARM 11,,"256MB RAM, 512MB ROM",https://fdn2.gsmarena.com/vv/bigpic/acer-be-touch-e200.jpg,,GSM 850 / 900 / 1800 / 1900,,Removable Li-Ion 1140 mAh battery,,,"3.0 inches, 25.6 cm2(~43.5% screen-to-body ratio)",
,HSDPA 900 / 1900 / 2100,118 g (4.16 oz),,Mini-SIM,,,HTML,,Acer beTouch E100,Discontinued,113 x 56 x 12.8 mm (4.45 x 2.20 x 0.50 in),microSD (dedicated slot),miniUSB,,,320p,,HSPA 7.2/5.76 Mbps,,,Black,No,"TFT resistive touchscreen, 65K colors",Qualcomm MSM7225 Snapdragon S1,No,Up to 5 h,,,,,Acer UI 3.0Scroll Wheel,Up to 400 h,,About 180 EUR,2 MP,Yes,"240 x 400 pixels, 5:3 ratio (~146 ppi density)",Microsoft Windows Mobile 6.5 Professional,HSDPA 850 / 1900 / 2100,GSM / HSPA,,,,No,,,"2009, October. Released 2009, October",Acer,No,MP3/WAV/WMA/eAAC+ playerMP4/WMV/H.264 playerPocket OfficeVoice memoPredictive text input,"GPS, A-GPS","2.0, A2DP",528 MHz ARM 11,0.69 W/kg (head)     0.80 W/kg (body),"256MB RAM, 512MB ROM",https://fdn2.gsmarena.com/vv/bigpic/acer-be-touch-e100.jpg,,GSM 850 / 900 / 1800 / 1900,,Removable Li-Ion 1140 mAh battery,,,"3.2 inches, 29.1 cm2(~46.1% screen-to-body ratio)",
Class 10,Scroll Wheel,118 g (4.16 oz),,Mini-SIM,,,HTML,,Acer beTouch E101,Discontinued,113 x 56 x 12.8 mm (4.45 x 2.20 x 0.50 in),microSD (dedicated slot),miniUSB,,,Yes,,,,,Black,No,"TFT resistive touchscreen, 65K colors",Qualcomm MSM7225 Snapdragon S1,No,Up to 5 h,,MP3/WAV/WMA/eAAC+ playerMP4/WMV/H.264 playerPocket OfficeVoice memoPredictive text input,,,,Up to 400 h,,About 170 EUR,2 MP,Yes,"240 x 400 pixels, 5:3 ratio (~146 ppi density)",Microsoft Windows Mobile 6.5 Professional,,GSM,,,,No,,,"2009, October. Released 2009, October",Acer,No,,"GPS, A-GPS","2.0, A2DP",528 MHz ARM 11,0.34 W/kg (head)     0.79 W/kg (body),"256MB RAM, 512MB ROM",https://fdn2.gsmarena.com/vv/bigpic/acer-be-touch-e101.jpg,Class 10,GSM 850 / 900 / 1800 / 1900,,Removable Li-Ion 1140 mAh battery,,,"3.2 inches, 29.1 cm2(~46.1% screen-to-body ratio)",
Class 10,"Secondary 1.27"" OLED display (128 x 96 pixel resolution)Handwriting recognition",133 g (4.69 oz),,Mini-SIM,,,HTML,,Acer DX650,Discontinued,109.6 x 59 x 15.6 mm (4.31 x 2.32 x 0.61 in),microSD (dedicated slot),miniUSB,,,No,,,,Accelerometer,Black,,"TFT resistive touchscreen, 65K colors",,Wi-Fi 802.11 b/g,Up to 4 h,,Pocket OfficeVoice memoMP3 player,,,No,Up to 150 h,,About 150 EUR,2 MP,Yes,"240 x 320 pixels, 4:3 ratio (~143 ppi density)",Microsoft Windows Mobile 6.1 Professional,,GSM,,,,No,,,"2009, June. Released 2009, June",Acer,FM radio,,"GPS, SiRF Star III chipset","2.0, A2DP",Samsung S3C 6410 533 MHz,,,https://fdn2.gsmarena.com/vv/bigpic/acer-dx650.jpg,Class 10,GSM 900 / 1800 / 1900,,Removable Li-Ion 1260 mAh battery,,,"2.8 inches, 24.3 cm2(~37.5% screen-to-body ratio)",
,Widget-based UIHandwriting recognition,188 g (6.63 oz),,Mini-SIM,,,HTML,,Acer M900,Discontinued,119 x 62 x 17.1 mm (4.69 x 2.44 x 0.67 in),microSD (dedicated slot),miniUSB,,,Yes,,HSPA 7.2/2 Mbps,,Fingerprint (front-mounted),Black,,"TFT resistive touchscreen, 65K colors",,Wi-Fi 802.11 b/g,Up to 4 h,,,QWERTY,,Pocket OfficeVoice memoMP3 playerPredictive text input,Up to 470 h,LED flash,About 250 EUR,"5 MP, AF",Yes,"480 x 800 pixels, 5:3 ratio (~246 ppi density)",Microsoft Windows Mobile 6.1 Professional,HSDPA 850 / 1900 / 2100,GSM / HSPA,,,,No,,,"2009, February. Released 2009, June",Acer,FM radio,,"GPS, SiRF Star III chipset","2.0, A2DP",533 MHz Samsung S3C 6410,0.43 W/kg (head)     0.92 W/kg (body),,https://fdn2.gsmarena.com/vv/bigpic/acer-m900.jpg,,GSM 850 / 900 / 1800 / 1900,,Removable Li-Ion 1530 mAh battery,VGA videocall camera,,"3.8 inches, 41.1 cm2(~55.7% screen-to-body ratio)",
,Widget-based UIHandwriting recognition,150 g (5.29 oz),,Mini-SIM,,,HTML,,acer f900-2717 ,Discontinued,117.5 x 63.5 x 15.8 mm (4.63 x 2.5 x 0.62 in),microSD (dedicated slot),miniUSB 2.0,,,480p,,HSPA 7.2/2 Mbps,,Accelerometer,Black,,"TFT resistive touchscreen, 65K colors",,Wi-Fi 802.11 b/g,Up to 4 h,,MP3/WMA/WAV/AAC+ playerMP4/H.264/WMV playerPocket OfficeOrganizerVoice memo/dialPredictive text input,,,No,Up to 150 h,LED flash,About 210 EUR,"3.15 MP, AF",Yes,"480 x 800 pixels, 5:3 ratio (~246 ppi density)",Microsoft Windows Mobile 6.1 Professional,HSDPA 850 / 1900 / 2100,GSM / HSPA,,,,No,,,"2009, February. Released 2009, June",Acer,"Stereo FM radio, RDS",,"GPS, SiRF Star III chipset","2.0, A2DP",533 MHz Samsung S3C 6410,0.59 W/kg (head)     0.82 W/kg (body),"128MB RAM, 256MB ROM",,,GSM 850 / 900 / 1800 / 1900,"2009, February. Released 2009, June",Removable Li-Ion 1530 mAh battery,,,"3.8 inches, 41.1 cm2(~55.1% screen-to-body ratio)",
,Widget-based UIHandwriting recognition,131.5 g (4.62 oz),,Mini-SIM,,,HTML,,Acer X960,Discontinued,106.4 x 59 x 13.7 mm (4.19 x 2.32 x 0.54 in),microSDHC (dedicated slot),miniUSB,,,Yes,,HSPA 7.2/2 Mbps,,,Black,,"TFT resistive touchscreen, 65K colors",,Wi-Fi 802.11 b/g,Up to 4 h 40 min,,,,,MP4/MP3/WMA/WMV playerDocument viewerPhoto viewerVoice memoPredictive text input,Up to 245 h,LED flash,About 270 EUR,"3.15 MP, AF",Yes,"480 x 640 pixels, 4:3 ratio (~286 ppi density)",Microsoft Windows Mobile 6.1 Professional,UMTS 850 / 1900 / 2100,GSM / UMTS,,1.32 W/kg (head),,No,,,"2009, February. Released 2009, April",Acer,No,,"GPS, SiRF Star III chipset","2.0, A2DP, EDR",533 MHz Samsung S3C 6410,,"128MB RAM, 256MB ROM",https://fdn2.gsmarena.com/vv/bigpic/acer-x960.jpg,,GSM 850 / 900 / 1800 / 1900,,Removable Li-Po 1530 mAh battery,VGA,,"2.8 inches, 24.3 cm2(~38.7% screen-to-body ratio)",
,GSM 900 / 1800 / 1900 - SIM 2,147 g (5.19 oz),,Dual SIM (Mini-SIM),,,HTML,,Acer DX900,Discontinued,106 x 60.5 x 17 mm (4.17 x 2.38 x 0.67 in),microSD (dedicated slot),miniUSB,,,Yes,,HSPA 7.2/0.384 Mbps,,Accelerometer,Black,,"TFT resistive touchscreen, 65K colors",,Wi-Fi 802.11 b/g,Up to10 h,,Pocket OfficeVoice memoMP3 player,,,Widget-based UIHandwriting recognition,Up to 150 h,LED flash,About 90 EUR,"3.15 MP, AF",Yes,"480 x 640 pixels, 4:3 ratio (~286 ppi density)",Microsoft Windows Mobile 6.1 Professional,HSDPA 850 / 1900 / 2100 - SIM 1,GSM / HSPA,,,,No,,,"2009, February. Released 2009, April",Acer,No,,"GPS, SiRF Star III chipset","2.0, A2DP",533 MHz Samsung S3C 6410,,"128MB RAM, 256MB ROM",https://fdn2.gsmarena.com/vv/bigpic/acer-dx900.jpg,,GSM 850 / 900 / 1800 / 1900 - SIM 1,,Removable Li-Po 1530 mAh battery,VGA videocall camera,,"2.8 inches, 24.3 cm2(~37.9% screen-to-body ratio)",
