,Stand-by,Card slot,Model Name,USB,_3,EDGE,Sensors,SIM,Size,_2,Video,Messaging,Games,Infrared port,Technology,Brand,Dimensions,Weight,Model Image,Positioning,GPRS,Java,Single_1,CPU,Video_1,Call records,Single,Announced,Radio,Loudspeaker,OS,Status,Type,Internal,Browser,Type_1,Bluetooth,3.5mm jack,Colors,Speed,Phonebook,Features,Talk time,_1,3G bands,Alert types,Resolution,2G bands,WLAN
No,,microSD (dedicated slot),Amoi E860,No,,,,Mini-SIM,"2.8 inches, 24.3 cm2(~35.8% screen-to-body ratio)",,Yes,,,,GSM,Amoi,112 x 60.5 x 15.8 mm (4.41 x 2.38 x 0.62 in),,https://fdn2.gsmarena.com/vv/bigpic/amoi-e860.gif,"GPS, SiRF Star III chipset",Yes,,,,,,2 MP,2007,No,No,Microsoft Windows Mobile 5.0 Phone Edition,Discontinued,"TFT resistive touchscreen, 256K colors (65K effective)",50MB,"WAP 2.0/xHTML, HTML(IE)",Removable Li-Ion 1150 mAh battery,"1.2, A2DP",No,Black,,,,,File transferOrganizerTask synchronizing,,Vibration; Downloadable polyphonic ringtones,"240 x 320 pixels, 4:3 ratio (~143 ppi density)",GSM 900 / 1800,No
No,,microSD (dedicated slot),Amoi E78,No,,Yes,,Mini-SIM,"2.46 inches, 18.7 cm2(~26.7% screen-to-body ratio)",,Yes,,,,GSM,Amoi,115 x 61 x 12.7 mm (4.53 x 2.40 x 0.5 in),,https://fdn2.gsmarena.com/vv/bigpic/amoi-e78.gif,No,Yes,,,,,,2 MP,2007,No,No,Microsoft Windows Mobile 5.0 PocketPC,Discontinued,"TFT resistive touchscreen, 65K colors",64MB,WAP 2.0 / HTML (PocketIE),Removable Li-Ion 1100 mAh battery,"1.2, A2DP",No,Black,,,,,File transferOrganizerTask synchronizingPocket Office,,Vibration; Downloadable polyphonic ringtones,"240 x 320 pixels, 4:3 ratio (~163 ppi density)",GSM 850 / 900 / 1800 / 1900,No
No,,microSD (dedicated slot),Amoi E76,No,,,,Mini-SIM,"2.2 inches, 15.0 cm2(~29.4% screen-to-body ratio)",,Yes,,,,GSM,Amoi,100 x 51 x 16.8 mm (3.94 x 2.01 x 0.66 in),,https://fdn2.gsmarena.com/vv/bigpic/amoi-e76.gif,No,Yes,,,,,,2 MP,2007,No,No,Microsoft Windows Mobile 5.0 Phone Edition,Discontinued,"TFT, 65K colors",64MB,MS IE,Removable Li-Ion 1100 mAh battery,"1.2, A2DP",No,Black,,,,,File transferContactOrganizerTask synchronizing,,Vibration; Downloadable polyphonic ringtones,"240 x 320 pixels, 4:3 ratio (~182 ppi density)",GSM 900 / 1800,No
No,,microSD (dedicated slot),Amoi E72,No,,,,Mini-SIM,"2.0 inches, 12.6 cm2(~28.1% screen-to-body ratio)",,Yes,,,,GSM,Amoi,100 x 44.8 x 14.8 mm (3.94 x 1.76 x 0.58 in),,https://fdn2.gsmarena.com/vv/bigpic/amoi-e72.gif,No,Yes,,,,,,1.3 MP,2007,No,No,Microsoft Windows Mobile 5.0 Phone Edition,Discontinued,"TFT, 65K colors",64MB,WAP 2.0 / HTML (PocketIE),Removable Li-Ion 1100 mAh battery,"1.2, A2DP",No,Black,HSPA,,,,File transferOrganizer,,Vibration; Downloadable polyphonic ringtones,176 x 220 pixels (~141 ppi density),GSM 900 / 1900,No
Audio/ playerP2P Video SupportPC SyncOrganizer,,microSD (dedicated slot),Amoi WMA8701A,No,,,,Mini-SIM,"2.2 inches, 15.0 cm2(~28.5% screen-to-body ratio)",,Yes,"SMS, MMS, Email",Yes,,GSM / UMTS,Amoi,109.4 x 48 x 13.8 mm (4.31 x 1.89 x 0.54 in),,https://fdn2.gsmarena.com/vv/bigpic/amoi-8701a.gif,No,,"Yes, MIDP 2.0",VGA videocall camera,,,"20 dialed, 20 received, 20 missed calls",2 MP,2007,No,No,,Discontinued,"TFT, 256K colors",200MB,WAP 2.0,Removable Li-Ion 820 mAh battery,"1.2, A2DP",No,Black,HSPA,500 entries,,,,UMTS 2100,"Vibration; Downloadable polyphonic, AMR, MP3, AAC, AAC+, WAV, MIDI ringtones","320 x 240 pixels, 4:3 ratio (~182 ppi density)",GSM 900 / 1800,No
Audio/ playerP2P Video SupportPC SyncOrganizer,,microSD (dedicated slot),Amoi WMA8703,No,,,,Mini-SIM,"2.2 inches, 15.0 cm2(~28.5% screen-to-body ratio)",,Yes,"SMS, MMS, Email",Yes,,GSM / UMTS,Amoi,109.4 x 48 x 13.8 mm (4.31 x 1.89 x 0.54 in),,https://fdn2.gsmarena.com/vv/bigpic/amoi-8703.gif,No,,"Yes, MIDP 2.0",VGA videocall camera,,,"20 dialed, 20 received, 20 missed calls",3.15 MP,2007,No,No,,Discontinued,"TFT, 256K colors",200MB,WAP 2.0,Removable Li-Ion 920 mAh battery,"1.2, A2DP",No,Black,HSPA,500 entries,,,,UMTS 2100,"Vibration; Downloadable polyphonic, AMR, MP3, AAC, AAC+, WAV, MIDI ringtones","320 x 240 pixels, 4:3 ratio (~182 ppi density)",GSM 900 / 1800,No
"- Second external OLED display,  128 x 36 pixels",,microSD,Amoi WMA8508,No,,,,Mini-SIM,"2.0 inches, 12.6 cm2(~27.6% screen-to-body ratio)",Audio/ playerP2P Video SupportPC SyncOrganizer,No,"SMS, MMS, Email",Yes,,GSM / UMTS,Amoi,95 x 48 x 15.9 mm (3.74 x 1.89 x 0.63 in),,https://fdn2.gsmarena.com/vv/bigpic/amoi-8508.gif,No,,"Yes, MIDP 2.0",,,,"20 dialed, 20 received, 20 missed calls",1.3 MP,"2007, August",No,No,,Cancelled,"TFT, 256K colors",16MB,WAP 2.0,Removable Li-Ion 780 mAh battery,"1.2, A2DP",No,Black,"Yes, 384 kbps",500 entries,rotating lens,,No,UMTS 2100,"Vibration; Downloadable polyphonic, AMR, MP3, AAC, AAC+, midi, wav ringtones",176 x 220 pixels (~141 ppi density),GSM 900 / 1800,No
"- Second external CSTN display, 65K colors, 96 x 96 pixels, 1.1 inches",,microSD (dedicated slot),Amoi CMA8170,No,,No,,Mini-SIM,"2.0 inches, 12.6 cm2(~27.5% screen-to-body ratio)",Audio/ playerPC SyncOrganizer,No,"SMS, MMS, Email",Yes,,GSM,Amoi,92.5 x 49.5 x 18.7 mm (3.64 x 1.95 x 0.74 in),,https://fdn2.gsmarena.com/vv/bigpic/amoi-8170.gif,No,No,Yes (optional),,,,"20 dialed, 20 received, 20 missed calls",1.3 MP,2007,No,No,,Discontinued,"TFT, 256K colors",90MB,WAP 2.0,Removable Li-Ion 860 mAh battery,1.1,No,Black,,500 entries,,,No,,"Vibration; Downloadable polyphonic, MIDI, MP3 ringtones",176 x 220 pixels (~141 ppi density),GSM 900 / 1800 / CDMA2000 1x EV-DO,No
No,,microSD,Amoi M33,No,,No,,Mini-SIM,"1.8 inches, 10.2 cm2(~21.4% screen-to-body ratio)",,No,SMS,Yes,,GSM,Amoi,106 x 45 x 10.5 mm (4.17 x 1.77 x 0.41 in),,https://fdn2.gsmarena.com/vv/bigpic/amoi-m33.gif,No,No,No,,,,"20 dialed, 20 received, 20 missed calls",VGA,"2007, Q3",FM radio,No,,Cancelled,"CSTN, 65K colors",30MB,No,Removable Li-Ion 700 mAh battery,No,No,Silver,,500 entries,,,"MP3, MP4 PlayerPC SyncOrganizer",,"Vibration; Downloadable polyphonic, MP3 ringtones",128 x 160 pixels (~114 ppi density),GSM 900 / 1800,No
No,,No,Amoi A203,No,,No,,Mini-SIM,"1.5 inches, 7.3 cm2(~15.6% screen-to-body ratio)",,No,SMS,Yes,,GSM,Amoi,101 x 46 x 13.4 mm (3.98 x 1.81 x 0.53 in),,https://fdn2.gsmarena.com/vv/bigpic/amoi-a203.gif,No,No,No,,,,"20 dialed, 20 received, 20 missed calls",VGA,2007,FM radio,No,,Discontinued,"CSTN, 65K colors",5MB,No,Removable Li-Ion 750 mAh battery,No,No,Black,,500 entries,,,PC SyncOrganizer,,"Vibration; Downloadable polyphonic, MIDI ringtones","128 x 128 pixels, 1:1 ratio (~121 ppi density)",GSM 900 / 1800,No
No,,No,Amoi A200,No,,No,,Mini-SIM,"1.5 inches, 7.3 cm2(~21.6% screen-to-body ratio)",,No,SMS,Yes,,GSM,Amoi,82 x 41 x 15 mm (3.23 x 1.61 x 0.59 in),,https://fdn2.gsmarena.com/vv/bigpic/amoi-a200.gif,No,No,No,,,,"20 dialed, 20 received, 20 missed calls",VGA,2007,No,No,,Discontinued,"CSTN, 65K colors",3MB,No,Removable Li-Ion 750 mAh battery,No,No,"Black & Silver, Pink & White",,500 entries,,,PC SyncOrganizer,,"Vibration; Downloadable polyphonic, MIDI ringtones","128 x 128 pixels, 1:1 ratio (~121 ppi density)",GSM 900 / 1800,No
No,,No,Amoi A102,No,,No,,Mini-SIM,"1.5 inches, 7.3 cm2(~18.9% screen-to-body ratio)",,,SMS,Yes,,GSM,Amoi,85.5 x 45 x 18 mm (3.37 x 1.77 x 0.71 in),,https://fdn2.gsmarena.com/vv/bigpic/amoi-a102.gif,No,No,No,,,,"10 dialed, 10 received, 10 missed calls",,2007,No,No,,Discontinued,"CSTN, 65K colors",,No,Removable Li-Ion 750 mAh battery,No,No,Black,,300 entries,,,,,"Vibration; Downloadable polyphonic, MIDI ringtones","128 x 128 pixels, 1:1 ratio (~121 ppi density)",GSM 900 / 1800,No
No,Up to 350 h,No,Amoi A100,No,,No,,Mini-SIM,"1.5 inches, 7.3 cm2(~18.9% screen-to-body ratio)",,,SMS,Yes,,GSM,Amoi,85.5 x 45 x 18 mm (3.37 x 1.77 x 0.71 in),75 g (2.65 oz),https://fdn2.gsmarena.com/vv/bigpic/amoi-a100.gif,No,No,No,,,,"10 dialed, 10 received, 10 missed calls",,2007,No,No,,Discontinued,"CSTN, 65K colors",,No,Removable Li-Ion 750 mAh battery,No,No,Black,,300 entries,,Up to 7 h,,,"Vibration; Downloadable polyphonic, MIDI ringtones","128 x 128 pixels, 1:1 ratio (~121 ppi density)",GSM 900 / 1800,No
5-way wavigation key,Up to 500 h,No,Amoi A10,No,,No,,Mini-SIM,"1.5 inches, 7.3 cm2(~16.1% screen-to-body ratio)",,,SMS,Yes,,GSM,Amoi,102.4 x 44 x 15 mm (4.03 x 1.73 x 0.59 in),,https://fdn2.gsmarena.com/vv/bigpic/amoi-a10.gif,No,No,No,,,,"10 dialed, 10 received, 10 missed calls",,2007,No,No,,Discontinued,"CSTN, mono",,No,Removable Li-Ion 1100 mAh battery,No,No,Black,,Yes,,Up to 9 h,No,,"Vibration; Downloadable polyphonic, MIDI, AMR ringtones","128 x 128 pixels, 1:1 ratio (~121 ppi density)",GSM 900 / 1800,No
Handwriting recognition,Up to 150 h,microSD (dedicated slot),Amoi E850,1.1,,No,,Mini-SIM,"2.4 inches, 16.8 cm2(~30.6% screen-to-body ratio)",Pocket OfficeMedia playerPC SyncVoice memoOrganizerWorld Time,Yes,,,Yes,GSM,Amoi,102 x 54 x 20 mm (4.02 x 2.13 x 0.79 in),108 g (3.81 oz),https://fdn2.gsmarena.com/vv/bigpic/amoi-e850.gif,No,Class 10,,,Intel XScale PXA 272 312 MHz,,,2 MP,"2006, Q2",No,No,Microsoft Windows Mobile 5.0 for PocketPC Phone Edition,Discontinued,"TFT resistive touchscreen, 256K colors (65K effective)","64MB RAM, 128MB ROM",WAP 2.0,Removable Li-Ion 1100 mAh battery,1.2,No,Black,,,LED flash,Up to 4 h,No,,"Vibration; Downloadable polyphonic, MP3 ringtones",204 x 320 pixels (~158 ppi density),GSM 900 / 1800 / 1900,No
"Second external OLED display,  96 x 64 pixels, 1.0 inches",Up to 120 h,microSD (dedicated slot),Amoi V810,Proprietary,,,,Mini-SIM,"2.0 inches, 12.6 cm2(~26.8% screen-to-body ratio)",Audio & Video streaming (MP3 & MP4)BREWPC SyncVoice memoOrganizerStop WatchWorld Time,CIF,"SMS, MMS, Email",Yes,,GSM / UMTS,Amoi,94 x 50 x 28 mm (3.70 x 1.97 x 1.10 in),128g (4.52 oz),https://fdn2.gsmarena.com/vv/bigpic/amoi-v810.gif,"GPS, A-GPS",,No,,,,"20 dialed, 20 received, 20 missed calls",1.3 MP,"2006, Q2",No,No,,Discontinued,"TFT, 256Kcolors",35MB,WAP 2.0,Removable Li-Ion 720 mAh battery,Yes,No,Silver,"Yes, 384 kbps",Yes,180 deg rotating lens,Up to 3 h,No,UMTS 2100,"Vibration; Downloadable polyphonic, MP3 ringtones",176 x 220 pixels (~141 ppi density),GSM 900 / 1800,No
"Second external CSTN display, 65K colors, 96 x 96 pixels, 1.1 inches",Up to 200 h,No,Amoi H815,Proprietary,,,,Mini-SIM,"2.0 inches, 12.6 cm2(~31.1% screen-to-body ratio)","Media player (H324M,MP3,H.263,MP4,AAC )PC SyncVoice memoOrganizerStop WatchWorld Time",Yes,"SMS, MMS, Email",Yes,,GSM / UMTS,Amoi,90 x 45 x 25 mm (3.54 x 1.77 x 0.98 in),106 g (3.74 oz),https://fdn2.gsmarena.com/vv/bigpic/amoi-h815.gif,No,,Yes,,,,"20 dialed, 20 received, 20 missed calls",1.3 MP,"2006, Q2",No,No,,Discontinued,"TFT, 256K colors",36MB,WAP 2.0,Removable Li-Ion 720 mAh battery,No,No,Silver,"Yes, 384 kbps","Yes, Photo/Video call",180 deg rotating lens,Up to 8 h,No,UMTS 2100,"Vibration; Downloadable polyphonic, MP3 ringtones",176 x 220 pixels (~141 ppi density),GSM 900 / 1800,No
"Second external CSTN display, 65K colors, 96 x 96 pixels, 1.1 inches",Up to 200 h,No,Amoi H812,Proprietary,,,,Mini-SIM,"2.0 inches, 12.6 cm2(~31.1% screen-to-body ratio)","Media player (H324M,MP3,H.263,MP4,AAC )PC SyncVoice memoOrganizerStop WatchWorld Time",Yes,"SMS, MMS, Email",Yes,,GSM / UMTS,Amoi,90 x 45 x 25 mm (3.54 x 1.77 x 0.98 in),106 g (3.74 oz),https://fdn2.gsmarena.com/vv/bigpic/amoi-h812.gif,No,,Yes,,,,"20 dialed, 20 received, 20 missed calls",1.3 MP,"2006, Q2",No,No,,Discontinued,"TFT, 256K colors",36MB,WAP 2.0,Removable Li-Ion 720 mAh battery,No,No,Silver black,"Yes, 384 kbps","Yes, Photo/Video call",180 deg rotating lens,Up to 8 h,No,UMTS 2100,"Vibration; Downloadable polyphonic, MP3 ringtones",176 x 220 pixels (~141 ppi density),GSM 900 / 1800,No
"Second external CSTN display, 65K colors, 96 x 96 pixels, 1.1 inches",Up to 200 h,No,Amoi H810,Proprietary,,,,Mini-SIM,"2.0 inches, 12.6 cm2(~31.1% screen-to-body ratio)","Media player (H324M,MP3,H.263,MP4,AAC )PC SyncVoice memoOrganizerStop WatchWorld Time",QCIF,"SMS, MMS, Email",Yes,,GSM / UMTS,Amoi,90 x 45 x 25 mm (3.54 x 1.77 x 0.98 in),106g (3.74 oz),https://fdn2.gsmarena.com/vv/bigpic/amoi-h810.gif,No,,Yes,,,,"20 dialed, 20 received, 20 missed calls",1.3 MP,"2006, Q2",No,No,,Discontinued,"TFT, 256K colors",36MB,WAP 2.0,Removable Li-Ion 720 mAh battery,No,No,Silver black,"Yes, 384 kbps","Yes, Photo/Video call",180 deg rotating lens,Up to 8 h,No,UMTS 2100,"Vibration; Downloadable polyphonic, MP3 ringtones",176 x 220 pixels (~141 ppi density),GSM 900 / 1800,No
"Second external CSTN display, 65K colors, 96 x 96 pixels, 1.1 inches",Up to 200 h,microSD (dedicated slot),Amoi H802,Proprietary,,,,Mini-SIM,"2.0 inches, 12.6 cm2(~26.9% screen-to-body ratio)","Media player (H324M,MP3,H.263,MP4,AAC )PC SyncVoice memoOrganizerStop WatchWorld Time",QCIF,"SMS, MMS, Email",Yes,,GSM / UMTS,Amoi,93.5 x 50 x 26.3 mm (3.68 x 1.97 x 1.04 in),130g (4.59 oz),https://fdn2.gsmarena.com/vv/bigpic/amoi-h802.gif,No,,"Yes, MIDP 2.0",,,,"20 dialed, 20 received, 20 missed calls",1.3 MP,"2006, Q2",No,No,,Discontinued,"TFT, 256K colors",7MB,WAP 2.0,Removable Li-Ion 720 mAh battery,Optional,No,Silver black,"Yes, 384 kbps","Yes, Photo/Video call",180 deg rotating lens,Up to 10 h,No,UMTS 2100,"Vibration; Downloadable polyphonic, MP3 ringtones",176 x 220 pixels (~141 ppi density),GSM 900 / 1800 / 1900,No
"Second external OLED display, 96 x 64 pixels, 1.0 inches",Up to 200 h,microSD (dedicated slot),Amoi H801,Proprietary,,,,Mini-SIM,"2.0 inches, 12.6 cm2(~27.1% screen-to-body ratio)","Media player (H324M,MP3,H.263,MP4,AAC )PC SyncVoice memoOrganizerStop WatchWorld Time",QCIF,"SMS, MMS, Email",Yes,,GSM / UMTS,Amoi,93 x 50 x 26 mm (3.66 x 1.97 x 1.02 in),129g (4.55 oz),https://fdn2.gsmarena.com/vv/bigpic/amoi-h801.gif,No,,"Yes, MIDP 2.0",,,,"20 dialed, 20 received, 20 missed calls",1.3 MP,"2006, Q2",No,No,,Discontinued,"TFT, 256K colors",7MB,WAP 2.0,Removable Li-Ion 720 mAh battery,Optional,No,Silver,"Yes, 384 kbps","Yes, Photo/Video call",180 deg rotating lens,Up to 10 h,No,UMTS 2100,"Vibration; Downloadable polyphonic, MP3 ringtones",176 x 220 pixels (~141 ppi density),GSM 900 / 1800 / 1900,No
"Second external OLED display, 96 x 64 pixels, 1.0 inches",Up to 200 h,microSD (dedicated slot),Amoi H8,Proprietary,,,,Mini-SIM,"2.0 inches, 12.6 cm2(~26.8% screen-to-body ratio)","Media player (H324M,MP3,H.263,MP4,AAC )PC SyncVoice memoOrganizerStop WatchWorld Time",QCIF,"SMS, MMS, Email",Yes,,GSM / UMTS,Amoi,94 x 50 x 28 mm (3.70 x 1.97 x 1.10 in),128 g (4.52 oz),https://fdn2.gsmarena.com/vv/bigpic/amoi-h8.gif,No,,Yes,,,,"20 dialed, 20 received, 20 missed calls",1.3 MP,"2006, Q2",No,No,,Discontinued,"TFT, 256K colors",7MB,WAP 2.0,Removable Li-Ion 720 mAh battery,Optional,No,Black-silver,"Yes, 384 kbps","Yes, Photo/Video call",180 deg rotating lens,Up to 10 h,No,UMTS 2100,"Vibration; Downloadable polyphonic, MP3 ringtones",176 x 220 pixels (~141 ppi density),GSM 900 / 1800 / 1900,No
"Second external OLED display, 96 x 64 pixels, 1.0 inches",Up to 200 h,microSD (dedicated slot),Amoi H80,Proprietary,,,,Mini-SIM,"2.0 inches, 12.6 cm2(~26.8% screen-to-body ratio)","Media player (H324M,MP3,H.263,MP4,AAC )PC SyncVoice memoOrganizerStop WatchWorld Time",QCIF,"SMS, MMS, Email",Yes,,GSM / UMTS,Amoi,94 x 50 x 28 mm (3.70 x 1.97 x 1.10 in),128g (4.52 oz),https://fdn2.gsmarena.com/vv/bigpic/amoi-h80.gif,No,,Yes,,,,"20 dialed, 20 received, 20 missed calls",1.3 MP,"2006, Q2",No,No,,Discontinued,"TFT, 256K colors",7MB,WAP 2.0,Removable Li-Ion 720 mAh battery,Optional,No,Black,"Yes, 384 kbps","Yes, Photo/Video call",180 deg rotating lens,Up to 10 h,No,UMTS 2100,"Vibration; Downloadable polyphonic, MP3 ringtones",176 x 220 pixels (~141 ppi density),GSM 900 / 1800 / 1900,No
No,,No,Amoi A675,miniUSB,,No,,Mini-SIM,"2.0 inches, 12.4 cm2(~28.7% screen-to-body ratio)",,Yes,"SMS, MMS, Email",Yes,,GSM,Amoi,93.2 x 46.3 x 23.3 mm (3.67 x 1.82 x 0.92 in),101.4 g (3.56 oz),https://fdn2.gsmarena.com/vv/bigpic/amoi-a675.gif,No,Class 10,Yes,,,,"20 dialed, 20 received, 20 missed calls",2 MP,"2006, Q2",No,No,,Discontinued,"TFT, 65K colors",128MB,WAP 2.0,Removable Li-Ion 720 mAh battery,Yes,No,Black,,500 entries,,,MP3/ MP4 PlayerPC SyncTV-outVoice memoOrganizerStop WatchWorld Time,,"Vibration; Downloadable polyphonic, MP3 ringtones","320 x 240 pixels, 4:3 ratio (~200 ppi density)",GSM 900 / 1800 / 1900,No
No,Up to 150 h,No,Amoi M636,miniUSB,,No,,Mini-SIM,"2.0 inches, 12.6 cm2(~25.0% screen-to-body ratio)",,Yes,"SMS, MMS",Yes,,GSM,Amoi,107 x 47 x 18 mm (4.21 x 1.85 x 0.71 in),97 g (3.42 oz),https://fdn2.gsmarena.com/vv/bigpic/amoi-m636.gif,No,Class 10,No,,,,"20 dialed, 20 received, 20 missed calls",2 MP,"2006, Q2",FM radio,"Yes, with stereo speakers",,Discontinued,"TFT, 256K colors",128MB,WAP 2.0,Removable Li-Ion 720 mAh battery,No,No,"Silver, Black",,500 entries,LED flash,Up to 5 h,MP3/ MP4 PlayerPC SyncVoice memoOrganizerStop WatchWorld Time,,"Vibration; Downloadable polyphonic, MP3, MIDI ringtones",176 x 220 pixels (~141 ppi density),GSM 900 / 1800 / 1900,No
"Second external CSTN display, 65K colors, 96 x 64 pixels, 1.0 inches",Up to 180 h,microSD (dedicated slot),Amoi A865,miniUSB,,No,,Mini-SIM,"2.0 inches, 12.6 cm2(~30.4% screen-to-body ratio)",Optical Character RecognitionMP3/ MP4 PlayerPC SyncVoice memoPhoto editorOrganizerStop WatchWorld Time,Yes,"SMS, MMS",Yes,,GSM,Amoi,90.3 x 45.9 x 22.8 mm (3.56 x 1.81 x 0.90 in),125 g (4.41 oz),https://fdn2.gsmarena.com/vv/bigpic/amoi-a865.gif,No,Class 10,"Yes, MIDP 2.0",,,,"20 dialed, 20 received, 20 missed calls",2 MP,"2006, Q2",FM radio,No,,Discontinued,"TFT, 256K colors",10MB,WAP 2.0,Removable Li-Ion 720 mAh battery,No,No,Silver,,500 entries,rotating lens,Up to 5 h,No,,"Vibration; Downloadable polyphonic, MP3, MIDI ringtones",176 x 220 pixels (~141 ppi density),GSM 900 / 1800 / 1900,No
Flashlight,Up to 220 h,No,Amoi A869,miniUSB,MP3/ MP4 PlayerPC SyncTV-outVoice memoPhoto editorOrganizerStop WatchWorld Time,No,,Mini-SIM,"2.0 inches, 12.4 cm2(~29.0% screen-to-body ratio)",No,Yes,"SMS, MMS",Yes,,GSM,Amoi,93 x 46 x 23.8 mm (3.66 x 1.81 x 0.94 in),92.5 g (3.25 oz),https://fdn2.gsmarena.com/vv/bigpic/amoi-a869.gif,No,Class 10,Yes,,,,"20 dialed, 20 received, 20 missed calls",2 MP,"2006, Q2",No,No,,Discontinued,"TFT, 256K colors",128MB,WAP 2.0,Removable Li-Ion 720 mAh battery,Yes,No,Silver,,1000 entries,LED flash,Up to 6 h,"Second external OLED display, 96 x 64 pixels, 1.0 inches",,"Vibration; Downloadable polyphonic, MP3, MIDI ringtones","240 x 320pixels, 4:3 ratio (~200 ppi density)",GSM 900 / 1800 / 1900,No
No,Up to 150 h,No,Amoi 6201,miniUSB 1.1,,No,,Mini-SIM,"2.0 inches, 12.6 cm2(~26.4% screen-to-body ratio)",,Yes,"SMS, MMS",Yes,,GSM,Amoi,106 x 45 x 11.9 mm (4.17 x 1.77 x 0.47 in),80 g (2.82 oz),https://fdn2.gsmarena.com/vv/bigpic/amoi-6201.gif,No,Class 8,No,,,,"20 dialed, 20 received, 20 missed calls",1.3 MP,"2006, Q2",No,Yes,,Discontinued,"TFT, 65K colors",128MB,WAP 2.0,Removable Li-Ion 720 mAh battery,Yes,No,Silver,,500 entries,,Up to 4 h 30 min,MP3/ MP4 PlayerPC SyncVoice memoPhoto editorOrganizerStop WatchWorld Time,,"Vibration; Downloadable polyphonic, MP3 ringtones",176 x 220pixels (~141 ppi density),GSM 900 / 1800 / 1900,No
"- Second external CSTN display, 4K colors, 96 x 64 pixels",Up to 100 h,No,Amoi M360,miniUSB 1.1,,No,,Mini-SIM,"1.8 inches, 10.2 cm2(~24.7% screen-to-body ratio)",MP3 PlayerPC SyncVoice memoOrganizerStop WatchWorld Time,No,"SMS, MMS",Yes,,GSM,Amoi,91.7 x 45 x 24 mm (3.61 x 1.77 x 0.94 in),88.6 g (3.10 oz),https://fdn2.gsmarena.com/vv/bigpic/amoi-m360.gif,No,Class 10,No,,,,"20 dialed, 20 received, 20 missed calls",VGA,"2006, Q2",FM radio,"Yes, with stereo speakers",,Discontinued,"TFT, 65K colors",128MB,WAP 2.0,Removable Li-Ion 720 mAh battery,No,No,Silver,,500 entries,,Up to 5 h,No,,"Vibration; Downloadable polyphonic, MP3, MIDI ringtones",128 x 160 pixels (~114 ppi density),GSM 900 / 1800 / 1900,No
"- Second external OlED display, 96 x 64 pixels, 1.0 inches",Up to 120 h,microSD (dedicated slot),Amoi M650,miniUSB 1.1,,No,,Mini-SIM,"1.8 inches, 10.2 cm2(~23.8% screen-to-body ratio)",MP3/ MP4 PlayerPC SyncVoice memoOrganizerStop WatchWorld Time,No,"SMS, MMS",Yes,,GSM,Amoi,91 x 47 x 21 mm (3.58 x 1.85 x 0.83 in),94 g (3.32 oz),https://fdn2.gsmarena.com/vv/bigpic/amoi-m650.gif,No,Class 10,"Yes, MIDP 2.0",,,,"20 dialed, 20 received, 20 missed calls",1.3 MP,"2006, Q2",No,"Yes, with stereo speakers",,Discontinued,"TFT, 256K colors",12MB,WAP 2.0,Removable Li-Ion 720 mAh battery,No,No,Black silver,,500 entries,,Up to 5 h,No,,"Vibration; Downloadable polyphonic, MP3, MIDI ringtones",176 x 220 pixels (~157 ppi density),GSM 900 / 1800 / 1900,No
No,Up to 150 h,No,Amoi M630,miniUSB 1.1,,No,,Mini-SIM,"2.0 inches, 12.6 cm2(~26.1% screen-to-body ratio)",,No,"SMS, MMS",Yes,,GSM,Amoi,105 x 46 x 18 mm (4.13 x 1.81 x 0.71 in),97 g (3.42 oz),https://fdn2.gsmarena.com/vv/bigpic/amoi-m630.gif,No,Class 10,No,,,,"20 dialed, 20 received, 20 missed calls",1.3 MP,"2006, Q2",No,"Yes, with stereo speakers",,Discontinued,"TFT, 256K colors",128MB,WAP 2.0,Removable Li-Ion 720 mAh battery,No,No,Black,,500 entries,LED flash,Up to 5 h,MP3 PlayerPC SyncVoice memoOrganizerStop WatchWorld Time,,"Vibration; Downloadable polyphonic, MP3, MIDI ringtones",176 x 220 pixels (~141 ppi density),GSM 900 / 1800 / 1900,No
"- Second external TFT display, 262K colors, 96 x 64 pixels, 1.0 inches",Up to 100 h,No,Amoi F620,miniUSB 1.1,,No,,Mini-SIM,"1.5 inches, 7.3 cm2(~18.1% screen-to-body ratio)",MP3 PlayerPC SyncVoice memoOrganizerStop WatchWorld Time,No,"SMS, MMS",Yes,,GSM,Amoi,87 x 46 x 23 mm (3.43 x 1.81 x 0.91 in),80 g (2.82 oz),https://fdn2.gsmarena.com/vv/bigpic/amoi-f620.gif,No,Class 10,No,,,,"20 dialed, 20 received, 20 missed calls",VGA,"2006, Q2",No,No,,Discontinued,"TFT, 256K colors",128MB,WAP 2.0,Removable Li-Ion 720 mAh battery,No,No,"Silver pink, Silver blue",,500 entries,,Up to 3 h,No,,"Vibration; Downloadable polyphonic, MP3, MIDI ringtones","128 x 128 pixels, 1:1 ratio (~121 ppi density)",GSM 900 / 1800 / 1900,No
No,Up to 150 h,No,Amoi A320,No,,No,,Mini-SIM,"1.8 inches, 10.2 cm2(~22.5% screen-to-body ratio)",,No,"SMS, MMS",Yes,,GSM,Amoi,104 x 43.6 x 17 mm (4.09 x 1.72 x 0.67 in),80 g (2.82 oz),https://fdn2.gsmarena.com/vv/bigpic/amoi-a320.gif,No,Class 10,No,,,,"20 dialed, 20 received, 20 missed calls",VGA,"2006, Q2",No,No,,Discontinued,"CSTN, 65K colors",2MB,WAP 2.0,Removable Li-Ion 720 mAh battery,No,No,Silver,,300 entries,,Up to 3 h,PC SyncVoice memoOrganizerWorld Time,,"Vibration; Downloadable polyphonic, MP3, MIDI ringtones",128 x 160 pixels (~114 ppi density),GSM 850 / 900 / 1800 / 1900,No
No,Up to 100 h,No,Amoi F320,No,,No,,Mini-SIM,"1.5 inches, 7.3 cm2(~15.7% screen-to-body ratio)",,No,"SMS, MMS",Yes,,GSM,Amoi,100.4 x 46.1 x 17.8 mm (3.95 x 1.81 x 0.70 in),76 g (2.68 oz),https://fdn2.gsmarena.com/vv/bigpic/amoi-f320.gif,No,Class 10,No,,,,"20 dialed, 20 received, 20 missed calls",VGA,"2006, Q2",FM radio,No,,Discontinued,"CSTN, 65K colors",3MB,WAP 2.0,Removable Li-Ion 720 mAh battery,No,No,Silver,,500 entries,,Up to 3 h,PC SyncVoice memoOrganizerStop WatchWorld Time,,"Vibration; Downloadable polyphonic, MP3, MIDI ringtones","128 x 128 pixels, 1:1 ratio (~121 ppi density)",GSM 900 / 1800,No
No,Up to 100 h,No,Amoi A310,No,,No,,Mini-SIM,"1.5 inches, 7.3 cm2(~18.9% screen-to-body ratio)",,,"SMS, MMS",Yes,,GSM,Amoi,91.9 x 41.8 x 14.9 mm (3.62 x 1.65 x 0.59 in),62 g (2.19 oz),https://fdn2.gsmarena.com/vv/bigpic/amoi-a310.gif,No,Class 10,No,,,,"20 dialed, 20 received, 20 missed calls",,"2006, Q2",FM radio (Optional),No,,Discontinued,"CSTN, 65K colors",5MB,WAP 2.0,Removable Li-Ion 720 mAh battery,No,No,Silver black,,300 entries,,Up to 4 h,Amoi Smart DialPC SyncVoice memoOrganizerStop WatchWorld Time,,"Vibration; Downloadable polyphonic, MP3 ringtones","128 x 128 pixels, 1:1 ratio (~121 ppi density)",GSM 900 / 1800,No
"Second external FSTN display, 96 x 64 pixels, 1.0 inches",Up to 100 h,No,Amoi A211,No,,No,,Mini-SIM,"1.8 inches, 10.2 cm2(~28.9% screen-to-body ratio)",Amoi Smart DialPC SyncVoice memoOrganizer,,"SMS, MMS",Yes,,GSM,Amoi,82 x 43 x 21.5 mm (3.23 x 1.69 x 0.85 in),84 g (2.96 oz),https://fdn2.gsmarena.com/vv/bigpic/amoi-a211.gif,No,Class 10,No,,,,"20 dialed, 20 received, 20 missed calls",,"2006, Q2",FM radio (Optional),No,,Discontinued,"CSTN, 65K colors",650 KB,WAP 2.0,Removable Li-Ion 720 mAh battery,No,No,Black-silver,,300 entries,,Up to 5 h,No,,"Vibration; Downloadable polyphonic, MP3 ringtones",128 x 160pixels (~114 ppi density),GSM 850 / 900 / 1800 / 1900,No
Second external 1-inch FSTN display (96 x 64 pixels),Up to 100 h,No,Amoi A210,No,,No,,Mini-SIM,"1.8 inches, 10.2 cm2(~29.6% screen-to-body ratio)",Voice memoOrganizer,,SMS,Yes,,GSM,Amoi,80 x 43 x 20.6 mm (3.15 x 1.69 x 0.81 in),84 g (2.96 oz),https://fdn2.gsmarena.com/vv/bigpic/amoi-a210.gif,No,No,No,,,,"20 dialed, 20 received, 20 missed calls",,"2006, Q2",No,No,,Discontinued,"CSTN, 65K colors",,No,Removable Li-Ion 720 mAh battery,No,No,"Silver, Grey",,300 entries,,Up to 5 h,No,,Vibration; Downloadable polyphonic ringtones,128 x 160pixels (~114 ppi density),GSM 850 / 900 / 1800 / 1900,No
"Second external CSTN (96 x 64 pixels), 4096 colorsDownloadable games, screensavers, wallpapers",Up to 100 h,No,Amoi 2561,Proprietary,,No,,Mini-SIM,,MP3 PlayerPredictive text inputOrganizer,No,"SMS, EMS, MMS, Email",10 + Java downloadable,,GSM,Amoi,85 x 43 x 21 mm (3.35 x 1.69 x 0.83 in),80 g (2.82 oz),https://fdn2.gsmarena.com/vv/bigpic/am2561.gif,No,Class 10,Yes,,,,"10 dialed, 10 received, 10 missed calls",VGA,"2004, Q1",FM radio,No,,Discontinued,"TFT, 256K colors",,WAP,Removable Li-Ion 860 mAh battery,No,No,,,500,LED flash,Up to 3 h,No,,Vibration; Downloadable polyphonic ringtones,"132 x 176 pixels, 4:3 ratio",GSM 900 / 1800 / 1900,No
"Downloadable screensavers, wallpapers",Up to 100 h,No,Amoi CS6,,,No,,Mini-SIM,,Predictive text inputOrganizerPC Sync,,"SMS, EMS, MMS",6 + Java downloadable,,GSM,Amoi,91.5 x 44 x 21 mm (3.60 x 1.73 x 0.83 in),80 g (2.82 oz),https://fdn2.gsmarena.com/vv/bigpic/amcs6.gif,No,Yes,Yes,,,,"10 dialed, 10 received, 10 missed calls",,"2004, Q1",No,No,,Discontinued,"CSTN, 65K colors",,WAP,Removable Li-Ion 860 mAh battery,No,No,,,500,,Up to 3 h,No,,Vibration; Downloadable polyphonic ringtones,"128 x 128 pixels, 1:1 ratio",GSM 900 / 1800 / 1900,No
"Swivel and rotate 180 degDownloadable screensavers, wallpapers",Up to 100 h,No,Amoi 2560,,,No,,Mini-SIM,,Predictive text inputOrganizerVoice memo,No,"SMS, EMS, MMS, Email",10 + downloadable,,GSM,Amoi,88 x 44 x 21 mm (3.46 x 1.73 x 0.83 in),80 g (2.82 oz),https://fdn2.gsmarena.com/vv/bigpic/am2560.gif,No,Yes,No,,,,"10 dialed, 10 received, 10 missed calls",VGA,2003,No,No,,Discontinued,"TFT, 65K colors",,WAP,Removable Li-Ion 860 mAh battery,No,No,,,500,LED flash,Up to 3 h,No,,Vibration; Polyphonic(40) ringtones,128 x 160 pixels,GSM 900 / 1800 / 1900,No
Second external mono OLED display (80 x 48 pixels),Up to 90 h,No,Amoi A90,,Predictive text inputOrganizer,No,,Mini-SIM,,"Polyphonic ringtonesDownloadable games, ringtones, screensavers, wallpapers",,"SMS, MMS, Email",5 + downloadable,,GSM,Amoi,86 x 44 x 21 mm (3.39 x 1.73 x 0.83 in),83 g (2.93 oz),https://fdn2.gsmarena.com/vv/bigpic/ama90.gif,No,Class 10,No,,,,"10 dialed, 10 received, 10 missed calls",,2004,No,No,,Discontinued,"Color graphics, 4K colors",,WAP 1.2.1,Removable Li-Ion 550 mAh battery,No,No,,,500 x 8 fields,,Up to 3 h,No,,Vibration; Downloadable polyphonic ringtones,128 x 160 pixels,GSM 900 / 1800 / 1900,No
Second external mono (32 x 63 pixels),Up to 100 h,No,Amoi F99b,,Predictive text inputOrganizer,No,,Mini-SIM,,"Polyphonic ringtonesDownloadable ringtones, screensavers, wallpapers",,"SMS, EMS, MMS, Email",5,,GSM,Amoi,86 x 49 x 24 mm (3.39 x 1.93 x 0.94 in),80 g (2.82 oz),https://fdn2.gsmarena.com/vv/bigpic/amf99b.gif,No,Yes,No,,,,"10 dialed, 10 received, 10 missed calls",,2003,No,No,,Discontinued,"CSTN, 65K colors",,WAP,Removable Li-Ion 860 mAh battery,No,No,,,500,,Up to 3 h,No,,Vibration; Polyphonic(40) ringtones,"128 x 128 pixels, 1:1 ratio",GSM 900 / 1800 / 1900,No
"Second external OLED (80 x 48 pixels)Screensavers, wallpapers",Up to 100 h,No,Amoi A9B,,,No,,Mini-SIM,,Predictive text inputOrganizer,,"SMS, EMS, MMS",5 + downloadable,,GSM,Amoi,86 x 44 x 21 mm (3.39 x 1.73 x 0.83 in),80 g (2.82 oz),https://fdn2.gsmarena.com/vv/bigpic/ama9b.gif,No,Yes,No,,,,"10 dialed, 10 received, 10 missed calls",,2003,No,No,,Discontinued,"CSTN, 65K colors",,WAP,Removable Li-Ion 860 mAh battery,No,No,,,Yes,,Up to 3 h,No,,Vibration; Polyphonic(40) ringtones,"128 x 128 pixels, 1:1 ratio",GSM 900 / 1800 / 1900,No
Second external OLED (96 x 64 pixels),Up to 100 h,No,Amoi CA8,,Predictive text inputOrganizer,No,,Mini-SIM,,"Polyphonic ringtonesDownloadable games, ringtones, screensavers, wallpapers",,"SMS, MMS",5 + Java downloadable,,GSM,Amoi,85.8 x 49 x 24.6 mm (3.38 x 1.93 x 0.97 in),80 g (2.82 oz),https://fdn2.gsmarena.com/vv/bigpic/amca8.gif,No,Yes,Yes,,,,"10 dialed, 10 received, 10 missed calls",,2003,No,No,,Discontinued,"CSTN, 65K colors",,WAP,Removable Li-Ion 860 mAh battery,No,No,,,500,,Up to 3 h,No,,Vibration; Polyphonic(40) ringtones,128 x 160 pixels,GSM 900 / 1800 / 1900,No
Second external OLED (96 x 64 pixels),Up to 100 h,No,Amoi CA6,,Predictive text inputOrganizer,No,,Mini-SIM,,"Polyphonic ringtonesDownloadable games, ringtones, screensavers, wallpapers",,"SMS, MMS",5 + downloadable,,GSM,Amoi,85.8 x 49 x 24.6 mm (3.38 x 1.93 x 0.97 in),80 g (2.82 oz),https://fdn2.gsmarena.com/vv/bigpic/amca6.gif,No,Yes,No,,,,"10 dialed, 10 received, 10 missed calls",,2003,No,No,,Discontinued,"CSTN, 65K colors",,WAP,Removable Li-Ion 860 mAh battery,No,No,,,500,,Up to 3 h,No,,Vibration; Polyphonic(40) ringtones,128 x 160 pixels,GSM 900 / 1800 / 1900,No
Second external OLED (80 x 48 pixels),Up to 100 h,No,Amoi A90B,,Predictive text inputOrganizer,No,,Mini-SIM,,"Polyphonic ringtonesDownloadable games, ringtones, screensavers, wallpapers",,SMS,5 + downloadable,,GSM,Amoi,86 x 44 x 20 mm (3.39 x 1.73 x 0.79 in),80 g (2.82 oz),https://fdn2.gsmarena.com/vv/bigpic/ama90b.gif,No,Yes,No,,,,"10 dialed, 10 received, 10 missed calls",,2003,No,No,,Discontinued,"CSTN, 65K colors",,WAP,Removable Li-Ion 860 mAh battery,No,No,,,500,,Up to 3 h,No,,Vibration; Polyphonic(40) ringtones,"128 x 128 pixels, 1:1 ratio",GSM 900 / 1800 / 1900,No
Blue backlight,Up to 100 h,No,Amoi S6,,Predictive text inputOrganizerPC SyncE-book (downloadable),No,,Mini-SIM,,"Polyphonic ringtonesDownloadable games, ringtones, screensavers, wallpapers",,"SMS, Email",6,,GSM,Amoi,91.5 x 44 x 21 mm (3.60 x 1.73 x 0.83 in),80 g (2.82 oz),https://fdn2.gsmarena.com/vv/bigpic/ams6.gif,No,Class 10,No,,,,"10 dialed, 10 received, 10 missed calls",,2003,No,No,,Discontinued,"OLED, Grayscale (16 shades)",,WAP 1.2.1,Removable Li-Ion 860 mAh battery,No,No,,,200 x 8 fields,,Up to 3 h,No,,Vibration; Polyphonic(40) ringtones,"128 x 128 pixels, 1:1 ratio",GSM 900 / 1800 / 1900,No
