,Resolution,Price,Type_1,Talk time,Video,GPU,Card slot,Chipset,Charging,Technology,Announced,Type,OS,Features_1,Single_1,Music play,Brand,Protection,Radio,CPU,Video_1,EDGE,Weight,Build,SIM,Internal,Single,Size,3.5mm jack,_1,Status,Model Image,USB,Sensors,GPRS,Model Name,3G bands,Speed,Loudspeaker,Bluetooth,SAR EU,Dual,Colors,4G bands,WLAN,Positioning,NFC,Models,2G bands,Features,Dimensions
eMMC 5.1,"1080 x 2160 pixels, 18:9 ratio (~427 ppi density)",About 390 EUR,"Li-Ion 3100 mAh, non-removable",,"4K@30fps, 1080p@60/120fps, 1080p@30fps (gyro-EIS), 720p@240fps",Adreno 512,microSDXC (uses shared SIM slot),Qualcomm SDM660 Snapdragon 660 (14 nm),"18W wired, QC4",GSM / HSPA / LTE,"2018, May",IPS LCD,"Android 8.1 (Oreo), Android One",LED flash,,,BQ,Corning Gorilla Glass (unspecified version),FM radio,Octa-core (4x2.2 GHz Kryo 260 Gold & 4x1.8 GHz Kryo 260 Silver),1080p@30fps,,168 g (5.93 oz),"Glass front (Gorilla Glass), glass back, aluminum frame",Nano-SIM + Nano-SIM,"64GB 4GB RAM, 128GB 6GB RAM","8 MP, f/2.0, 1/4.0"", 1.12µm","5.65 inches, 82.4 cm2(~75.6% screen-to-body ratio)",Yes,24-bit/192kHz Hi-Res audio,"Available. Released 2018, June",https://fdn2.gsmarena.com/vv/bigpic/bq-aquaris-x2-pro.jpg,"USB Type-C 2.0, OTG","Fingerprint (rear-mounted), accelerometer, gyro, proximity, compass",,BQ Aquaris X2 Pro,HSDPA 850 / 900 / 1700(AWS) / 1900 / 2100,"HSPA 42.2/5.76 Mbps, LTE (2CA) Cat6 300/50 Mbps",Yes,"5.0, A2DP, LE, aptX",,"12 MP, f/1.8, 1/2.8"", 1.29µm, dual pixel PDAF5 MP, f/2.4, (depth)","Midnight Black, Glaze White, Deep Silver","1, 3, 7, 20","Wi-Fi 802.11 b/g/n/ac, dual-band, Wi-Fi Direct","GPS, GLONASS, GALILEO",Yes,,GSM 850 / 900 / 1800 / 1900,"Dual-LED dual-tone flash, auto-HDR, panorama",150.7 x 72.3 x 8.4 mm (5.93 x 2.85 x 0.33 in)
eMMC 5.1,"1080 x 2160 pixels, 18:9 ratio (~427 ppi density)",About 310 EUR,"Li-Ion 3100 mAh, non-removable",,"4K@30fps, 1080p@60/120fps, 1080p@30fps (gyro-EIS), 720p@240fps",Adreno 509,microSDXC (uses shared SIM slot),Qualcomm SDM636 Snapdragon 636 (14 nm),"18W wired, QC4",GSM / HSPA / LTE,"2018, May",IPS LCD,"Android 8.1 (Oreo), Android One",LED flash,,,BQ,Corning Gorilla Glass (unspecified version),FM radio,Octa-core (4x1.8 GHz Kryo 260 Gold & 4x1.6 GHz Kryo 260 Silver),1080p@30fps,,163 g (5.75 oz),"Glass front (Gorilla Glass), plastic back, aluminum frame",Nano-SIM + Nano-SIM,"32GB 3GB RAM, 64GB 4GB RAM","8 MP, f/2.0, 1/4.0"", 1.12µm","5.65 inches, 82.4 cm2(~75.6% screen-to-body ratio)",Yes,24-bit/192kHz Hi-Res audio,"Available. Released 2018, June",https://fdn2.gsmarena.com/vv/bigpic/bq-aquaris-x2.jpg,"USB Type-C 2.0, OTG","Fingerprint (rear-mounted), accelerometer, gyro, proximity, compass",,BQ Aquaris X2,HSDPA 850 / 900 / 1700(AWS) / 1900 / 2100,"HSPA 42.2/5.76 Mbps, LTE (2CA) Cat6 300/50 Mbps",Yes,"5.0, A2DP, LE, aptX",,"12 MP, f/1.8, 1/2.8"", 1.29µm, dual pixel PDAF5 MP, f/2.4, (depth)","Carbon Black, Sand Gold","1, 3, 7, 20","Wi-Fi 802.11 b/g/n/ac, dual-band, Wi-Fi Direct","GPS, GLONASS, GALILEO",Yes,,GSM 850 / 900 / 1800 / 1900,"Dual-LED dual-tone flash, auto-HDR, panorama",150.7 x 72.3 x 8.3 mm (5.93 x 2.85 x 0.33 in)
eMMC 5.1,"1080 x 1920 pixels, 16:9 ratio (~401 ppi density)",About 230 EUR,"Li-Po 3400 mAh, non-removable",,"1080p@30fps, 480p@120fps",Adreno 505,microSDXC (uses shared SIM slot),Qualcomm MSM8937 Snapdragon 430 (28 nm),"18W wired, QC3",GSM / HSPA / LTE,"2018, February",IPS LCD,"Android 7.1.2 (Nougat), upgradable to Android 8.0 (Oreo)",LED flash,"8 MP, f/2.0, 1/4.0"", 1.12µm",,BQ,Dinorex glass,FM radio,Octa-core 1.4 GHz Cortex-A53,1080p@30fps,,183 g (6.46 oz),,Nano-SIM + Nano-SIM,64GB 4GB RAM,"12 MP, f/2.0, 1/2.9"", 1.25µm, PDAF","5.5 inches, 83.4 cm2(~71.4% screen-to-body ratio)",Yes,,"Available. Released 2018, March",https://fdn2.gsmarena.com/vv/bigpic/bq-aquaris-vs-plus.jpg,"microUSB 2.0, OTG","Fingerprint (rear-mounted), accelerometer, gyro, proximity, compass",,BQ Aquaris VS Plus,HSDPA 850 / 900 / 1900 / 2100,"HSPA, LTE",Yes,"4.2, A2DP, LE, aptX",,,Mist Gold,"1, 3, 7, 20","Wi-Fi 802.11 b/g/n/ac, dual-band, Wi-Fi Direct","GPS, GLONASS",Yes,,GSM 850 / 900 / 1800 / 1900,"LED flash, HDR, panorama",152.3 x 76.7 x 8.4 mm (6.00 x 3.02 x 0.33 in)
eMMC 5.1,"720 x 1280 pixels, 16:9 ratio (~282 ppi density)",About 190 EUR,"Li-Po 3100 mAh, non-removable",,"1080p@30fps, 480p@120fps",Adreno 505,microSDXC (uses shared SIM slot),Qualcomm MSM8937 Snapdragon 430 (28 nm),"18W wired, QC3",GSM / HSPA / LTE,"2018, February",IPS LCD,"Android 7.1.2 (Nougat), upgradable to Android 8.0 (Oreo)",LED flash,"8 MP, f/2.0, 1/4.0"", 1.12µm",,BQ,Dinorex glass,FM radio,Octa-core 1.4 GHz Cortex-A53,1080p@30fps,,165 g (5.82 oz),,Nano-SIM + Nano-SIM,"32GB 3GB RAM, 64GB 4GB RAM","12 MP, f/2.0, 1/2.9"", 1.25µm, PDAF","5.2 inches, 74.5 cm2(~68.9% screen-to-body ratio)",Yes,,"Available. Released 2018, March",https://fdn2.gsmarena.com/vv/bigpic/bq-aquaris-vs.jpg,"microUSB 2.0, OTG","Fingerprint (rear-mounted), accelerometer, gyro, proximity, compass",,BQ Aquaris VS,HSDPA 850 / 900 / 1900 / 2100,"HSPA, LTE",Yes,"4.2, A2DP, LE, aptX",,,Mist Gold,"1, 3, 7, 20","Wi-Fi 802.11 b/g/n/ac, dual-band, Wi-Fi Direct","GPS, GLONASS",Yes,,GSM 850 / 900 / 1800 / 1900,"LED flash, HDR, panorama",148.1 x 73 x 8.4 mm (5.83 x 2.87 x 0.33 in)
eMMC 5.1,"720 x 1280 pixels, 16:9 ratio (~282 ppi density)",About 170 EUR,"Li-Po 3100 mAh, non-removable",,1080p@30fps,Adreno 308,microSDXC (uses shared SIM slot),Qualcomm MSM8917 Snapdragon 425 (28 nm),"18W wired, QC3",GSM / HSPA / LTE,"2017, September",IPS LCD,"Android 7.1.2 (Nougat), upgradable to Android 8.0 (Oreo)",LED flash,"5 MP, f/2.0, 1/5.0"", 1.12µm",,BQ,Dinorex glass,FM radio,Quad-core 1.4 GHz,1080p@30fps,,155 g (5.47 oz),,Nano-SIM + Nano-SIM,16GB 2GB RAM,"8 MP, f/2.0, 1/4.0"", 1.12µm, PDAF","5.2 inches, 74.5 cm2(~69.0% screen-to-body ratio)",Yes,,"Available. Released 2017, October",https://fdn2.gsmarena.com/vv/bigpic/bq-aquaris-u2-lite.jpg,"microUSB 2.0, OTG","Accelerometer, gyro, proximity, compass",,BQ Aquaris U2 Lite,HSDPA 850 / 900 / 1900 / 2100,"HSPA, LTE",Yes,"4.2, A2DP, LE, aptX",,,"Black, White","1, 2, 3, 4, 7, 8, 20, 28","Wi-Fi 802.11 b/g/n/ac, dual-band, Wi-Fi Direct","GPS, GLONASS",No,,GSM 850 / 900 / 1800 / 1900,"LED flash, HDR, panorama",148.1 x 72.9 x 8.4 mm (5.83 x 2.87 x 0.33 in)
eMMC 5.1,"720 x 1280 pixels, 16:9 ratio (~282 ppi density)",About 190 EUR,"Li-Po 3100 mAh, non-removable",,"1080p@30fps, 480p@120fps",Adreno 505,microSDXC (uses shared SIM slot),Qualcomm MSM8940 Snapdragon 435 (28 nm),"18W wired, QC3",GSM / HSPA / LTE,"2017, September",IPS LCD,"Android 7.1.2 (Nougat), upgradable to Android 8.0 (Oreo)",LED flash,"5 MP, f/2.0, 1/5.0"", 1.12µm",,BQ,Dinorex glass,FM radio,Octa-core 1.4 GHz Cortex-A53,1080p@30fps,,155 g (5.47 oz),,Nano-SIM + Nano-SIM,"16GB 2GB RAM, 32GB 3GB RAM","13 MP, f/2.0, 1/3.1"", 1.12µm, PDAF","5.2 inches, 74.5 cm2(~69.0% screen-to-body ratio)",Yes,,"Available. Released 2017, October",https://fdn2.gsmarena.com/vv/bigpic/bq-aquaris-u2.jpg,"microUSB 2.0, OTG","Accelerometer, gyro, proximity, compass",,BQ Aquaris U2,HSDPA 850 / 900 / 1900 / 2100,"HSPA, LTE",Yes,"4.2, A2DP, LE, aptX",,,Black,"1, 2, 3, 4, 7, 8, 20, 28","Wi-Fi 802.11 b/g/n/ac, dual-band, Wi-Fi Direct","GPS, GLONASS, BDS, GALILEO",Yes,Aquaris U2,GSM 850 / 900 / 1800 / 1900,"LED flash, HDR, panorama",148.1 x 72.9 x 8.4 mm (5.83 x 2.87 x 0.33 in)
eMMC 5.1,"1080 x 1920 pixels, 16:9 ratio (~401 ppi density)",About 260 EUR,"Li-Po 3400 mAh, non-removable",,"1080p@30fps, 480p@120fps",Adreno 505,microSDXC (uses shared SIM slot),Qualcomm MSM8940 Snapdragon 435 (28 nm),"18W wired, QC3",GSM / HSPA / LTE,"2017, September",IPS LCD,"Android 7.1.2 (Nougat), upgradable to Android 8.0 (Oreo)",LED flash,"8 MP, f/2.0, 1/4.0"", 1.12µm",,BQ,Dinorex glass,FM radio,Octa-core 1.4 GHz Cortex-A53,1080p@30fps,,183 g (6.46 oz),,Nano-SIM + Nano-SIM,"32GB 3GB RAM, 64GB 4GB RAM","12 MP, f/2.0, 1.12µm, PDAF","5.5 inches, 83.4 cm2(~71.4% screen-to-body ratio)",Yes,,"Available. Released 2017, October",https://fdn2.gsmarena.com/vv/bigpic/bq-aquaris-v.jpg,"microUSB 2.0, OTG","Fingerprint (rear-mounted), accelerometer, gyro, proximity, compass",,BQ Aquaris V Plus,HSDPA 850 / 900 / 1900 / 2100,"HSPA, LTE",Yes,"4.2, A2DP, LE, aptX",,,Black,"1, 2, 3, 4, 7, 8, 20, 28","Wi-Fi 802.11 b/g/n/ac, dual-band, Wi-Fi Direct","GPS, GLONASS, BDS, GALILEO",Yes,,GSM 850 / 900 / 1800 / 1900,"LED flash, HDR, panorama",152.3 x 76.7 x 8.4 mm (6.00 x 3.02 x 0.33 in)
eMMC 5.1,"720 x 1280 pixels, 16:9 ratio (~282 ppi density)",About 210 EUR,"Li-Po 3100 mAh, non-removable",,"1080p@30fps, 480p@120fps",Adreno 505,microSDXC (uses shared SIM slot),Qualcomm MSM8940 Snapdragon 435 (28 nm),"18W wired, QC3",GSM / HSPA / LTE,"2017, September",IPS LCD,"Android 7.1.2 (Nougat), upgradable to Android 8.0 (Oreo)",LED flash,"8 MP, f/2.0, 1/4.0"", 1.12µm",,BQ,Dinorex glass,FM radio,Octa-core 1.4 GHz Cortex-A53,1080p@30fps,,165 g (5.82 oz),,Nano-SIM + Nano-SIM,"16GB 2GB RAM, 32GB 3GB RAM, 64GB 4GB RAM","12 MP, f/2.0, 1.12µm, PDAF","5.2 inches, 74.5 cm2(~68.9% screen-to-body ratio)",Yes,,"Available. Released 2017, October",https://fdn2.gsmarena.com/vv/bigpic/bq-aquaris-v.jpg,"microUSB 2.0, OTG","Fingerprint (rear-mounted), accelerometer, gyro, proximity, compass",,BQ Aquaris V,HSDPA 850 / 900 / 1900 / 2100,"HSPA, LTE",Yes,"4.2, A2DP, LE, aptX",,,Black,"1, 2, 3, 4, 7, 8, 20, 28","Wi-Fi 802.11 b/g/n/ac, dual-band, Wi-Fi Direct","GPS, GLONASS, BDS, GALILEO",Yes,,GSM 850 / 900 / 1800 / 1900,"LED flash, HDR, panorama",148.1 x 73 x 8.4 mm (5.83 x 2.87 x 0.33 in)
eMMC 5.1,"1080 x 1920 pixels, 16:9 ratio (~424 ppi density)",About 370 EUR,"Li-Ion 3100 mAh, non-removable",,"4K@30fps, 720p@120fps",Adreno 506,microSDXC (uses shared SIM slot),Qualcomm MSM8953-Pro Snapdragon 626 (14 nm),"18W wired, QC3",GSM / HSPA / LTE,"2017, April. Released 2017, June",IPS LCD,Android 7.1.1 (Nougat),LED flash,"8 MP, f/2.0",,BQ,Dinorex glass,FM radio,Octa-core 2.2 GHz Cortex-A53,1080p@60fps,,158 g (5.57 oz),,Nano-SIM + Nano-SIM,"64GB 4GB RAM, 128GB 4GB RAM","12 MP, f/1.8, 1/2.55"", 1.4µm, PDAF","5.2 inches, 74.5 cm2(~70.0% screen-to-body ratio)",Yes,24-bit/192kHz audio,Discontinued,https://fdn2.gsmarena.com/vv/bigpic/bq-aquaris-xpro.jpg,"USB Type-C 2.0, OTG","Fingerprint (rear-mounted), accelerometer, gyro, proximity, compass",,BQ Aquaris X Pro,HSDPA 850 / 900 / 1900 / 2100,"HSPA, LTE",Yes,"4.2, A2DP, LE, aptX",,,"Midnight Black, Glaze White","1, 3, 7, 20","Wi-Fi 802.11 a/b/g/n/ac, dual-band, Wi-Fi Direct","GPS, GLONASS, GALILEO",Yes,Aquaris X Pro,GSM 850 / 900 / 1800 / 1900 - SIM 1 & SIM 2,"Dual-LED dual-tone flash, auto-HDR, panorama",146.5 x 72.7 x 7.8 mm (5.77 x 2.86 x 0.31 in)
eMMC 5.1,"1080 x 1920 pixels, 16:9 ratio (~424 ppi density)",About 290 EUR,"Li-Ion 3100 mAh, non-removable",,"4K@30fps, 720p@120fps",Adreno 506,microSDXC (uses shared SIM slot),Qualcomm MSM8953-Pro Snapdragon 626 (14 nm),"18W wired, QC3",GSM / HSPA / LTE,"2017, April. Released 2017, June",IPS LCD,Android 7.1.1 (Nougat),LED flash,"8 MP, f/2.0",,BQ,Dinorex glass,FM radio,Octa-core 2.2 GHz Cortex-A53,1080p@60fps,,153 g (5.40 oz),,Nano-SIM + Nano-SIM,32GB 3GB RAM,"16 MP, f/2.0, 1/2.8"", 1.12µm, PDAF","5.2 inches, 74.5 cm2(~70.0% screen-to-body ratio)",Yes,24-bit/192kHz audio,Discontinued,https://fdn2.gsmarena.com/vv/bigpic/bq-aquaris.jpg,"USB Type-C 2.0, OTG","Fingerprint (rear-mounted), accelerometer, gyro, proximity, compass",,BQ Aquaris X,HSDPA 850 / 900 / 1900 / 2100,"HSPA, LTE",Yes,"4.2, A2DP, LE, aptX",,,"Mineral Black, Pearl Rose","1, 3, 7, 20","Wi-Fi 802.11 a/b/g/n/ac, dual-band, Wi-Fi Direct","GPS, GLONASS, GALILEO",Yes,Aquaris X,GSM 850 / 900 / 1800 / 1900 - SIM 1 & SIM 2,"Dual-LED dual-tone flash, auto-HDR, panorama",146.5 x 72.7 x 7.9 mm (5.77 x 2.86 x 0.31 in)
eMMC 5.1,"720 x 1280 pixels, 16:9 ratio (~294 ppi density)",About 160 EUR,"Li-Po 3080 mAh, non-removable",,1080p@30fps,Adreno 308,microSDXC (uses shared SIM slot),Qualcomm MSM8917 Snapdragon 425 (28 nm),,GSM / HSPA / LTE,"2016, September. Released 2016, October",IPS LCD,"Android 6.0.1 (Marshmallow), upgradable to 7.0 (Nougat)",,"5 MP, f/2.4",,BQ,Dinorex glass,FM radio,Quad-core 1.4 GHz Cortex-A53,1080p@30fps,,140 g (4.94 oz),,Nano-SIM + Nano-SIM,16GB 2GB RAM,"8 MP, f/2.0, AF","5.0 inches, 68.9 cm2(~66.5% screen-to-body ratio)",Yes,,Discontinued,https://fdn2.gsmarena.com/vv/bigpic/bq-aquaris-u.jpg,"microUSB 2.0, OTG","Accelerometer, gyro, proximity, compass",,BQ Aquaris U Lite,HSDPA 850 / 900 / 1900 / 2100,"HSPA, LTE",Yes,"4.2, A2DP, LE",0.47 W/kg (head)     1.16 W/kg (body),,Black,"1, 3, 7, 20",Wi-Fi 802.11 b/g/n,"GPS, GLONASS",No,,GSM 850 / 900 / 1800 / 1900 - SIM 1 & SIM 2,"LED flash, HDR, panorama",145 x 71.5 x 8.3 mm (5.71 x 2.81 x 0.33 in)
eMMC 5.1,"720 x 1280 pixels, 16:9 ratio (~294 ppi density)",About 190 EUR,"Li-Po 3080 mAh, non-removable",,1080p@30fps,Adreno 505,microSDXC (uses shared SIM slot),Qualcomm MSM8937 Snapdragon 430 (28 nm),,GSM / HSPA / LTE,"2016, September. Released 2016, September",IPS LCD,"Android 6.0.1 (Marshmallow), upgradable to 7.0 (Nougat)",,"5 MP, f/2.4",,BQ,Dinorex glass,FM radio,Octa-core 1.4 GHz Cortex-A53,1080p@30fps,,140 g (4.94 oz),,Nano-SIM + Nano-SIM,16GB 2GB RAM,"13 MP, f/2.2, PDAF","5.0 inches, 68.9 cm2(~66.5% screen-to-body ratio)",Yes,,Discontinued,https://fdn2.gsmarena.com/vv/bigpic/bq-aquaris-u.jpg,"microUSB 2.0, OTG","Accelerometer, gyro, proximity, compass",,BQ Aquaris U,HSDPA 850 / 900 / 1900 / 2100,"HSPA, LTE",Yes,"4.2, A2DP, LE",0.47 W/kg (head)     1.16 W/kg (body),,Black,"1, 3, 7, 20",Wi-Fi 802.11 b/g/n,"GPS, GLONASS",Yes,,GSM 850 / 900 / 1800 / 1900 - SIM 1 & SIM 2,"LED flash, HDR, panorama",145 x 71.5 x 8.3 mm (5.71 x 2.81 x 0.33 in)
eMMC 5.1,"720 x 1280 pixels, 16:9 ratio (~294 ppi density)",About 220 EUR,"Li-Po 3050 mAh, non-removable",,1080p@30fps,Adreno 505,microSDXC (uses shared SIM slot),Qualcomm MSM8937 Snapdragon 430 (28 nm),,GSM / HSPA / LTE,"2016, September. Released 2016, September",IPS LCD,"Android 6.0.1 (Marshmallow), upgradable to 7.0 (Nougat)",,"5 MP, f/2.4",,BQ,Dinorex glass,FM radio,Octa-core 1.4 GHz Cortex-A53,1080p@30fps,,139 g (4.90 oz),,Nano-SIM + Nano-SIM,"16GB 2GB RAM, 32GB 3GB RAM","16 MP, f/2.0, PDAF","5.0 inches, 68.9 cm2(~66.7% screen-to-body ratio)",Yes,,Discontinued,https://fdn2.gsmarena.com/vv/bigpic/bq-aquaris-u-plus.jpg,"microUSB 2.0, OTG","Fingerprint (rear-mounted), accelerometer, gyro, proximity, compass",,BQ Aquaris U Plus,HSDPA 900 / 2100,"HSPA, LTE",Yes,"4.2, A2DP, LE",0.60 W/kg (head)     1.45 W/kg (body),,"Black, Gold","1, 3, 7, 20",Wi-Fi 802.11 b/g/n,"GPS, GLONASS",No,,GSM 850 / 900 / 1800 / 1900 - SIM 1 & SIM 2,"LED flash, HDR, panorama",143.2 x 72.2 x 8.7 mm (5.64 x 2.84 x 0.34 in)
eMMC 5.1,"1080 x 1920 pixels, 16:9 ratio (~441 ppi density)",About 300 EUR,"Li-Po 3200 mAh, non-removable",,4K@30fps,Adreno 510,microSDXC,Qualcomm MSM8976 Snapdragon 652 (28 nm),,GSM / HSPA / LTE,"2016, July. Released 2016, July",IPS LCD,"Android 6.0.1 (Marshmallow), upgradable to 7.1.1 (Nougat)",,"8 MP, f/2.0, 1/4.0""",,BQ,Dinorex glass,FM radio,Octa-core (4x1.8 GHz Cortex-A72 & 4x1.4 GHz Cortex-A53),,,145 g (5.11 oz),,Nano-SIM + Nano-SIM,"16GB 2GB RAM, 32GB 3GB RAM","16 MP, f/2.0, 1/2.8"", 1.12µm, PDAF","5.0 inches, 68.9 cm2(~67.9% screen-to-body ratio)",Yes,24-bit/96kHz,Discontinued,https://fdn2.gsmarena.com/vv/bigpic/bq-aquaris-x5-plus.jpg,"microUSB 2.0, OTG","Fingerprint (rear-mounted), accelerometer, gyro, proximity, compass",,BQ Aquaris X5 Plus,HSDPA 900 / 2100,"HSPA, LTE",Yes,"4.1, A2DP, LE",0.25 W/kg (head)     1.48 W/kg (body),,"Black, White/Rose Gold","1, 3, 7, 20","Wi-Fi 802.11 b/g/n/ac, dual-band, Wi-Fi Direct","GPS, GLONASS, GALILEO",Yes,Aquaris X5 Plus,GSM 850 / 900 / 1800 / 1900 - SIM 1 & SIM 2,"Dual-LED dual-tone flash, panorama",145 x 70 x 7.7 mm (5.71 x 2.76 x 0.30 in)
eMMC 4.5,"720 x 1280 pixels, 16:9 ratio (~294 ppi density)",About 210 EUR,"Li-Po 2850 mAh, non-removable",,1080p@60fps,Adreno 306,microSD,Qualcomm MSM8916T Snapdragon 412 (28 nm),,GSM / HSPA / LTE,2015. Released 2015,IPS LCD,Android 5.1.1 (Lollipop),,"5 MP, f/2.2",,BQ,Asahi Dragontrail Glass,FM radio,Quad-core 1.4 GHz Cortex-A53,1080p@30fps,,139 g (4.90 oz),,"Dual SIM (Micro-SIM, dual stand-by)",16GB 2GB RAM,"13 MP, f/1.8, 1/3.1"", 1.12µm, AF","5.0 inches, 68.9 cm2(~66.7% screen-to-body ratio)",Yes,,Discontinued,https://fdn2.gsmarena.com/vv/bigpic/bq-e5s.jpg,"microUSB 2.0, OTG","Accelerometer, gyro, proximity, compass",,BQ Aquaris E5s,HSDPA 900 / 2100,"HSPA, LTE",Yes,"4.0, A2DP",0.78 W/kg (head)     0.57 W/kg (body),,"Black, White","3, 7, 20","Wi-Fi 802.11 b/g/n, hotspot","GPS, GLONASS",No,,GSM 850 / 900 / 1800 / 1900 - SIM 1 & SIM 2,"Dual-LED flash, panorama, HDR",143.2 x 72.2 x 8.7 mm (5.64 x 2.84 x 0.34 in)
eMMC 4.5,"720 x 1280 pixels, 16:9 ratio (~294 ppi density)",About 230 EUR,"Li-Po 2900 mAh, non-removable",,1080p@30fps,Adreno 306,microSDHC,Qualcomm MSM8916T Snapdragon 412 (28 nm),,GSM / HSPA / LTE,2015. Released 2015,IPS LCD,"Android 5.1 (Lollipop), upgradable to 7.0 (Nougat)",LED flash,"5 MP, f/2.0",,BQ,Asahi Dragontrail Glass,FM radio,Quad-core 1.4 GHz Cortex-A53,,,148 g (5.22 oz),,Nano-SIM + Nano-SIM,"16GB 2GB RAM, 32GB 3GB RAM","13 MP, f/2.0, 1/3.1"", 1.12µm, AF","5.0 inches, 68.9 cm2(~67.7% screen-to-body ratio)",Yes,,Discontinued,https://fdn2.gsmarena.com/vv/bigpic/bq-x5.jpg,"microUSB 2.0, OTG","Accelerometer, gyro, proximity, compass",,BQ Aquaris X5,HSDPA 900 / 2100,"HSPA, LTE",Yes,"4.0, A2DP",0.49 W/kg (head)     0.76 W/kg (body),,"Black, White, Rose Gold","1, 3, 7, 20","Wi-Fi 802.11 b/g/n, hotspot","GPS, GLONASS",No,,GSM 850 / 900 / 1800 / 1900 - SIM 1 & SIM 2,"Dual-LED flash, panorama, HDR",144.4 x 70.5 x 7.5 mm (5.69 x 2.78 x 0.30 in)
eMMC 4.5,"1080 x 1920 pixels, 16:9 ratio (~441 ppi density)",About 260 EUR,"Li-Po 3120 mAh, non-removable",,1080p@30fps,Adreno 405,microSDXC,Qualcomm MSM8939 Snapdragon 615 (28 nm),,GSM / HSPA / LTE,2015. Released 2015,IPS LCD,"Android 5.1.1 (Lollipop), upgradable to 7.0 (Nougat)",LED flash,"5 MP, f/2.0",,BQ,Asahi Dragontrail Glass,FM radio,Octa-core (4x1.5 GHz Cortex-A53 & 4x1.0 GHz Cortex-A53),1080p@30fps,,144 g (5.08 oz),,"Dual SIM (Micro-SIM, dual stand-by)","16GB 2GB RAM, 32GB 2GB RAM, 32GB 3GB RAM","13 MP, f/2.0, 1/3.1"", 1.12µm, AF","5.0 inches, 68.9 cm2(~69.4% screen-to-body ratio)",Yes,,Discontinued,https://fdn2.gsmarena.com/vv/bigpic/bq-m5.jpg,"microUSB 2.0, OTG","Accelerometer, gyro, proximity, compass",,BQ Aquaris M5,HSDPA 900 / 2100,"HSPA, LTE",Yes,"4.0, A2DP",0.45 W/kg (head)     0.44 W/kg (body),,"Black, White","1, 3, 7, 20","Wi-Fi 802.11 b/g/n, hotspot","GPS, GLONASS",Yes,Aquaris M5,GSM 850 / 900 / 1800 / 1900 - SIM 1 & SIM 2,"Dual-LED flash, panorama, HDR",143 x 69.4 x 8.4 mm (5.63 x 2.73 x 0.33 in)
eMMC 4.5,"1080 x 1920 pixels, 16:9 ratio (~401 ppi density)",About 300 EUR,"Li-Po 3620 mAh, non-removable",,1080p@30fps,Adreno 405,microSDXC,Qualcomm MSM8939 Snapdragon 615 (28 nm),,GSM / HSPA / LTE,2015. Released 2015,IPS LCD,"Android 5.1.1 (Lollipop), upgradable to 7.0 (Nougat)",LED flash,"5 MP, f/2.0",,BQ,Asahi Dragontrail Glass,FM radio,Octa-core (4x1.5 GHz Cortex-A53 & 4x1.0 GHz Cortex-A53),1080p@30fps,,162 g (5.71 oz),,"Dual SIM (Micro-SIM, dual stand-by)","16GB 2GB RAM, 16GB 3GB RAM, 32GB 3GB RAM","13 MP, f/2.0, 1/3.1"", 1.12µm, AF","5.5 inches, 83.4 cm2(~72.8% screen-to-body ratio)",Yes,,Discontinued,https://fdn2.gsmarena.com/vv/bigpic/bq-m55.jpg,"microUSB 2.0, OTG","Accelerometer, gyro, proximity, compass",,BQ Aquaris M5.5,HSDPA 900 / 2100,"HSPA, LTE",Yes,"4.0, A2DP",0.40 W/kg (head)     0.80 W/kg (body),,"Black, White","1, 3, 7, 20","Wi-Fi 802.11 b/g/n, hotspot","GPS, GLONASS",Yes,,GSM 850 / 900 / 1800 / 1900 - SIM 1 & SIM 2,"Dual-LED flash, panorama, HDR",151.8 x 75.5 x 8.4 mm (5.98 x 2.97 x 0.33 in)
,"540 x 960 pixels, 16:9 ratio (~245 ppi density)",About 180 EUR,"Li-Po 2470 mAh, non-removable",,720p@30fps,Mali-T720MP2,microSDXC,Mediatek MT6735M (28 nm),,GSM / HSPA / LTE,2015. Released 2015,IPS LCD,Android 5.1.1 (Lollipop),LED flash,"5 MP, f/2.0",,BQ,Asahi Dragontrail Glass,FM radio,Quad-core 1.0 GHz Cortex-A53,,,115 g (4.06 oz),,"Dual SIM (Micro-SIM, dual stand-by)","8GB 1GB RAM, 16GB 1GB RAM, , 16GB 2GB RAM","8 MP, f/2.0, 1/3.2"", AF","4.5 inches, 55.8 cm2(~66.7% screen-to-body ratio)",Yes,,Discontinued,https://fdn2.gsmarena.com/vv/bigpic/bq-m45.jpg,"microUSB 2.0, OTG","Accelerometer, gyro, proximity, compass",,BQ Aquaris M4.5,HSDPA 900 / 2100,"HSPA, LTE",Yes,"4.0, A2DP",0.33 W/kg (head)     0.60 W/kg (body),,"Black, White","1, 3, 7, 20","Wi-Fi 802.11 b/g/n, hotspot",GPS,No,,GSM 850 / 900 / 1800 / 1900 - SIM 1 & SIM 2,"Dual-LED flash, panorama, HDR",131.8 x 63.5 x 8.8 mm (5.19 x 2.5 x 0.35 in)
HDMI port,"800 x 1280 pixels, 16:10 ratio (~149 ppi density)",About 230 EUR,"Li-Po 7280 mAh, non-removable",Up to 10 h (multimedia),1080p@30fps,Mali-T720MP2,microSDXC (dedicated slot),Mediatek MT8163B,,No cellular connectivity,2015. Released 2015,IPS LCD,Android 5.1 (Lollipop),,2 MP,Up to 60 h,BQ,,FM radio,Quad-core 1.3 GHz Cortex-A53,,No,470 g (1.04 lb),,No,16GB 2GB RAM,5 MP,"10.1 inches, 295.8 cm2(~70.3% screen-to-body ratio)",Yes,,Discontinued,https://fdn2.gsmarena.com/vv/bigpic/bq-m10.jpg,"microUSB 2.0, OTG","Accelerometer, compass",No,BQ  Aquaris M10,,,"Yes, with stereo speakers","4.0, A2DP",1.03 W/kg (body),,"Black, White",,Wi-Fi 802.11 b/g/n,GPS,No,,N/A,,246 x 171 x 8.2 mm (9.69 x 6.73 x 0.32 in)
