,Triple,Resolution,Games,Price,Phonebook,Type_1,Call records,Talk time,Video,_2,GPU,Card slot,Chipset,Java,Charging,Technology,Announced,Type,OS,Single_1,Brand,5G bands,Protection,Radio,CPU,_4,Video_1,EDGE,Stand-by,Weight,Build,SIM,Internal,Single,_3,Size,3.5mm jack,_1,Status,Model Image,USB,Sensors,GPRS,Model Name,3G bands,Speed,Loudspeaker,Bluetooth,Colors,Dual,4G bands,WLAN,Positioning,NFC,Models,2G bands,Messaging,Features,_5,Dimensions
IP68/IP69 dust/water resistant (up to 5m for 35 min)Drop resistant up to 1.8mMIL-STD-810H compliant,"50 MP, f/1.8, (wide), PDAF8 MP, f/2.2, (ultrawide)2 MP, f/2.4, (macro)","1080 x 2408 pixels, 20:9 ratio (~400 ppi density)",,About 600 EUR,,Li-Po 5000 mAh,,,1080p@30fps,,IMG BXM-8-256,microSDXC (uses shared SIM slot),Mediatek Dimensity 930 (6 nm),,15W wireless,GSM / HSPA / LTE / 5G,"2023, February 24","IPS LCD, 120Hz",Android 12,,Cat,"1, 2, 3, 5, 7, 8, 20, 23, 28, 38, 40, 41, 75, 77, 78, 255, 256 SA/NSA/Sub6/mmWave",Corning Gorilla Glass Victus,Unspecified,Octa-core (2x2.2 GHz Cortex-A78 & 6x2.0 GHz Cortex-A55),,1080p@30fps,,,268 g (9.45 oz),"Glass front (Gorilla Glass Victus), plastic back, aluminum frame",Nano-SIM + Nano-SIM,128GB 6GB RAM,"8 MP, f/2.0, (wide)",,"6.6 inches, 104.9 cm2(~76.7% screen-to-body ratio)",No,Emergency SOS via satellite (Bullitt Satellite Connect service),"Available. Released 2023, July",https://fdn2.gsmarena.com/vv/bigpic/cat-s75.jpg,"USB Type-C 2.0, OTG","Fingerprint (rear-mounted), accelerometer, gyro, proximity, compass",,Cat S75,HSDPA 850 / 900 / 1700(AWS) / 1900 / 2100,"HSPA, LTE, 5G",Yes,"5.1, A2DP, LE",Black,,"1, 2, 3, 4, 5, 7, 8, 20, 28, 32, 38, 39, 40, 41","Wi-Fi 802.11 a/b/g/n/ac, dual-band","GPS (L1+L5), GALILEO, GLONASS, BDS",Yes,BM1S1B,GSM 850 / 900 / 1800 / 1900,,"Dual-LED flash, HDR, panorama",,171 x 80 x 11.9 mm (6.73 x 3.15 x 0.47 in)
IP68/IP69K dust/water resistant (up to 1.5m for 35 min)Drop resistant up to 1.8mMIL-STD-810H compliantDedicated flashlight,,"720 x 1600 pixels, 20:9 ratio (~270 ppi density)",,About 530 EUR,,Li-Po 5500 mAh,,,1080p@30fps,,Adreno 619,microSDXC (uses shared SIM slot),Qualcomm SM4350 Snapdragon 480 5G (8 nm),,Wireless,GSM / HSPA / LTE / 5G,"2022, July 19",IPS LCD,Android 11,,Cat,"1, 2, 3, 5, 7, 8, 28, 41, 66, 77, 78",,No,Octa-core (2x2.0 GHz Kryo 460 & 6x1.8 GHz Kryo 460),,1080p@30fps,,,320 g (11.29 oz),,Nano-SIM + Nano-SIM,128GB 6GB RAM,"16 MP, f/2.0",,"6.5 inches, 102.0 cm2(~73.6% screen-to-body ratio)",Yes,,"Available. Released 2022, July 19",https://fdn2.gsmarena.com/vv/bigpic/cat-s53.jpg,"USB Type-C 3.0, OTG","Fingerprint (rear-mounted), accelerometer",,Cat S53,HSDPA 800 / 850 / 900 / 1700(AWS) / 1900 / 2100,"HSPA, LTE",Yes,"5.1, A2DP, LE",Black,"48 MP, f/1.8, (wide)2 MP, (macro)","1, 2, 3, 4, 5, 7, 8, 12, 13, 17, 18, 19, 20, 25, 26, 28, 34, 38, 39, 40, 41, 66","Wi-Fi 802.11 a/b/g/n/ac, dual-band",GPS,Yes,,GSM 850 / 900 / 1800 / 1900,,LED flash,,171 x 81 x 16 mm (6.73 x 3.19 x 0.63 in)
CDMA 800 / 1900,,"480 x 640 pixels, 4:3 ratio (~286 ppi density)",,About 200 EUR,,"Li-Ion 2000 mAh, removable",,,Yes,IP68 dust/water resistant (up to 1.5m for 35 min)MIL-STD-810H compliantDrop resistant up to 1.8m,Adreno 308,microSDXC (dedicated slot),Qualcomm QM215 Snapdragon 215 (28 nm),,,GSM / CDMA / HSPA / EVDO / LTE,"2021, September 18",TFT LCD,Android 11 (Go edition),,Cat,,Corning Gorilla Glass 5,FM radio,Quad-core 1.3 GHz Cortex-A53,eMMC 5.1,Yes,,,224 g (7.90 oz),,Nano-SIM,16GB 2GB RAM,5 MP,"Secondary external display, 1.44”, Corning Gorilla Glass 5","2.8 inches, 24.3 cm2(~33.3% screen-to-body ratio)",No,CDMA2000 1xEV-DO,"Available. Released 2021, September 18",https://fdn2.gsmarena.com/vv/bigpic/cat-s22-flip.jpg,USB Type-C 2.0,"Accelerometer, proximity, barometer",,Cat S22 Flip,HSDPA 850 / 900 / 1700(AWS) / 1900 / 2100,"HSPA 42.2/5.76 Mbps, LTE Cat4 150/50 Mbps",Yes,"4.2, A2DP",Black,,"1, 2, 3, 4, 5, 7, 12, 13, 17, 20, 25, 26, 28, 38, 39, 40, 41, 66, 71",Wi-Fi 802.11 b/g/n,"GPS, GLONASS, GALILEO",No,,GSM 850 / 900 / 1800 / 1900,,LED flash,2 MP,119.4 x 61 x 23 mm (4.70 x 2.40 x 0.91 in)
CDMA 800 / 1900,,"1080 x 2160 pixels, 18:9 ratio (~424 ppi density)",,About 440 EUR,,Li-Ion 4000 mAh,,,"4K@30fps, 1080p@30fps",IP68/IP69 dust/water resistant (up to 1.5m for 35 min)Drop resistant up to 1.8mMIL-STD-810H compliant,Adreno 512,microSDXC (dedicated slot),Qualcomm SDM660 Snapdragon 660 (14 nm),,WirelessQC4,GSM / CDMA / HSPA / EVDO / LTE,"2021, June 18",IPS LCD,"Android 10, upgradable to Android 11",,Cat,,Corning Gorilla Glass 6,FM radio,Octa-core (4x2.2 GHz Kryo 260 Gold & 4x1.8 GHz Kryo 260 Silver),,1080p@30fps,,,260 g (9.17 oz),"Glass front (Gorilla Glass 6), plastic back, aluminum frame",Nano-SIM,128GB 4GB RAM,8 MP,,"5.7 inches, 83.8 cm2(~69.9% screen-to-body ratio)",Yes,CDMA2000 1xEV-DO,"Available. Released 2021, June 18",https://fdn2.gsmarena.com/vv/bigpic/cat-s62.jpg,"USB Type-C 2.0, OTG","Fingerprint (rear-mounted), accelerometer, gyro, proximity, compass",,Cat S62,HSDPA 850 / 900 / 1700(AWS) / 1900 / 2100,"HSPA 42.2/5.76 Mbps, LTE Cat12 600/150 Mbps",Yes,"5.0, A2DP, LE",Black,"48 MP, (wide), PDAF2 MP","1, 2, 3, 4, 5, 7, 8, 12, 13, 14, 17, 20, 25, 26, 28, 38, 39, 40, 41, 66, 71","Wi-Fi 802.11 a/b/g/n/ac, dual-band, Wi-Fi Direct","GPS, GLONASS, GALILEO, BDS",Yes,,GSM 850 / 900 / 1800 / 1900,,"LED flash, HDR, panorama",,157.5 x 76.2 x 12.7 mm (6.20 x 3.00 x 0.5 in)
IP69 dust/water resistant (up to 1.5m for 35 min)Drop resistant up to 1.8mMIL-STD-810H compliantAntimicrobial protection (silver ion-based),,"720 x 1440 pixels, 18:9 ratio (~293 ppi density)",,About 230 EUR,,Li-Ion 4200 mAh,,,1080p@30fps,,PowerVR GE8320,microSDXC (dedicated slot),Mediatek MT6761D Helio A20 (12 nm),,,GSM / HSPA / LTE,"2021, April 20",IPS LCD,"Android 10, planned upgrade to Android 11",5 MP,Cat,,Corning Gorilla Glass 5,FM radio,Quad-core 1.8 GHz Cortex-A53,,,,,220 g (7.76 oz),,Nano-SIM + Nano-SIM,32GB 3GB RAM,"13 MP, f/2.0, (wide), PDAF",,"5.5 inches, 78.1 cm2(~62.7% screen-to-body ratio)",Yes,eMMC 5.1,"Available. Released 2021, April 20",https://fdn2.gsmarena.com/vv/bigpic/cat-s42-plus.jpg,"microUSB 2.0, OTG","Accelerometer, proximity, compass",,Cat S42 H+,HSDPA 850 / 900 / 1700(AWS) / 1900 / 2100,"HSPA 42.2/5.76 Mbps, LTE (2CA) Cat6 300/50 Mbps",Yes,"5.0, A2DP, LE",Black,,"1, 2, 3, 4, 5, 7, 12, 13, 14, 17, 25, 26, 41, 66, 71",Wi-Fi 802.11 b/g/n,"GPS, GLONASS, BDS",Yes,,GSM 850 / 900 / 1800 / 1900,,LED flash,,161.3 x 77.2 x 12.7 mm (6.35 x 3.04 x 0.5 in)
IP69 dust/water resistant (up to 1.2m for 35 min)MIL-STD-810H compliantDrop resistant up to 1.8mFlashlight (100+ lumens)Antimicrobial protection (silver ion-based),,"240 x 320 pixels, 4:3 ratio (~167 ppi density)",No,About 110 EUR,Yes,Li-Ion 1800 mAh,Yes,,Yes,,,microSD,Unisoc T117,,,GSM / HSPA / LTE,"2021, April 20",TFT LCD,,,Cat,,,FM radio,,,,,,157 g (5.54 oz),,Nano-SIM,Unspecified,2 MP,,"2.4 inches, 17.8 cm2(~19.8% screen-to-body ratio)",Yes,No,"Available. Released 2021, April 20",https://fdn2.gsmarena.com/vv/bigpic/cat-b40.jpg,USB Type-C 2.0,Accelerometer,,Cat B40,HSDPA 850 / 900 / 1900 / 2100,"HSPA 42.2/5.76 Mbps, LTE Cat4 150/50 Mbps",Yes,"5.0, A2DP, LE",Black,,"1, 3, 7, 8, 20, 28",No,No,No,,GSM 850 / 900 / 1800 / 1900,SMS,,,145 x 62 x 18 mm (5.71 x 2.44 x 0.71 in)
IP68/IP69 dust/water resistant (up to 1.5m for 35 min)Drop resistant up to 1.8mMIL-STD-810H compliant,,"1080 x 2160 pixels, 18:9 ratio (~424 ppi density)",,About 530 EUR,,Li-Ion 4000 mAh,,,"1080p@30fps, gyro-EIS",,Adreno 512,microSDXC (dedicated slot),Qualcomm SDM660 Snapdragon 660 (14 nm),,,GSM / HSPA / LTE,"2020, June 28",IPS LCD,Android 10,,Cat,,Corning Gorilla Glass 6,FM radio,Octa-core (4x2.2 GHz Kryo 260 Gold & 4x1.8 GHz Kryo 260 Silver),,1080p@30fps,,,248 g (8.75 oz),"Glass front (Gorilla Glass 6), plastic back, aluminum frame",Nano-SIMNano-SIM + Nano-SIM,128GB 6GB RAM,8 MP,,"5.7 inches, 83.8 cm2(~69.0% screen-to-body ratio)",No,,"Available. Released 2020, August 17",https://fdn2.gsmarena.com/vv/bigpic/cat-s62-pro.jpg,"USB Type-C 2.0, OTG","Fingerprint (rear-mounted), accelerometer, gyro, proximity, compass",,Cat S62 Pro,HSDPA 850 / 900 / 1700(AWS) / 1900 / 2100,"HSPA 42.2/5.76 Mbps, LTE (2CA) Cat13 400/150 Mbps",Yes,"5.0, A2DP, LE",Black,"12 MP, f/1.8, (wide), 1/2.55"", 1.4µm, dual pixel PDAFFLIR thermal camera (Lepton 3.5 module)","1, 2, 3, 4, 5, 7, 8, 20, 28, 38, 40","Wi-Fi 802.11 a/b/g/n/ac, dual-band, Wi-Fi Direct","GPS, GLONASS, GALILEO, BDS",Yes,,GSM 850 / 900 / 1800 / 1900,,"Thermal imaging, heat palettes, temp. spot meter, LED flash",,158.5 x 76.7 x 11.9 mm (6.24 x 3.02 x 0.47 in)
HSDPA 850 / 900 / 1700(AWS) / 1900 / 2100 - USA,,"720 x 1440 pixels, 18:9 ratio (~293 ppi density)",,About 300 EUR,,Li-Ion 4200 mAh,,,1080p@30fps,eMMC 5.1,PowerVR GE8320,microSDXC (dedicated slot),Mediatek MT6761D Helio A20 (12 nm),,,GSM / HSPA / LTE,"2020, January",IPS LCD,"Android 10, planned upgrade to Android 11",5 MP,Cat,,Corning Gorilla Glass 5,FM radio,Quad-core 1.8 GHz Cortex-A53,,,,,220 g (7.76 oz),,Nano-SIMNano-SIM + Nano-SIM,32GB 3GB RAM,"13 MP, f/2.0, (wide), PDAF",,"5.5 inches, 78.1 cm2(~62.6% screen-to-body ratio)",Yes,IP69 dust/water resistant (up to 1.5m for 35 min)Drop resistant up to 1.8mMIL-STD-810H compliant,"Available. Released 2020, August",https://fdn2.gsmarena.com/vv/bigpic/cat-s32.jpg,"microUSB 2.0, OTG","Accelerometer, proximity, compass",,Cat S42,HSDPA 850 / 900 / 1900 / 2100 - EU,"HSPA 42.2/5.76 Mbps, LTE (2CA) Cat6 300/50 Mbps",Yes,"5.0, A2DP, LE",Black,,"1, 2, 3, 4, 5, 7, 8, 20, 28",Wi-Fi 802.11 b/g/n,"GPS, GLONASS, BDS",Yes,,GSM 850 / 900 / 1800 / 1900,,LED flash,,161.4 x 77.3 x 12.7 mm (6.35 x 3.04 x 0.5 in)
IP68 dust/water resistant (up to 1.5m for 35 min)Drop resistant up to 1.5mMIL-STD-810G compliant,,"720 x 1440 pixels, 18:9 ratio (~285 ppi density)",,About 440 EUR,,"Li-Ion 3100 mAh, non-removable",,,"1080p@30fps, gyro-EIS",,PowerVR GE8320,microSD,Mediatek MT6765 Helio P35 (12 nm),,10W wired,GSM / HSPA / LTE,"2019, October",IPS LCD,"Android 9.0 (Pie), planned upgrade to Android 10",8 MP,Cat,,Corning Gorilla Glass 6,FM radio,Octa-core (4x2.3 GHz Cortex-A53 & 4x1.8 GHz Cortex-A53),,1080p@30fps,,,210 g (7.41 oz),"Glass front (Gorilla Glass 6), plastic back, aluminum frame",Nano-SIMNano-SIM + Nano-SIM,64GB 4GB RAM,"12 MP, f/1.8, (wide), 1/2.55"", 1.4µm, dual pixel PDAF",,"5.65 inches, 82.4 cm2(~68.0% screen-to-body ratio)",Yes,eMMC 5.1,"Available. Released 2019, November",https://fdn2.gsmarena.com/vv/bigpic/cat-s52.jpg,"USB Type-C 2.0, OTG","Fingerprint (rear-mounted), accelerometer, gyro, proximity, compass",,Cat S52,HSDPA 850 / 900 / 1700(AWS) / 1900 / 2100,"HSPA 42.2/5.76 Mbps, LTE (2CA) Cat6 300/100 Mbps",Yes,"5.0, A2DP, LE",Black,,"1, 2, 3, 4, 5, 7, 8, 20, 28, 38","Wi-Fi 802.11 a/b/g/n/ac, dual-band, Wi-Fi Direct","GPS, GLONASS, GALILEO, BDS",Yes,,GSM 850 / 900 / 1800 / 1900,,LED flash,,158.1 x 76.6 x 9.7 mm (6.22 x 3.02 x 0.38 in)
IP68 dust/water resistant (up to 1.2m for 35 min)MIL-STD-810G compliantDrop resistant up to 1.8mFlashlight,,"240 x 320 pixels, 4:3 ratio (~167 ppi density)",,About 110 EUR,,"Li-Ion 2300 mAh, non-removable",,Up to 12 h (3G),480p@30fps,No,Adreno 304,microSDXC (uses shared SIM slot),Qualcomm MSM8905 Snapdragon 205 (28 nm),,,GSM / HSPA / LTE,"2018, September",TFT,KaiOS 2.5.1,,Cat,,Scratch-proof glass,FM radio,Dual-core (2x1.3 GHz Cortex-A7),,,,Up to 720 h (3G),130 g (4.59 oz),,Nano-SIMNano-SIM + Nano-SIM,4GB 512MB RAM,2 MP,"Downloadable applications Facebook, Gmail, Whatsapp, etc.","2.4 inches, 17.8 cm2(~21.5% screen-to-body ratio)",Yes,eMMC 4.5,"Available. Released 2018, October",https://fdn2.gsmarena.com/vv/bigpic/cat-b35.jpg,microUSB 2.0,Accelerometer,,Cat B35,HSDPA 850 / 900 / 1900 / 2100,"HSPA 42.2/5.76 Mbps, LTE Cat4 150/50 Mbps",Yes,"4.1, A2DP, LE",Black,,"1, 3, 7, 8, 20",Wi-Fi 802.11 b/g/n,"GPS, GLONASS",No,,GSM 850 / 900 / 1800 / 1900,,LED flash,,138 x 60 x 14 mm (5.43 x 2.36 x 0.55 in)
HSDPA 850 / 900 / 1700(AWS) / 1900 / 2100 - APAC/LATAM,,"1080 x 1920 pixels, 16:9 ratio (~441 ppi density)",,About 450 EUR,,"Li-Ion 5000 mAh, non-removable",,Up to 38 h (3G),1080p@30fps,"1, 2, 3, 4, 5, 7, 8, 28, 38, 39, 40, 41 - APAC/LATAM",Mali-T880MP2,microSDXC (dedicated slot),Mediatek MT6757 Helio P20 (16 nm),,18W wired,GSM / HSPA / LTE,"2017, September",TFT,Android 7.0 (Nougat),8 MP,Cat,,Corning Gorilla Glass 5,FM radio,Octa-core (4x2.3 GHz Cortex-A53 & 4x1.6 GHz Cortex-A53),,1080p@30fps,,Up to 1056 h (3G),218 g (7.69 oz),,Nano-SIMNano-SIM + Nano-SIM,32GB 3GB RAM,"13 MP, PDAF",IP68 dust/water resistant (up to 2m for 60 min)Drop resistant up to 1.8mMIL-STD-810G compliant,"5.0 inches, 68.9 cm2(~60.5% screen-to-body ratio)",Yes,"2, 4, 5, 7, 12, 13, 17, 66 - Americas","Available. Released 2017, September",https://fdn2.gsmarena.com/vv/bigpic/cat-s41.jpg,"microUSB 2.0, OTG","Accelerometer, proximity, compass",,Cat S41,HSDPA 850 / 900 / 1900 / 2100 - EU,"HSPA 42.2/5.76 Mbps, LTE (2CA) Cat6 300/50 Mbps",Yes,"4.1, A2DP, LE",Black,,"1, 2, 3, 5, 7, 8, 20 - EU",Wi-Fi 802.11 b/g/n,"GPS, GLONASS, BDS (market dependant)",No,S41,GSM 850 / 900 / 1800 / 1900 - SIM 1 & SIM 2 (dual-SIM model only),,LED flash,,152 x 75 x 12.9 mm (5.98 x 2.95 x 0.51 in)
HSDPA 850 / 900 / 1700(AWS) / 1900 / 2100 - USA,,"720 x 1280 pixels, 16:9 ratio (~312 ppi density)",,About 330 EUR,,"Li-Ion 4000 mAh, non-removable",,,720p@30fps,IP68 dust/water resistant (up to 1.2m for 30 min)Drop resistant up to 1.8mMIL-STD-810G compliant,Adreno 304,microSDXC (dedicated slot),Qualcomm MSM8909 Snapdragon 210 (28 nm),,,GSM / HSPA / LTE,"2017, September",TFT,Android 7.0 (Nougat),2 MP,Cat,,Corning Gorilla Glass 3,FM radio,Quad-core 1.3 GHz Cortex-A7,,,,,200 g (7.05 oz),,Nano-SIMNano-SIM + Nano-SIM,16GB 2GB RAM,"8 MP, AF",eMMC 4.5,"4.7 inches, 60.9 cm2(~56.1% screen-to-body ratio)",Yes,"2, 3, 4, 5, 7, 12, 17 - USA","Available. Released 2017, October",https://fdn2.gsmarena.com/vv/bigpic/cat-s31.jpg,"microUSB 2.0, OTG","Accelerometer, proximity, compass",,Cat S31,HSDPA 850 / 900 / 1900 / 2100 - EU,"HSPA 42.2/5.76 Mbps, LTE Cat4 150/50 Mbps",Yes,"4.1, A2DP, LE",Black,,"1, 2, 3, 5, 7, 8, 20 - EU",Wi-Fi 802.11 b/g/n,"GPS, GLONASS, BDS",No,,GSM 850 / 900 / 1800 / 1900 - SIM 1 & SIM 2 (dual-SIM model only),,LED flash,,146 x 74.4 x 12.6 mm (5.75 x 2.93 x 0.50 in)
HSDPA 850 / 900 / 1700(AWS) / 1900 / 2100 - USA,,"1080 x 1920 pixels, 16:9 ratio (~424 ppi density)",,About 900 EUR,,"Li-Ion 4500 mAh, non-removable",,Up to 35 h (3G),"4K@30fps, 1080p@30fps",IP68 dust/water resistant (up to 3m for 60 min)Drop resistant up to 1.8mMIL-STD-810G compliant,Adreno 508,microSDXC (uses shared SIM slot),Qualcomm SDM630 Snapdragon 630 (14 nm),,"18W wired, QC4",GSM / HSPA / LTE,"2018, February",IPS LCD,"Android 8.0 (Oreo), upgradable to Android 9.0 (Pie)",8 MP,Cat,,Corning Gorilla Glass 5,FM radio,Octa-core 2.2 GHz Cortex-A53,,1080p@30fps,,Up to 888 h (3G),250 g (8.82 oz),"Glass front (Gorilla Glass 5), plastic back, aluminum frame",Nano-SIM (South Africa only)Nano-SIM + Nano-SIM,64GB 4GB RAM,"16 MP, PDAF, FLIR thermal camera (Lepton module)",Laser-assisted distance measurement tool,"5.2 inches, 74.5 cm2(~58.6% screen-to-body ratio)",Yes,"1, 2, 3, 4, 5, 7, 8, 12, 13, 17, 25, 26, 28, 29, 66 - USA","Available. Released 2018, June",https://fdn2.gsmarena.com/vv/bigpic/cat-s61.jpg,"USB Type-C 2.0, OTG","Accelerometer, gyro, proximity, compass, barometer, indoor air quality sensor",,Cat S61,HSDPA 850 / 900 / 1700 / 1900 / 2100 - EU/ROW,"HSPA 42.2/5.76 Mbps, LTE (3CA) Cat12 600/150 Mbps",Yes,"5.0, A2DP, LE",Black,,"1, 2, 3, 5, 7, 8, 19, 20, 26, 28, 38, 39, 40, 41 - EU/ROW","Wi-Fi 802.11 a/b/g/n/ac, dual-band, Wi-Fi Direct","GPS, GLONASS, GALILEO, QZSS, SBAS",Yes,,GSM 850 / 900 / 1800 / 1900,,"Thermal imaging, heat palettes, temp. spot meter, dual-LED dual-tone flash, panorama",,163 x 78 x 13 mm (6.42 x 3.07 x 0.51 in)
HSDPA 850 / 1700(AWS) / 1900 - North America,,"720 x 1280 pixels, 16:9 ratio (~312 ppi density)",,About 650 EUR,,"Li-Ion 3800 mAh, non-removable",,,1080p@30fps,IP68 dust/water resistant (up to 5m for 60 min)Drop resistant up to 1.8mMIL-STD-810G compliant,Adreno 405,microSDXC (dedicated slot),Qualcomm MSM8952 Snapdragon 617 (28 nm),,"18W wired, QC2",GSM / HSPA / LTE,"2016, February. Released 2016, June",a-Si AHVA,Android 6.0 (Marshmallow),5 MP,Cat,,Corning Gorilla Glass 4,FM radio,Octa-core (4x1.2 GHz Cortex-A53 & 4x1.5 GHz Cortex-A53),,1080p@30fps,,,223 g (7.87 oz),"Glass front (Gorilla Glass 4), plastic back, aluminum frame",Nano-SIM (South Africa only)Nano-SIM + Nano-SIM,32GB 3GB RAM,"13 MP, AF, FLIR thermal camera (Lepton module)",eMMC 5.1,"4.7 inches, 60.9 cm2(~56.1% screen-to-body ratio)",Yes,"2, 4, 5, 7, 12, 17 - North America",Discontinued,https://fdn2.gsmarena.com/vv/bigpic/cat-s60-.jpg,"microUSB 2.0, OTG","Accelerometer, proximity, compass",,Cat S60,HSDPA 850 / 900 / 2100 - Global,"HSPA, LTE Cat4 150/50 Mbps",Yes,"4.1, A2DP",Black,,"1, 3, 7, 8, 20 - Global","Wi-Fi 802.11 b/g/n, Wi-Fi Direct","GPS, GLONASS, BDS",Yes,,GSM 850 / 900 / 1800 / 1900 - SIM 1 & SIM 2 (dual-SIM model only),,"Thermal imaging, heat palettes, temp. spot meter, dual-LED dual-tone flash, panorama",,147.9 x 73.4 x 12.7 mm (5.82 x 2.89 x 0.5 in)
HSDPA 850 / 1700(AWS) / 1900 - North America,,"480 x 854 pixels, 16:9 ratio (~218 ppi density)",,About 340 EUR,,"Li-Ion 3000 mAh, non-removable",,Up to 18 h,1080p@60fps,IP68 dust/water resistant (up to 1m for 60 min)Drop resistant up to 1.8mMIL-STD-810G compliant,Adreno 304,microSDXC (dedicated slot),Qualcomm MSM8909 Snapdragon 210 (28 nm),,,GSM / HSPA / LTE,"2015, September. Released 2015, September",TFT,Android 5.1 (Lollipop),2 MP,Cat,,Corning Gorilla Glass 3,FM radio,Quad-core 1.1 GHz Cortex-A7,,,,Up to 936 h,181 g (6.38 oz),,Nano-SIM,8GB 1GB RAM,"5 MP, AF",eMMC 4.5,"4.5 inches, 55.8 cm2(~54.1% screen-to-body ratio)",Yes,"2, 4, 5, 7, 17 - North America",Discontinued,https://fdn2.gsmarena.com/vv/bigpic/cat-s30.jpg,"microUSB 2.0, OTG","Accelerometer, proximity, compass",,Cat S30,HSDPA 850 / 900 / 2100 - Global,"HSPA, LTE Cat4 150/50 Mbps",Yes,"4.1, A2DP, LE",Black,,"1, 3, 7, 8, 20 - Global","Wi-Fi 802.11 b/g/n, hotspot","GPS, GLONASS",No,S30,GSM 850 / 900 / 1800 / 1900,,LED flash,,141.9 x 72.7 x 13.3 mm (5.59 x 2.86 x 0.52 in)
HSDPA 850 / 1700(AWS) / 1900 - North America,,"540 x 960 pixels, 16:9 ratio (~234 ppi density)",,About 440 EUR,,"Li-Ion 3000 mAh, non-removable",,Up to 18 h,1080p@60fps,IP68 dust/water resistant (up to 1.5m for 30 min)Drop resistant up to 1.8mMIL-STD-810G compliant,Adreno 304,microSDXC (dedicated slot),Qualcomm MSM8909 Snapdragon 210 (28 nm),,,GSM / HSPA / LTE,"2015, July. Released 2015, August",IPS LCD,Android 5.1 (Lollipop),2 MP,Cat,,Corning Gorilla Glass 4,FM radio,Quad-core 1.1 GHz Cortex-A7,,,,Up to 936 h,185 g (6.53 oz),,Nano-SIM,16GB 1GB RAM,"8 MP, AF",eMMC 4.5,"4.7 inches, 60.9 cm2(~56.7% screen-to-body ratio)",Yes,"2, 4, 5, 7, 12, 17 - North America",Discontinued,https://fdn2.gsmarena.com/vv/bigpic/cat-s40.jpg,"microUSB 2.0, OTG","Accelerometer, proximity, compass",,Cat S40,HSDPA 850 / 900 / 2100 - Global,"HSPA, LTE Cat4 150/50 Mbps",Yes,"4.1, A2DP, LE",Black,,"1, 3, 7, 8, 20 - Global","Wi-Fi 802.11 b/g/n, hotspot","GPS, GLONASS",Yes,,GSM 850 / 900 / 1800 / 1900,,LED flash,,144.9 x 74.1 x 12.5 mm (5.70 x 2.92 x 0.49 in)
IP67 dust/water resistant (up to 1m for 30 min)MIL-STD-810G compliantDrop resistant up to 1.8mFlashlight,,144 x 176 pixels (~114 ppi density),No,About 140 EUR,Yes,"Li-Ion 1000 mAh, non-removable",Yes,Up to 6 h,Yes,,,microSDHC,Spreadtrum 7701,,,GSM / HSPA,"2015, June. Released 2015, June",TFT,,,Cat,,Scratch-proof glass,FM radio,,,,,Up to 240 h,101 g (3.56 oz),,Dual SIM,,2 MP,,"2.0 inches, 12.6 cm2(~19.8% screen-to-body ratio)",Yes,No,Discontinued,https://fdn2.gsmarena.com/vv/bigpic/cat-b30.jpg,microUSB 2.0,,,Cat B30,HSDPA 900 / 2100,HSPA,Yes,2.1,Black,,,No,No,No,,GSM 850 / 900 / 1800 / 1900 - SIM 1 & SIM 2,SMS,LED flash,,118 x 54 x 16 mm (4.65 x 2.13 x 0.63 in)
HSDPA 850 / 1700 / 1900 / 2100 - Latin America,,"480 x 800 pixels, 5:3 ratio (~233 ppi density)",,About 320 EUR,,"Li-Ion 2000 mAh, removable",,Up to 16 h,1080p@30fps,,Mali-400MP2,microSDHC,Mediatek MT6582M (28 nm),,,GSM / HSPA,"2014, Q2. Released 2014, June",TFT,Android 4.4.2 (KitKat),VGA,Cat,,Corning Gorilla Glass,FM radio,Quad-core 1.3 GHz Cortex-A7,,,,Up to 504 h,170 g (6.00 oz),,"Dual SIM (Mini-SIM, dual stand-by)",4GB 1GB RAM,"5 MP, AF",,"4.0 inches, 45.5 cm2(~52.4% screen-to-body ratio)",Yes,IP67 dust/water resistant (up to 1m for 30 min)MIL-STD-810G compliantDrop resistant up to 1.8m,Discontinued,https://fdn2.gsmarena.com/vv/bigpic/cat-b15q.jpg,microUSB 2.0,"Accelerometer, proximity",,Cat B15 Q,"HSDPA 850 / 900 / 2100 - EU, EMEA",HSPA 21.1/5.76 Mbps,Yes,"4.0, A2DP, LE",Black,,,"Wi-Fi 802.11 b/g/n, hotspot",GPS,No,,GSM 850 / 900 / 1800 / 1900 - SIM 1 & SIM 2,,LED flash,,125 x 69.5 x 15 mm (4.92 x 2.74 x 0.59 in)
HSDPA 850 / 1700 / 1900 / 2100,,"720 x 1280 pixels, 16:9 ratio (~312 ppi density)",,About 460 EUR,,"Li-Ion 2630 mAh, non-removable",,Up to 16 h,1080p@30fps,eMMC 4.5,Adreno 305,microSDXC (dedicated slot),Qualcomm MSM8926 Snapdragon 400 (28 nm),,Wireless (Qi),GSM / HSPA / LTE,"2014, September. Released 2014, November",IPS LCD,Android 4.4 (KitKat),VGA,Cat,,Corning Gorilla Glass 3,FM radio,Quadcore 1.2 GHz Cortex-A7,,,,Up to 792 h,185 g (6.53 oz),,Micro-SIM,8GB 2GB RAM,"8 MP, AF",,"4.7 inches, 60.9 cm2(~54.7% screen-to-body ratio)",Yes,IP67 dust/water resistant (up to 1m for 30 min)MIL-STD-810G compliantDrop resistant up to 1.2m,Discontinued,https://fdn2.gsmarena.com/vv/bigpic/cat-s50.jpg,"microUSB 2.0, OTG","Accelerometer, proximity, compass",,Cat S50,HSDPA 850 / 900 / 2100,"HSPA, LTE Cat4 150/50 Mbps",Yes,"4.0, A2DP, LE","Forest, Slate",,"1, 3, 5, 7, 8, 20","Wi-Fi 802.11 b/g/n, hotspot","GPS, GLONASS",Yes,,GSM 850 / 900 / 1800 / 1900,,LED flash,,144.5 x 77 x 12.7 mm (5.69 x 3.03 x 0.5 in)
HSDPA 850 / 1900,,"480 x 800 pixels, 5:3 ratio (~233 ppi density)",,About 250 EUR,,"Li-Ion 2000 mAh, non-removable",,Up to 16 h,1080p@30fps,,PowerVR SGX531,microSDHC (dedicated slot),Mediatek MT6577 (40 nm),,,GSM / HSPA,2013. Released 2013,TFT,Android 4.1 (Jelly Bean),VGA,Cat,,Corning Gorilla Glass,FM radio,Dual-core 1.0 GHz Cortex-A9,,,,Up to 456 h,170 g (6.00 oz),,Dual SIM,4GB 512MB RAM,"5 MP, AF",,"4.0 inches, 45.5 cm2(~52.4% screen-to-body ratio)",Yes,IP67 dust/water resistant (up to 1m for 30 min)MIL-STD-810G compliantDrop resistant up to 1.8m,Discontinued,https://fdn2.gsmarena.com/vv/bigpic/cat-b15.jpg,microUSB 2.0,"Accelerometer, proximity",,Cat B15,HSDPA 900 / 2100,HSPA 7.2/3.6 Mbps,Yes,"3.0, A2DP",Black,,,"Wi-Fi 802.11 b/g/n, hotspot",GPS,No,,GSM 850 / 900 / 1800 / 1900 - SIM 1 & SIM 2,,,,125 x 69.5 x 15 mm (4.92 x 2.74 x 0.59 in)
IP67 dust/water resistant (up to 1m for 30 min)MIL-STD-810G compliantDrop resistant up to 1.8m,,"240 x 320 pixels, 4:3 ratio (~182 ppi density)",No,About 140 EUR,Yes,"Li-Ion 1150 mAh, removable",Yes,Up to 10 h,320p@30fps,MP3/AAC+/MP4/H.264 playerPhoto viewer,No,microSDHC (dedicated slot),Mediatek MT6276W,,,GSM / HSPA,2013. Released 2013,TFT,,,Cat,,,FM radio,411 MHz,,,,Up to 552 h,136 g (4.80 oz),,Mini-SIM,"128MB ROM, 64MB RAM",3.15 MP,,"2.2 inches, 15.0 cm2(~21.8% screen-to-body ratio)",Yes,No,Discontinued,https://fdn2.gsmarena.com/vv/bigpic/cat-b100.jpg,microUSB 2.0,,,Cat B100,HSDPA 850 / 1700 / 1900 / 2100,HSPA,Yes,"2.0, A2DP, EDR",Black,,,No,GPS,No,,GSM 850 / 900 / 1800 / 1900,SMS,,,123 x 56 x 17.5 mm (4.84 x 2.20 x 0.69 in)
IP67 dust/water resistant (up to 1m for 30 min)Drop resistant up to 1.8mFlashlight,,"240 x 320 pixels, 4:3 ratio (~200 ppi density)",No,About 140 EUR,Yes,"Li-Ion 1300 mAh, removable",Yes,Up to 9 h 30 min,Yes,,,microSDHC (dedicated slot),Mediatek MT6235,,,GSM,2013. Released 2013,TFT,,,Cat,,,FM radio,208 MHz,,,Yes,Up to 156 h,161 g (5.68 oz),,Dual SIM,,"2 MP, AF",,"2.0 inches, 12.4 cm2(~17.4% screen-to-body ratio)",Yes,No,Discontinued,https://fdn2.gsmarena.com/vv/bigpic/cat-b25.jpg,microUSB 2.0,,Yes,Cat B25,,,Yes,2.1,Black,,,No,No,No,,GSM 850 / 900 / 1800 / 1900 - SIM 1 & SIM 2,SMS,,,125 x 57 x 22 mm (4.92 x 2.24 x 0.87 in)
