,Alarm,Card slot,Clock,Games,Dimensions,Bluetooth,2G bands,Talk time,Alert types,Positioning,Infrared port,Loudspeaker,Stand-by_1,_4,Messaging,Phonebook,EDGE,Radio,_3,Type,Weight,Sensors,Size,Colors,Call records,Type_1,Browser,Technology,WLAN,Model Name,Model Image,Stand-by,Talk time_1,Announced,_2,_1,USB,Resolution,Brand,Java,3.5mm jack,Languages,Status,GPRS,SIM,SAR EU
LCD illuminates in 3  coloursBackground pictures,Yes,No,Yes,"4 - Erix, Catcher, Pathy and Ripple",105 x 45 x 20 mm (4.13 x 1.77 x 0.79 in),No,GSM 900 / 1800,2 h - 4 h,"Vibration; Downloadable monophonic ringtones, composer",No,,No,,,"SMS, EMS",200,No,No,,Grayscale graphic,82 g (2.89 oz),,,"2 - Ice Blue, Luminous Champagne","10 received, dialed and missed calls",Removable Li-Ion (BST-20),WAP 1.2.1,GSM,No,Ericsson R600,https://fdn2.gsmarena.com/vv/bigpic/err600.gif,90 h - 150 h,,"2001, Q4",SMS chatPredictive text inputOrganizerProfiles,No,,5 lines,Ericsson,No,No,,Discontinued,Yes,Mini-SIM,0.89 W/kg (head)
Joystick navigationImage handling,Yes,No,Yes,"6 - Erix, Ripple, Tetris, Game, Q, Solitaire",101 x 48 x 19.5 mm (3.98 x 1.89 x 0.77 in),1.0b,GSM 900 / 1800 / 1900,up to 11 h,"Vibration; Downloadable monophonic ringtones, composer",No,Yes,No,up to 29 days,Predictive text inputOrganizerVoice dialingVoice answeringProfiles,"SMS, EMS, MMS, Email",500 x 8 fields,No,No,Ringtones can be assigned to contacts,"CSTN, 256 colors",84 g (2.96 oz),,,"2 - Zirocñan Gold, Lunar Grey","10 dialed, 10 received, 10 missed calls",Removable Li-Ion battery (BST-14),WAP 1.2.1,GSM,No,Ericsson T68,https://fdn2.gsmarena.com/vv/bigpic/ert68.gif,up to 300 h,up to 25 h,"2001, Q4",No,100 sec voice memo300 calendar events,,101 x 80 pixels,Ericsson,No,No,,Discontinued,Yes,Mini-SIM,
No,Yes,No,Yes,,92 x 41 x 17.5 mm (3.62 x 1.61 x 0.69 in),No,GSM 900 / 1800 / 1900,2 h - 5 h,"Vibration; Downloadable monophonic ringtones, composer",No,,No,,,"SMS, EMS",,No,No,,Monochrome graphic,59 g (2.08 oz),,,"2 - Purple Passion, Silver Supreme","10 received, dialed and missed calls",Removable NiMH battery,WAP 1.2.1,GSM,No,Ericsson T66,https://fdn2.gsmarena.com/vv/bigpic/ert66.gif,150 h,,"2001, Q4",,SMS chatPredictive text inputOrganizerProfiles,,5 lines,Ericsson,No,No,,Discontinued,No,Mini-SIM,
Background pictures,Yes,No,Yes,Yes,105 x 49 x 21 mm (4.13 x 1.93 x 0.83 in),No,GSM 900 / 1800,2.5 h - 11 h,"Vibration; Downloadable monophonic ringtones, composer",No,,No,,,"SMS, Email, EMS",300 x 11 fields,No,No,,Grayscale graphic,94 g (3.32 oz),,,"3 - Cosmic Blue, Stardust Yellow, Polar Blue","30 received, dialed and missed calls",Removable Li-Ion battery,WAP 1.2.1,GSM,No,Ericsson T65,https://fdn2.gsmarena.com/vv/bigpic/ert65.gif,160 h - 300 h,,"2001, Q4",SMS chatPredictive text inputOrganizerProfiles,No,,"6 lines, 101 x 67 pixels",Ericsson,No,No,,Discontinued,Yes,Mini-SIM,
No,Yes,No,Yes,Yes,96 x 50 x 18 mm (3.78 x 1.97 x 0.71 in),1.0b,GSM 900 / 1800 / 1900,up to 11 h,"Vibration; Downloadable monophonic ringtones, composer",No,Yes,No,up to 29 days,,"SMS, Email",510,No,No,,Grayscale graphic,86 g (3.03 oz),,,"3 - Classic Blue, Icecap Blue, Rose White","10 received, dialed and missed calls",Removable NiMH battery,WAP 1.2.1,GSM,No,Ericsson T39,https://fdn2.gsmarena.com/vv/bigpic/ert39.gif,up to 300 h,up to 25 h,2001,,Predictive text inputOrganizerVoice dialingVoice answeringProfilesHelptexts and shortcutsActive flip,,"101 x 54 pixels, 4 lines, 17:9 ratio",Ericsson,No,No,37,Discontinued,Yes,Mini-SIM,
"4 background colors (red, green, blue and yellow)2 screensaversStart-up/Shut-down shows",Yes,No,Yes,"3 - Tetris, Erix, Pulldown",111 x 47 x 22 mm (4.37 x 1.85 x 0.87 in),No,GSM 900 / 1800,2.5 - 4 h,"Vibration; Monophonic ringtones, composer",No,,No,,,SMS,99,No,No,Predictive text inputStopwatchProfilesOrganizer,Monochrome graphic,86 g (3.03 oz),,,"2 - Icy Silver, Graphite Silver","20 received, dialed and missed calls",Removable NiMH battery,,GSM,No,Ericsson A3618,https://fdn2.gsmarena.com/vv/bigpic/era3618.gif,90 - 155 h,,"2001, Q3",No,10 SMS templates,,4 lines,Ericsson,No,No,4,Discontinued,No,Mini-SIM,
No,Yes,No,Yes,5,101 x 49 x 20 mm (3.98 x 1.93 x 0.79 in),No,GSM 900 / 1800,7 h,"Vibration; Downloadable monophonic ringtones, composer",No,,No,,,"SMS, EMS",200,No,No,,Grayscale graphic,95 g (3.35 oz),,,2 - Amethyst Purple and Sapphire Blue,"10 received, dialed and missed calls",Removable NiMH battery,WAP 1.1,GSM,No,Ericsson T29s,https://fdn2.gsmarena.com/vv/bigpic/ert29.gif,150 h,,"2001, February",,Predictive text inputVoice dialingVoice answeringProfiles]Helptexts and shortcutsActive flip,,"101 x 33 pixels, 3 x 12 chars",Ericsson,No,No,English + many Asian,Discontinued,No,Mini-SIM,
No,Yes,No,Yes,,130 x 50 x 16 mm (5.12 x 1.97 x 0.63 in),1.0b,GSM 900 / 1800 / 1900,7 h 30 min,Vibration; Downloadable monophonic ringtones,No,Yes,No,,,"SMS, Email",500+,No,No,,Monochrome graphic,105 g (3.70 oz),,,,,Removable NiMH battery,WAP 1.2,GSM,No,Ericsson R520m,https://fdn2.gsmarena.com/vv/bigpic/err520m.gif,200 h,,Q2 2001 ?,,Predictive text inputCode memoVoice dialVoice answerVoice memoCalculatorSpeaker with proximity switch,,5 lines,Ericsson,No,No,,Discontinued,Yes,Mini-SIM,
SMS Templates,Yes,No,Yes,5,101 x 54 x 28 mm (3.98 x 2.13 x 1.10 in),No,GSM 900 / 1800,10 h,"Vibration; Downloadable monophonic ringtones, composer",No,,No,,,SMS,,No,No,,Monochrome graphic,128 g (4.52 oz),,,"5 - Purple Wild, Blue Whirl, Lime Twist, Silver Weave, Beige Harmony","10 received, dialed and missed calls",Removable NiMH battery,WAP with added security,GSM,No,Ericsson T20e,https://fdn2.gsmarena.com/vv/bigpic/ert20e.gif,200 h,,2001,Mobile chatSwatch Internet TimeVoice dialVoice answerCalculatorStopwatchPictures and sound in SMSStart-up shut-down showsProfilesActive flip,No,,"101 x 33 pixels, 3 x 12 chars",Ericsson,No,No,24,Discontinued,No,Mini-SIM,
Start-up/Shut-down shows,Yes,No,Yes,"3 - Tetris, Erix, Labirinth",131 x 51 x 25 mm (5.16 x 2.01 x 0.98 in),No,GSM 900 / 1800,6 h,Monophonic ringtones,No,,No,235 h,,SMS,99,No,No,Voice dialVoice answerCustom picturesStopwatchProfilesCalculatorSnap-On Covers,Monochrome graphic,140 g (4.94 oz),,,"4 - Astral Blue, Pistachio Yellow, Green Pepper, Celestial black","30 received, dialed and missed calls",Removable NiMH battery,WAP 1.1,GSM,No,Ericsson A2628,https://fdn2.gsmarena.com/vv/bigpic/era2628.gif,125 h,11 h,2001,No,SMS templates,,4 lines,Ericsson,No,No,,Discontinued,No,Mini-SIM,
SMS Templates,Yes,No,Yes,"4 - Tetris, Erix, E-maze, Ballpop",101 x 54 x 28 mm (3.98 x 2.13 x 1.10 in),No,GSM 900 / 1800,10 h,"Vibration; Monophonic ringtones, composer",No,,No,,,SMS,99,No,No,,Monochrome graphic,128 g (4.52 oz),,,"4 - Blue Whirl, Lime Twist, Silver Weave, Beige Harmony","10 received, dialed and missed calls",Removable NiMH battery,WAP,GSM,No,Ericsson T20s,https://fdn2.gsmarena.com/vv/bigpic/ert20s.gif,200 h,,2000,Swatch Internet TimeVoice dialVoice answerCalculatorStopwatchStart-up shut-down showsProfilesActive flip,No,,"101 x 33 pixels, 3 x 12 chars",Ericsson,No,No,24,Discontinued,No,Mini-SIM,
No,Yes,No,Yes,Yes,105 x 49 x 24 mm (4.13 x 1.93 x 0.94 in),Yes,GSM 900 / 1800 / 1900,7 h,"Vibration; Monophonic ringtones, composer",No,Yes,No,,,SMS,1000,No,No,,Grayscale graphic,88 g (3.10 oz),,,,,Removable Li-Po battery,WAP 1.2,GSM,No,Ericsson T36,https://fdn2.gsmarena.com/vv/bigpic/ert36b.gif,200 h,,2000,,Predictive text inputHigh speed data transfersVoice dialingVoice answeringProfilesHelptexts and shortcutsActive flip,,4 lines,Ericsson,No,No,37,Cancelled,No,Mini-SIM,
Partly covered by the flip,Yes,No,Yes,Yes,130 x 50 x 26 mm (5.12 x 1.97 x 1.02 in),No,GSM 900 / 1800,4 h,Vibration; Monophonic ringtones,No,Yes,No,,,"SMS, Email",99,No,No,,Monochrome resistive touchscreen,164 g (5.78 oz),,,,Advanced,Removable NiMH battery,WAP,GSM,No,Ericsson R380,https://fdn2.gsmarena.com/vv/bigpic/err380b.gif,150 h,,2000,EPOC operating systemOrganizerVoice dialVoice answerVoice memoCalculator,No,,Big,Ericsson,No,No,,Discontinued,No,Mini-SIM,
No,Yes,No,Yes,Yes,130 x 51 x 15 mm (5.12 x 2.01 x 0.59 in),No,GSM 900 / 1800,4 h 30 min,Vibration; Monophonic ringtones,No,Yes,No,,,SMS,99,No,No,,Monochrome graphic,99 g (3.49 oz),,,"Atlantic Blue, Rock Red and Stone Purple","30 received, dialed and missed calls",Removable NiMH battery,WAP,GSM,No,Ericsson R320,https://fdn2.gsmarena.com/vv/bigpic/err320b.gif,104 h,,2000,,Voice dialVoice answerVoice memoCalculator,,5 lines,Ericsson,No,No,,Discontinued,No,Mini-SIM,
"Dust, shock and splash resistant",Yes,No,Yes,,131 x 53 x 25 mm (5.16 x 2.09 x 0.98 in),No,GSM 900 / 1800,6 h 48 min,Vibration; Monophonic ringtones,No,,No,,,SMS,99,No,No,,Monochrome graphic,173 g (6.10 oz),,,"Bright Orange, Nautic Blue, Aquatic Green and Peak Yellow",,Removable NiMH battery,,GSM,No,Ericsson R310s,https://fdn2.gsmarena.com/vv/bigpic/err310s.gif,160 h,,2000,CalculatorVoice memo/dial,No,,5 lines,Ericsson,No,No,,Discontinued,No,Mini-SIM,
No,Yes,No,Yes,"3 - Tetris, Erix, Labirinth",131 x 51 x 25 mm (5.16 x 2.01 x 0.98 in),No,GSM 900 / 1800,7 h,Monophonic ringtones,No,,No,,,SMS,99,No,No,,Monochrome graphic,140 g (4.94 oz),,,Exchangeable covers,"30 received, dialed and missed calls",Removable NiMH battery,WAP,GSM,No,Ericsson A2618,https://fdn2.gsmarena.com/vv/bigpic/era2618b.gif,195 h,,2000,,Voice dial- Voice answer- Custom pictures,,4 lines,Ericsson,No,No,,Discontinued,No,Mini-SIM,
Fixed icons,Yes,No,Yes,No,148 x 59 x 32 mm (5.83 x 2.32 x 1.26 in),No,GSM 900 / 1800,5 h,Vibration; Monophonic ringtones,No,,Yes,,,SMS,250,No,No,,Monochrome graphic,330 g (11.64 oz),,,"2 - Bright Orange, Iron Green",,Removable battery,,GSM,No,Ericsson R250s PRO,https://fdn2.gsmarena.com/vv/bigpic/err250sb.gif,100 h,,2000,Private Mobile Radio (PMR),No,,4 lines,Ericsson,No,No,24,Discontinued,No,Mini-SIM,
Fixed icons,Yes,No,Yes,"2 - Tetris, Solitarie",97 x 50 x 15 mm (3.82 x 1.97 x 0.59 in),No,GSM 900 / 1900,3 h 30 min,"Vibration; Monophonic ringtones, composer",No,,No,65 h,,SMS,250,No,No,,Monochrome graphic,83 g (2.93 oz),,,,,Removable Li-Po 500 mAh battery,,GSM,No,Ericsson T28 World,https://fdn2.gsmarena.com/vv/bigpic/ert28wb.gif,50 h,4 h 30 min,1999,Voice dialingVoice answeringProfilesHelptexts and shortcutsActive flip,No,,"101 x 33 pixels, 3 x 12 chars",Ericsson,No,No,37,Discontinued,No,Mini-SIM,
Fixed icons,Yes,No,Yes,"2 - Tetris, Solitarie",97 x 50 x 15 mm (3.82 x 1.97 x 0.59 in),No,GSM 900 / 1800,3 h 30 min,"Vibration; Monophonic ringtones, composer",No,,No,65 h,,SMS,250,No,No,,Monochrome graphic,83 g (2.93 oz),,,,,Removable Li-Po 500 mAh battery,,GSM,No,Ericsson T28s,https://fdn2.gsmarena.com/vv/bigpic/ert28sb.gif,50 h,4 h 30 min,1999,Voice dialingVoice answeringProfilesHelptexts and shortcutsActive flip,No,,"101 x 33 pixels, 3 x 12 chars",Ericsson,No,No,37,Discontinued,No,Mini-SIM,
Fixed icons,Yes,No,Yes,No,105 x 49 x 24 mm (4.13 x 1.93 x 0.94 in),No,GSM 900 / 1800,4 h,"Vibration; Monophonic ringtones, composer",No,,No,,,SMS,99,No,No,,Monochrome graphic,146 g (5.15 oz),,,3,,Removable NiMH 750 mAh battery,,GSM,No,Ericsson T18s,https://fdn2.gsmarena.com/vv/bigpic/ert18sb.gif,100 h,,1999,Voice dialingVoice answering,No,,"101 x 33 pixels, 3 x 12 chars",Ericsson,No,No,24,Discontinued,No,Mini-SIM,
Fixed icons,Yes,No,Yes,No,105 x 49 x 24 mm (4.13 x 1.93 x 0.94 in),No,GSM 900 / 1800,4 h,"Vibration; Monophonic ringtones, composer",No,,No,,,SMS,99,No,No,,Monochrome graphic,135 g (4.76 oz),,,5,,Removable NiMH 750 mAh battery,,GSM,No,Ericsson T10s,https://fdn2.gsmarena.com/vv/bigpic/ert10sb.gif,100 h,,1999,,No,,"101 x 33 pixels, 3 x 12 chars",Ericsson,No,No,24,Discontinued,No,Mini-SIM,
Fixed icons,Yes,No,Yes,No,130 x 49 x 27 mm (5.12 x 1.93 x 1.06 in),No,GSM 900 / 1800,265 min,"Monophonic ringtones, composer",No,,No,,,SMS,No,No,No,,Monochrome graphic,163 g (5.75 oz),,,,,Removable NiMH 800 mAh battery,,GSM,No,Ericsson A1018s,https://fdn2.gsmarena.com/vv/bigpic/er1018sb.gif,80 h,,1999,,No,,3 x 12 chars,Ericsson,No,No,24,Discontinued,No,Mini-SIM,
Fixed icons,Yes,No,Yes,No,130 x 49 x 22 mm (5.12 x 1.93 x 0.87 in),No,GSM 900 / 1900,265 min,"Monophonic ringtones, composer",No,Yes,No,,,SMS,100,No,No,,Alphanumeric,195 g (6.88 oz),,,,,Removable NiMH 800 mAh battery,,GSM,No,Ericsson I 888,https://fdn2.gsmarena.com/vv/bigpic/eri888b.gif,80 h,,1999,Serial port,No,,3 x 12 chars,Ericsson,No,No,24,Discontinued,No,Mini-SIM,
Fixed icons,Yes,No,Yes,No,130 x 49 x 22 mm (5.12 x 1.93 x 0.87 in),No,GSM 900 / 1800,265 min,"Monophonic ringtones, composer",No,Yes,No,,,SMS,100,No,No,,Alphanumeric,195 g (6.88 oz),,,,,Removable NiMH 800 mAh battery,,GSM,No,Ericsson SH 888,https://fdn2.gsmarena.com/vv/bigpic/ersh888b.gif,80 h,,1998,Serial port,No,,3 x 12 chars,Ericsson,No,No,24,Discontinued,No,Mini-SIM,
Fixed icons,Yes,No,Yes,No,130 x 49 x 21 mm (5.12 x 1.93 x 0.83 in),No,GSM 900 / 1800,265 min,"Monophonic ringtones, composer",No,Yes,No,,,SMS,100,No,No,,Alphanumeric,172 g (6.07 oz),,,,,Removable NiMH 800 mAh battery,,GSM,No,Ericsson S 868,https://fdn2.gsmarena.com/vv/bigpic/ers868b.gif,80 h,,1998,,No,,3 x 12 chars,Ericsson,No,No,24,Discontinued,No,Mini-SIM,
Fixed icons,Yes,No,Yes,No,105 x 49 x 24 mm (4.13 x 1.93 x 0.94 in),No,GSM 900,180 min,"Monophonic ringtones, composer",No,,No,,,SMS,99,No,No,Customizable menu,Alphanumeric,135 g (4.76 oz),,,4,,Removable NiMH 550 mAh battery,,GSM,No,Ericsson GF 788e,https://fdn2.gsmarena.com/vv/bigpic/erg788eb.gif,60 h,,1997,Volume keys,No,,1 x 10 chars,Ericsson,No,No,19,Discontinued,No,Mini-SIM,
Fixed icons,Yes,No,Yes,No,105 x 49 x 24 mm (4.13 x 1.93 x 0.94 in),No,GSM 900,180 min,"Monophonic ringtones, composer",No,,No,,,SMS,99,No,No,Customizable menu,Alphanumeric,135 g (4.76 oz),,,4,,Removable NiMH 550 mAh battery,,GSM,No,Ericsson GF 788,https://fdn2.gsmarena.com/vv/bigpic/ergf788b.gif,60 h,,1997,Volume keys,No,,1 x 10 chars,Ericsson,No,No,19,Discontinued,No,Mini-SIM,
Fixed icons,Yes,No,Yes,No,105 x 49 x 23 mm (4.13 x 1.93 x 0.91 in),No,GSM 1800,180 min,"Monophonic ringtones, composer",No,,No,,,SMS,99,No,No,,Alphanumeric,135 g (4.76 oz),,,4,,Removable NiMH 550 mAh battery,,GSM,No,Ericsson PF 768,https://fdn2.gsmarena.com/vv/bigpic/erpf768b.gif,60 h,,1997,Volume keys,No,,1 x 10 chars,Ericsson,No,No,19,Discontinued,No,Mini-SIM,
Fixed icons,Yes,No,Yes,No,105 x 49 x 23 mm (4.13 x 1.93 x 0.91 in),No,GSM 900,180 min,"Monophonic ringtones, composer",No,,No,,,SMS,99,No,No,,Alphanumeric,135 g (4.76 oz),,,4,,Removable NiMH 550 mAh battery,,GSM,No,Ericsson GF 768,https://fdn2.gsmarena.com/vv/bigpic/ergf768b.gif,60 h,,1997,Volume keys,No,,1 x 10 chars,Ericsson,No,No,19,Discontinued,No,Mini-SIM,
Fixed icons,Yes,No,Yes,No,130 x 49 x 23 mm (5.12 x 1.93 x 0.91 in),No,GSM 900,240 min,Monophonic ringtones,No,,No,,,SMS,99,No,No,,Alphanumeric,160 g (5.64 oz),,,,,Removable NiMH 1200 mAh battery,,GSM,No,Ericsson GH 688,https://fdn2.gsmarena.com/vv/bigpic/ergh688b.gif,96 h,,1996,ScratchpadCalculator,No,,3 x 12 chars,Ericsson,No,No,19,Discontinued,No,Mini-SIM,
Fixed icons,No,No,No,No,130 x 49 x 28 mm (5.12 x 1.93 x 1.10 in),No,GSM 900,125 min,Monophonic ringtones,No,,No,,,SMS,No,No,No,,Alphanumeric,160 g (5.64 oz),,,,,Removable NiMH 1000 mAh battery,,GSM,No,Ericsson GA 628,https://fdn2.gsmarena.com/vv/bigpic/erga628b.gif,83 h,,1996,ScratchpadReplaceable front panel,No,,1 x 12 chars,Ericsson,No,No,,Discontinued,No,Mini-SIM,
Fixed icons,Yes,No,Yes,No,130 x 49 x 23 mm (5.12 x 1.93 x 0.91 in),No,GSM 900,125 min,Monophonic ringtones,No,,No,,,SMS,100,No,No,,Alphanumeric,170 g (6.00 oz),,,,,Removable NiMH 915 mAh battery,,GSM,No,Ericsson GF 388,https://fdn2.gsmarena.com/vv/bigpic/ergf388b.gif,37 h,,1995,Calculator,No,,3 x 12 chars,Ericsson,No,No,,Discontinued,No,Mini-SIM,
Fixed icons,Yes,No,Yes,No,130 x 49 x 23 mm (5.12 x 1.93 x 0.91 in),No,GSM 900,125 min,Monophonic ringtones,No,,No,,,SMS,100,No,No,,Alphanumeric,170 g (6.00 oz),,,,,Removable NiMH 915 mAh battery,,GSM,No,Ericsson GH 388,https://fdn2.gsmarena.com/vv/bigpic/ergh388b.gif,37 h,,1995,Calculator,No,,3 x 12 chars,Ericsson,No,No,,Discontinued,No,Mini-SIM,
Fixed icons,Yes,No,Yes,No,130 x 49 x 24 mm (5.12 x 1.93 x 0.94 in),No,GSM 900,110 min,Monophonic ringtones,No,,No,,,SMS(Receive only),No,No,No,,Alphanumeric,193 g (6.81 oz),,,,,Removable NiMH 915 mAh battery,,GSM,No,Ericsson GS 337,https://fdn2.gsmarena.com/vv/bigpic/ergs337b.gif,25 h,,1995,,No,,3 x 12 chars,Ericsson,No,No,,Discontinued,No,Mini-SIM,
Fixed icons,Yes,No,Yes,No,130 x 49 x 24 mm (5.12 x 1.93 x 0.94 in),No,GSM 900,110 min,Monophonic ringtones,No,,No,,,SMS(Receive only),No,No,No,,Alphanumeric,193 g (6.81 oz),,,,,Removable NiMH 915 mAh battery,,GSM,No,Ericsson GF 337,https://fdn2.gsmarena.com/vv/bigpic/ergf337b.gif,25 h,,1995,,No,,3 x 12 chars,Ericsson,No,No,,Discontinued,No,Mini-SIM,
Fixed icons,Yes,No,Yes,No,130 x 49 x 24 mm (5.12 x 1.93 x 0.94 in),No,GSM 900,110 min,Monophonic ringtones,No,,No,,,SMS(Receive only),No,No,No,,Alphanumeric,193 g (6.81 oz),,,,,Removable NiMH 915 mAh battery,,GSM,No,Ericsson GH 337,https://fdn2.gsmarena.com/vv/bigpic/ergh337b.gif,25 h,,1995,,No,,3 x 12 chars,Ericsson,No,No,,Discontinued,No,Mini-SIM,
Fixed icons,No,No,No,No,130 x 49 x 32 mm (5.12 x 1.93 x 1.26 in),No,GSM 900,200 min,Monophonic ringtones,No,,No,,,SMS(Receive only),No,No,No,,Alphanumeric,248 g (8.75 oz),,,3,,Removable NiMH 1200 mAh battery,,GSM,No,Ericsson GA 318,https://fdn2.gsmarena.com/vv/bigpic/erga318b.gif,67 h,,1995,Scratchpad,No,,1 x 12 chars,Ericsson,No,No,12,Discontinued,No,Mini-SIM,
Fixed icons,No,No,No,No,147 x 60 x 24 mm (5.79 x 2.36 x 0.94 in),No,GSM 900,180 min,Monophonic ringtones,No,,No,,,SMS,100,No,No,,Alphanumeric,215 g (7.58 oz),,,,,Removable NiMH 1200 mAh battery,,GSM,No,Ericsson GS 18,https://fdn2.gsmarena.com/vv/bigpic/ergs18b.gif,36 h,,1996,Radio link protocolSerial port,No,,4 x 12 chars,Ericsson,No,No,12,Discontinued,No,Mini-SIM,
Fixed icons,No,No,No,No,145 x 59 x 18 mm (5.71 x 2.32 x 0.71 in),No,GSM 900,180 min,Monophonic ringtones,No,,No,,,SMS,100,No,No,,Alphanumeric,215 g (7.58 oz),,,,,Removable NiMH 1200 mAh battery,,GSM,No,Ericsson GO 118,https://fdn2.gsmarena.com/vv/bigpic/ergo118b.gif,36 h,,1995,,No,,4 x 12 chars,Ericsson,No,No,12,Discontinued,No,Mini-SIM,
Fixed icons,No,No,No,No,130 x 49 x 36 mm (5.12 x 1.93 x 1.42 in),No,GSM 900,2 h 40 min,Monophonic ringtones,No,,No,,,SMS,,No,No,,Alphanumeric,,,,,,Removable NiMH battery,,GSM,No,Ericsson GH 218,https://fdn2.gsmarena.com/vv/bigpic/ergh218b.gif,47 h,,1994,,No,,1 line,Ericsson,No,No,,Discontinued,No,Mini-SIM,
