,Card slot,Games,Dimensions,Bluetooth,2G bands,4G bands,Talk time,Alert types,Positioning,Loudspeaker,Stand-by_1,_4,Messaging,Loudspeaker_1,Phonebook,EDGE,Radio,Camera,OS,Speed,_3,Type,Weight,Sensors,Internal,Size,Colors,Call records,Single_1,Type_1,Browser,Protection,Technology,3G bands,WLAN,NFC,Model Name,Model Image,Features,Stand-by,Keyboard,Talk time_1,Announced,_2,Video,_1,USB,Chipset,Price,CPU,Resolution,Audio quality,Brand,Java,3.5mm jack,Single,GPU,Video_1,Status,GPRS,SIM,SAR EU
,microSDHC (dedicated slot),,124 x 62 x 9.6 mm (4.88 x 2.44 x 0.38 in),"4.0, A2DP",GSM 850 / 900 / 1800 / 1900 - SIM 1 & SIM 2,,Up to 12 h,,GPS,Yes,,,,,,,FM radio,,Android 4.4 (KitKat),HSPA 21.1/5.76 Mbps,,TFT,105 g (3.70 oz),"Accelerometer, proximity",4GB 512MB RAM,"4.0 inches, 45.5 cm2(~59.2% screen-to-body ratio)",Black,,VGA,"Li-Ion 1300 mAh, removable",,,GSM / HSPA,HSDPA 2100,"Wi-Fi 802.11 b/g/n, hotspot",No,Gigabyte GSmart Essence 4,https://fdn2.gsmarena.com/vv/bigpic/gigabyte-essence4.jpg,,Up to 300 h,,,"2015, October. Released 2015, November",,Yes,,microUSB 2.0,Mediatek MT6572 (28 nm),About 60 EUR,Dual-core 1.0 GHz Cortex-A7,"480 x 800 pixels, 5:3 ratio (~233 ppi density)",,Gigabyte,,Yes,2 MP,Mali-400,,Discontinued,,"Dual SIM (Mini-SIM, dual stand-by)",
,microSDHC (dedicated slot),,143 x 73 x 9.2 mm (5.63 x 2.87 x 0.36 in),2.1,GSM 850 / 900 / 1800 / 1900 - SIM 1 & SIM 2,,Up to 12 h,,GPS,Yes,,,,,,,FM radio,,Android 4.4 (KitKat),HSPA 21.1/5.76 Mbps,,IPS LCD,145 g (5.11 oz),"Accelerometer, proximity",8GB 512MB RAM,"5.0 inches, 68.9 cm2(~66.0% screen-to-body ratio)",Black,,2 MP,"Li-Ion 2100 mAh, removable",,,GSM / HSPA,HSDPA 2100,"Wi-Fi 802.11 b/g/n, hotspot",No,Gigabyte GSmart Classic Lite,https://fdn2.gsmarena.com/vv/bigpic/gigabyte-classic-lite.jpg,LED flash,Up to 250 h,,,"2015, October. Released 2015, November",,Yes,,microUSB 2.0,Spreadtrum SC7731,About 80 EUR,Quad-core 1.2 GHz,"480 x 854 pixels, 16:9 ratio (~196 ppi density)",,Gigabyte,,Yes,5 MP,Mali-400,,Discontinued,,"Dual SIM (Mini-SIM/ Micro-SIM, dual stand-by)",
,microSDHC (dedicated slot),,134 x 67 x 8.8 mm (5.28 x 2.64 x 0.35 in),"2.1, EDR",GSM 850 / 900 / 1800 / 1900 - SIM 1 & SIM 2,,Up to 12 h,,GPS,Yes,,,,,,,FM radio,,Android 4.4 (KitKat),HSPA 21.1/5.76 Mbps,,IPS LCD,125 g (4.41 oz),"Accelerometer, proximity",8GB 512MB RAM,"4.5 inches, 55.8 cm2(~62.2% screen-to-body ratio)","Black, White",,2 MP,"Li-Ion 1600 mAh, removable",,,GSM / HSPA,HSDPA 2100,"Wi-Fi 802.11 b/g/n, hotspot",No,Gigabyte GSmart Essence,https://fdn2.gsmarena.com/vv/bigpic/gigabyte-essence.jpg,LED flash,Up to 240 h,,,"2015, October. Released 2015, October",,Yes,,microUSB 2.0,Spreadtrum SC7731,About 70 EUR,Quad-core 1.2 GHz,"480 x 854 pixels, 16:9 ratio (~218 ppi density)",,Gigabyte,,Yes,5 MP,Mali-400,,Discontinued,,"Dual SIM (Mini-SIM/ Micro-SIM, dual stand-by)",
,microSDHC (dedicated slot),,145 x 73 x 8.6 mm (5.71 x 2.87 x 0.34 in),"2.1, EDR",GSM 850 / 900 / 1800 / 1900 - SIM 1 & SIM 2,,Up to 10 h,,GPS,Yes,,,,,,,FM radio,,Android 5.1 (Lollipop),HSPA 21.1/5.76 Mbps,,IPS LCD,150 g (5.29 oz),"Accelerometer, proximity",8GB 1GB RAM,"5.0 inches, 68.9 cm2(~65.1% screen-to-body ratio)","Black, Gray",,5 MP,"Li-Ion 2000 mAh, removable",,,GSM / HSPA,HSDPA 2100,"Wi-Fi 802.11 b/g/n, hotspot",No,Gigabyte GSmart Classic,https://fdn2.gsmarena.com/vv/bigpic/gigabyte-classic.jpg,LED flash,Up to 230 h,,,"2015, October. Released 2015, October",,Yes,,microUSB 2.0,Spreadtrum SC7731,About 100 EUR,Quad-core 1.2 GHz,"720 x 1280 pixels, 16:9 ratio (~294 ppi density)",,Gigabyte,,Yes,"8 MP, AF",Mali-400,,Discontinued,,"Dual SIM (Mini-SIM/ Micro-SIM, dual stand-by)",
eMMC 4.5,microSDXC (dedicated slot),,139 x 69 x 7 mm (5.47 x 2.72 x 0.28 in),"4.0, LE",GSM 850 / 900 / 1800 / 1900 - SIM 1 & SIM 2,"3, 7, 20",Up to 14 h,,"GPS, GLONASS",Yes,,,,,,,FM radio,,Android 4.4 (KitKat),"HSPA 42.2/11.5 Mbps, LTE Cat4 150/50 Mbps",,IPS LCD,115 g (4.06 oz),"Accelerometer, gyro, proximity, compass",32GB 2GB RAM,"5.0 inches, 68.9 cm2(~71.9% screen-to-body ratio)",Black,,5 MP,"Li-Ion 2300 mAh, non-removable",,Corning Gorilla Glass 3,GSM / HSPA / LTE,HSDPA 900 / 2100,"Wi-Fi 802.11 b/g/n, hotspot",No,Gigabyte GSmart Guru GX,https://fdn2.gsmarena.com/vv/bigpic/gigabyte-gsmart-guru-gx.jpg,LED flash,Up to 200 h,,,"2015, January. Released 2015, April",,Yes,,microUSB 2.0,Qualcomm MSM8939 Snapdragon 615 (28 nm),,Octa-core (4x1.7 GHz Cortex-A53 & 4x1.0 GHz Cortex-A53),"1080 x 1920 pixels, 16:9 ratio (~441 ppi density)",,Gigabyte,,Yes,"13 MP, AF",Adreno 405,,Discontinued,,Nano-SIM + Micro-SIM,
eMMC 4.5,microSDHC (dedicated slot),,143 x 72 x 9.8 mm (5.63 x 2.83 x 0.39 in),"4.0, LE",GSM 850 / 900 / 1800 / 1900 - SIM 1 & SIM 2,"3, 7, 8",Up to 20 h,,"GPS, GLONASS",Yes,,,,,,,FM radio,,Android 4.4 (KitKat),"HSPA 42.2/11.5 Mbps, LTE Cat4 150/50 Mbps",,IPS LCD,165 g (5.82 oz),"Accelerometer, proximity",8GB 1GB RAM,"5.0 inches, 68.9 cm2(~66.9% screen-to-body ratio)",Black,,2 MP,"Li-Ion 3000 mAh, removable",,,GSM / HSPA / LTE,HSDPA 900 / 2100,"Wi-Fi 802.11 b/g/n, hotspot",No,Gigabyte GSmart Mika MX,https://fdn2.gsmarena.com/vv/bigpic/gigabyte-gsmart-mika-mx.jpg,,Up to 320 h,,,"2015, January. Released 2015, February",,Yes,,microUSB 2.0,Qualcomm MSM8916 Snapdragon 410 (28 nm),,Quad-core 1.2 GHz Cortex-A53,"540 x 960 pixels, 16:9 ratio (~220 ppi density)",,Gigabyte,,Yes,"5 MP, AF",Adreno 306,,Discontinued,,"Dual SIM (Micro-SIM, dual stand-by)",
,microSDHC (dedicated slot),,142 x 73 x 9.5 mm (5.59 x 2.87 x 0.37 in),"4.0, A2DP",GSM 850 / 900 / 1800 / 1900 - SIM 1 & SIM 2,,Up to 20 h,,GPS,Yes,,,,,,,FM radio,,Android 4.4 (KitKat),HSPA 21.1/5.76 Mbps,,IPS LCD,155 g (5.47 oz),"Accelerometer, proximity",4GB 512MB RAM,"5.0 inches, 68.9 cm2(~66.5% screen-to-body ratio)",Black,,VGA,"Li-Ion 2000 mAh, removable",,,GSM / HSPA,HSDPA 2100,"Wi-Fi 802.11 b/g/n, hotspot",No,Gigabyte GSmart Roma RX,https://fdn2.gsmarena.com/vv/bigpic/gigabyte-gsmart-roma-rx.jpg,,Up to 400 h,,,"2015, January. Released 2015, April",,Yes,,microUSB 2.0,Mediatek MT6582 (28 nm),,Quad-core 1.3 GHz Cortex-A7,"480 x 854 pixels, 16:9 ratio (~196 ppi density)",,Gigabyte,,Yes,5 MP,Mali-400MP2,,Discontinued,,"Dual SIM (Mini-SIM/ Micro-SIM, dual stand-by)",
,microSDHC (dedicated slot),,147 x 73 x 9.6 mm (5.79 x 2.87 x 0.38 in),"4.0, A2DP",GSM 850 / 900 / 1800 / 1900 - SIM 1 & SIM 2,,Up to 6 h,,GPS,Yes,,,,,,,FM radio,,Android 4.4.2 (KitKat),HSPA 21.1/5.76 Mbps,,IPS LCD,158 g (5.57 oz),"Accelerometer, gyro, proximity, compass",8GB 1GB RAM,"5.0 inches, 68.9 cm2(~64.2% screen-to-body ratio)",Navy Blue,,5 MP,"Li-Ion 1800 mAh, removable",,,GSM / HSPA,HSDPA 2100,"Wi-Fi 802.11 b/g/n, hotspot",No,Gigabyte GSmart Akta A4,https://fdn2.gsmarena.com/vv/bigpic/gigabyte-gsmart-Akta-A4.jpg,LED flash,Up to 250 h,,,"2014, November. Released 2014, November",,Yes,,"microUSB 2.0, OTG",Mediatek MT6592 (28 nm),,Octa-core 1.4 GHz Cortex-A7,"540 x 960 pixels, 16:9 ratio (~220 ppi density)",,Gigabyte,,Yes,"13 MP, AF",Mali-450MP4,,Discontinued,,Dual SIM (Mini-SIM/ Micro-SIM),
,microSDHC (dedicated slot),,144 x 70.5 x 8.3 mm (5.67 x 2.78 x 0.33 in),3.0,GSM 850 / 900 / 1800 / 1900 - SIM 1 & SIM 2,,Up to 4 h 30 min,,GPS,Yes,,,,,,,FM radio,,Android 4.4.2 (KitKat),HSPA 21.1/5.76 Mbps,,IPS LCD,146 g (5.15 oz),"Accelerometer, proximity",8GB 1GB RAM,"5.0 inches, 68.9 cm2(~67.9% screen-to-body ratio)",Navy Blue,,8 MP,"Li-Ion 1900 mAh, removable",,,GSM / HSPA,HSDPA 900 / 2100,"Wi-Fi 802.11 b/g/n, hotspot",No,Gigabyte GSmart Mika M3,https://fdn2.gsmarena.com/vv/bigpic/gigabyte-gsmart-Mika-M4.jpg,LED flash,Up to 150 h,,,"2014, October. Released 2014, November",,Yes,,microUSB 2.0,Mediatek MT6582 (28 nm),,Quad-core 1.3 GHz Cortex-A7,"720 x 1280 pixels, 16:9 ratio (~294 ppi density)",,Gigabyte,,Yes,"13 MP, AF",Mali-400MP2,,Discontinued,,Dual SIM (Mini-SIM/ Micro-SIM),
eMMC 4.5,microSDXC (dedicated slot),,146.5 x 73.4 x 8.7 mm (5.77 x 2.89 x 0.34 in),"4.0, A2DP",GSM 850 / 900 / 1800 / 1900 - SIM 1 & SIM 2,,Up to 12 h,,GPS,Yes,,,,,,,FM radio,,Android 4.4.2 (KitKat),HSPA 21.1/5.76 Mbps,,IPS LCD,135 g (4.76 oz),"Accelerometer, proximity, compass",8GB 2GB RAM,"5.0 inches, 68.9 cm2(~64.1% screen-to-body ratio)",Black,,2 MP,"Li-Ion 2200 mAh, removable",,,GSM / HSPA,HSDPA 850 / 900 / 1900 / 2100,"Wi-Fi 802.11 a/b/g/n, hotspot",No,Gigabyte GSmart GX2,https://fdn2.gsmarena.com/vv/bigpic/gigabyte-gsmart-arty-gx2.jpg,LED flash,Up to 350 h,,,"2014, August. Released 2014, September",,Yes,,microUSB 2.0,Qualcomm MSM8228 Snapdragon 400 (28 nm),,Quad-core 1.6 GHz Cortex-A7,"1080 x 1920 pixels, 16:9 ratio (~441 ppi density)",,Gigabyte,,Yes,"13 MP, AF",Adreno 305,,Discontinued,,Dual SIM (Micro-SIM),
,No,,147 x 72.1 x 8.5 mm (5.79 x 2.84 x 0.33 in),"4.0, A2DP",GSM 850 / 900 / 1800 / 1900,,Up to 12 h,,GPS,Yes,,,,,,,FM radio,,Android 4.2.2 (Jelly Bean),HSPA 42.2/11.5 Mbps,,IPS LCD,165 g (5.82 oz),"Accelerometer, proximity, compass",32GB 2GB RAM,"5.0 inches, 68.9 cm2(~65.0% screen-to-body ratio)",White,,5 MP,"Li-Ion 3000 mAh, removable",,,GSM / HSPA,HSDPA 900 / 2100,"Wi-Fi 802.11 b/g/n, hotspot",No,Gigabyte GSmart Guru (White Edition),https://fdn2.gsmarena.com/vv/bigpic/gigabyte-gsmart-guru-white.jpg,LED flash,Up to 300 h,,,"2014, August. Released 2014, August",,Yes,,microUSB 2.0,Mediatek MT6589T (28 nm),,Quad-core 1.5 GHz Cortex-A7,"1080 x 1920 pixels, 16:9 ratio (~441 ppi density)",,Gigabyte,,Yes,"13 MP, AF",PowerVR SGX544,,Discontinued,,Micro-SIM,
,microSDHC (dedicated slot),,124.5 x 64 x 10.3 mm (4.90 x 2.52 x 0.41 in),3.0,GSM 850 / 900 / 1800 / 1900 - SIM 1 & SIM 2,,Up to 4 h 30 min,,GPS,Yes,,,,,,,FM radio,,Android 4.2.2 (Jelly Bean),HSPA 21.1/5.76 Mbps,,TFT,115 g (4.06 oz),"Accelerometer, proximity",4GB 512MB RAM,"4.0 inches, 45.5 cm2(~57.2% screen-to-body ratio)",Black,,VGA,"Li-Ion 1300 mAh, removable",,,GSM / HSPA,HSDPA 850 / 2100,"Wi-Fi 802.11 b/g/n, hotspot",No,Gigabyte GSmart T4 (Lite Edition),https://fdn2.gsmarena.com/vv/bigpic/gigabyte-gsmart-t4-lite.jpg,,Up to 150 h,,,"2014, July. Released 2014, July",,Yes,,microUSB 2.0,Mediatek MT6572 (28 nm),,Dual-core 1.0 GHz Cortex-A7,"480 x 800 pixels, 5:3 ratio (~233 ppi density)",,Gigabyte,,Yes,5 MP,Mali-400,,Discontinued,,Dual SIM (Mini-SIM),
,microSDHC (dedicated slot),,145 x 73.2 x 9.4 mm (5.71 x 2.88 x 0.37 in),"4.0, A2DP",GSM 850 / 900 / 1800 / 1900 - SIM 1 & SIM 2,,Up to 8 h,,GPS,Yes,,,,,,,FM radio,,Android 4.4.2 (KitKat),HSPA 21.1/5.76 Mbps,,IPS LCD,165 g (5.82 oz),"Accelerometer, proximity",4GB 1GB RAM,"5.0 inches, 68.9 cm2(~64.9% screen-to-body ratio)",Black,,2 MP,"Li-Ion 2000 mAh, removable",,,GSM / HSPA,HSDPA 900 / 2100,"Wi-Fi 802.11 b/g/n, hotspot",No,Gigabyte GSmart Arty A3,https://fdn2.gsmarena.com/vv/bigpic/gigabyte-gsmart-arty-a3.jpg,LED flash,Up to 300 h,,,"2014, July. Released 2014, July",,Yes,,microUSB 2.0,Mediatek MT6582 (28 nm),,Quad-core 1.3 GHz Cortex-A7,"480 x 854 pixels, 16:9 ratio (~196 ppi density)",,Gigabyte,,Yes,"8 MP, AF",Mali-400MP2,,Discontinued,,Dual SIM (Mini-SIM),
,microSDHC (dedicated slot),,145 x 72.8 x 8.5 mm (5.71 x 2.87 x 0.33 in),"4.0, A2DP",GSM 850 / 900 / 1800 / 1900 - SIM 1 & SIM 2,,Up to 8 h,,GPS,Yes,,,,,,,FM radio,,Android 4.4.2 (KitKat),HSPA 21.1/5.76 Mbps,,IPS LCD,150 g (5.29 oz),"Accelerometer, proximity",8GB 1GB RAM,"5.0 inches, 68.9 cm2(~65.3% screen-to-body ratio)",Black,,5 MP,"Li-Ion 2000 mAh, removable",,,GSM / HSPA,HSDPA 900 / 2100,"Wi-Fi 802.11 b/g/n, hotspot",No,Gigabyte GSmart Mika M2,https://fdn2.gsmarena.com/vv/bigpic/gigabyte-gsmart-mika-m2.jpg,LED flash,Up to 300 h,,,"2014, June. Released 2014, June",,Yes,,microUSB 2.0,Mediatek MT6582 (28 nm),About 190 EUR,Quad-core 1.3 GHz Cortex-A7,"720 x 1280 pixels, 16:9 ratio (~294 ppi density)",,Gigabyte,,Yes,"13 MP, AF",Mali-400MP2,,Discontinued,,Dual SIM (Mini-SIM),
,microSDHC (dedicated slot),,126 x 62 x 9.8 mm (4.96 x 2.44 x 0.39 in),3.0,GSM 850 / 900 / 1800 / 1900 - SIM 1 & SIM 2,,Up to 4 h 30 min,,GPS,Yes,,,,,,,FM radio,,Android 4.2 (Jelly Bean),HSPA 21.1/5.76 Mbps,,IPS LCD,121 g (4.27 oz),"Accelerometer, proximity",4GB 512MB RAM,"4.0 inches, 45.5 cm2(~58.3% screen-to-body ratio)","Black, White",,VGA,"Li-Ion 1400 mAh, removable",,,GSM / HSPA,HSDPA 900 / 2100,"Wi-Fi 802.11 b/g/n, hotspot",No,Gigabyte GSmart T4,https://fdn2.gsmarena.com/vv/bigpic/GSmart-T4.jpg,LED flash,Up to 150 h,,,"2014, April. Released 2014, April",,Yes,,microUSB 2.0,Mediatek MT6572 (28 nm),About 100 EUR,Dual-core 1.3 GHz Cortex-A7,"480 x 800 pixels, 5:3 ratio (~233 ppi density)",,Gigabyte,,Yes,"8 MP, AF",Mali-400,,Discontinued,,Dual SIM,
,microSDHC (dedicated slot),,168 x 83 x 8.5 mm (6.61 x 3.27 x 0.33 in),"4.0, A2DP",GSM 850 / 900 / 1800 / 1900 - SIM 1 & SIM 2,,Up to 12 h,,GPS,Yes,,,,,,,FM radio,,Android 4.2 (Jelly Bean),HSPA 21.1/5.76 Mbps,,IPS LCD,190 g (6.70 oz),"Accelerometer, proximity",8GB 1GB RAM,"6.0 inches, 99.2 cm2(~71.2% screen-to-body ratio)",Black,,2 MP,"Li-Ion 3000 mAh, non-removable",,,GSM / HSPA,HSDPA 900 / 2100,"Wi-Fi 802.11 b/g/n, hotspot",No,Gigabyte GSmart Saga S3,https://fdn2.gsmarena.com/vv/bigpic/GSmart-Saga-S3.jpg,LED flash,Up to 255 h,,,"2014, April. Released 2014, April",,Yes,,microUSB 2.0,Mediatek MT6582 (28 nm),,Quad-core 1.3 GHz Cortex-A7,"720 x 1280 pixels, 16:9 ratio (~245 ppi density)",,Gigabyte,,Yes,"8 MP, AF",Mali-400MP2,,Discontinued,,Dual SIM,
,microSDHC (dedicated slot),,136 x 66 x 10.5 mm (5.35 x 2.60 x 0.41 in),"4.0, A2DP",GSM 850 / 900 / 1800 / 1900 - SIM 1 & SIM 2,,Up to 8 h,,GPS,Yes,,,,,,,FM radio,,Android 4.2 (Jelly Bean),HSPA 21.1/5.76 Mbps,,IPS LCD,138 g (4.87 oz),"Accelerometer, proximity",4GB 1GB RAM,"4.5 inches, 55.8 cm2(~62.2% screen-to-body ratio)",Black,,VGA,"Li-Ion 1800 mAh, removable",,,GSM / HSPA,HSDPA 900 / 2100,"Wi-Fi 802.11 b/g/n, hotspot",No,Gigabyte GSmart Rey R3,https://fdn2.gsmarena.com/vv/bigpic/Gigabyte-GSmart-Rey-R3.jpg,LED flash,Up to 320 h,,,"2014, March. Released 2014, March",,Yes,,microUSB 2.0,Mediatek MT6572 (28 nm),,Dual-core 1.3 GHz Cortex-A7,"480 x 854 pixels, 16:9 ratio (~218 ppi density)",,Gigabyte,,Yes,"8 MP, AF",Mali-400,,Discontinued,,Dual SIM,
,No,,-,"4.0, A2DP",GSM 850 / 900 / 1800 / 1900,,Up to 10 h 30 min,,GPS,Yes,,,,,,,FM radio,,Android 4.2 (Jelly Bean),HSPA 42.2/5.76 Mbps,,IPS LCD,-,"Accelerometer, proximity, compass",32GB 2GB RAM,"5.0 inches, 68.9 cm2",Black,,5 MP,"Li-Ion 2500 mAh, removable",,,GSM / HSPA,HSDPA 900 / 2100,"Wi-Fi 802.11 b/g/n, hotspot",No,Gigabyte GSmart Guru,https://fdn2.gsmarena.com/vv/bigpic/gigabyte-gsmart-guru.jpg,LED flash,Up to 250 h,,,"2013, October. Released 2013, November",,Yes,,microUSB 2.0,Mediatek MT6589T (28 nm),About 440 EUR,Quad-core 1.5 GHz Cortex-A7,"1080 x 1920 pixels, 16:9 ratio (~441 ppi density)",,Gigabyte,,Yes,"13 MP, AF",PowerVR SGX544,,Discontinued,,Yes,
,microSDHC (dedicated slot),,-,3.0,GSM 850 / 900 / 1800 / 1900 - SIM 1 & SIM 2,,Up to 3 h 30 min,,GPS,Yes,,,,,,,FM radio,,Android 4.2 (Jelly Bean),HSPA 21.1/5.76 Mbps,,TFT,-,"Accelerometer, proximity",4GB 1GB RAM,"5.0 inches, 68.9 cm2","Black, White",,VGA,"Li-Ion 2000 mAh, removable",,,GSM / HSPA,HSDPA 900 / 2100,"Wi-Fi 802.11 b/g/n, hotspot",No,Gigabyte GSmart Alto A2,https://fdn2.gsmarena.com/vv/bigpic/gigabyte-gsmart-alto-a2.jpg,LED flash,Up to 150 h,,,"2013, October. Released 2013, November",,Yes,,microUSB 2.0,Mediatek MT6572 (28 nm),,Dual-core 1.3 GHz Cortex-A7,"480 x 854 pixels, 16:9 ratio (~196 ppi density)",,Gigabyte,,Yes,5 MP,Mali-400,,Discontinued,,Dual SIM,
,microSDHC (dedicated slot),,-,3.0,GSM 850 / 900 / 1800 / 1900 - SIM 1 & SIM 2,,Up to 3 h 30 min,,GPS,Yes,,,,,,,FM radio,,Android 4.2 (Jelly Bean),HSPA 21.1/5.76 Mbps,,IPS LCD,-,"Accelerometer, proximity",4GB 1GB RAM,"4.0 inches, 45.5 cm2","Black, White, Blue, Red",,VGA,"Li-Ion 1400 mAh, removable",,,GSM / HSPA,HSDPA 900 / 2100,"Wi-Fi 802.11 b/g/n, hotspot",No,Gigabyte GSmart Roma R2,https://fdn2.gsmarena.com/vv/bigpic/gigabyte-gsmart-roma-r2.jpg,LED flash,Up to 220 h,,,"2013, October. Released 2013, October",,Yes,,microUSB 2.0,Mediatek MT6572 (28 nm),About 140 EUR,Dual-core 1.3 GHz Cortex-A7,"480 x 800 pixels, 5:3 ratio (~233 ppi density)",,Gigabyte,,Yes,5 MP,Mali-400,,Discontinued,,Dual SIM,
,microSDHC (dedicated slot),,136 x 67 x 12.4 mm (5.35 x 2.64 x 0.49 in),3.0,GSM 850 / 900 / 1800 / 1900 - SIM 1 & SIM 2,,Up to 5 h,,GPS,Yes,,,,,,,FM radio,,Android 4.2 (Jelly Bean),HSPA,,TFT,147.7 g (5.19 oz),"Accelerometer, proximity",4GB 1GB RAM,"4.5 inches, 55.8 cm2(~61.2% screen-to-body ratio)","Black, White",,VGA,"Li-Ion 2000 mAh, removable",,,GSM / HSPA,HSDPA 900 / 2100,"Wi-Fi 802.11 b/g/n, hotspot",No,Gigabyte GSmart Aku A1,https://fdn2.gsmarena.com/vv/bigpic/gigabyte-gsmart-aku-a1.jpg,LED flash,Up to 333 h,,,"2013, July. Released 2013, July",,Yes,,microUSB 2.0,Mediatek MT6589 (28 nm),About 150 EUR,Quad-core 1.2 GHz Cortex-A7,"480 x 854 pixels, 16:9 ratio (~218 ppi density)",,Gigabyte,,Yes,"5 MP, AF",PowerVR SGX544,,Discontinued,,"Dual SIM (Mini-SIM, dual stand-by)",
,microSDHC (dedicated slot),,124 x 63.5 x 11.8 mm (4.88 x 2.5 x 0.46 in),3.0,GSM 850 / 900 / 1800 / 1900 - SIM 1 & SIM 2,,Up to 7 h,,GPS,Yes,,,,,,,FM radio,,Android 4.0 (Ice Cream Sandwich),HSPA,,TFT,125 g (4.41 oz),"Accelerometer, proximity",4GB 512MB RAM,"4.0 inches, 45.5 cm2(~57.8% screen-to-body ratio)","Black, White, Orange, Blue, Green",,VGA,"Li-Ion 1500 mAh, removable",,,GSM / HSPA,HSDPA 900 / 2100,"Wi-Fi 802.11 b/g/n, hotspot",No,Gigabyte GSmart Tuku T2,https://fdn2.gsmarena.com/vv/bigpic/gigabyte-gsmart-tuku-t2.jpg,LED flash,Up to 225 h,,,"2013, July. Released 2013, July",,Yes,,microUSB 2.0,Qualcomm MSM8225 Snapdragon S4 Play,,Dual-core 1.0 GHz Cortex-A5,"480 x 800 pixels, 5:3 ratio (~233 ppi density)",,Gigabyte,,Yes,"5 MP, AF",Adreno 203,,Discontinued,,"Dual SIM (Mini-SIM, dual stand-by)",
,microSDHC (dedicated slot),,136 x 67 x 9.7 mm (5.35 x 2.64 x 0.38 in),3.0,GSM 850 / 900 / 1800 / 1900 - SIM 1 & SIM 2,,Up to 4 h 30 min,,GPS,Yes,,,,,,,FM radio,,Android 4.2.1 (Jelly Bean),HSPA,,IPS LCD,147 g (5.19 oz),"Accelerometer, proximity, compass",4GB 1GB RAM,"4.5 inches, 55.8 cm2(~61.3% screen-to-body ratio)","Gray, White, Red",,2 MP,"Li-Ion 1700 mAh, removable",,,GSM / HSPA,HSDPA 900 / 2100,"Wi-Fi 802.11 b/g/n, hotspot",No,Gigabyte GSmart Maya M1 v2,https://fdn2.gsmarena.com/vv/bigpic/Gigabyte-GSmart-Maya-M1-v2-new.jpg,Dual-LED flash,Up to 500 h,,,"2013, June. Released 2013, July",,Yes,,microUSB 2.0,Mediatek MT6589 (28 nm),About 200 EUR,Quad-core 1.2 GHz Cortex-A7,"540 x 960 pixels, 16:9 ratio (~245 ppi density)",,Gigabyte,,Yes,"8 MP, AF",PowerVR SGX544,,Discontinued,,"Dual SIM (Mini-SIM, dual stand-by)",
,microSDHC (dedicated slot),,145.5 x 72.5 x 8.9 mm (5.73 x 2.85 x 0.35 in),3.0,GSM 850 / 900 / 1800 / 1900 - SIM 1 & SIM 2,,Up to 4 h 30 min,,GPS,Yes,,,,,,,FM radio,,Android 4.2 (Jelly Bean),HSPA 42.2/11.5 Mbps,,IPS LCD,168 g (5.93 oz),"Accelerometer, proximity, compass",4GB 1GB RAM,"5.0 inches, 68.9 cm2(~65.3% screen-to-body ratio)",Black/White,,2 MP,"Li-Ion 2000 mAh, removable",,,GSM / HSPA,HSDPA 900 / 2100,"Wi-Fi 802.11 b/g/n, hotspot",No,Gigabyte GSmart Sierra S1,https://fdn2.gsmarena.com/vv/bigpic/GSmart-Sierra-new.jpg,LED flash,Up to 600 h,,,"2013, June. Released 2013, October",,1080p@30fps,,microUSB 2.0,Mediatek MT6589 (28 nm),About 220 EUR,Quad-core 1.5 GHz Cortex-A7,"720 x 1280 pixels, 16:9 ratio (~294 ppi density)",,Gigabyte,,Yes,"13 MP, AF",PowerVR SGX544,720p,Discontinued,,"Dual SIM (Mini-SIM, dual stand-by)",
HSDPA 850 / 2100,microSDHC (dedicated slot),,144 x 73 x 9.5 mm (5.67 x 2.87 x 0.37 in),3.0,GSM 850 / 900 / 1800 / 1900 - SIM 1 & SIM 2,,,,GPS,Yes,,,,,,,FM radio,,Android 4.2 (Jelly Bean),HSPA,,IPS LCD,165 g (5.82 oz),"Accelerometer, proximity, compass",4GB 1GB RAM,"5.0 inches, 68.9 cm2(~65.6% screen-to-body ratio)",Black/White,,2 MP,"Li-Ion 1900 mAh, removable",,,GSM / HSPA,HSDPA 900 / 2100,"Wi-Fi 802.11 b/g/n, hotspot",No,Gigabyte GSmart Simba SX1,https://fdn2.gsmarena.com/vv/bigpic/GSmart-Simba-new.jpg,LED flash,,,,"2013, June. Released 2013, November",,Yes,eMMC 4.5,microUSB 2.0,Qualcomm MSM8230 Snapdragon 400 (28 nm),About 260 EUR,Dual-core 1.4 GHz Krait,"720 x 1280 pixels, 16:9 ratio (~294 ppi density)",,Gigabyte,,Yes,"13 MP, AF",Adreno 305,,Discontinued,,"Dual SIM (Mini-SIM, dual stand-by)",
,microSDHC (dedicated slot),,136 x 67 x 9.7 mm (5.35 x 2.64 x 0.38 in),3.0,GSM 850 / 900 / 1800 / 1900 - SIM 1 & SIM 2,,Up to 4 h,,GPS,Yes,,,,,,Yes,FM radio,,Android 4.1 (Jelly Bean),HSPA 7.2/5.76 Mbps,,IPS LCD,150.5 g (5.29 oz),"Accelerometer, proximity, compass",4GB 1GB RAM,"4.5 inches, 55.8 cm2(~61.3% screen-to-body ratio)","Brown, Brown/White, Brown/Red",,2 MP,"Li-Ion 1700 mAh, removable",,,GSM / HSPA,HSDPA,"Wi-Fi 802.11 b/g/n, hotspot",No,Gigabyte GSmart Maya M1,https://fdn2.gsmarena.com/vv/bigpic/Gigabyte-GSmart-Maya-M1.jpg,Dual-LED flash,Up to 300 h,,,"2013, April. Released 2013, April",,480p@30fps,,microUSB 2.0,Mediatek MT6577 (40 nm),About 220 EUR,Dual-core 1.0 GHz Cortex-A9,"540 x 960 pixels, 16:9 ratio (~245 ppi density)",,Gigabyte,,Yes,"8 MP, AF",PowerVR SGX531u,,Discontinued,Yes,"Dual SIM (Mini-SIM, dual stand-by)",0.75 W/kg (head)
,microSDHC (dedicated slot),,124.2 x 63.8 x 10.5 mm (4.89 x 2.51 x 0.41 in),3.0,GSM 850 / 900 / 1800 / 1900 - SIM 1 & SIM 2,,Up to 5 h,,GPS,Yes,,,,,,Yes,No,,Android 4.0 (Ice Cream Sandwich),HSPA 7.2/0.384 Mbps,,IPS LCD,130.5 g (4.59 oz),"Accelerometer, proximity",4GB 512MB RAM,"4.0 inches, 45.5 cm2(~57.5% screen-to-body ratio)","Black, Black/White, Black/Blue, Black/Pink, Black/Yellow",,VGA,"Li-Ion 1500 mAh, removable",,,GSM / HSPA,HSDPA,"Wi-Fi 802.11 b/g/n, Wi-Fi Direct, hotspot",No,Gigabyte GSmart Rio R1,https://fdn2.gsmarena.com/vv/bigpic/Gigabyte-GSmart-Rio-R1.jpg,LED flash,Up to 135 h,,,"2013, April. Released 2013, April",,720p,,microUSB 2.0,Qualcomm MSM8225 Snapdragon S4 Play,About 150 EUR,Dual-core 1.0 GHz Cortex-A5,"480 x 800 pixels, 5:3 ratio (~233 ppi density)",,Gigabyte,,Yes,"5 MP, AF",Adreno 203,,Discontinued,Yes,"Dual SIM (Mini-SIM, dual stand-by)",0.58 W/kg (head)
,microSDHC (dedicated slot),,130.5 x 66.5 x 10.9 mm (5.14 x 2.62 x 0.43 in),3.0,GSM 850 / 900 / 1800 / 1900 - SIM 1 & SIM 2,,Up to 4 h,,GPS,Yes,,,,,,,No,,Android 4.0 (Ice Cream Sandwich),HSPA 7.2/5.76 Mbps,,IPS LCD,147.6 g (5.19 oz),"Accelerometer, proximity, compass",4GB 512MB RAM,"4.3 inches, 52.6 cm2(~60.6% screen-to-body ratio)","White, Brown",,VGA,"Li-Ion 1500 mAh, removable",,,GSM / HSPA,HSDPA 900 / 2100,"Wi-Fi 802.11 b/g/n, hotspot",No,Gigabyte GSmart GS202,https://fdn2.gsmarena.com/vv/bigpic/gigabyte-gsmart-gs202.jpg,LED flash,Up to 200 h,,,"2012, December. Released 2012, December",,Yes,,microUSB 2.0,Mediatek MT6577 (40 nm),About 110 EUR,Dual-core 1.0 GHz Cortex-A9,"480 x 800 pixels, 5:3 ratio (~217 ppi density)",,Gigabyte,,Yes,"5 MP, AF",PowerVR SGX531u,,Discontinued,,"Dual SIM (Mini-SIM, dual stand-by)",0.24 W/kg (head)
HSDPA 850 / 2100 - SIM 1 only,microSDHC (dedicated slot),,132.5 x 67.7 x 11 mm (5.22 x 2.67 x 0.43 in),3.0,GSM 850 / 900 / 1800 / 1900 - SIM 1 & SIM 2,,Up to 4 h 30 min,,"GPS, A-GPS",Yes,,,,,,,No,,Android 4.0 (Ice Cream Sandwich),HSPA,,"TFT, 256K colors",155 g (5.47 oz),"Accelerometer, proximity",4GB 512MB RAM,"4.3 inches, 51.0 cm2(~56.8% screen-to-body ratio)","Gray, White",,VGA,Removable Li-Ion 1550 mAh battery,,,GSM / HSPA,HSDPA 900 / 2100 - SIM 1 only,"Wi-Fi 802.11 b/g/n, hotspot",,Gigabyte GSmart G1362,https://fdn2.gsmarena.com/vv/bigpic/gigabyte-gsmart-g1362.jpg,LED flash,Up to 200 h,,,"2012, August. Released 2012, September",,Yes,MP3/AAC+ playerMP4/H.264 playerDocument viewerPhoto viewer/editorOrganizerVoice memo/dialPredictive text input,microUSB 2.0,Qualcomm MSM8225 Snapdragon S4 Play,About 210 EUR,Dual-core 1.2 GHz Cortex-A5,"480 x 854 pixels, 16:9 ratio (~228 ppi density)",,Gigabyte,,Yes,"5 MP, AF",Adreno 203,,Discontinued,,Dual SIM (Mini-SIM),
HSDPA 850 / 2100 - SIM 1 only,microSDHC (dedicated slot),,129.8 x 69.8 x 11.5 mm (5.11 x 2.75 x 0.45 in),"2.1, A2DP, EDR",GSM 850 / 900 / 1800 / 1900 - SIM 1 & SIM 2,,Up to 4 h 30 min,,"GPS, A-GPS",Yes,,,,,,,No,,Android 2.3.4 (Gingerbread),HSPA,,"TFT, 256K colors",168 g (5.93 oz),"Accelerometer, proximity, compass",1GB 512MB RAM,"4.3 inches, 52.6 cm2(~58.1% screen-to-body ratio)",Gray,,,Removable Li-Ion 1500 mAh battery,,,GSM / HSPA,HSDPA 900 / 2100 - SIM 1 only,"Wi-Fi 802.11 b/g/n, hotspot",,Gigabyte GSmart G1355,https://fdn2.gsmarena.com/vv/bigpic/gigabyte-g1355.jpg,LED flash,Up to 115 h,,,"2012, February. Released 2012, September",MP3/AAC+ playerMP4/H.264 playerDocument viewerPhoto viewer/editorOrganizerVoice memo/dialPredictive text input,Yes,No,microUSB 2.0,Qualcomm MSM7227T Snapdragon S1,About 190 EUR,800 MHz ARM 11,"480 x 800 pixels, 5:3 ratio (~217 ppi density)",,Gigabyte,,Yes,"5 MP, AF",Adreno 200,,Discontinued,,Dual SIM (Mini-SIM),
GSM 850 / 900 / 1800 / 1900 - SIM 2,microSDHC (dedicated slot),,120 x 62.5 x 13.9 mm (4.72 x 2.46 x 0.55 in),"2.1, A2DP, EDR",GSM 850 / 900 / 1800 / 1900 - SIM 1,,Up to 4 h 30 min,,"GPS, A-GPS",Yes,,,,,,,No,,Android 2.3 (Gingerbread),HSPA,MP3/AAC+ playerMP4/H.264 playerDocument viewerPhoto viewer/editorOrganizerVoice memoPredictive text input,"TFT, 256K colors",123.3 g (4.34 oz),"Accelerometer, proximity, compass","512MB RAM, 512MB","3.5 inches, 36.5 cm2(~48.6% screen-to-body ratio)",Black,,,Removable Li-Ion 1500 mAh battery,,,GSM / HSPA,HSDPA 900 / 2100 - SIM 1 only,"Wi-Fi 802.11 b/g, hotspot",,Gigabyte GSmart G1345,https://fdn2.gsmarena.com/vv/bigpic/gigabyte-gsmart-g1345.jpg,LED flash,Up to 115 h,,,"2011, Q2",No,Yes,HSDPA 850 / 2100 - SIM 1 only,microUSB 2.0,Qualcomm MSM7227T Snapdragon S1,,800 MHz ARM 11,"320 x 480 pixels, 3:2 ratio (~165 ppi density)",,Gigabyte,,Yes,"5 MP, AF",Adreno 200,,Discontinued,,"Dual SIM (Mini-SIM, no dual stand-by)",
GSM 850 / 900 / 1800 / 1900 - SIM 2,microSDHC (dedicated slot),,121 x 62.5 x 12.5 mm (4.76 x 2.46 x 0.49 in),"3.0, A2DP, EDR",GSM 850 / 900 / 1800 / 1900 - SIM 1,,Up to 4 h 30 min,,"GPS, A-GPS",Yes,,,,,,,FM radio,,Android 4.0 (Ice Cream Sandwich),HSPA,MP3/AAC+ playerMP4/H.264 playerDocument viewerPhoto viewer/editorOrganizerVoice memo/dialPredictive text input,"TFT, 256K colors",120 g (4.23 oz),"Accelerometer, proximity, compass",1GB 512MB RAM,"3.5 inches, 36.5 cm2(~48.2% screen-to-body ratio)",Black,,,Removable Li-Ion 1500 mAh battery,,,GSM / HSPA,HSDPA 900 / 2100 - SIM 1 only,"Wi-Fi 802.11 b/g/n, hotspot",,Gigabyte GSmart G1342 Houston,https://fdn2.gsmarena.com/vv/bigpic/huawei-houston-g1342.jpg,,Up to 115 h,,,2011,No,Yes,HSDPA 850 / 2100 - SIM 1 only,microUSB 2.0,Qualcomm MSM7225AA Snapdragon S1,,800 MHz Cortex-A5,"320 x 480 pixels, 3:2 ratio (~165 ppi density)",,Gigabyte,,Yes,3.15 MP,Adreno 200,,Discontinued,,Dual SIM (Mini-SIM),
GSM 850 / 900 / 1800 / 1900 - SIM 2,microSDHC (dedicated slot),Yes,110 x 59 x 13 mm (4.33 x 2.32 x 0.51 in),"2.1, A2DP, EDR",GSM 850 / 900 / 1800 / 1900 - SIM 1,,Up to 4 h 30 min (2G) / Up to 4 h (3G),,No,Yes,,,"SMS, MMS, Email, Push Email, IM",,"Yes, Photocall",,No,,,HSPA,,"TFT resistive touchscreen, 65K colors",95 g (3.35 oz),,"64MB RAM, 128MB ROM","2.4 inches, 17.8 cm2(~27.5% screen-to-body ratio)",Black,Yes,Yes,Removable Li-Ion 900 mAh battery,HTML,,GSM / HSPA,HSDPA 2100,No,,Gigabyte GSmart M3447,https://fdn2.gsmarena.com/vv/bigpic/Gigabyte-GSmart-M3447.jpg,,Up to 450 h (2G) / Up to 200 h (3G),QWERTY,,2011. Released 2011,,Yes,MP3/eAAC+ playerMP4/H.264 playerDocument viewerPhoto viewer/editorOrganizerVoice memoPredictive text input,Proprietary,,,MediaTek MT6268 246 MHz,"240 x 320 pixels, 4:3 ratio (~167 ppi density)",,Gigabyte,,No,2 MP,,,Discontinued,,Dual SIM (Mini-SIM),
GSM 850 / 900 / 1800 / 1900 - SIM 2,microSDHC (dedicated slot),,113.5 x 60 x 12.9 mm (4.47 x 2.36 x 0.51 in),"2.1, A2DP, EDR",GSM 850 / 900 / 1800 / 1900 - SIM 1,,Up to 4 h 40 min,,"GPS, A-GPS",Yes,,,,,,,FM radio,,Android 2.2 (Froyo),HSPA,,"TFT, 256K colors",117 g (4.13 oz),"Accelerometer, proximity, compass","256MB RAM, 512MB","3.2 inches, 30.5 cm2(~44.8% screen-to-body ratio)","Champagne gold, pearl white",,,Removable Li-Po 1260 mAh battery,HTML,,GSM / HSPA,HSDPA 900 / 2100 - SIM 1 only,"Wi-Fi 802.11 b/g, hotspot",,Gigabyte GSmart G1310,https://fdn2.gsmarena.com/vv/bigpic/gigabyte-g1310.jpg,,Up to 255 h,,,"2011, January. Released 2011, July",MP3/AAC+ playerMP4/H.264 playerDocument viewerPhoto viewer/editorOrganizerVoice memoPredictive text input,Yes,No,microUSB 2.0,Qualcomm MSM7225-1 Snapdragon S1,About 10 EUR,528 MHz ARM 11,"320 x 480 pixels, 3:2 ratio (~180 ppi density)",,Gigabyte,,Yes,"5 MP, AF",No,,Discontinued,,Dual SIM (Mini-SIM),
GSM 850 / 900 / 1800 / 1900 - SIM 2,microSDHC (dedicated slot),,113.5 x 60 x 13.3 mm (4.47 x 2.36 x 0.52 in),"2.1, A2DP, EDR",GSM 850 / 900 / 1800 / 1900 - SIM 1,,Up to 6 h 30 min,,"GPS, A-GPS",Yes,,MP3/WAV/WMA/eAAC+ playerMP4/WMV/H.264 playerOrganizerOffice document viewerVoice memoPredictive text input,,,,,Stereo FM radio,,Android 2.2 (Froyo),HSPA,No,"TFT resistive touchscreen, 16M colors",116 g (4.09 oz),"Accelerometer, proximity, compass",512MB 256MB RAM,"3.2 inches, 29.1 cm2(~42.8% screen-to-body ratio)","Glossy Black, Glossy White",,,Removable Li-Ion 1260 mAh battery,HTML,,GSM / HSPA,HSDPA 900 / 2100 - SIM 1 only,"Wi-Fi 802.11 b/g, hotspot",,Gigabyte GSmart G1317 Rola,https://fdn2.gsmarena.com/vv/bigpic/gigabyte-gsmart-rola.jpg,LED flash,Up to 115 h,,,"2010, November. Released 2011, April",,Yes,HSDPA 850 / 2100 - SIM 1 only,microUSB 2.0,Qualcomm MSM7225 Snapdragon S1,About 130 EUR,528 MHz ARM 11,"240 x 400 pixels, 5:3 ratio (~146 ppi density)",,Gigabyte,,Yes,3.15 MP,No,,Discontinued,,"Dual SIM (Mini-SIM, dual stand-by)",
GSM 850 / 900 / 1800 / 1900 - SIM 2,microSDHC (dedicated slot),,113.5 x 61.3 x 13.3 mm (4.47 x 2.41 x 0.52 in),"2.1, A2DP",GSM 850 / 900 / 1800 / 1900 - SIM 1,,Up to 6 h 30 min,,"GPS, A-GPS",Yes,,,,,,,Stereo FM radio,,Android 2.2 (Froyo),HSPA,,"TFT, 256K colors",118 g (4.16 oz),"Accelerometer, proximity, compass","256MB RAM, 512MB","3.5 inches, 36.5 cm2(~52.4% screen-to-body ratio)","Black, white",,,Removable Li-Ion 1260 mAh battery,HTML,,GSM / HSPA,HSDPA 900 / 2100,"Wi-Fi 802.11 b/g, hotspot",,Gigabyte GSmart G1315 Skate,https://fdn2.gsmarena.com/vv/bigpic/GSmart-Skate-G1315.jpg,,Up to 115 h,,,"2011. Released 2011, October",MP3/WAV/WMA/eAAC+ playerMP4/WMV/H.264 playerOrganizerOffice document viewerVoice memoPredictive text input,Yes,No,microUSB 2.0,Qualcomm MSM7225-1 Snapdragon S1,,528 MHz ARM 11,"320 x 480 pixels, 3:2 ratio (~165 ppi density)",,Gigabyte,,Yes,"5 MP, AF",No,,Discontinued,,"Dual SIM (Mini-SIM, dual stand-by)",
GSM 850 / 900 / 1800 / 1900 - SIM 2,microSDHC (dedicated slot),,110.6 x 55 x 13.1 mm (4.35 x 2.17 x 0.52 in),"2.1, A2DP",GSM 850 / 900 / 1800 / 1900 - SIM 1,,Up to 4 h,,"GPS, A-GPS",Yes,,,,Voice 67dB / Noise 75dB / Ring 66dB,,Class 10,Stereo FM radio,Photo,Microsoft Windows Mobile 6.5 Professional,,,"TFT resistive touchscreen, 65K colors",114.5 (4.02 oz),,"256MB ROM, 128MB RAM","3.2 inches, 29.1 cm2(~47.9% screen-to-body ratio)",Black,,,Removable Li-Po 1320 mAh battery,"WAP 2.0/xHTML, HTML",,GSM,,Wi-Fi 802.11 b/g,,Gigabyte GSmart S1205,https://fdn2.gsmarena.com/vv/bigpic/gigabyte-gsmart-s1205.jpg,,Up to 150 h,,,"2010, March. Released 2010, April",MP3/WAV/WMA/eAAC+ playerMP4/WMV/H.264 playerPocket OfficeOrganizerVoice memo/dialPredictive text input,480p,No,microUSB 2.0,,About 150 EUR,416 MHz Media Tek MT6516,"240 x 400 pixels, 5:3 ratio (~146 ppi density)",Noise -89.6dB / Crosstalk -88.2dB,Gigabyte,,Yes,3.15 MP,,,Discontinued,Class 12,"Dual SIM (Mini-SIM, dual stand-by)",
,microSDHC (dedicated slot),,116 x 56.8 x 12.4 mm (4.57 x 2.24 x 0.49 in),"2.0, A2DP",GSM 850 / 900 / 1800 / 1900,,Up to 7 h 10 min,,"GPS, A-GPS",Yes,,,,,,,,,Android 1.6 (Donut),HSPA 7.2/0.384 Mbps,,"TFT, 256K colors",118 g (4.16 oz),Accelerometer,256MB RAM,"3.2 inches, 30.5 cm2(~46.3% screen-to-body ratio)","Black, White",,,Removable Li-Po 1230 mAh battery,HTML,,GSM / HSPA,HSDPA 900 / 1900 / 2100,Wi-Fi 802.11 b/g,,Gigabyte GSmart G1305 Boston,https://fdn2.gsmarena.com/vv/bigpic/gigabyte-gsmart-g1305-codfish-ofic.jpg,LED flash,Up to 410 h,,,"2010, April. Released 2010, April",,Yes,MP3/WAV/eAAC+ playerMP4/H.264 playerDocument viewerPhoto viewer/editorOrganizerVoice memoPredictive text input,2.0,Qualcomm MSM7227 Snapdragon S1,About 110 EUR,600 MHz ARM 11,"320 x 480 pixels, 3:2 ratio (~180 ppi density)",,Gigabyte,,Yes,"5 MP, AF",Adreno 200,,Discontinued,,Mini-SIM,
Pocket OfficeMP3/eAAC+/WMA/WAV/AMR playerWMV/MP4/3gp playerOrganizerBusiness card scannerPredictive text input,microSD (dedicated slot),,117 x 59.8 x 14.8 mm (4.61 x 2.35 x 0.58 in),"2.0, A2DP",GSM 900 / 1800 / 1900,,Up to 4 h,,"GPS, A-GPS; SiRF Star III chipset",Yes,,,,,,,"Stereo FM radio, RDS",,Microsoft Windows Mobile 6.1 Professional,HSPA 3.6/0.384 Mbps,,"TFT resistive touchscreen, 65K colors",130 g (4.59 oz),,"128MB RAM, 256MB ROM","2.8 inches, 24.3 cm2(~34.7% screen-to-body ratio)",Iron Gray,,VGA videocall camera,Removable Li-Po 1300 mAh battery,WAP 2.0/xHTML,,GSM / HSPA,HSDPA 2100,Wi-Fi 802.11b/g,,Gigabyte GSmart MS802,https://fdn2.gsmarena.com/vv/bigpic/gigabyte-gsmart-ms802.jpg,,Up to 150 h,,,"2009, June. Released 2009, Q3",,Yes,,miniUSB 2.0,,,520MHz Marvell PXA270,"240 x 320 pixels, 4:3 ratio (~143 ppi density)",,Gigabyte,,No,"3.15 MP, AF",,,Discontinued,,Mini-SIM,
No,microSD (dedicated slot),,117 x 59.8 x 14.8 mm (4.61 x 2.35 x 0.58 in),"2.0, A2DP",GSM 900 / 1800 / 1900,,Up to 4 h,,"GPS, A-GPS; SiRF Star III chipset",Yes,,,,,,Yes,"Stereo FM radio, RDS",,Microsoft Windows Mobile 6.1 Professional,,,"TFT resistive touchscreen, 65K colors",130 g (4.59 oz),,"128MB RAM, 256MB ROM","2.8 inches, 24.3 cm2(~34.7% screen-to-body ratio)",Iron Gray,,,Removable Li-Po 1300 mAh battery,WAP 2.0/xHTML,,GSM,,Wi-Fi 802.11b/g,,Gigabyte GSmart MW702,https://fdn2.gsmarena.com/vv/bigpic/gigabyte-gsmart-mw702.jpg,,Up to 150 h,,,"2009, June. Released 2009, Q3",,Yes,Pocket OfficeMP3/eAAC+/WMA/WAV/AMR playerWMV/MP4/3gp playerOrganizerBusiness card scannerPredictive text input,miniUSB 2.0,,,520MHz Marvell PXA270,"240 x 320 pixels, 4:3 ratio (~143 ppi density)",,Gigabyte,,No,"3.15 MP, AF",,,Discontinued,Class 12,Mini-SIM,
HSDPA 850 / 1900 / 2100 - American version,microSDHC (dedicated slot),,106 x 52 x 11.4 mm (4.17 x 2.05 x 0.45 in),"2.0, A2DP",GSM 850 / 900 / 1800 / 1900,,Up to 4 h,,"GPS, A-GPS; SiRF Star III chipset",Yes,,,,,,,"Stereo FM radio, RDS",,Microsoft Windows Mobile 6.1/6.5 Professional,HSPA 7.2/2 Mbps,,"TFT resistive touchscreen, 65K colors",102.5 g (3.60 oz),Accelerometer,"288MB RAM, 512MB ROM","3.1 inches, 27.4 cm2(~49.6% screen-to-body ratio)",Black,,VGA videocall camera,Removable Li-Po 1010 mAh battery,WAP 2.0/xHTML,,GSM / HSPA,HSDPA 900 / 2100,Wi-Fi 802.11b/g,,Gigabyte GSmart S1200,https://fdn2.gsmarena.com/vv/bigpic/gigabyte-gsmart-s1200.jpg,LED flash,Up to 150 h,,,"2009, February. Released 2009, August",Pocket OfficeMP3/еAAC+/WMA/AMR playerWMV/MP4/3gp playerOrganizerТ9,Yes,Smart Vision touch UIG-Widget,miniUSB 2.0,Qualcomm MSM7200A,,528 MHz ARM 11,"480 x 800 pixels, 5:3 ratio (~301 ppi density)",,Gigabyte,,No,"3.15 MP, AF",Adreno 130,,Discontinued,,Mini-SIM,
Pocket OfficeMP3/eAAC+/WMA/WAV/AMR playerWMV/MP4/3gp playerOrganizerBusiness card scannerPredictive text input,microSD (dedicated slot),,116 x 59 x 14.1 mm (4.57 x 2.32 x 0.56 in),"2.0, A2DP",GSM 900 / 1800 / 1900,,Up to 4 h,"Vibration; Downloadable polyphonic, MP3, WAV, WMA ringtones","GPS, A-GPS; SiRF Star III chipset",Yes,,,,,,,"Stereo FM radio, RDS",,Microsoft Windows Mobile 6.1 Professional,HSPA 7.2/0.384 Mbps,,"TFT resistive touchscreen, 65K colors",105 g (3.70 oz),Accelerometer,"128MB RAM, 256MB ROM","2.8 inches, 24.3 cm2(~35.5% screen-to-body ratio)",Dark Gray,,VGA videocall camera,Removable Li-Po 1300 mAh battery,WAP 2.0/xHTML,,GSM / HSPA,HSDPA 2100,Wi-Fi 802.11b/g,,Gigabyte GSmart MS820,https://fdn2.gsmarena.com/vv/bigpic/ms820.jpg,LED flash,Up to 150 h,,,"2008, June. Released 2009",,Yes,,miniUSB 2.0,,About 380 EUR,Marvell PXA270 520MHz,"480 x 640 pixels, 4:3 ratio (~286 ppi density)",,Gigabyte,,No,"5 MP, AF",,,Discontinued,,Mini-SIM,
Pocket OfficeMP3/eAAC+/WMA/WAV/AMR playerWMV/MP4/3gp playerOrganizerBusiness card scannerPredictive text input,microSD (dedicated slot),,116 x 59 x 15 mm (4.57 x 2.32 x 0.59 in),"2.0, A2DP",GSM 900 / 1800 / 1900,,Up to 4 h,"Vibration; Downloadable polyphonic, MP3, WAV, WMA ringtones","GPS, A-GPS; SiRF Star III chipset",Yes,,,,,,,"Stereo FM radio, RDS",,Microsoft Windows Mobile 6.0 Professional,HSPA 3.6/0.384 Mbps,,"TFT resistive touchscreen, 65K colors",133 g (4.69 oz),,"64MB RAM, 256MB ROM","2.8 inches, 24.3 cm2(~35.5% screen-to-body ratio)",Black,,VGA videocall camera,Removable Li-Po 1300 mAh battery,WAP 2.0/xHTML,,GSM / HSPA,HSDPA 2100,Wi-Fi 802.11b/g,,Gigabyte GSmart MS800,https://fdn2.gsmarena.com/vv/bigpic/ms800.jpg,,Up to 150 h,,,"2008, February. Released 2008, September",,Yes,,miniUSB 1.1,,About 360 EUR,Marvell PXA270 520MHz,"240 x 320 pixels, 4:3 ratio (~143 ppi density)",,Gigabyte,,No,2 MP,,,Discontinued,,Mini-SIM,
No,microSD (dedicated slot),,110.5 x 55.5 x 18.5 mm (4.35 x 2.19 x 0.73 in),2.0,GSM 850 / 900 / 1800 / 1900,,Up to 4 h,"Vibration; Downloadable polyphonic, MP3, WAV, WMA ringtones",No,No,,,,,,No,No,,Microsoft Windows Mobile 6.0 Professional,,,"TFT resistive touchscreen, 256K colors (65K effective)",140 g (4.94 oz),,"64MB RAM, 256MB ROM","2.6 inches, 20.9 cm2(~34.1% screen-to-body ratio)",Black,,,Removable Li-Ion 1300 mAh battery,"WAP 2.0/xHTML, HTML",,GSM,,Wi-Fi 802.11b/g,,Gigabyte GSmart MW998,https://fdn2.gsmarena.com/vv/bigpic/gsmart_mw998.jpg,,Up to 150 h,,,"2008, February. Released 2008",,Yes,Pocket OfficeMP3/AAC/AAC+/WMA/OGG/AMR playerWMV/MP4 playerOrganizer,miniUSB 1.1,,,Marvell PXA270 520MHz,"480 x 640 pixels, 4:3 ratio (~308 ppi density)",,Gigabyte,,No,"2 MP, AF",,,Discontinued,Class 10,Mini-SIM,
No,microSD (dedicated slot),,116 x 59 x 15 mm (4.57 x 2.32 x 0.59 in),"2.0, A2DP",GSM 900 / 1800 / 1900,,Up to 4 h,"Vibration; Downloadable polyphonic, MP3, WAV, WMA ringtones","GPS, A-GPS; SiRF Star III chipset",Yes,,,,,,Class 10,"Stereo FM radio, RDS",,Microsoft Windows Mobile 6.0 Professional,,,"TFT resistive touchscreen, 65K colors",133 g (4.69 oz),,"64MB RAM, 256MB ROM","2.8 inches, 24.3 cm2(~35.5% screen-to-body ratio)",White Light,,,Removable Li-Po 1300 mAh battery,WAP 2.0/xHTML,,GSM,,Wi-Fi 802.11b/g,,Gigabyte GSmart MW700,https://fdn2.gsmarena.com/vv/bigpic/gsmart-mw700.jpg,,Up to 150 h,,,"2008, February. Released 2008",,Yes,Pocket OfficeMP3/eAAC+/WMA/WAV/AMR playerWMV/MP4/3gp playerOrganizerBusiness card scannerPredictive text input,miniUSB 1.1,,,Marvell PXA270 520MHz,"240 x 320 pixels, 4:3 ratio (~143 ppi density)",,Gigabyte,,No,"2 MP, AF",,,Discontinued,Class 12,Mini-SIM,
Trackball,microSDHC (dedicated slot),,103 x 54 x 13.4 mm (4.06 x 2.13 x 0.53 in),"2.0, A2DP",GSM 900 / 1800,,,,"GPS, A-GPS",Yes,,,,,,,,,Android 1.6 (Donut),HSPA 7.2/0.384 Mbps,,"TFT, 256K colors",-,Accelerometer,"256MB RAM, 512MB","2.8 inches, 24.3 cm2(~43.7% screen-to-body ratio)",Black,,,Removable Li-Ion 1500 mAh battery,HTML,,GSM / HSPA,HSDPA 900 / 2100,Wi-Fi 802.11 b/g,,Gigabyte GSmart,https://fdn2.gsmarena.com/vv/bigpic/Gigabyte-GSmart.jpg,,,,,Not officially announced yet,Dedicated search keyMP3/eAAC+/WAV/WMA9 playerMP4/H.264/WMV9 playerPhoto editorOrganizerVoice memoPredictive text input,Yes,,Proprietary,Qualcomm MSM7225 Snapdragon S1,,528 MHz ARM 11,"240 x 320 pixels, 4:3 ratio (~143 ppi density)",,Gigabyte,,Yes,"2 MP, AF",No,,Cancelled,,Mini-SIM,
No,"miniSD, SDHC",,110 x 54 x 18 mm (4.33 x 2.13 x 0.71 in),2.0,GSM 850 / 900 / 1800 / 1900,,,"Vibration; Downloadable polyphonic, MP3, MIDI ringtones","GPS, SiRF Star III chipset",No,,,,,,No,No,,Microsoft Windows Mobile 6.0 Professional,,,"TFT resistive touchscreen, 256K colors (65K effective)",130 g (4.59 oz),,256MB 64MB RAM,"2.6 inches, 20.9 cm2(~35.2% screen-to-body ratio)","Black, White",,,Removable Li-Ion 1300 mAh battery,WAP 2.0/xHTML,,GSM,,Wi-Fi 802.11b/g,,Gigabyte GSmart i350,https://fdn2.gsmarena.com/vv/bigpic/gigabyte-i350.gif,LED flash,Up to 160 h,,,"2007, June. Released 2008, December",,Yes,Pocket OfficeMP3/AAC/AAC+/WMA/OGG/AMR playerWMV/MP4 playerJavaOrganizer,miniUSB 2.0,,,Intel XScale PXA270 520 MHz,"480 x 640 pixels, 4:3 ratio (~308 ppi density)",,Gigabyte,,No,"2 MP, AF",,,Discontinued,Class 12,Mini-SIM,
"Intel XScale PXA270, 520MHz",microSD (dedicated slot),,111 x 64 x 14 mm (4.37 x 2.52 x 0.55 in),2.0,GSM 900 / 1800 / 1900,,,"Vibration; Downloadable polyphonic, MP3, MIDI ringtones",No,No,,,,,,,No,,Microsoft Windows Mobile 6 Professional,HSPA,,"TFT resistive touchscreen, 256K colors (65K effective)",,,"96MB RAM, 256MB ROM","2.5 inches, 19.4 cm2(~27.2% screen-to-body ratio)",Silver,,VGA videocall camera,Removable Li-Ion battery,"WAP 2.0/xHTML, HTML (IE)",,GSM / HSPA,HSDPA 2100,No,,Gigabyte GSmart q60,https://fdn2.gsmarena.com/vv/bigpic/gigabyte-q60.gif,LED flash,,QWERTY,,"2007, February",,Yes,Pocket OfficeMP3/AAC/AAC+/WMA/OGG/AMR playerWMV/MP4 playerOrganizer,miniUSB 2.0,,,Intel XScale PXA270 520MHz,"320 x 240 pixels, 4:3 ratio (~160 ppi density)",,Gigabyte,,No,"2 MP, AF",,,Cancelled,,Mini-SIM,
"Intel XScale PXA270, 520MHz",microSD (dedicated slot),,110 x 55.5 x 18.5 mm (4.33 x 2.19 x 0.73 in),2.0,GSM 850 / 900 / 1800 / 1900,,Up to 3 h,"Vibration; Downloadable polyphonic, MP3, MIDI ringtones",No,No,,,,,,No,T-DMB radio,,Microsoft Windows Mobile 6 Professional,,,"TFT resistive touchscreen, 65K colors",140 g (4.94 oz),,153MB 64MB RAM 256MB ROM,"2.6 inches, 20.9 cm2(~34.3% screen-to-body ratio)",White,,,Removable Li-Ion 1300 mAh battery,"WAP 2.0/xHTML, HTML (IE)",,GSM,,Wi-Fi 802.11b/g,,Gigabyte GSmart t600,https://fdn2.gsmarena.com/vv/bigpic/gigabyte-t600.gif,LED flash,Up to 150 h,,,"2007, February",DVB-H/T TV broadcast receiverPocket OfficeMP3/AAC/AAC+/WMA/OGG/AMR playerWMV/MP4 playerT-DMB radioOrganizer,320p,No,miniUSB 2.0,,,Intel XScale PXA270 520MHz,"480 x 640 pixels, 4:3 ratio (~308 ppi density)",,Gigabyte,,No,"2 MP, AF",,,Discontinued,Class 10,Mini-SIM,
"Intel XScale PXA272, 520MHz",miniSD,,102.5 x 51.5 x 19 mm (4.04 x 2.03 x 0.75 in),2.0,GSM 900 / 1800 / 1900,,Up to 3 h,"Vibration; Downloadable polyphonic, MP3, MIDI ringtones","GPS, SiRF Star III chipset",No,,,,,,No,No,,Microsoft Windows Mobile 5.0 for PocketPC Phone Edition(AKU2),,,"TFT resistive touchscreen, 256K colors (65K effective)",116 g (4.09 oz),,"64MB RAM, 256MB ROM","2.4 inches, 17.8 cm2(~33.8% screen-to-body ratio)",Silver,,,Removable Li-Ion 920 mAh battery,WAP 2.0/xHTML,,GSM,,Wi-Fi 802.11b/g,,Gigabyte GSmart i300,https://fdn2.gsmarena.com/vv/bigpic/gigabyte-i300.gif,LED flash,Up to 110 h,,,"2006, Q2",Pocket OfficeMP3/AAC/AAC+/WMA/OGG/AMR playerWMV/MP4 playerOrganizer,Yes,No,miniUSB 2.0,,About 300 EUR,Intel XScale PXA272 520MHz,"240 x 320 pixels, 4:3 ratio (~167 ppi density)",,Gigabyte,,No,"2.1 MP, AF",,,Discontinued,Class 10,Mini-SIM,
No,miniSD,,106.6 x 53.2 x 19.8 mm (4.20 x 2.09 x 0.78 in),1.2,GSM 900 / 1800 / 1900,,Up to 3.5 h,"Vibration; Downloadable polyphonic, MP3, WMA, AMR, MID ringtones",No,No,,,,,,No,FM radio,,Microsoft Windows Mobile 5.0 for PocketPC Phone Edition(AKU3.3),,,"TFT resistive touchscreen, 256K colors (65K effective)",130 g (4.59 oz),,"64MB RAM, 256MB ROM","2.4 inches, 17.8 cm2(~31.5% screen-to-body ratio)",Silver-black,,,Removable Li-Ion 920/1300 mAh battery,"WAP 2.0/xHTML, HTML (PocketIE)",,GSM,,Wi-Fi 802.11 b/g,,Gigabyte GSmart i120,https://fdn2.gsmarena.com/vv/bigpic/gigabyte-g-smarti120.gif,LED flash,Up to 125 h,,,"2006, December",,Yes,Analog TV tuner (NTSC/PAL/Secam)Pocket OfficeMP3/AAC/AAC+/WMA/OGG/AMR playerWMV/MP4 playerWise TalkSmart InputAudio MixerZIP ToolOrganizer,miniUSB 1.1,,About 320 EUR,Intel PXA272 416 MHz,"240 x 320 pixels, 4:3 ratio (~167 ppi density)",,Gigabyte,,No,2 MP,,,Discontinued,Class 10,Mini-SIM,
No,miniSD,,109 x 53.5 x 24 mm (4.29 x 2.11 x 0.94 in),1.2,GSM 900 / 1800 / 1900,,Up to 3 h,"Vibration; Downloadable polyphonic, MP3, WMA, AMR, MID ringtones",No,No,,,,,,No,FM radio,,Microsoft Windows Mobile 5.0 for PocketPC Phone Edition(AKU2),,,"TFT resistive touchscreen, 256K colors (65K effective)",153 g (5.40 oz),,"64MB RAM, 64MB ROM","2.4 inches, 17.8 cm2(~30.6% screen-to-body ratio)",Black,,,Removable Li-Ion 840 mAh battery,WAP 2.0,,GSM,,Wi-Fi 802.11b,,Gigabyte GSmart 2005,https://fdn2.gsmarena.com/vv/bigpic/gigabyte-g-smart.gif,LED flash,Up to 110 h,,,2005,,Yes,TV-receiver: NTSC/PAL3D mapsVoice navigation systemMP3/MP4 playerOrganizer,miniUSB 1.1,,About 170 EUR,Intel PXA272 416 MHz,"240 x 320 pixels, 4:3 ratio (~167 ppi density)",,Gigabyte,,No,2.1 MP,,,Discontinued,Class 10,Mini-SIM,
No,miniSD,,106.2 x 53 x 19.5 mm (4.18 x 2.09 x 0.77 in),1.2,GSM 900 / 1800 / 1900,,Up to 3 h 30 min,"Vibration; Downloadable polyphonic, MP3, WMA, AMR, MID ringtones",No,No,,,,,,No,FM radio,,Microsoft Windows Mobile 5.0 for PocketPC Phone Edition(AKU2),,,"TFT resistive touchscreen, 256K colors (65K effective)",130 g (4.59 oz),,"64MB RAM, 64MB ROM","2.4 inches, 17.8 cm2(~31.7% screen-to-body ratio)",Silver,,,Removable Li-Ion 920/1300 mAh battery,WAP 2.0,,GSM,,Wi-Fi 802.11b,,Gigabyte GSmart i,https://fdn2.gsmarena.com/vv/bigpic/gigabyte-g-smarti.gif,LED flash,Up to 170 h,,,2005,,Yes,TV-receiver: NTSC/PALPocket GhostZip ToolMP3/MP4 playerOrganizer,miniUSB 1.1,,About 190 EUR,Intel PXA272 416 MHz,"240 x 320 pixels, 4:3 ratio (~167 ppi density)",,Gigabyte,,No,2.1 MP,,,Discontinued,Class 10,Mini-SIM,
No,miniSD,,106.6 x 53.2 x 19.8 mm (4.20 x 2.09 x 0.78 in),1.2,GSM 900 / 1800 / 1900,,Up to 3 h 30 min,"Vibration; Downloadable polyphonic, MP3, WMA, AMR, MID ringtones",No,Yes,,,,,,No,FM radio,,Microsoft Windows Mobile 5.0 for PocketPC Phone Edition(AKU2),,,"TFT resistive touchscreen, 256K colors (65K effective)",130 g (4.59 oz),,"64MB RAM, 128MB ROM","2.4 inches, 17.8 cm2(~31.5% screen-to-body ratio)",Silver,,,Removable Li-Ion 920/1300 mAh battery,WAP 2.0/xHTML,,GSM,,Wi-Fi 802.11 b/g,,Gigabyte GSmart i (128),https://fdn2.gsmarena.com/vv/bigpic/gigabyte-g-smarti128.gif,LED flash,Up to 125 h,,,2005,,Yes,Analog TV tuner (NTSC/PAL/Secam)Pocket OfficeWindows MPlayer 10OrganizerVoice memo,miniUSB 1.1,,About 270 EUR,Intel PXA272 416 MHz,"240 x 320 pixels, 4:3 ratio (~167 ppi density)",,Gigabyte,,No,2 MP,,,Discontinued,Class 10,Mini-SIM,
No,miniSD,3D game/ 3-axis games,99.7 x 48.5 x 19.8 mm (3.93 x 1.91 x 0.78 in),No,GSM 900 / 1800 / 1900,,Up to 5 h,"Vibration; Downloadable polyphonic, MP3 ringtones",GPS,No,,,"SMS, EMS, MMS",,500 entries,No,No,,,,,"TFT resistive touchscreen, 256K colors",105g (3.70 oz),,64MB,"2.0 inches, 12.6 cm2(~26.0% screen-to-body ratio)",Silver,"20 dialed, 20 received, 20 missed calls",,Removable Li-Ion 1050 mAh battery,WAP 2.0,,GSM,,No,,Gigabyte g-YoYo,https://fdn2.gsmarena.com/vv/bigpic/gigabyte-g-yoyo.gif,,Up to 300 h,,,2006,,Yes,GPS ApplicationsMP3/MP4 playerOrganizer,No,,,,176 x 220 pixels (~141 ppi density),,Gigabyte,No,No,2 MP,,,Discontinued,Class 10,Mini-SIM,
- Dual display (half and full-screen),miniSD,Yes,105 x 46 x 24.1 mm (4.13 x 1.81 x 0.95 in),No,GSM 900 / 1800 / 1900,,Up to 3 h,"Vibration; Downloadable polyphonic, MIDI, MP3, WAV ringtones",No,No,,,"SMS, EMS, MMS",,500 entries,No,No,,,,MP3/MP4 playerPersonal Yellow PageText to speechTv-outPC SyncPictBridge photo plug-and-printOrganizer,"TFT resistive touchscreen, 256K colors",113g (3.99 oz),,,"2.0 inches, 12.6 cm2(~26.1% screen-to-body ratio)",Silver,"20 dialed, 20 received, 20 missed calls",,Removable Li-Ion 700 mAh battery,WAP 2.0,,GSM,,No,,Gigabyte g-Cam,https://fdn2.gsmarena.com/vv/bigpic/gigabyte-g-cam.gif,xenon flash,Up to 200 h,,,2005,No,Yes,,Proprietary,,,,176 x 220 pixels (~141 ppi density),,Gigabyte,"Yes, MIDP 2.0",No,"5 MP, AF",,,Discontinued,Class 10,Mini-SIM,
,miniSD,Yes,96.7 x 54 x 25.6 mm (3.81 x 2.13 x 1.01 in),No,GSM 900 / 1800 / 1900,,Up to 5 h,"Vibration; Downloadable polyphonic, MP3 ringtones",No,No,,,"SMS, EMS, MMS",,500 entries,No,No,,,,,"TFT, 260K colors",106 g (3.74 oz),,,"2.0 inches, 12.6 cm2(~24.1% screen-to-body ratio)","Blue, Pink, Orange","20 dialed, 20 received, 20 missed calls",,Removable Li-Ion 700 mAh battery,WAP 2.0,,GSM,,No,,Gigabyte Barbie,https://fdn2.gsmarena.com/vv/bigpic/gigabyte-barbie.gif,,Up to 240 h,,,"2005, December",BMI calculatorFood calorie indexMP3/MP4 playerOrganizer,Yes,No,No,,,,176 x 220 pixels (~141 ppi density),,Gigabyte,Yes,No,1 MP,,,Discontinued,Class 10,Mini-SIM,
,miniSD,Yes,96.7 x 54 x 25.6 mm (3.81 x 2.13 x 1.01 in),No,GSM 900 / 1800 / 1900,,Up to 5 h,"Vibration; Downloadable polyphonic, MP3 ringtones",No,No,,,"SMS, EMS, MMS",,500 entries,No,No,,,,,"TFT, 2.6M colors",106 g (3.74 oz),,,"2.0 inches, 12.6 cm2(~24.1% screen-to-body ratio)","Hippy Orange, Hip-Hop Blue","20 dialed, 20 received, 20 missed calls",,Removable Li-Ion 700 mAh battery,WAP 2.0,,GSM,,No,,Gigabyte g-re (b),https://fdn2.gsmarena.com/vv/bigpic/gigabyte-g-re.gif,,Up to 240 h,,,2005,MP3/MP4 player3-axis motion sensorOrganizer,Yes,No,No,,,,176 x 220 pixels (~141 ppi density),,Gigabyte,Yes,No,1.3 MP,,,Discontinued,Class 10,Mini-SIM,
,miniSD,Yes,96.7 x 54 x 25.6 mm (3.81 x 2.13 x 1.01 in),No,GSM 900 / 1800 / 1900,,Up to 5 h,"Vibration; Downloadable polyphonic, MP3 ringtones",No,No,,,"SMS, EMS, MMS",,500 entries,No,No,,,,,"TFT, 2.6M colors",106 g (3.74 oz),,,"2.0 inches, 12.6 cm2(~24.1% screen-to-body ratio)","Hippy Orange, Hip-Hop Blue","20 dialed, 20 received, 20 missed calls",,Removable Li-Ion 700 mAh battery,WAP 2.0,,GSM,,No,,Gigabyte g-re (o),https://fdn2.gsmarena.com/vv/bigpic/gigabyte-g-re.gif,,Up to 240 h,,,2005,MP3/MP4 player3-axis motion sensorOrganizer,Yes,No,No,,,,176 x 220 pixels (~141 ppi density),,Gigabyte,Yes,No,1.3 MP,,,Discontinued,Class 10,Mini-SIM,
,miniSD,Snoopy,96.7 x 54 x 25.6 mm (3.81 x 2.13 x 1.01 in),No,GSM 900 / 1800 / 1900,,Up to 5 h,"Vibration; Downloadable polyphonic, MP3 ringtones",No,No,,,"SMS, EMS, MMS",,500 entries,No,No,,,,,"TFT, 2.6M colors",106 g (3.74 oz),,,"2.0 inches, 12.6 cm2(~24.1% screen-to-body ratio)",White,"20 dialed, 20 received, 20 missed calls",,Removable Li-Ion 700 mAh battery,WAP 2.0,,GSM,,No,,Gigabyte Snoopy,https://fdn2.gsmarena.com/vv/bigpic/gigabyte-snoopy.gif,,Up to 240 h,,,2005,MP3/MP4 playerOrganizer,Yes,No,No,,,,176 x 220 pixels (~141 ppi density),,Gigabyte,Yes,No,1 MP,,,Discontinued,Class 10,Mini-SIM,
,miniSD,Snoopy,96.7 x 54 x 25.6 mm (3.81 x 2.13 x 1.01 in),No,GSM 900 / 1800 / 1900,,Up to 5 h,"Vibration; Downloadable polyphonic, MP3 ringtones",No,No,,,"SMS, EMS, MMS",,500 entries,No,No,,,,,"TFT, 2.6M colors",106 g (3.74 oz),,,"2.0 inches, 12.6 cm2(~24.1% screen-to-body ratio)",White,"20 dialed, 20 received, 20 missed calls",,Removable Li-Ion 700 mAh battery,WAP 2.0,,GSM,,No,,Gigabyte Keroro,https://fdn2.gsmarena.com/vv/bigpic/gigabyte-keroro.gif,,Up to 240 h,,,2005,MP3/MP4 playerEnglish TutorLunar and solar calendarCalorie CalculatorOrganizer,Yes,No,No,,,,176 x 220 pixels (~141 ppi density),,Gigabyte,No,No,1.3 MP,,,Discontinued,Class 10,Mini-SIM,
,miniSD,Doraemon,96.7 x 54 x 25.6 mm (3.81 x 2.13 x 1.01 in),No,GSM 900 / 1800 / 1900,,Up to 5 h,"Vibration; Downloadable polyphonic, MP3 ringtones",No,No,,,"SMS, EMS, MMS",,500 entries,No,No,,,,,"TFT, 2.6M colors",106 g (3.74 oz),,,"2.0 inches, 12.6 cm2(~24.1% screen-to-body ratio)",Black,"20 dialed, 20 received, 20 missed calls",,Removable Li-Ion 700 mAh battery,WAP 2.0,,GSM,,No,,Gigabyte Doraemon,https://fdn2.gsmarena.com/vv/bigpic/gigabyte-doraemon.gif,,Up to 240 h,,,2005,MP3/MP4 playerOrganizer,Yes,No,No,,,,176 x 220 pixels (~141 ppi density),,Gigabyte,Yes,No,1 MP,,,Discontinued,Class 10,Mini-SIM,
,miniSD,Yes,96.7 x 54 x 25.6 mm (3.81 x 2.13 x 1.01 in),No,GSM 900 / 1800 / 1900,,Up to 5 h,"Vibration; Downloadable polyphonic, MP3 ringtones",No,No,,,"SMS, EMS, MMS",,500 entries,No,No,,,,,"TFT, 2.6M colors",106 g (3.74 oz),,,"2.0 inches, 12.6 cm2(~24.1% screen-to-body ratio)",Black,"20 dialed, 20 received, 20 missed calls",,Removable Li-Ion 700 mAh battery,WAP 2.0,,GSM,,No,,Gigabyte g-X5,https://fdn2.gsmarena.com/vv/bigpic/gigabyte-g-x5.gif,,Up to 240 h,,,"2005, September",E-mapBuilt-in 3 axis sensorMP3/MP4 playerOrganizer,Yes,No,No,,,,176 x 220 pixels (~141 ppi density),,Gigabyte,Yes,No,1 MP,,,Discontinued,Class 10,Mini-SIM,
