,Card slot,Games,Dimensions,Bluetooth,2G bands,4G bands,Features_1,Talk time,Alert types,Positioning,Infrared port,Loudspeaker,Stand-by_1,Messaging,Phonebook,EDGE,Radio,Build,OS,Speed,_3,Type,Weight,Sensors,Internal,Size,Colors,Call records,Single_1,Type_1,Browser,Protection,Technology,3G bands,WLAN,NFC,Model Name,Model Image,Features,Keyboard,Stand-by,Talk time_1,Announced,_2,Video,_1,USB,Chipset,Price,CPU,Resolution,Brand,Java,Dual,3.5mm jack,Single,GPU,Video_1,Charging,Status,GPRS,SIM,SAR EU
Flashlight,microSDHC,No,97.4 x 47.9 x 17.9 mm (3.83 x 1.89 x 0.70 in),Yes,GSM 850 / 900 / 1800 / 1900,,,,,No,,Yes,,SMS,Yes,No,FM radio,,,,,"TFT, 65K colors",80 g (2.82 oz),,"32MB ROM, 32MB RAM","1.77 inches, 9.9 cm2(~21.1% screen-to-body ratio)","Black, Gold",Yes,,"Li-Ion, removable",,,GSM,,No,No,Haier C300,https://fdn2.gsmarena.com/vv/bigpic/haier-c300.jpg,,,,,"2018, May. Released 2018, May",Audio playerPhoto viewer,Yes,No,microUSB,Mediatek MT6261D,,,128 x 160 pixels (~116 ppi density),Haier,No,,No,2 MP,,,,Discontinued,Yes,Dual SIM,
"2, 4, 5, 7, 12, 17, 28",microSDXC (dedicated slot),,151.5 x 72.5 x 8.3 mm (5.96 x 2.85 x 0.33 in),"4.2, A2DP, LE",GSM 850 / 900 / 1800 / 1900,"1, 3, 5, 7, 8, 20, 40, 41",LED flash,,,"GPS, GLONASS",,Yes,,,,,FM radio,,Android 7.0 (Nougat),"HSPA 42.2/11.5 Mbps, LTE (2CA) Cat6 300/50 Mbps",,IPS LCD,145 g (5.11 oz),"Fingerprint (rear-mounted), accelerometer, proximity",16GB 2GB RAM,"5.7 inches, 83.8 cm2(~76.3% screen-to-body ratio)","Black, Blue, Red, Green",,"8 MP, f/2.0, 1/4.0"", no AF","Li-Ion 3300 mAh, non-removable",,Asahi Dragontrail Glass,GSM / HSPA / LTE,HSDPA 850 / 900 / 1900 / 2100,"Wi-Fi 802.11 b/g/n, Wi-Fi Direct",No,Haier Hurricane,https://fdn2.gsmarena.com/vv/bigpic/haier-hurricane.jpg,"LED flash, HDR, panorama",,,,"2018, January",,1080p@30fps,,microUSB 2.0,Mediatek MT6753 (28 nm),,Octa-core 1.3 GHz Cortex-A53,"720 x 1440 pixels, 18:9 ratio (~282 ppi density)",Haier,,,Yes,"13 MP, f/2.0, 1.12 µm, PDAF",Mali-T720MP3,,,"Available. Released 2018, January",,Nano-SIM + Nano-SIM,
HSDPA 850 / 1900,microSDXC (dedicated slot),,142.8 x 70.7 x 8.5 mm (5.62 x 2.78 x 0.33 in),"4.2, A2DP, LE",GSM 850 / 900 / 1800 / 1900,"1, 3, 5, 7, 8, 20, 40",LED flash,,,GPS,,Yes,,,,,FM radio,,Android 7.0 (Nougat),"HSPA 42.2/11.5 Mbps, LTE Cat4 150/50 Mbps",,IPS LCD,135 g (4.76 oz),"Accelerometer, proximity",16GB 1GB RAM,"5.0 inches, 68.9 cm2(~68.3% screen-to-body ratio)","Black, White, Blue",,"8 MP, f/2.0, 1/4.0"", 1.12µm","Li-Ion 2500 mAh, removable",,Asahi Dragontrail Glass,GSM / HSPA / LTE,HSDPA 900 / 2100,"Wi-Fi 802.11 b/g/n, Wi-Fi Direct",No,Haier G8,https://fdn2.gsmarena.com/vv/bigpic/haier-g8.jpg,"LED flash, HDR, panorama",,,,Not announced yet,eMMC 5.0,720p@30fps,"2, 4, 5, 7, 17, 28",microUSB 2.0,Mediatek MT6737 (28 nm),,Quad-core 1.25 GHz Cortex-A53,"720 x 1280 pixels, 16:9 ratio (~294 ppi density)",Haier,,,Yes,"8 MP, f/2.0, 1/4.0"", 1.12µm, AF",Mali-T720MP1,,,"Available. Released 2018, April",,"Dual SIM (Micro-SIM, dual stand-by)",
eMMC 5.1,microSDXC (dedicated slot),,160 x 76 x 8.4 mm (6.30 x 2.99 x 0.33 in),"4.2, A2DP, LE",GSM 850 / 900 / 1800 / 1900,"1, 3, 5, 7, 8, 20, 40, 41",LED flash,,,"GPS, GLONASS",,Yes,,,,,FM radio,"Glass front (Asahi Dragontrail), aluminum back, aluminum frame",Android 7.1 (Nougat),"HSPA 42.2/5.76 Mbps, LTE (2CA) Cat7 300/150 Mbps",,IPS LCD,140 g (4.94 oz),"Fingerprint (rear-mounted), accelerometer, gyro, proximity, compass",32GB 3GB RAM,"5.99 inches, 92.6 cm2(~76.1% screen-to-body ratio)","Black, Gold, Blue",,,"Li-Ion 4000 mAh, non-removable",,Asahi Dragontrail Glass,GSM / HSPA / LTE,HSDPA 850 / 900 / 1900 / 2100,"Wi-Fi 802.11 b/g/n, Wi-Fi Direct",No,Haier L8,https://fdn2.gsmarena.com/vv/bigpic/haier-l8.jpg,"Dual-LED dual-tone flash, HDR, panorama",,,,"2018, March",,1080p@30fps,,USB Type-C 2.0,Qualcomm SDM450 Snapdragon 450 (14 nm),,Octa-core 1.8 GHz Cortex-A53,"1080 x 2160 pixels, 18:9 ratio (~403 ppi density)",Haier,,"12 MP, PDAF2 MP, (depth)",Yes,"8 MP, f/2.0, 1/4.0"", 1.12µm",Adreno 506,,10W wired,"Available. Released 2018, April",,Nano-SIM + Nano-SIM,
"2, 4, 5, 7, 12, 17, 28",microSDXC (dedicated slot),,151.5 x 72.5 x 8.3 mm (5.96 x 2.85 x 0.33 in),"4.2, A2DP, LE",GSM 850 / 900 / 1800 / 1900,"1, 3, 5, 7, 8, 20, 40, 41",LED flash,,,"GPS, GLONASS",,Yes,,,,,FM radio,"Glass front, aluminum back, aluminum frame",Android 7.1 (Nougat),"HSPA 42.2/11.5 Mbps, LTE (2CA) Cat6 300/50 Mbps",,IPS LCD,145 g (5.11 oz),"Fingerprint (rear-mounted), accelerometer, proximity",32GB 3GB RAM,"5.7 inches, 83.8 cm2(~76.3% screen-to-body ratio)","Black, Blue, Red, Green",,"8 MP, f/2.0, 1/4.0"", no AF","Li-Ion 3300 mAh, non-removable",,,GSM / HSPA / LTE,HSDPA 850 / 900 / 1900 / 2100,"Wi-Fi 802.11 b/g/n, Wi-Fi Direct",No,Haier I6,https://fdn2.gsmarena.com/vv/bigpic/haier-l6.jpg,"LED flash, HDR, panorama",,,,"2018, January",,1080p@30fps,,microUSB 2.0,Mediatek MT6753 (28 nm),,Octa-core 1.3 GHz Cortex-A53,"720 x 1440 pixels, 18:9 ratio (~282 ppi density)",Haier,,,Yes,"13 MP, f/2.0, 1.12µm, PDAF",Mali-T720MP3,,,"Available. Released 2018, January",,Nano-SIM + Nano-SIM,0.32 W/kg (head)     1.19 W/kg (body)
"1, 3, 5, 7, 8, 26, 40",microSDXC (uses shared SIM slot),,152 x 76 x 7.9 mm (5.98 x 2.99 x 0.31 in),"4.0, A2DP, LE",GSM 850 / 900 / 1800 / 1900,"1, 3, 7, 8, 20",LED flash,,,"GPS, GLONASS",,Yes,,,,,FM radio,"Glass front (Asahi Dragontrail), aluminum/plastic back, aluminum frame",Android 7.1 (Nougat),"HSPA 42.2/11.5 Mbps, LTE Cat4 150/50 Mbps",,IPS LCD,160 g (5.64 oz),"Fingerprint (rear-mounted), accelerometer, gyro, proximity, compass",32GB 3GB RAM,"5.5 inches, 83.4 cm2(~72.2% screen-to-body ratio)","Gold, Gray, Silver, Black, Red",,"5 MP, f/2.4","Li-Ion 3000 mAh, non-removable",,Asahi Dragontrail Glass,GSM / HSPA / LTE,HSDPA 850 / 900 / 1900 / 2100,"Wi-Fi 802.11 b/g/n, Wi-Fi Direct",No,Haier L7,https://fdn2.gsmarena.com/vv/bigpic/haier-l7.jpg,"Dual-LED dual-tone flash, HDR, panorama",,,,2017,,1080p@30fps,eMMC 5.1,"USB Type-C 2.0, OTG",Qualcomm MSM8937 Snapdragon 430 (28 nm),About 120 EUR,Octa-core 1.4 GHz Cortex-A53,"1080 x 1920 pixels, 16:9 ratio (~401 ppi density)",Haier,,,Yes,"13 MP, f/2.2, PDAF",Adreno 505,,"18W wired, QC3",Available. Released 2017,,Nano-SIM + Micro-SIM,0.17 W/kg (head)     0.69 W/kg (body)
HSDPA 850 / 1900,microSDHC (dedicated slot),,143 x 71.5 x 8.1 mm (5.63 x 2.81 x 0.32 in),"4.0, A2DP, LE",GSM 850 / 900 / 1800 / 1900,"1, 3, 7, 20",LED flash,,,GPS,,Yes,,,,,FM radio,,Android 7.0 (Nougat),"HSPA 42.2/11.5 Mbps, LTE Cat4 150/50 Mbps",eMMC 5.0,IPS LCD,135 g (4.76 oz),"Accelerometer, proximity",16GB 1GB RAM,"5.0 inches, 68.9 cm2(~67.4% screen-to-body ratio)","Black, White, Yellow, Blue",,5 MP,"Li-Ion 2200 mAh, removable",,Scratch-resistant glass,GSM / HSPA / LTE,HSDPA 900 / 2100,"Wi-Fi 802.11 b/g/n, Wi-Fi Direct",No,Haier G7,https://fdn2.gsmarena.com/vv/bigpic/haier-g7.jpg,"LED flash, HDR, panorama",,,,2017,"3, 5, 40",720p@30fps,"2, 4, 5, 7, 17",microUSB 2.0,Mediatek MT6737 (28 nm),,Quad-core 1.25 GHz Cortex-A53,"720 x 1280 pixels, 16:9 ratio (~294 ppi density)",Haier,,,Yes,"8 MP, AF",Mali-T720MP1,,,Available. Released 2017,,"Dual SIM (Micro-SIM, dual stand-by)",0.53 W/kg (head)     0.87 W/kg (body)
HSDPA 850 / 1900,microSDHC (dedicated slot),,142.6 x 72.9 x 9.1 mm (5.61 x 2.87 x 0.36 in),"4.0, A2DP, LE",GSM 850 / 900 / 1800 / 1900,"1, 3, 7, 8, 20",Dual-LED dual-tone flash,,,GPS,,Yes,,,,,FM radio,,Android 7.0 (Nougat),"HSPA 42.2/11.5 Mbps, LTE Cat4 150/50 Mbps",,IPS LCD,155 g (5.47 oz),"Accelerometer, proximity",8GB 1GB RAM,"5.0 inches, 68.9 cm2(~66.3% screen-to-body ratio)","Black, Gold, White, Blue",,"5 MP, f/2.4","Li-Ion 2000 mAh, removable",,Scratch-resistant glass,GSM / HSPA / LTE,HSDPA 900 / 2100,"Wi-Fi 802.11 b/g/n, Wi-Fi Direct",No,Haier G51,https://fdn2.gsmarena.com/vv/bigpic/haier-g51-.jpg,"Dual-LED dual-tone flash, HDR, panorama",,,,2017,eMMC 5.0,720p@30fps,"2, 4, 5, 8",microUSB 2.0,Mediatek MT6737M (28 nm),,Quad-core 1.25 GHz Cortex-A53,"480 x 854 pixels, 16:9 ratio (~196 ppi density)",Haier,,,Yes,"5 MP, f/2.0, AF",Mali-T720MP1,,,Available. Released 2017,,"Dual SIM (Micro-SIM, dual stand-by)",0.71 W/kg (head)     1.11 W/kg (body)
No,microSD (dedicated slot),,110 x 55 x 12.2 mm (4.33 x 2.17 x 0.48 in),"2.0, A2DP",GSM 900 / 1800,,,,,No,,Yes,,,,Class 10,FM radio,,Microsoft Windows Mobile 6.5 Professional,,,"TFT resistive touchscreen, 256K colors",111 g (3.92 oz),Accelerometer,,"3.0 inches, 25.6 cm2(~42.3% screen-to-body ratio)",Silver,,,Removable Li-Ion 1100 mAh battery,"WAP 2.0/xHTML, HTML",,GSM,,No,,Haier U69,https://fdn2.gsmarena.com/vv/bigpic/haier-u69.jpg,,,,,"2010. Released 2010, April",,No,MP3/WAV/WMA/eAAC playerMP4/H.264 playerOrganizerDocument viewerVoice memoPredictive text input,2.0,,,,"240 x 400 pixels, 5:3 ratio (~155 ppi density)",Haier,,,Yes,2 MP,,,,Discontinued,Class 10,Mini-SIM,
No,microSD (dedicated slot),No,104 x 50 x 14.5 mm (4.09 x 1.97 x 0.57 in),2.0,GSM 900 / 1800,,,,,No,,Yes,,"SMS, MMS",Yes,No,FM radio,,,,,"TFT resistive touchscreen, 65K colors",-,,,"2.4 inches, 17.8 cm2(~34.3% screen-to-body ratio)",Black,Yes,,Removable Li-Ion 900 mAh battery,WAP 2.0/xHTML,,GSM,,No,,Haier U60,https://fdn2.gsmarena.com/vv/bigpic/haier-u60.jpg,,,,,2010. Released 2010,,No,MP3/MP4 playerPredictive text input,No,,,,"240 x 320 pixels, 4:3 ratio (~167 ppi density)",Haier,"Yes, MIDP 2.0",,No,VGA,,,,Discontinued,Class 10,Dual SIM (Mini-SIM),
GSM 900 / 1800 - SIM 2,microSD (dedicated slot),No,115 x 49 x 11.5 mm (4.53 x 1.93 x 0.45 in),2.0,GSM 900 / 1800 - SIM 1,,,,,No,,Yes,,"SMS, MMS",Yes,No,FM radio,,,,,"TFT, 65K colors",-,,,"2.4 inches, 17.8 cm2(~31.7% screen-to-body ratio)",Black,Yes,,Removable Li-Ion 1200 mAh battery,WAP 2.0/xHTML,,GSM,,No,,Haier U56,https://fdn2.gsmarena.com/vv/bigpic/haier-u56.jpg,,,,,2010. Released 2010,MP3/MP4 playerPredictive text input,No,No,No,,,,"240 x 320 pixels, 4:3 ratio (~167 ppi density)",Haier,"Yes, MIDP 2.0",,No,1.3 MP,,,,Discontinued,Class 10,"Dual SIM (Mini-SIM, dual stand-by)",
No,microSD (dedicated slot),No,111 x 59.3 x 13.4 mm (4.37 x 2.33 x 0.53 in),2.0,GSM 900 / 1800,,,,,No,,Yes,,"SMS, MMS",Yes,No,FM radio,,,,,"TFT, 65K colors",-,,,2.0 inches,Black,Yes,,Removable Li-Ion 1000 mAh battery,WAP 2.0/xHTML,,GSM,,No,,Haier U53,https://fdn2.gsmarena.com/vv/bigpic/haier-u53.jpg,,QWERTY,,,"2010. Released 2010, April",,No,MP3/MP4 playerYahoo and Skype appsPredictive text input,No,,,,,Haier,"Yes, MIDP 2.0",,No,Yes,,,,Discontinued,Class 10,Dual SIM (Mini-SIM),
No,microSD (dedicated slot),No,109 x 51 x 17.4 mm (4.29 x 2.01 x 0.69 in),2.0,GSM 900 / 1800,,,,,No,,Yes,,"SMS, MMS",Yes,No,FM radio,,,,,"TFT, 65K colors",-,,,"2.6 inches, 19.2 cm2(~34.6% screen-to-body ratio)","White, Black",Yes,,Removable Li-Ion 1000 mAh battery,WAP 2.0/xHTML,,GSM,,No,,Haier K3,https://fdn2.gsmarena.com/vv/bigpic/haier-k3.jpg,,,,,2010. Released 2010,,No,MP3/MP4 playerPredictive text input,No,,,,"240 x 400 pixels, 5:3 ratio (~179 ppi density)",Haier,"Yes, MIDP 2.0",,No,VGA,,,,Discontinued,Class 10,Dual SIM (Mini-SIM),
GSM 900 / 1800 - SIM 2,microSD (dedicated slot),No,100 x 49 x 15.5 mm (3.94 x 1.93 x 0.61 in),2.0,GSM 900 / 1800 - SIM 1,,,,,No,,Yes,,"SMS, MMS",Yes,No,FM radio,,,,MP3/MP4 playerPredictive text input,"TFT, 65K colors",-,,,"2.4 inches, 17.8 cm2(~36.4% screen-to-body ratio)","Pink, Black",Yes,,Removable Li-Ion 1000 mAh battery,WAP 2.0/xHTML,,GSM,,No,,Haier A66,https://fdn2.gsmarena.com/vv/bigpic/haier-u66.jpg,,,,,2010. Released 2010,No,No,Secondary hidden display,No,,,,"240 x 320 pixels, 4:3 ratio (~167 ppi density)",Haier,"Yes, MIDP 2.0",,No,2 MP,,,,Discontinued,Class 10,"Dual SIM (Mini-SIM, dual stand-by)",
Flashlight,microSD (dedicated slot),No,116 x 51 x 11.5 mm (4.57 x 2.01 x 0.45 in),2.0,GSM 900 / 1800,,,,,No,,Yes,,"SMS, MMS, IM",Yes,No,FM radio,,,,,"TFT, 65K colors",-,,,"2.4 inches, 17.8 cm2(~30.2% screen-to-body ratio)","Black, White",Yes,,Removable Li-Ion 1250 mAh battery,WAP 2.0/xHTML,,GSM,,No,,Haier V730,https://fdn2.gsmarena.com/vv/bigpic/haier-v730.jpg,,,,,"2010. Released 2010, May",MP3/MP4 playerPredictive text input,No,No,No,,,,"240 x 320 pixels, 4:3 ratio (~167 ppi density)",Haier,"Yes, MIDP 2.0",,No,2 MP,,,,Discontinued,Class 10,Mini-SIM,
Flashlight,microSD (dedicated slot),No,115 x 51 x 16 mm (4.53 x 2.01 x 0.63 in),2.0,GSM 900 / 1800,,,,,No,,Yes,,"SMS, MMS",Yes,No,FM radio,,,,,"TFT, 65K colors",-,,,"2.2 inches, 15.3 cm2(~26.1% screen-to-body ratio)",Black,Yes,,Removable Li-Ion 2000 mAh battery,WAP 2.0/xHTML,,GSM,,No,,Haier V700,https://fdn2.gsmarena.com/vv/bigpic/haier-v700.jpg,,,,,2010. Released 2010,MP3/MP4 playerPredictive text input,No,No,No,,,,144 x 176 pixels (~103 ppi density),Haier,No,,No,VGA,,,,Discontinued,Class 10,Dual SIM (Mini-SIM),
Flashlight,microSD (dedicated slot),No,108.2 x 45.6 x 12 mm (4.26 x 1.80 x 0.47 in),No,GSM 900 / 1800,,,,,No,,Yes,,"SMS, MMS",Yes,No,FM radio,,,,,"TFT, 65K colors",-,,,1.8 inches,Black,Yes,,Removable Li-Ion 1000 mAh battery,WAP 2.0/xHTML,,GSM,,No,,Haier M320+,https://fdn2.gsmarena.com/vv/bigpic/haier-m320-plus.jpg,,,,,2010. Released 2010,MP3 playerPredictive text input,No,No,No,,,,,Haier,No,,No,Yes,,,,Discontinued,Class 10,"Dual SIM (Mini-SIM, no dual stand-by)",
Flashlight,microSD (dedicated slot),No,110 x 43 x 13 mm (4.33 x 1.69 x 0.51 in),No,GSM 900 / 1800,,,,,No,,Yes,,"SMS, MMS",Yes,No,FM radio,,,,,"TFT, 65K colors",-,,,1.8 inches,Black,Yes,,Removable Li-Ion 1000 mAh battery,WAP 2.0/xHTML,,GSM,,No,,Haier M306,https://fdn2.gsmarena.com/vv/bigpic/haier-m306.jpg,,,,,"2010. Released 2010, May",Predictive text input,,No,No,,,,,Haier,No,,No,,,,,Discontinued,Class 10,"Dual SIM (Mini-SIM, no dual stand-by)",
Flashlight,microSD (dedicated slot),No,108 x 46.1 x 13.5 mm (4.25 x 1.81 x 0.53 in),No,GSM 900 / 1800,,,,,No,,Yes,,"SMS, MMS",Yes,No,FM radio,,,,,"TFT, 65K colors",-,,,1.8 inches,Black,Yes,,Removable Li-Ion 1000 mAh battery,WAP 2.0/xHTML,,GSM,,No,,Haier M300,https://fdn2.gsmarena.com/vv/bigpic/haier-m300.jpg,,,,,"2010. Released 2010, April",Predictive text input,,No,No,,,,,Haier,No,,No,,,,,Discontinued,Class 10,"Dual SIM (Mini-SIM, no dual stand-by)",
Flashlight,No,No,101.3 x 43 x 14.1 mm (3.99 x 1.69 x 0.56 in),No,GSM 900 / 1800,,,,,No,,Yes,,SMS,Yes,No,FM radio,,,,,"CSTN, 65K colors",-,,,1.44 inches,Black,Yes,,Removable Li-Ion 650 mAh battery,No,,GSM,,No,,Haier M180,https://fdn2.gsmarena.com/vv/bigpic/haier-m180.jpg,,,,,"2010, March. Released 2010, March",Predictive text input,,No,No,,,,,Haier,No,,No,,,,,Discontinued,No,Mini-SIM,
Flashlight,No,No,108 x 45.3 x 13.4 mm (4.25 x 1.78 x 0.53 in),No,GSM 900 / 1800,,,,,No,,Yes,,SMS,Yes,No,FM radio,,,,,"CSTN, 65K colors",-,,,"1.5 inches, 7.3 cm2(~14.8% screen-to-body ratio)",Black,Yes,,Removable Li-Ion 650 mAh battery,No,,GSM,,No,,Haier M160,https://fdn2.gsmarena.com/vv/bigpic/haier-m160.jpg,,,,,2010. Released 2010,Predictive text input,,No,No,,,,"128 x 128 pixels, 1:1 ratio (~121 ppi density)",Haier,No,,No,,,,,Discontinued,No,Mini-SIM,
Flashlight,No,No,109 x 45.8 x 14.3 mm (4.29 x 1.80 x 0.56 in),No,GSM 900 / 1800,,,,,No,,Yes,,SMS,Yes,No,FM radio,,,,,CSTN,-,,,1.3 inches,Black,Yes,,Removable Li-Ion 650 mAh battery,No,,GSM,,No,,Haier M150,https://fdn2.gsmarena.com/vv/bigpic/haier-m150.jpg,,,,,2010. Released 2010,Predictive text input,,No,No,,,,,Haier,No,,No,,,,,Discontinued,No,Mini-SIM,
No,No,Yes,80 x 42 x 19.8 mm (3.15 x 1.65 x 0.78 in),No,GSM 900 / 1800 / 1900,,,Up to 3 h 30 min,"Vibration; Downloadable polyphonic, MP3 ringtones",No,Yes,No,,"SMS, EMS, MMS",500 entries,No,No,,,,,"TFT, 65K colors",77 g (2.72 oz),,128MB,"1.66 inches, 8.7 cm2(~25.8% screen-to-body ratio)","Black, Red","20 dialed, 20 received, 20 missed calls",,Removable Li-Ion 560 mAh battery,WAP 2.0,,GSM,,No,,Haier A7,https://fdn2.gsmarena.com/vv/bigpic/haier-haiera7.gif,,,Up to 240 h,,2006,,Yes,MP3/ MP4 PlayerPC SyncOrganizerWorld Time,No,,,,128 x 160 pixels (~123 ppi density),Haier,Yes,,No,1.3 MP,,,,Discontinued,Class 10,Mini-SIM,
- 3D graphics,microSD (dedicated slot),Yes,90.6 x 35.3 x 18.2 mm (3.57 x 1.39 x 0.72 in),"2.0, A2DP",GSM 900 / 1800 / 1900,,,Up to 3 h,"Vibration; Downloadable polyphonic, MP3, AMR ringtones",No,,No,,SMS,500 entries,No,FM radio,,,,,"OLED, 65K colors",64 g (2.26 oz),,128MB,"1.1 inches, 20 x 20 mm, 3.9 cm2(~12.2% screen-to-body ratio)",Black,"20 dialed, 20 received, 20 missed calls",,Removable Li-Ion 730 mAh battery,No,,GSM,,No,,Haier M600 Black Pearl,https://fdn2.gsmarena.com/vv/bigpic/haier-blackpearl.gif,,,Up to 200 h,,"2006, Q3",MP3 PlayerPredictive text inputOrganizerVoice memo,,No,miniUSB 2.0,,,OS ADI 6528,"96 x 96 pixels, 1:1 ratio (~123 ppi density)",Haier,No,,Yes,,,,,Discontinued,No,Mini-SIM,
No,No,Yes,146 x 29.1 x 16.5 mm (5.75 x 1.15 x 0.65 in),Yes,GSM 900 / 1800 / 1900,,,Up to 3 h 20 min,"Vibration; Downloadable polyphonic, MP3 ringtones",No,,No,,"SMS, MMS",500 entries,No,No,,,,,"TFT, 65K colors",65 g (2.29 oz),,,,Black,"20 dialed, 20 received, 20 missed calls",,Removable Li-Ion 600 mAh battery,No,,GSM,,No,,Haier P8,https://fdn2.gsmarena.com/vv/bigpic/haier-p8.gif,,,Up to 200 h,,"2006, Q2",,No,Organizer,No,,,,,Haier,No,,No,VGA,,,,Discontinued,No,Mini-SIM,
- 90 degree rotational LCD,microSD (dedicated slot),Yes,117 x 46 x 21.1 mm (4.61 x 1.81 x 0.83 in),Yes,GSM 900 / 1800 / 1900,,,Up to 6 h,"Vibration; Downloadable polyphonic, MP3 ringtones",No,,No,,"SMS, MMS",1000 entries,No,No,,,,,"TFT, 256K colors",120 g (4.23 oz),,,"2.2 inches, 15.0 cm2(~27.8% screen-to-body ratio)",Black,"20 dialed, 20 received, 20 missed calls",,Removable Li-Ion 980 mAh battery,WAP 2.0,,GSM,,No,,Haier A600,https://fdn2.gsmarena.com/vv/bigpic/haier-a600.gif,,,Up to 180 h,,"2006, Q2",3D Graphic/3D Sound/ 3D GameMP3/MP4 PlayerPush mailTTSNetwork StreamingOrganizer,Yes,No,No,,,,"240 x 320 pixels, 4:3 ratio (~182 ppi density)",Haier,Yes,,No,2 MP,,,,Discontinued,Class 10,Mini-SIM,
No,No,Yes,89 x 45.8 x 16 mm (3.50 x 1.80 x 0.63 in),No,GSM 900 / 1800,,,Up to 4 h,"Vibration; Downloadable polyphonic, MP3 ringtones",No,,No,Up to 300 h,"SMS, MMS",500 entries,No,No,,,,,"CSTN resistive touchscreen, 65K colors",67/78 g depending on the battery (2.36 oz),,,"1.8 inches, 10.2 cm2(~25.0% screen-to-body ratio)",Pink,"20 dialed, 20 received, 20 missed calls",,Removable Li-Ion 600 mAh battery,WAP 2.0,,GSM,,No,,Haier M2000,https://fdn2.gsmarena.com/vv/bigpic/haier-m2000.gif,,,Up to 300 h,Up to 6 h 50 min,2005,,,MP3 PlayerLearning toolsBrain GameMINI AppearanceOrganizer,No,,,,128 x 160 pixels (~114 ppi density),Haier,No,,No,,,,,Discontinued,Class 10,Mini-SIM,
No,No,Yes,81.9 x 44.6 x 18.8 mm (3.22 x 1.76 x 0.74 in),No,GSM 900 / 1800,,,,"Vibration; Downloadable polyphonic, MP3 ringtones",No,,No,,"SMS, MMS",500 entries,No,No,,,,,"CSTN, 65K colors",81 g (2.86 oz),,,"1.8 inches, 10.2 cm2(~27.9% screen-to-body ratio)",Silver,"20 dialed, 20 received, 20 missed calls",,Removable Li-Ion battery,WAP 2.0,,GSM,,No,,Haier M1200,https://fdn2.gsmarena.com/vv/bigpic/haier-m1200.gif,,,,,2005,,,Bio-rhythmPhone Book Easy SearchMP3 PlayerWorld TimeOrganizer,No,,,,128 x 160 pixels (~114 ppi density),Haier,No,,No,,,,,Discontinued,No,Mini-SIM,
No,No,Yes,81.9 x 44.6 x 18.8 mm (3.22 x 1.76 x 0.74 in),No,GSM 900 / 1800,,,Up to 3 h,"Vibration; Downloadable polyphonic, MP3 ringtones",No,,No,,"SMS, MMS",500 entries,No,No,,,,,"CSTN, 65K colors",81 g (2.86 oz),,,"1.8 inches, 10.2 cm2(~27.9% screen-to-body ratio)",Silver,"20 dialed, 20 received, 20 missed calls",,Removable Li-Ion 600 mAh battery,WAP 2.0,,GSM,,No,,Haier M1100,https://fdn2.gsmarena.com/vv/bigpic/haier-m1100.gif,,,Up to 200 h,,2005,,,Bio-rhythmPhone Book Easy SearchMP3 PlayerWolrd TimeOrganizer,No,,,,128 x 160 pixels (~114 ppi density),Haier,No,,No,,,,,Discontinued,No,Mini-SIM,
No,No,Yes,81.9 x 44.6 x 18.8 mm (3.22 x 1.76 x 0.74 in),No,GSM 900 / 1800,,,Up to 3 h,"Vibration; Downloadable polyphonic, MP3 ringtones",No,,No,,"SMS, MMS",500 entries,No,No,,,,,"CSTN, 65K colors",81 g (2.86 oz),,,"1.8 inches, 10.2 cm2(~27.9% screen-to-body ratio)","Red, Silver","20 dialed, 20 received, 20 missed calls",,Removable Li-Ion 560 mAh battery,WAP 2.0,,GSM,,No,,Haier M1000,https://fdn2.gsmarena.com/vv/bigpic/haier-m1000.gif,,,Up to 200 h,,2005,,,Bio-rhythmPhone Book Easy SearchPC SyncOrganizer,No,,,,128 x 160 pixels (~114 ppi density),Haier,No,,No,,,,,Discontinued,Class 10,Mini-SIM,
Handwriting recognitionFive-Direction Rocker Key,miniSD,Yes,97 x 48 x 23.8 mm (3.82 x 1.89 x 0.94 in),No,GSM 900 / 1800,,,Up to 3 h,"Vibration; Downloadable polyphonic, MP3 ringtones",No,,No,,"SMS, EMS, MMS, Email",500 entries,No,No,,,,,"TFT resistive touchscreen, 256K colors",110 g (3.88 oz),,,"2.0 inches, 12.6 cm2(~27.0% screen-to-body ratio)",Black,"20 dialed, 20 received, 20 missed calls",,Removable Li-Ion 630 mAh battery,WAP 2.0,,GSM,,No,,Haier M80,https://fdn2.gsmarena.com/vv/bigpic/haier-m80.gif,,,Up to 240 h,,"2006, Q2",MP3/MP4 playerPC SyncOrganizer,Yes,No,2.0,,,,176 x 220 pixels (~141 ppi density),Haier,Yes,,No,2 MP,,,,Discontinued,Class 10,Mini-SIM,
Handwriting recognition,miniSD,Yes,104 x 46.5 x 16.8 mm (4.09 x 1.83 x 0.66 in),No,GSM 900 / 1800,,,Up to 4 h,"Vibration; Downloadable polyphonic, MP3 ringtones",No,,No,Up to 288 h,"SMS, MMS, Email",500 entries,No,FM radio,,,,,"TFT resistive touchscreen, 65K colors",95 g (3.35 oz),,,"1.8 inches, 10.2 cm2(~21.1% screen-to-body ratio)","Black, White","20 dialed, 20 received, 20 missed calls",,Removable Li-Ion 650 mAh battery,WAP 2.0,,GSM,,No,,Haier M260,https://fdn2.gsmarena.com/vv/bigpic/haier-m260.gif,,,Up to 174 h,Up to 5 h 20 min,"2006, Q2",MP3/MP4 playerPC SyncTTSVoice memoOrganizer,Yes,No,No,,,,128 x 160 pixels (~114 ppi density),Haier,"Yes, MIDP 2.0",,No,2 MP,,,,Discontinued,Class 10,Mini-SIM,
Handwriting recognition,miniSD,Brain Game,104 x 53 x 25.5 mm (4.09 x 2.09 x 1.00 in),No,GSM 900 / 1800,,,Up to 4 h,"Vibration; Downloadable polyphonic, MP3 ringtones",No,Yes,No,,"SMS, MMS, Email",1000 entries,No,No,,,,,"TFT, 256K colors",120 g (4.23 oz),,,"2.4 inches, 18.1 cm2(~32.9% screen-to-body ratio)",Black silver,"20 dialed, 20 received, 20 missed calls",,Removable Li-Ion 720 mAh battery,No,,GSM,,No,,Haier N90,https://fdn2.gsmarena.com/vv/bigpic/haier-n90.gif,,,Up to 216 h,,"2006, Q2",MP3/ MP4 PlayerHandwriting & PDAE-BookDouble KeypadTTSCalculatorUnit Converter,Yes,No,No,,,,176 x 220 pixels (~117 ppi density),Haier,No,,No,2 MP,,,,Discontinued,Class 10,Mini-SIM,
Handwriting recognition,microSD (dedicated slot),Brain Game,93 x 50 x 23.7 mm (3.66 x 1.97 x 0.93 in),No,GSM 900 / 1800,,,Up to 4 h,"Vibration; Downloadable polyphonic, MP3 ringtones",No,Yes,No,,"SMS, MMS, Email",1000 entries,No,No,,,,,"TFT, 256K colors",90 g (3.17 oz),,,"2.0 inches, 12.6 cm2(~27.1% screen-to-body ratio)",Black silver,"20 dialed, 20 received, 20 missed calls",,Removable Li-Ion 720 mAh battery,No,,GSM,,No,,Haier N70,https://fdn2.gsmarena.com/vv/bigpic/haier-n70.gif,,,Up to 135 h,,"2006, Q2",MP3/ MP4 PlayerHandwriting & PDAE-BookDouble KeypadTTSCalculatorUnit Converter,Yes,No,No,,,,176 x 220 pixels (~141 ppi density),Haier,No,,No,2 MP,,,,Discontinued,Class 10,Mini-SIM,
"Handwriting RecognitionSwivel and rotateScreensavers, logos",SDIO/MMC,,94 x 48 x 25 mm (3.70 x 1.89 x 0.98 in),No,GSM 900 / 1800 / 1900,,,,"Vibration; Downloadable polyphonic, MP3 ringtones",No,,Yes,,,,No,No,,Linux,,,"TFT resistive touchscreen, 256K colors",131 g (4.62 oz),,60MB,,,,,Removable Li-Ion 900 mAh battery,WAP 1.2.1,,GSM,,No,,Haier N60,https://fdn2.gsmarena.com/vv/bigpic/haier-n60.gif,,,,,"2005, Q1",MP3/MP4 playerPredictive text inputWorld clockOrganizer,Yes,No,Proprietary,,,312 MHz,"320 x 240 pixels, 4:3 ratio",Haier,,,No,1.3 MP,,,,Discontinued,Class 10,Mini-SIM,
ScreensaverDownloadable logos,No,Yes,85 x 45 x 23.5 mm (3.35 x 1.77 x 0.93 in),No,GSM 900 / 1800 / 1900,,,Up to 2 h,Vibration; Downloadable polyphonic ringtones,No,Yes,No,,"SMS, MMS, EMail",Yes,No,No,,,,,65K colors,85 g (3.00 oz),,4MB,,,,,Removable Li-Ion 600 mAh battery,WAP 1.2.1,,GSM,,No,,Haier T3000,https://fdn2.gsmarena.com/vv/bigpic/haier-t3000.gif,,,Up to 200 h,,"2005, Q1",Push To TalkPredictive text inputCalculatorVoice memo,No,No,,,,,128 x 160 pixels,Haier,"Yes, MIDP 2.0",,No,VGA,,,,Discontinued,Class 10,Mini-SIM,
ScreensaverDownloadable logos,No,Yes,109 x 44 x 14.5 mm (4.29 x 1.73 x 0.57 in),No,GSM 900 / 1800,,,Up to 2 h 30 min,Vibration; Downloadable polyphonic ringtones,No,,No,,"SMS, MMS",1000 entries,No,No,,,,,65K colors,80 g (2.82 oz),,4MB,,,,,Removable Li-Ion 550 mAh battery,WAP 2.0/xHTML,,GSM,,No,,Haier V280,https://fdn2.gsmarena.com/vv/bigpic/haier-v280.gif,LED flash,,Up to 240 h,,2005,Predictive text inputCalculatorVoice memo,No,No,,,,,128 x 160 pixels,Haier,"Yes, MIDP 2.0",,No,1.3 MP,,,,Discontinued,Class 10,Mini-SIM,
Second external mono displayScreensaverDownloadable pictures,No,Yes,85.4 x 45.4 x 22 mm (3.36 x 1.79 x 0.87 in),No,GSM 900 / 1800,,,Up to 3 h,Vibration; Polyphonic(40) ringtones,No,,No,,"SMS, MMS, EMail",50 entries,No,No,,,,,"TFT, 65K colors",80 g (2.82 oz),,,,"Dark Blue, Red",,,Removable Li-Ion 600 mAh battery,WAP 1.2.1,,GSM,,No,,Haier F1100,https://fdn2.gsmarena.com/vv/bigpic/haf1100.gif,,,Up to 240 h,,"2005, Q1",Predictive text inputWorld clockCalculatorStopwatch,No,No,,,,,128 x 160 pixels,Haier,No,,No,VGA,,,,Discontinued,Yes,Mini-SIM,
Second external OLED displayScreensaverDownloadable pictures,No,Yes,84 x 44 x 20 mm (3.31 x 1.73 x 0.79 in),No,GSM 900 / 1800,,,Up to 2 h,Vibration; Polyphonic(40) ringtones,No,,No,,"SMS, MMS",Yes,No,No,,,,,"TFT, 65K colors",80 g (2.82 oz),,,,Silver,,,Removable Li-Ion 480 mAh battery,WAP 1.2.1,,GSM,,No,,Haier L1000,https://fdn2.gsmarena.com/vv/bigpic/hal1000.gif,,,Up to 240 h,,"2005, Q1",Predictive text inputWorld clockCalculatorStopwatch,,No,,,,,128 x 160 pixels,Haier,No,,No,,,,,Discontinued,Yes,Mini-SIM,
No,No,Yes,150 x 27 x 18.2 mm (5.91 x 1.06 x 0.72 in),No,GSM 900 / 1800 / 1900,,,Up to 3 h,Vibration; Downloadable polyphonic ringtones,No,,No,,"SMS, MMS",300 entries,No,No,,,,,"TFT, 65K colors",65 g (2.29 oz),,3MB,,,,,Removable Li-Ion 600 mAh battery,WAP 2.0/xHTML,,GSM,,No,,Haier P7,https://fdn2.gsmarena.com/vv/bigpic/hap7.gif,,,Up to 140 h,,"2004, Q4",,No,CalculatorVoice memo (3 x 30 min.)Predictive text input,Proprietary,,,,"64 x 128 pixels, 18:9 ratio",Haier,No,,No,VGA,,,,Discontinued,Class 10,Mini-SIM,
Second external 65K colors displayScreensaverDownloadable pictures,No,Yes,86 x 47 x 22.9 mm (3.39 x 1.85 x 0.90 in),No,GSM 900 / 1800 / 1900,,,Up to 4 h,Vibration; Downloadable polyphonic ringtones,No,,"Yes, with stereo speakers",,"SMS, MMS, EMail",500 entries,No,No,,,,,"TFT, 65K colors",85 g (3.00 oz),,,,Silver,,,Removable Li-Ion 620 mAh battery,WAP 1.2.1,,GSM,,No,,Haier V7000,https://fdn2.gsmarena.com/vv/bigpic/hav7000.gif,LED flash,,Up to 200 h,,2004,Predictive text inputCalculatorStopwatch,No,No,,,,,128 x 160 pixels,Haier,Yes,,No,VGA,,,,Discontinued,Class 10,Mini-SIM,
Second external 65K colors displayScreensaverDownloadable pictures,No,Yes,86 x 48 x 22 mm (3.39 x 1.89 x 0.87 in),No,GSM 900 / 1800,,,Up to 4 h,Vibration; Downloadable polyphonic ringtones,No,,"Yes, with stereo speakers",,"SMS, MMS, EMail",500 entries,No,No,,,,,"TFT, 256K colors",95 g (3.35 oz),,,,Silver,,,Removable Li-Ion 600 mAh battery,WAP 1.2.1,,GSM,,No,,Haier V6200,https://fdn2.gsmarena.com/vv/bigpic/hav6200.gif,,,Up to 140 h,,2004,Predictive text inputCalculatorStopwatch,Yes,No,,,,,128 x 160 pixels,Haier,Yes,,No,1.3 MP,,,,Discontinued,Class 10,Mini-SIM,
Second external 65K colors TFT displayScreensaverDownloadable pictures,No,Yes,79 x 43 x 21 mm (3.11 x 1.69 x 0.83 in),No,GSM 900 / 1800,,,Up to 3 h 20 min,Vibration; Downloadable polyphonic ringtones,No,,"Yes, with stereo speakers",,"SMS, MMS",500 entries,No,No,,,,,"TFT, 256K colors",90 g (3.17 oz),,,,Silver,,,Removable Li-Ion 600 mAh battery,WAP 1.2.1,,GSM,,No,,Haier V6100,https://fdn2.gsmarena.com/vv/bigpic/hav6100.gif,LED flash,,Up to 350 h,,2004,Predictive text inputCalculatorStopwatch,No,No,,,,,128 x 160 pixels,Haier,No,,No,VGA,,,,Discontinued,Class 10,Mini-SIM,
Second external 65K colors TFT displayScreensaverDownloadable pictures,No,Yes,86 x 46 x 21 mm (3.39 x 1.81 x 0.83 in),No,GSM 900 / 1800 / 1900,,,Up to 2 h,Vibration; Downloadable polyphonic ringtones,No,,No,,"SMS, MMS",200,No,No,,,,,"TFT, 256K colors",85 g (3.00 oz),,,,Silver,,,Removable Li-Ion 680 mAh battery,WAP 1.2.1,,GSM,,No,,Haier V6000,https://fdn2.gsmarena.com/vv/bigpic/hav6000.gif,LED flash,,Up to 210 h,,2004,Predictive text inputCalculatorStopwatch,No,No,,,,,128 x 160 pixels,Haier,No,,No,VGA,,,,Discontinued,Class 10,Mini-SIM,
Blue backgroundScreensaver,No,"3 - Tetris, Balloon-Shoot, Bowling",137 x 30.6 x 19.7 mm (5.39 x 1.20 x 0.78 in),No,GSM 900 / 1800,,,Up to 2 h 30 min,Vibration; Polyphonic ringtones,No,,Yes,,SMS,100,No,No,,,,CalculatorVoice memoVoice dial,Monochrome,80 g (2.82 oz),,,,"Silver, Graphite Grey",,,Removable Li-Ion 580 mAh battery,WAP,,GSM,,No,,Haier P6,https://fdn2.gsmarena.com/vv/bigpic/hap6.gif,,,Up to 150 h,,2004,No,,Up to 15 min voice memo,,,,,"64 x 102 pixels, 16:10 ratio",Haier,No,,No,,,,,Discontinued,No,Mini-SIM,
Second external 4096 colors display (96 x 64 pixels)ScreensaverDownloadable logos,No,Yes,86 x 46 x 22.9 mm (3.39 x 1.81 x 0.90 in),No,GSM 900 / 1800,,,Up to 4 h,Vibration; Downloadable polyphonic ringtones,No,Yes,No,,"SMS, MMS, EMail",500,No,No,,,,,"TFT, 65K colors",95 g (3.35 oz),,,,"Pink, Black",,,Removable Li-Ion 600 mAh battery,WAP 1.2.1,,GSM,,No,,Haier V2000,https://fdn2.gsmarena.com/vv/bigpic/hav2000.gif,,,Up to 400 h,,2004,Predictive text inputCalculator,No,No,,,,,128 x 160 pixels,Haier,Yes,,No,VGA,,,,Discontinued,Class 10,Mini-SIM,
ScreensaverDownloadable logos,No,Yes,109 x 44 x 14 mm (4.29 x 1.73 x 0.55 in),No,GSM 900 / 1800,,,Up to 5 h,Vibration; Downloadable polyphonic ringtones,No,,No,,"SMS, MMS",Yes,No,No,,,,,65K colors,78 g (2.75 oz),,4MB,,,,,Removable Li-Ion 900 mAh battery,WAP 1.2.1,,GSM,,No,,Haier V200,https://fdn2.gsmarena.com/vv/bigpic/hav200.gif,LED flash,,Up to 300 h,,2004,Predictive text inputCalculatorVoice memo,Yes,No,,,,,128 x 160 pixels,Haier,No,,No,VGA,,,,Discontinued,Class 10,Mini-SIM,
ScreensaverDownloadable logos,No,Yes,106 x 46 x 18.8 mm (4.17 x 1.81 x 0.74 in),No,GSM 900 / 1800,,,Up to 3 h 20 min,Vibration; Downloadable polyphonic ringtones,No,,No,,"SMS, MMS",Yes,No,No,,,,,65K colors,90 g (3.17 oz),,2MB,,,,,Removable Li-Ion 720 mAh battery,WAP 1.2.1,,GSM,,No,,Haier V190,https://fdn2.gsmarena.com/vv/bigpic/hav190.gif,,,Up to 200 h,,2004,Predictive text inputCalculator,No,No,,,,,"128 x 128 pixels, 1:1 ratio",Haier,No,,No,CIF,,,,Discontinued,Class 10,Mini-SIM,
ScreensaverDownloadable logos,No,Yes,105 x 43 x 20 mm (4.13 x 1.69 x 0.79 in),No,GSM 900 / 1800,,,Up to 3 h 20 min,Vibration; Downloadable polyphonic ringtones,No,,No,,"SMS, MMS, EMail",500,No,No,,,,,65K colors,90 g (3.17 oz),,1.5MB,,Silver,,,Removable Li-Ion 720 mAh battery,WAP 2.0/xHTML,,GSM,,No,,Haier V160,https://fdn2.gsmarena.com/vv/bigpic/hav160.gif,,,Up to 200 h,,2004,Predictive text inputOrganizerVoice memo,No,No,,,,,"128 x 128 pixels, 1:1 ratio",Haier,Yes,,No,CIF,,,,Discontinued,Class 10,Mini-SIM,
ScreensaverDownloadable logos,No,Yes,106 x 46 x 18.8 mm (4.17 x 1.81 x 0.74 in),No,GSM 900 / 1800,,,Up to 3 h,Vibration; Downloadable polyphonic ringtones,No,,No,,"SMS, MMS",500,No,No,,,,Predictive text inputCalculatorVoice memo,65K colors,90 g (3.17 oz),,2MB,,,,,Removable Li-Ion 600 mAh battery,WAP 1.2.1,,GSM,,No,,Haier V100,https://fdn2.gsmarena.com/vv/bigpic/hav100.gif,,,Up to 200 h,,2004,No,No,,,,,,"128 x 128 pixels, 1:1 ratio",Haier,No,,No,CIF,,,,Discontinued,Class 10,Mini-SIM,
Screensaver,No,Yes,86 x 46 x 23 mm (3.39 x 1.81 x 0.91 in),No,GSM 900 / 1800,,,Up to 4 h,Vibration; Polyphonic(16) ringtones,No,,No,,"SMS, EMS",Yes,No,No,,,,Predictive text inputOrganizer,4096 colors,85 g (3.00 oz),,,,Silver,,,Removable Li-Ion 720 mAh battery,WAP 1.2.1,,GSM,,No,,Haier Z300,https://fdn2.gsmarena.com/vv/bigpic/haz300.gif,,,Up to 270 h,,2004,No,,250 short messagies,,,,,101 x 80 pixels,Haier,No,,No,,,,,Discontinued,No,Mini-SIM,
Screensaver,No,,83 x 44 x 20 mm (3.27 x 1.73 x 0.79 in),No,GSM 900 / 1800,,,Up to 6 h,Vibration; Polyphonic(16) ringtones,No,,No,,"SMS, EMS",Yes,No,No,,,,Predictive text inputVoice memo,-,85 g (3.00 oz),,,,Silver,,,Removable Li-Ion 720 mAh battery,WAP 1.2.1,,GSM,,No,,Haier Z100,https://fdn2.gsmarena.com/vv/bigpic/haz100.gif,,,Up to 360 h,,2004,No,,250 short messagies,,,,,,Haier,No,,No,,,,,Discontinued,No,Mini-SIM,
Second external B/W display (96 x 48 pixels)ScreensaverDownloadable logos,No,Yes,87 x 47 x 21 mm (3.43 x 1.85 x 0.83 in),No,GSM 850 / 900 / 1800 / 1900,,,Up to 4 h,Vibration; Downloadable polyphonic ringtones,No,,No,,"SMS, MMS",500,No,No,,,,,65K colors,95 g (3.35 oz),,,,,,,Removable Li-Ion 720 mAh battery,WAP 1.2.1,,GSM,,No,,Haier V1000,https://fdn2.gsmarena.com/vv/bigpic/hav1000.gif,,,Up to 200 h,,2004,Predictive text inputCalculator,No,No,,,,,128 x 160 pixels,Haier,No,,No,VGA,,,,Discontinued,Class 10,Mini-SIM,
Screensaver,No,Yes,135 x 28 x 18 mm (5.31 x 1.10 x 0.71 in),No,GSM 900 / 1800,,,Up to 2 h 30 min,Vibration; Polyphonic ringtones,No,,No,,,,No,No,,,,,Monochrome,75 g (2.65 oz),,,,,,,Removable Li-Ion 520 mAh battery,,,GSM,,No,,Haier P5,https://fdn2.gsmarena.com/vv/bigpic/hap5.gif,,,Up to 150 h,,2003,Predictive text inputVoice memoVoice dial,,No,,,,,"64 x 102 pixels, 16:10 ratio",Haier,No,,No,,,,,Discontinued,No,Mini-SIM,
Second external mono displayDouble mirror surfaceScreensaver,No,,76 x 40 x 20 mm (2.99 x 1.57 x 0.79 in),No,GSM 900 / 1800 / 1900,,,Up to 3 h,Vibration; Downloadable polyphonic ringtones,No,,No,,"SMS, MMS",500 entries,No,No,,,,Predictive text inputVoice memo,65K colors,73 g (2.57 oz),,,,"Silver, Red, Blue",,,Removable Li-Ion 600 mAh battery,WAP 1.2.1,,GSM,,No,,Haier Z7100,https://fdn2.gsmarena.com/vv/bigpic/haz7100.gif,,,Up to 130 h,,2004,No,,250 short messagies,,,,,"128 x 128 pixels, 1:1 ratio",Haier,No,,No,,,,,Discontinued,Yes,Mini-SIM,
Second external mono displayDouble mirror surfaceScreensaver,No,,76 x 40 x 20 mm (2.99 x 1.57 x 0.79 in),No,GSM 900 / 1800 / 1900,,,Up to 3 h,Vibration; Downloadable polyphonic ringtones,No,,No,,"SMS, MMS",500 entries,No,No,,,,Predictive text inputVoice memo,65K colors,73 g (2.57 oz),,,,"Silver, Red, Blue",,,Removable Li-Ion 600 mAh battery,WAP 1.2.1,,GSM,,No,,Haier Z7000,https://fdn2.gsmarena.com/vv/bigpic/haz7000.gif,,,Up to 130 h,,2004,No,,250 short messagies,,,,,"128 x 128 pixels, 1:1 ratio",Haier,No,,No,,,,,Discontinued,Yes,Mini-SIM,
Screensaver,No,3,76 x 40 x 20 mm (2.99 x 1.57 x 0.79 in),No,GSM 900 / 1800 / 1900,,,Up to 3 h,Vibration; Polyphonic(32) ringtones,No,,No,,SMS,500 entries,No,FM radio,,,,Predictive text inputExternal VGA camera,4096 colors,73 g (2.57 oz),,,,"Silver, Red, Black",,,Removable Li-Ion 530 mAh battery,WAP 1.2.1,,GSM,,No,,Haier Z3000,https://fdn2.gsmarena.com/vv/bigpic/haz3000.gif,,,Up to 120 h,,2004,No,,100 short messagies,,,,,"128 x 128 pixels, 1:1 ratio",Haier,No,,No,,,,,Discontinued,Class 10,Mini-SIM,
Second external B/W display (80 x 48 pixels)Screensaver,No,Yes,83 x 44 x 23.8 mm (3.27 x 1.73 x 0.94 in),No,GSM 900 / 1800,,,Up to 3 h,Vibration; Polyphonic(32) ringtones,No,,No,,"SMS, MMS",,No,No,,,,MP3 playerPredictive text input,4096 colors,90 g (3.17 oz),,32MB,,,,,Removable Li-Ion 600 mAh battery,WAP 1.2.1,,GSM,,No,,Haier Z8000,https://fdn2.gsmarena.com/vv/bigpic/haz8000.gif,,,Up to 270 h,,2004,No,,,,,,,"128 x 128 pixels, 1:1 ratio",Haier,No,,No,,,,,Discontinued,Class 10,Mini-SIM,
7 background colorsDownloadable pictures,No,"3 -  Ping Pong, Bingo, Tank Destroyer",98 x 44 x 16 mm (3.86 x 1.73 x 0.63 in),No,GSM 900 / 1800 / 1900,,,Up to 4 h,Vibration; Downloadable polyphonic ringtones,No,,No,,"SMS, EMS",100,No,No,,,,,Monochrome,63 g (2.22 oz),,,,"2 - Blue, Silver","10 dialed, 10 received, 10 missed calls",,Removable Li-Ion 600 mAh battery,WAP 2.0/xHTML,,GSM,,No,,Haier D6000,https://fdn2.gsmarena.com/vv/bigpic/had6000.gif,,,Up to 200 h,,2003,Predictive text input,,No,,,,,"64 x 112 pixels, 16:9 ratio",Haier,No,,No,,,,,Discontinued,Yes,Mini-SIM,
