,Single,Stand-by,_1,Charging,Type_1,2G bands,Card slot,_3,OS,SIM,Model Name,Price,Speed,Weight,Protection,Announced,Sensors,Colors,_4,Technology,Single_1,Loudspeaker,NFC,USB,Size,Talk time,Resolution,SAR EU,Alert types,Infrared port,3G bands,WLAN,CPU,4G bands,GPU,GPRS,_2,EDGE,Internal,Features,Status,Model Image,Positioning,SAR,3.5mm jack,Radio,Browser,Chipset,Keyboard,Video_1,Brand,Dimensions,Type,Video,Bluetooth
"1, 2, 3, 4, 5, 7, 12, 17, 20, 29, 30 - Americas","16 MP, f/2.2, 1.31µm, PDAF",,IP67 dust/water resistant (up to 1m for 30 min)MIL-STD-810G compliant**does not guarantee ruggedness or use in extreme conditions,10W wiredWireless (Qi/PMA),"Li-Po 4150 mAh, non-removable",GSM 850 / 900 / 1800 / 1900 - SIM 1 & SIM 2 (dual-SIM model only),microSDXC (uses shared SIM slot) - dual SIM model only,Tuned by Bang & Olufsen,Microsoft Windows 10,Nano-SIMNano-SIM + Nano-SIM,HP Elite x3,About 700 EUR,"HSPA 21.1/5.76 Mbps, LTE Cat6 300/50 Mbps",195 g (6.88 oz),Corning Gorilla Glass 4,"2016, February. Released 2016, August","Iris scanner, fingerprint (rear-mounted), accelerometer, gyro, proximity, compass, barometer","Gold, Graphite/Chrome",Microsoft Continuum support,GSM / HSPA / LTE,"8 MP, f/2.2, 1/4.0"", 1.12µm","Yes, with stereo speakers",Yes,"USB Type-C 3.0, magnetic connector","5.96 inches, 97.5 cm2(~72.2% screen-to-body ratio)",,"1440 x 2560 pixels, 16:9 ratio (~494 ppi density)",,,,HSDPA 850 / 900 / 1700(AWS) / 1900 / 2100,"Wi-Fi 802.11 a/b/g/n/ac, dual-band, hotspot",Quad-core (2x2.15 GHz Kryo & 2x1.6 GHz Kryo),"1, 2, 3, 4, 5, 7, 8, 12, 17, 19, 20, 26, 28, 29, 38, 39, 40, 41 - EMEA",Adreno 530,,eMMC 5.1,,64GB 4GB RAM,"LED flash, HDR, panorama",Discontinued,https://fdn2.gsmarena.com/vv/bigpic/hp-elite-x3-new.jpg,"GPS, GLONASS, BDS",,Yes,No,,Qualcomm MSM8996 Snapdragon 820 (14 nm),,1080p@30fps,HP,161.8 x 83.5 x 7.8 mm (6.37 x 3.29 x 0.31 in),"AMOLED, 350 nits (typ)","4K@30fps, 1080p@30fps","4.0, A2DP, LE"
Built-in 2 kickstands,0.9 MP,,No,,"Li-Po (43 Wh, 3-cell)",N/A,microSDHC (dedicated slot); SDHC,HDMI port,Android 4.4.2 (KitKat),No,HP Slate 17,About 370 EUR,,2005 g (4.42 lb),,"2014, September. Released 2014, September",Accelerometer,"Snow White, Sweet Yellow",,No cellular connectivity,,"Yes, with stereo speakers",No,USB 2.0,"17.3 inches, 825.1 cm2(~69.7% screen-to-body ratio)",Up to 7 h 45 min (multimedia),"1080 x 1920 pixels, 16:9 ratio (~127 ppi density)",,,,,"Wi-Fi 802.11 a/b/g/n/ac, dual-band, Wi-Fi Direct",Dual-core 1.58 GHz,,,No,Beats Audio,No,32GB 2GB RAM,,Discontinued,https://fdn2.gsmarena.com/vv/bigpic/hp-slate-17.jpg,No,,Yes,No,,Intel Celeron N2807,,,HP,418.1 x 283.2 x 15.8 mm (16.46 x 11.15 x 0.62 in),IPS LCD,720p@30fps,"4.0, A2DP"
HP Duet Pen,"8 MP, AF",,eMMC 4.5,,Li-Po (21 Wh),GSM 850 / 900 / 1800 / 1900,microSDHC (dedicated slot),,Android 4.4.4 (KitKat),Nano-SIM,HP Pro Slate 12,About 490 EUR,HSPA,850 g (1.87 lb),Corning Concore Glass,"2015, January. Released 2015, January","Accelerometer, gyro, proximity, compass, barometer",Silver,,GSM / HSPA,2 MP,"Yes, with stereo speakers",Yes,microUSB 2.0 (SlimPort),"12.3 inches, 468.5 cm2(~70.3% screen-to-body ratio)",Up to 10 h (multimedia),"1200 x 1600 pixels, 4:3 ratio (~163 ppi density)",,,,HSDPA 2100,"Wi-Fi 802.11 a/b/g/n/ac, dual-band, Wi-Fi Direct, hotspot",Quad-core 2.3 GHz Krait 400,,Adreno 330,,,,32GB 2GB RAM,HDR,Discontinued,https://fdn2.gsmarena.com/vv/bigpic/hp-pro-slate-12.jpg,GPS,,Yes,No,,Qualcomm Snapdragon 800 (28 nm),,1080p@30fps,HP,300.3 x 222 x 8 mm (11.82 x 8.74 x 0.31 in),IPS LCD,1080p@30fps,"4.0, A2DP, LE"
Optional mobile dock with standard QWERTY keyboard and trackpad,"5 MP, AF or 2 MP, AF",,HDMI port,,"Li-Ion 8380 mAh, non-removable (28.5 Wh)",N/A,microSDHC (dedicated slot),,Android 4.4.4 (KitKat),No,HP Pro Slate 10 EE G1,About 240 EUR,,855 g (1.88 lb),,"2015, January. Released 2015, January","Accelerometer, compass",Black,,No cellular connectivity,2 MP or 1.3 MP,Yes,No,microUSB 2.0,"10.1 inches, 295.8 cm2(~58.0% screen-to-body ratio)",,"800 x 1280 pixels, 16:10 ratio (~149 ppi density)",,,,,"Wi-Fi 802.11 a/b/g/n, dual-band",Quad-core 1.33 GHz,,,No,,No,"16GB 1GB RAM, 32GB 2GB RAM",,Discontinued,https://fdn2.gsmarena.com/vv/bigpic/hp-pro-slate-10-ee.jpg,GPS,,Yes,No,,Intel Atom Z3735G,,,HP,280 x 182 x 14.4 mm (11.02 x 7.17 x 0.57 in),IPS LCD,Yes,"4.0, A2DP, LE"
HP Duet Pen,"8 MP, AF",,eMMC 4.5,,"Li-Po 5900 mAh, non-removable (21 Wh)",GSM 850 / 900 / 1800 / 1900,microSDHC (dedicated slot),,Android 4.4.4 (KitKat),Nano-SIM,HP Pro Slate 8,About 390 EUR,HSPA,350 g (12.35 oz),Corning Gorilla Glass 4,"2015, January. Released 2015, January","Accelerometer, gyro, proximity, compass, barometer",Gray,,GSM / HSPA,2 MP,"Yes, with stereo speakers",Yes,microUSB 2.0 (SlimPort),"7.86 inches, 191.3 cm2(~67.5% screen-to-body ratio)",,"1536 x 2048 pixels, 4:3 ratio (~326 ppi density)",,,,HSDPA 2100,"Wi-Fi 802.11 a/b/g/n/ac, dual-band, Wi-Fi Direct, hotspot",Quad-core 2.3 GHz Krait 400,,Adreno 330,,,,"16GB 2GB RAM, 32GB 2GB RAM",HDR,Discontinued,https://fdn2.gsmarena.com/vv/bigpic/hp-pro-slate-8-new.jpg,GPS,,Yes,No,,Qualcomm Snapdragon 800 (28 nm),,1080p@30fps,HP,207 x 137 x 8 mm (8.15 x 5.39 x 0.31 in),IPS LCD,1080p@30fps,"4.0, A2DP, LE"
,"8 MP, AF",Up to 750 h (2G) / Up to 750 h (3G),,,"Li-Ion 3000 mAh, removable",GSM 850 / 900 / 1800 / 1900 - SIM 1 & SIM 2,microSDXC,,Android 4.4.2 (KitKat),"Dual SIM (Mini-SIM/ Micro-SIM, dual stand-by)",HP Slate6 VoiceTab II,About 200 EUR,HSPA 21.1/5.76 Mbps,160 g (5.64 oz),,"2014, November. Released 2014, November","Accelerometer, gyro, proximity, compass",Silver,,GSM / HSPA,2 MP,"Yes, with stereo speakers",No,microUSB 2.0,"6.0 inches, 99.2 cm2(~72.2% screen-to-body ratio)",Up to 13 h 30 min (2G) / Up to 10 h 30 min (3G),"720 x 1280 pixels, 16:9 ratio (~245 ppi density)",0.54 W/kg (head)     0.28 W/kg (body),,,HSDPA 900 / 2100,"Wi-Fi 802.11 b/g/n, hotspot",Quad-core 1.2 GHz,,,,,,16GB 1GB RAM,LED flash,Discontinued,https://fdn2.gsmarena.com/vv/bigpic/hp-slate-6-voicetab-ii.jpg,GPS,0.15 W/kg (head)     0.53 W/kg (body),Yes,No,,Marvell PXA1088,,,HP,165.1 x 83.2 x 9 mm (6.5 x 3.28 x 0.35 in),IPS LCD,Yes,"3.0, EDR"
,"5 MP, AF",,,,"Li-Po 7700 mAh, non-removable (28 Wh)",N/A,microSDHC (dedicated slot),,Android 4.4.2 (KitKat),No,HP 10 Plus,,,660 g (1.46 lb),,2014. Released 2014,"Accelerometer, gyro",Black/Silver,,No cellular connectivity,2 MP,"Yes, with stereo speakers",No,"microUSB 2.0, OTG","10.1 inches, 295.8 cm2(~63.8% screen-to-body ratio)",Up to 6 h (multimedia),"1920 x 1200 pixels, 16:10 ratio (~224 ppi density)",,,,,Wi-Fi 802.11 b/g/n,Quad-core 1.0 GHz,,,No,,No,16GB 2GB RAM,HDR,Discontinued,https://fdn2.gsmarena.com/vv/bigpic/hp-10-plus-2201er.jpg,GPS,,Yes,No,,,,,HP,265 x 175 x 9.5 mm (10.43 x 6.89 x 0.37 in),IPS LCD,1080p@30fps,"4.0, A2DP"
,5 MP,,,,"Li-Ion 3000 mAh, non-removable",GSM 850 / 900 / 1800 / 1900,microSDHC (dedicated slot),,Android 4.4.2 (KitKat),Micro-SIM,HP 7 VoiceTab,About 140 EUR,HSPA,305 g (10.76 oz),,"2014, October. Released 2014, October","Accelerometer, proximity",Black/White,,GSM / HSPA,VGA,Yes,No,microUSB 2.0,"6.95 inches, 135.9 cm2(~69.2% screen-to-body ratio)",,"600 x 1024 pixels, 16:9 ratio (~171 ppi density)",,,,HSDPA,Wi-Fi 802.11 b/g/n,Quad-core 1.3 GHz Cortex-A7,,Mali-400MP2,Yes,,Yes,8GB 1GB RAM,LED flash,Discontinued,https://fdn2.gsmarena.com/vv/bigpic/hp-7-voicetab-1351ra.jpg,GPS,,Yes,No,,Mediatek MT8382 (28 nm),,,HP,192.1 x 102.2 x 10.2 mm (7.56 x 4.02 x 0.40 in),TFT,Yes,"4.0, A2DP"
,2 MP,,,,"Li-Po 2800 mAh, non-removable",N/A,microSDHC (dedicated slot),,Android 4.2.2 (Jelly Bean),No,HP 7 Plus,About 70 EUR,,294.8 g (10.37 oz),,"2014, May. Released 2014, May",Accelerometer,Silver,,No cellular connectivity,VGA,Yes,No,microUSB 2.0,"7.0 inches, 137.9 cm2(~58.8% screen-to-body ratio)",Up to 5 h 30 min (multimedia),"600 x 1024 pixels, 16:9 ratio (~170 ppi density)",,,,,Wi-Fi 802.11 b/g/n,Quad-core 1.0 GHz Cortex-A7,,,No,,No,8GB 1GB RAM,,Discontinued,https://fdn2.gsmarena.com/vv/bigpic/hp-7-plus.jpg,No,,Yes,No,,Allwinner A31,,,HP,192.5 x 121.9 x 8.1 mm (7.58 x 4.80 x 0.32 in),IPS LCD,Yes,Yes
,2 MP,,,,"Li-Po 3800 mAh, non-removable",N/A,microSDHC (dedicated slot),,Android 4.2.2 (Jelly Bean),No,HP 8,About 120 EUR,,313 g (11.04 oz),,"2014, February. Released 2014, March","Accelerometer, gyro",Silver,,No cellular connectivity,VGA,"Yes, with stereo speakers",No,microUSB 2.0,"7.85 inches, 190.8 cm2(~69.9% screen-to-body ratio)",Up to 7 h (multimedia),"768 x 1024 pixels, 4:3 ratio (~163 ppi density)",,,,,Wi-Fi 802.11 b/g/n,Quad-core 1.0 GHz Cortex-A7,,,No,,No,16GB 1GB RAM,,Discontinued,https://fdn2.gsmarena.com/vv/bigpic/hp-8.jpg,No,,Yes,No,,Allwinner A31,,,HP,200.3 x 136.3 x 8 mm (7.89 x 5.37 x 0.31 in),IPS LCD,Yes,"4.0, A2DP"
,"13 MP, AF",Up to 480 h (3G),,,"Li-Po 5000 mAh, non-removable (19 Wh)",GSM 850 / 900 / 1800 / 1900 - SIM 1 & SIM 2 (dual-SIM model only),microSDHC (dedicated slot),,Android 4.2.2 (Jelly Bean),"Single SIM (Micro-SIM) or Dual SIM (Micro-SIM, dual stand-by)",HP Slate7 VoiceTab Ultra,About 400 EUR,"HSPA, LTE",239 g (8.43 oz),,2014. Released 2014,"Accelerometer, gyro, proximity, compass",Champagne,,GSM / HSPA / LTE,5 MP,"Yes, with stereo speakers",No,microUSB 2.0,"7.0 inches, 142.1 cm2(~74.5% screen-to-body ratio)",Up to 10 h (multimedia) (3G),"1200 x 1920 pixels, 16:10 ratio (~323 ppi density)",,,,HSDPA 850 / 900 / 1900 / 2100,"Wi-Fi 802.11 b/g/n, hotspot",Quad-core 1.6 GHz Cortex-A9,"1, 3, 7, 20, 40",,,,,16GB 2GB RAM,"LED flash, HDR, panorama",Discontinued,https://fdn2.gsmarena.com/vv/bigpic/hp-slate7-voicetab-ultra.jpg,GPS,,Yes,No,,HiSilicon Balong V9R1,,,HP,183.5 x 103.9 x 7.2 mm (7.22 x 4.09 x 0.28 in),IPS LCD,1080p@30fps,"4.0, LE"
,"5 MP, AF",,,,"Li-Ion 4100 mAh, non-removable",GSM 850 / 900 / 1800 / 1900 - SIM 1 & SIM 2,microSDHC (dedicated slot),,Android 4.2.2 (Jelly Bean),Dual SIM (Mini-SIM & Micro-SIM),HP Slate7 VoiceTab,About 180 EUR,HSPA,325 g (11.46 oz),,"2014, January. Released 2014, February","Accelerometer, gyro, proximity, compass",Black/White,,GSM / HSPA,2 MP,"Yes, with stereo speakers",No,microUSB 2.0,"7.0 inches, 142.1 cm2",,"800 x 1280 pixels, 16:10 ratio (~216 ppi density)",,,,HSDPA,"Wi-Fi 802.11 b/g/n, hotspot",Quad-core 1.2 GHz,,,Yes,,Yes,16GB 1GB RAM,"LED flash, panorama",Discontinued,https://fdn2.gsmarena.com/vv/bigpic/HP-Slate7-VoiceTab1.jpg,GPS,,Yes,No,,Marvell PXA1088,,,HP,9.5 mm thickness,IPS LCD,Yes,"3.0, EDR"
,"5 MP, AF",,,,"Li-Ion 3000 mAh, removable",GSM 850 / 900 / 1800 / 1900 - SIM 1 & SIM 2,microSDXC (dedicated slot),,Android 4.3 (Jelly Bean),"Dual SIM, (dual stand-by)",HP Slate6 VoiceTab,About 270 EUR,HSPA 21.1/5.76 Mbps,160 g (5.64 oz),,"2014, January. Released 2014, February","Accelerometer, gyro, proximity, compass",Black,,GSM / HSPA,2 MP,"Yes, with stereo speakers",No,microUSB 2.0,"6.0 inches, 99.2 cm2(~72.3% screen-to-body ratio)",,"720 x 1280 pixels, 16:9 ratio (~245 ppi density)",,,,HSDPA 900 / 2100,"Wi-Fi 802.11 b/g/n, hotspot",Quad-core 1.2 GHz,,,,,,16GB 1GB RAM,"LED flash, panorama",Discontinued,https://fdn2.gsmarena.com/vv/bigpic/HP-Slate6-VoiceTab.jpg,GPS,,Yes,Stereo FM radio,,Marvell PXA1088,,,HP,165 x 83.2 x 8.8 mm (6.50 x 3.28 x 0.35 in),IPS LCD,Yes,"3.0, EDR"
,"8 MP, AF",,Beats Audio,,"Li-Po 5680 mAh, non-removable",N/A,microSDHC (dedicated slot),,Android 4.2.2 (Jelly Bean),No,HP Slate8 Pro,About 240 EUR,,453.6 g (1.00 lb),Corning Gorilla Glass 3,"2013, December. Released 2013, December","Accelerometer, gyro, compass",Black/White,,No cellular connectivity,,"Yes, with stereo speakers",No,microUSB 2.0,"8.0 inches, 198.2 cm2(~63.7% screen-to-body ratio)",Up to 11 h 30 min (multimedia),"1200 x 1600 pixels, 4:3 ratio (~250 ppi density)",,,,,"Wi-Fi 802.11 a/b/g/n, dual-band",Quad-core 1.8 GHz Cortex-A15,,,No,HDMI port,No,16GB 1GB RAM,LED flash,Discontinued,https://fdn2.gsmarena.com/vv/bigpic/hp-slate8-pro.jpg,GPS,,Yes,No,,Nvidia Tegra 4 T40 S,,,HP,220 x 141.5 x 9.9 mm (8.66 x 5.57 x 0.39 in),IPS LCD,Yes,"4.0, LE"
Beats Audio,"5 MP, AF",,,,"Li-Po 7000 mAh, non-removable",N/A,microSDHC (dedicated slot),,Android 4.2.2 (Jelly Bean),No,HP Slate10 HD,About 220 EUR,,626 g (1.38 lb),,"2013, December. Released 2013, December","Accelerometer, gyro, compass",Black/Silver,,No cellular connectivity,2 MP,"Yes, with stereo speakers",No,microUSB 2.0,"10.0 inches, 290.0 cm2(~62.9% screen-to-body ratio)",Up to 10 h (multimedia),"800 x 1280 pixels, 16:10 ratio (~151 ppi density)",,,,,"Wi-Fi 802.11 a/b/g/n, dual-band",Dual-core 1.2 GHz,,,No,,No,16GB 1GB RAM,,Discontinued,https://fdn2.gsmarena.com/vv/bigpic/hp-slate10-hd.jpg,GPS,,Yes,No,,Marvell PXA986,,720p,HP,259 x 178 x 9.7 mm (10.20 x 7.01 x 0.38 in),IPS LCD,1080p@30fps,3.0
,"5 MP, AF",,,,"Li-Po 4100 mAh, non-removable",N/A,microSDHC (dedicated slot),,Android 4.2.2 (Jelly Bean),No,HP Slate7 Extreme,About 150 EUR,,319.8 g (11.25 oz),,"2013, December. Released 2013, December","Accelerometer, gyro, compass",Black/Silver,,No cellular connectivity,VGA,"Yes, with stereo speakers",No,microUSB 2.0,"7.0 inches, 142.1 cm2(~59.2% screen-to-body ratio)",Up to 10 h 30 min (multimedia),"800 x 1280 pixels, 16:10 ratio (~216 ppi density)",,,,,Wi-Fi 802.11 b/g/n,Quad-core 1.8 GHz Cortex-A15,,,No,,No,16GB 1GB RAM,,Discontinued,https://fdn2.gsmarena.com/vv/bigpic/hp-slate7-extreme.jpg,GPS,,Yes,No,,Nvidia Tegra 4,,,HP,200 x 120 x 9.4 mm (7.87 x 4.72 x 0.37 in),IPS LCD,720p,3.0
,"5 MP, AF",,,,"Li-Po 4000 mAh, non-removable",N/A,microSDHC (dedicated slot),,Android 4.2.2 (Jelly Bean),No,HP Slate7 Plus,About 110 EUR,,340.2 (11.99 oz),,"2013, December. Released 2013, December","Accelerometer, compass",Black/Silver,,No cellular connectivity,VGA,"Yes, with stereo speakers",No,microUSB 2.0,"7.0 inches, 142.1 cm2(~59.5% screen-to-body ratio)",Up to 7 h 30 min (multimedia),"800 x 1280 pixels, 16:10 ratio (~216 ppi density)",,,,,Wi-Fi 802.11 b/g/n,Quad-core 1.3 GHz Cortex-A9,,,No,,No,8GB 1GB RAM,,Discontinued,https://fdn2.gsmarena.com/vv/bigpic/hp-slate7-plus.jpg,GPS,,Yes,No,,Nvidia Tegra 3,,,HP,194.7 x 122.7 x 10.7 mm (7.67 x 4.83 x 0.42 in),IPS LCD,720p,3.0
,3.15 MP,,,,"Li-Ion, non-removable",N/A,microSDHC (dedicated slot),,Android 4.1 (Jelly Bean),No,HP Slate 7,About 130 EUR,,372 g (13.12 oz),,"2013, February. Released 2013, April",Accelerometer,"Black/Silver, Red",,No cellular connectivity,VGA,"Yes, with stereo speakers",No,microUSB 2.0,"7.0 inches, 137.9 cm2(~60.3% screen-to-body ratio)",Up to 5 h (multimedia),"600 x 1024 pixels, 16:9 ratio (~170 ppi density)",,,,,"Wi-Fi 802.11 b/g/n, DLNA",Dual-core 1.6 GHz Cortex-A9,,,No,,No,8GB 1GB RAM,,Discontinued,https://fdn2.gsmarena.com/vv/bigpic/hp-slate-7-new.jpg,No,,Yes,No,,,,,HP,197.1 x 116.1 x 10.7 mm (7.76 x 4.57 x 0.42 in),FFS+ LCD,720p@30fps,"2.1, A2DP, EDR"
No,1.3 MP,Up to 300 h,Touchstone technologySNS applicationsMP3/WAV/eAAC+ playerMP4/H.264 playerOrganizerDocument viewer/editorPredictive text input,,Non-removable Li-Ion 6300 mAh battery,GSM 850 / 900 / 1800 / 1900,No,,HP webOS 3.0,Mini-SIM,HP TouchPad 4G,,HSPA,740 g (1.63 lb),,"2011, July","Accelerometer, gyro, compass",Black,,GSM / HSPA,,"Yes, with stereo speakers",,microUSB 2.0,"9.7 inches, 291.4 cm2(~63.9% screen-to-body ratio)",Up to 6 h,"768 x 1024 pixels, 4:3 ratio (~132 ppi density)",,,,HSDPA 850 / 1900 / 2100,"Wi-Fi 802.11 a/b/g/n, dual-band",Dual-core 1.2 GHz Scorpion,,Adreno 220,,,,32GB 1GB RAM,,Cancelled,https://fdn2.gsmarena.com/vv/bigpic/hp-touchpad-4g.jpg,"GPS, A-GPS",,Yes,No,,Qualcomm APQ8060 Snapdragon S3,,,HP,240 x 190 x 13.7 mm (9.45 x 7.48 x 0.54 in),"LED-backlit LCD,",No,"2.1, A2DP, EDR"
No,5 MP,Up to 300 h,AT&T dedicated applicationsMP3/WAV/eAAC+ playerMP4/H.264 playerOrganizerDocument viewerVoice memo/dialPredictive text input,,Removable Li-Ion 910 mAh battery,GSM 850 / 900 / 1800 / 1900,No,,HP webOS 2.1,Mini-SIM,HP Veer 4G,About 320 EUR,HSPA 14.4/5.76 Mbps,103 g (3.63 oz),,"2011, May. Released 2011, May 15","Accelerometer, proximity","White, black",,GSM / HSPA,,Yes,,microUSB 2.0,"2.6 inches, 21.3 cm2(~46.5% screen-to-body ratio)",Up to 5 h,320 x 400 pixels (~197 ppi density),,,,HSDPA 850 / 1900 / 2100,Wi-Fi 802.11 b/g/n,800 MHz Scorpion,,Adreno 205,,,,8GB (6.1GB user available),fixed focus,Discontinued,https://fdn2.gsmarena.com/vv/bigpic/hp-veer-4g-new.jpg,"GPS, A-GPS",,No,No,"HTML, Adobe Flash",Qualcomm MSM7230,QWERTY,,HP,84 x 54.5 x 15.1 mm (3.31 x 2.15 x 0.59 in),"TFT, 256K colors",Yes,"2.1, A2DP"
HSDPA 900 / 2100,5 MP,Up to 300 h,No,,Removable Li-Ion 910 mAh battery,GSM 850 / 900 / 1800 / 1900,No,,HP webOS 2.2,Mini-SIM,HP Veer,About 320 EUR,HSPA 7.2/5.76 Mbps,103 g (3.63 oz),,"2011, February. Released 2011, June","Accelerometer, proximity",Black,,GSM / HSPA,,Yes,,microUSB 2.0,"2.6 inches, 21.3 cm2(~46.5% screen-to-body ratio)",Up to 5 h,320 x 400 pixels (~197 ppi density),,,,HSDPA 850 / 1900,Wi-Fi 802.11 b/g/n,800 MHz Scorpion,,Adreno 205,,MP3/WAV/eAAC+ playerMP4/H.264 playerOrganizerDocument viewerVoice memo/dialPredictive text input,,8GB (6.5GB user available),fixed focus,Discontinued,https://fdn2.gsmarena.com/vv/bigpic/hp-veer-ofic.jpg,"GPS, A-GPS",,Yes,No,"HTML, Adobe Flash",Qualcomm MSM7230,QWERTY,,HP,84 x 54.5 x 15.1 mm (3.31 x 2.15 x 0.59 in),"TFT, 256K colors",Yes,"2.1, A2DP"
CDMA 800 / 1900,"5 MP, AF",Up to 300 h,CDMA2000 1xEV-DO,,Removable Li-Ion 1230 mAh battery,GSM 850 / 900 / 1800 / 1900,No,,HP webOS 2.2,Mini-SIM,HP Pre 3 CDMA,,HSPA 7.2/5.76 Mbps / EV-DO Rev.A 3.1 Mbps,156 g (5.50 oz),,"2011, February","Accelerometer, proximity, compass",Black,,GSM / CDMA / HSPA / EVDO,VGA,Yes,,microUSB 2.0,"3.58 inches, 36.5 cm2(~51.4% screen-to-body ratio)",Up to 5 h,"480 x 800 pixels, 5:3 ratio (~261 ppi density)",,,,HSDPA 900 / 1900 / 2100,Wi-Fi 802.11 b/g/n,1.4 GHz Scorpion,,Adreno 205,,MP3/WAV/eAAC+ playerMP4/H.264 playerOrganizerDocument viewerVoice memo/dialPredictive text input,,"8GB 512MB RAM, 16GB 512MB RAM",LED flash,Cancelled,https://fdn2.gsmarena.com/vv/bigpic/palm-pre-3-ofic.jpg,"GPS, A-GPS",,Yes,No,,Qualcomm MSM8655 Snapdragon S2,QWERTY,,HP,111 x 64 x 16 mm (4.37 x 2.52 x 0.63 in),TFT,720p,"2.1, A2DP, EDR"
MP3/WAV/eAAC+ playerMP4/H.264 playerOrganizerDocument viewerVoice memo/dialPredictive text input,"5 MP, AF",Up to 300 h,,,Removable Li-Ion 1230 mAh battery,GSM 850 / 900 / 1800 / 1900,No,,HP webOS 2.2,Mini-SIM,HP Pre 3,About 350 EUR,HSPA 7.2/5.76 Mbps,156 g (5.50 oz),,"2011, February. Released 2011, August","Accelerometer, proximity, compass",Black,,GSM / HSPA,VGA,Yes,,microUSB 2.0,"3.58 inches, 36.5 cm2(~51.4% screen-to-body ratio)",Up to 5 h,"480 x 800 pixels, 5:3 ratio (~261 ppi density)",,,,HSDPA 900 / 1900 / 2100,"Wi-Fi 802.11 a/b/g/n, dual-band",1.4 GHz Scorpion,,Adreno 205,,,,8GB 512MB RAM,LED flash,Discontinued,https://fdn2.gsmarena.com/vv/bigpic/palm-pre-3-ofic.jpg,"GPS, A-GPS",,Yes,No,"HTML, Adobe Flash",Qualcomm MSM8255 Snapdragon S2,QWERTY,,HP,111 x 64 x 16 mm (4.37 x 2.52 x 0.63 in),TFT,720p,"2.1, A2DP, EDR"
No,1.3 MP,Up to 300 h,Touchstone technologySNS applicationsMP3/WAV/eAAC+ playerMP4/H.264 playerOrganizerDocument viewer/editorPredictive text input,,Non-removable Li-Ion 6300 mAh battery,N/A,No,,HP webOS 3.0,No,HP TouchPad,About 280 EUR,,740 g (1.63 lb),,"2011, February. Released 2011, July","Accelerometer, gyro",Black,,No cellular connectivity,,"Yes, with stereo speakers",,microUSB 2.0,"9.7 inches, 291.4 cm2(~63.9% screen-to-body ratio)",Up to 9 h,"768 x 1024 pixels, 4:3 ratio (~132 ppi density)",,,,,"Wi-Fi 802.11 a/b/g/n, dual-band",Dual-core 1.2 GHz Scorpion,,Adreno 220,No,,No,"16GB 1GB RAM, 32GB 1GB RAM",,Discontinued,https://fdn2.gsmarena.com/vv/bigpic/hp-touch-pad-new.jpg,No,,Yes,No,"HTML, Adobe Flash",Qualcomm APQ8060 Snapdragon S3,,,HP,240 x 190 x 13.7 mm (9.45 x 7.48 x 0.54 in),"LED-backlit LCD,",No,"2.1, A2DP, EDR"
No,"3.15 MP, AF",,Pocket OfficeOrganizerMedia playerVoice memoPredictive text input,,Removable Li-Po battery,GSM 850 / 900 / 1800 / 1900,microSDHC (dedicated slot),,Microsoft Windows Mobile 6.5 Professional,Mini-SIM,HP iPAQ Glisten,About 140 EUR,HSPA 7.2/0.384 Mbps,132 g (4.66 oz),,"2009, November. Released 2009, December",,Black,,GSM / HSPA,,Yes,,microUSB 2.0,"2.5 inches, 19.4 cm2(~27.3% screen-to-body ratio)",,"320 x 240 pixels, 4:3 ratio (~160 ppi density)",,,,HSDPA 900 / 1900 / 2100,Wi-Fi 802.11b/g,528 MHz ARM 11,,Adreno 130,,,,"256MB RAM, 512MB ROM",,Discontinued,https://fdn2.gsmarena.com/vv/bigpic/hp-ipaq-glisten.jpg,"GPS, A-GPS",0.59 W/kg (head)     1.08 W/kg (body),Yes,No,"WAP 2.0/xHTML, HTML",Qualcomm MSM7200,QWERTY,,HP,112.8 x 62.8 x 13.4 mm (4.44 x 2.47 x 0.53 in),"AMOLED resistive touchscreen, 256K colors (65K effective colors)",Yes,"2.0, A2DP"
No,"3.15 MP, AF",,Pocket OfficeMedia playerPredictive text inputVoice memo,,Removable Li-Po 1260 mAh battery,GSM 850 / 900 / 1800 / 1900,microSDHC (dedicated slot),,Microsoft Windows Mobile 6.1 Standard,Mini-SIM,HP iPAQ Voice Messenger,About 80 EUR,HSPA 7.2/0.384 Mbps,107 g (3.77 oz),,"2008, October. Released 2009, March",,Blue,,GSM / HSPA,,Yes,,microUSB 2.0,"2.4 inches, 17.8 cm2(~31.3% screen-to-body ratio)",,"240 x 320 pixels, 4:3 ratio (~167 ppi density)",,,,HSDPA 900 / 1900 / 2100,Wi-Fi 802.11b/g,528 MHz ARM 11,,Adreno 130,,,,"128MB RAM, 256MB ROM",LED flash,Discontinued,https://fdn2.gsmarena.com/vv/bigpic/hp-ipaq-voice-messenger.jpg,"GPS, A-GPS",0.64 W/kg (head)     1.01 W/kg (body),No,No,"WAP 2.0/xHTML, HTML (PocketIE)",Qualcomm MSM7201A,QWERTY,,HP,114 x 50 x 13.6 mm (4.49 x 1.97 x 0.54 in),"TFT, 65K colors",Yes,"2.0, A2DP"
No,"3.15 MP, AF",,Pocket OfficeMedia playerPredictive text inputVoice memo,,Removable Li-Po 1140 mAh battery,GSM 850 / 900 / 1800 / 1900,microSDHC (dedicated slot),,Microsoft Windows Mobile 6.1 Professional,Mini-SIM,HP iPAQ Data Messenger,About 150 EUR,HSPA 7.2/2 Mbps,160 g (5.64 oz),,"2008, October. Released 2009, March",,Blue,,GSM / HSPA,,Yes,,microUSB 2.0,"2.81 inches, 24.5 cm2(~37.6% screen-to-body ratio)",,"240 x 320 pixels, 4:3 ratio (~142 ppi density)",,,,HSDPA 900 / 1900 / 2100,Wi-Fi 802.11b/g,528 MHz ARM 11,,Adreno 130,,,,"128MB RAM, 256MB ROM",LED flash,Discontinued,https://fdn2.gsmarena.com/vv/bigpic/hp-ipaq-data-messenger.jpg,"GPS, A-GPS",0.71 W/kg (head)     1.04 W/kg (body),No,No,"WAP 2.0/xHTML, HTML (PocketIE)",Qualcomm MSM7201A,QWERTY,,HP,114 x 57 x 17.4 mm (4.49 x 2.24 x 0.69 in),"TFT resistive touchscreen, 65K colors",Yes,"2.0, A2DP"
No,"3.15 MP, AF",,Pocket OfficeMedia playerPredictive text inputVoice memo,,Removable Li-Ion 1840 mAh battery,GSM 850 / 900 / 1800 / 1900,microSD (dedicated slot),,Microsoft Windows Mobile 6.1 Professional,Mini-SIM,HP iPAQ 910c,About 210 EUR,HSPA 7.2/0.384 Mbps,146 g (5.15 oz),,"2007, September. Released 2008, July",,Black,,GSM / HSPA,,Yes,,2.0,"2.46 inches, 18.7 cm2(~25.9% screen-to-body ratio)",,"240 x 320 pixels, 4:3 ratio (~163 ppi density)",,"Vibration; Downloadable polyphonic, MP3, AAC ringtones",,HSDPA 850 / 1900 / 2100,Wi-Fi 802.11b/g,Marvell PXA270 416 MHz,,,,,,"128MB RAM, 256MB ROM",,Discontinued,https://fdn2.gsmarena.com/vv/bigpic/hp-910c.jpg,"GPS, A-GPS",,No,No,"WAP 2.0/xHTML, HTML (PocketIE)",,QWERTY,,HP,113 x 64 x 16 mm (4.45 x 2.52 x 0.63 in),"TFT resistive touchscreen, 65K colors",QCIF,2.0
Smart Touch navigation wheel3-way thumb wheel,"3.15 MP, AF",Up to 250 h,No,,Removable Li-Po 1590 mAh battery,GSM 850 / 900 / 1800 / 1900,microSD (dedicated slot),,Microsoft Windows Mobile 6 Professional,Mini-SIM,HP iPAQ 610c,About 170 EUR,HSPA 7.2/0.384 Mbps,145 g (5.11 oz),,"2007, September",,Black,,GSM / HSPA,,Yes,,2.0,"2.8 inches, 24.3 cm2(~34.4% screen-to-body ratio)",Up to 4 h,"240 x 320 pixels, 4:3 ratio (~143 ppi density)",,"Vibration; Downloadable polyphonic, MP3, AAC ringtones",,HSDPA 850 / 1900 / 2100,Wi-Fi 802.11b/g,Marvell PXA270 520 MHz,,,,Pocket OfficeMP3/AAC/AAC+/WMA/OGG/AMR playerWMV/MP4 playerPredictive text inputVoice memo,,"128MB RAM, 256MB ROM",LED flash,Discontinued,https://fdn2.gsmarena.com/vv/bigpic/hp-ipaq600.gif,"GPS, A-GPS",,No,No,"WAP 2.0/xHTML, HTML (PocketIE)",,,,HP,117 x 60.3 x 17.5 mm (4.61 x 2.37 x 0.69 in),"TFT resistive touchscreen, 65K colors",QCIF,"2.0, A2DP"
No,1.3 MP,Up to 188 h,Pocket OfficeMP3/AAC/AAC+/WMA/OGG/AMR playerWMV/MP4 playerPredictive text inputVoice memo,,Removable Li-Ion 1100 mAh battery,GSM 850 / 900 / 1800 / 1900,microSD (dedicated slot),,Microsoft Windows Mobile 6.0 Standard,Mini-SIM,HP iPAQ 514,About 90 EUR,,102 g (3.60 oz),,"2007, February",,Black,,GSM,,Yes,,miniUSB,"2.0 inches, 12.6 cm2(~24.2% screen-to-body ratio)",Up to 6 h 30 min,176 x 220 pixels (~141 ppi density),,"Vibration; Downloadable polyphonic, MP3, AAC ringtones",,,Wi-Fi 802.11b/g,200 MHz ARM926EJ-S,,,Class 10,,Class 10,"64MB RAM, 128MB ROM",,Discontinued,https://fdn2.gsmarena.com/vv/bigpic/hp-514.gif,No,,No,No,"WAP 2.0/xHTML, HTML (PocketIE)",TI OMAP 850,,,HP,107 x 48.6 x 16.3 mm (4.21 x 1.91 x 0.64 in),"TFT, 65K colors",Yes,1.2
Handwriting recognition,2 MP,Up to 240 h,No,,Removable Li-Ion 1530 mAh battery,GSM 900 / 1800 / 1900,miniSD,Pocket OfficeMP3/AAC/AAC+/WMA/OGG/AMR playerWMV/MP4 playerVoice memo,Microsoft Windows Mobile 5.0 PocketPC,Mini-SIM,HP iPAQ rw6815,About 150 EUR,,140 g (4.94 oz),,"2006, October",,Silver,,GSM,,"Yes, with stereo speakers",,miniUSB,"2.7 inches, 22.6 cm2(~38.2% screen-to-body ratio)",Up to 5 h 30 min,"240 x 320 pixels, 4:3 ratio (~148 ppi density)",,"Vibration; Downloadable polyphonic, MP3, AAC ringtones",Yes,,Wi-Fi 802.11b,Intel PXA272 416 MHz,,,Class 10,2.5 mm audio jack,Class 10,"64MB RAM, 128MB ROM",LED flash,Discontinued,https://fdn2.gsmarena.com/vv/bigpic/hp-rw6815.gif,No,,No,No,"WAP 2.0/xHTML, HTML (PocketIE)",,,,HP,102 x 58 x 19.5 mm (4.02 x 2.28 x 0.77 in),"TFT resistive touchscreen, 256K colors (65K effective)",Yes,1.2
Handwriting recognition,2 MP,Up to 240 h,No,,Removable Li-Po 1530 mAh battery,GSM 900 / 1800 / 1900,miniSD,,Microsoft Windows Mobile 5.0 PocketPC,Mini-SIM,HP iPAQ rw6828,About 290 EUR,,140 g (4.94 oz),,"2006, Q2",,Silver,,GSM,,"Yes, with stereo speakers",,miniUSB,"2.7 inches, 22.6 cm2(~38.2% screen-to-body ratio)",Up to 5 h 30 min,"240 x 320 pixels, 4:3 ratio (~148 ppi density)",,"Vibration; Downloadable polyphonic, MP3, AAC ringtones",Yes,,Wi-Fi 802.11b,Intel PXA 272 416 MHz,,,Class 10,Pocket OfficeMP3/AAC/AAC+/WMA/OGG/AMR playerWMV/MP4 playerVoice memo,Class 10,"64MB RAM, 128MB ROM",LED flash,Discontinued,https://fdn2.gsmarena.com/vv/bigpic/hp-rw6800.gif,No,,No,FM radio,"WAP 2.0/xHTML, HTML (PocketIE)",,,,HP,102 x 58 x 19.5 mm (4.02 x 2.28 x 0.77 in),"TFT resistive touchscreen, 256K colors (65K effective)",Yes,1.2
Handwriting recognition,2 MP,Up to 240 h,No,,Removable Li-Po 1530 mAh battery,GSM 900 / 1800 / 1900,miniSD,,Microsoft Windows Mobile 5.0 PocketPC,Mini-SIM,HP iPAQ rw6818,About 290 EUR,,140 g (4.94 oz),,"2006, Q2",,Silver,,GSM,,"Yes, with stereo speakers",,miniUSB,"2.7 inches, 22.6 cm2(~38.2% screen-to-body ratio)",Up to 5 h 30 min,"240 x 320 pixels, 4:3 ratio (~148 ppi density)",,"Vibration; Downloadable polyphonic, MP3, AAC ringtones",Yes,,No,Intel PXA 272 416 MHz,,,Class 10,Pocket OfficeMP3/AAC/AAC+/WMA/OGG/AMR playerWMV/MP4 playerVoice memo,Class 10,"64MB RAM, 128MB ROM",LED flash,Discontinued,https://fdn2.gsmarena.com/vv/bigpic/hp-rw6800.gif,No,,No,FM radio,"WAP 2.0/xHTML, HTML (PocketIE)",,,,HP,102 x 58 x 19.5 mm (4.02 x 2.28 x 0.77 in),"TFT resistive touchscreen, 256K colors (65K effective)",Yes,1.2
No,1.3 MP,,Pocket OfficeMP3/AAC/AAC+/WMA/OGG/AMR playerWMV/MP4 playerOrganizerVoice memo,,Removable Li-Ion 1200 mAh battery,GSM 850 / 900 / 1800 / 1900,miniSD,,Microsoft Windows Mobile 2005 PocketPC,Mini-SIM,HP iPAQ hw6915,About 550 EUR,,179 g (6.31 oz),,"2006, February",,Silver,,GSM,,Yes,,Proprietary,,,"240 x 240 pixels, 3 inch, 1:1 ratio",,Vibration; Polyphonic ringtones,Yes,,Wi-Fi 802.11b,Intel PXA 270 416 MHz,,,Class 10,,Class 10,"64MB RAM, 45MB ROM",LED flash,Discontinued,https://fdn2.gsmarena.com/vv/bigpic/hp-hw6900.gif,GPS,,No,No,HTML (PocketIE),,QWERTY,,HP,118 x 71 x 18 mm (4.65 x 2.80 x 0.71 in),"TFT resistive touchscreen, 65K colors",Yes,1.2
No,,,Pocket OfficeMP3/AAC/AAC+/WMA/OGG/AMR playerWMV/MP4 playerOrganizerVoice memo,,Removable Li-Ion 1200 mAh battery,GSM 850 / 900 / 1800 / 1900,miniSD,,Microsoft Windows Mobile 2005 PocketPC,Mini-SIM,HP iPAQ hw6910,About 470 EUR,,179 g (6.31 oz),,"2006, February",,Silver,,GSM,,Yes,,Proprietary,,,"240 x 240 pixels, 3 inch, 1:1 ratio",,Vibration; Polyphonic ringtones,Yes,,Wi-Fi 802.11b,Intel PXA 270 416 MHz,,,Class 10,,Class 10,"64MB RAM, 45MB ROM",,Discontinued,https://fdn2.gsmarena.com/vv/bigpic/hp-hw6900.gif,GPS,,No,No,HTML (PocketIE),,QWERTY,,HP,118 x 71 x 18 mm (4.65 x 2.80 x 0.71 in),"TFT resistive touchscreen, 65K colors",,1.2
No,1.3 MP,,Pocket OfficeMP3/AAC/AAC+/WMA/OGG/AMR playerWMV/MP4 playerOrganizer,,Removable Li-Ion 1200 mAh battery,GSM 850 / 900 / 1800 / 1900,SDIO/MMC + miniSD,,Microsoft Windows Mobile 2003 SE PocketPC Phone Edition,Mini-SIM,HP iPAQ hw6515,About 280 EUR,,165 g (5.82 oz),,"2005, Q2",,Silver,,GSM,,Yes,,Proprietary,"3.0 inches, 45 x 60 mm, 29.0 cm2(~34.7% screen-to-body ratio)",,"240 x 240 pixels, 1:1 ratio (~113 ppi density)",,Vibration; Polyphonic ringtones,Yes,,No,Intel PXA270 312 MHz,,,Class 10,,Class 10,"64MB RAM, 64MB ROM",LED flash,Discontinued,https://fdn2.gsmarena.com/vv/bigpic/hp-hw6515.gif,GPS,,No,No,HTML (PocketIE),,QWERTY,,HP,118 x 71 x 18 mm (4.65 x 2.80 x 0.71 in),"TFT resistive touchscreen, 65K colors",Yes,1.2
No,,,Pocket OfficeMP3/AAC/AAC+/WMA/OGG/AMR playerWMV/MP4 playerOrganizer,,Removable Li-Ion 1200 mAh battery,GSM 850 / 900 / 1800 / 1900,SDIO/MMC + miniSD,,Microsoft Windows Mobile 2003 SE PocketPC Phone Edition,Mini-SIM,HP iPAQ hw6510,About 280 EUR,,165 g (5.82 oz),,"2005, Q2",,Silver,,GSM,,Yes,,Proprietary,"3.0 inches, 45 x 60 mm, 29.0 cm2(~34.7% screen-to-body ratio)",,"240 x 240 pixels, 1:1 ratio (~113 ppi density)",,Vibration; Polyphonic ringtones,Yes,,No,Intel PXA270 312 MHz,,,Class 10,,Class 10,"64MB RAM, 64MB ROM",,Discontinued,https://fdn2.gsmarena.com/vv/bigpic/hp-hw6510.gif,GPS,,No,No,HTML (PocketIE),,QWERTY,,HP,118 x 71 x 18 mm (4.65 x 2.80 x 0.71 in),"TFT resistive touchscreen, 65K colors",,1.2
No,VGA,,Pocket OfficeOrganizer,,Removable Li-Ion 1800 mAh battery,GSM 850 / 900 / 1800 / 1900,"SD, up to 1 GB",,Microsoft Windows Mobile 2003 PocketPC Phone Edition,Mini-SIM,HP iPAQ h6325,About 180 EUR,,190 g (6.70 oz),,"2004, Q4",,Silver,,GSM,,Yes,,Proprietary,"3.5 inches, 53 x 71 mm, 37.9 cm2(~37.0% screen-to-body ratio)",,"240 x 320 pixels, 4:3 ratio (~114 ppi density)",,"Vibration; Polyphonic, WMA, WAV ringtones",Yes,,Wi-Fi 802.11b,ARM925T,,,Class 10,,No,"64MB RAM, 64MB ROM",,Discontinued,https://fdn2.gsmarena.com/vv/bigpic/hp-h6325.gif,No,,No,No,HTML (PocketIE),TI OMAP 1510,,,HP,137.6 x 74.6 x 20.8 mm (5.42 x 2.94 x 0.82 in),"TFT resistive touchscreen, 65K colors",No,1.1
No,,,Pocket OfficeOrganizer,,Removable Li-Ion 1800 mAh battery,GSM 850 / 900 / 1800 / 1900,"SD, up to 1 GB",,Microsoft Windows Mobile 2003 PocketPC Phone Edition,Mini-SIM,HP iPAQ h6320,About 190 EUR,,190 g (6.70 oz),,"2004, Q4",,Silver,,GSM,,Yes,,Proprietary,"3.5 inches, 53 x 71 mm, 37.9 cm2(~37.0% screen-to-body ratio)",,"240 x 320 pixels, 4:3 ratio (~114 ppi density)",,Vibration; Polyphonic ringtones,Yes,,Wi-Fi 802.11b,ARM925T,,,Class 10,,No,"64MB RAM, 64MB ROM",,Discontinued,https://fdn2.gsmarena.com/vv/bigpic/hp-h6320.gif,No,,No,No,HTML (PocketIE),TI OMAP 1510,,,HP,137.6 x 74.6 x 20.8 mm (5.42 x 2.94 x 0.82 in),"TFT resistive touchscreen, 65K colors",,1.1
No,VGA,,Pocket OfficeOrganizer,,Removable Li-Ion 1800 mAh battery,GSM 850 / 900 / 1800 / 1900,"SD, up to 1 GB",,Microsoft Windows Mobile 2003 PocketPC Phone Edition,Mini-SIM,HP iPAQ h6315,,,190 g (6.70 oz),,"2004, Q4",,Silver,,GSM,,Yes,,Proprietary,"3.5 inches, 53 x 71 mm, 37.9 cm2(~42.5% screen-to-body ratio)",,"240 x 320 pixels, 4:3 ratio (~114 ppi density)",,"Vibration; Polyphonic, MP3 ringtones",Yes,,Wi-Fi 802.11b,ARM925T,,,Yes,,No,"64MB RAM, 64MB ROM",,Discontinued,https://fdn2.gsmarena.com/vv/bigpic/hp-h6315.gif,No,,No,No,HTML (PocketIE),TI OMAP 1510,QWERTY,,HP,119 x 75 x 18.7 mm (4.69 x 2.95 x 0.74 in),"TFT resistive touchscreen, 65K colors",No,1.1
No,,,Pocket OfficeOrganizer,,Removable Li-Ion 1800 mAh battery,GSM 850 / 900 / 1800 / 1900,"SD, up to 1 GB",,Microsoft Windows Mobile 2003 PocketPC Phone Edition,Mini-SIM,HP iPAQ h6310,,,190 g (6.70 oz),,"2004, Q4",,Silver,,GSM,,Yes,,Proprietary,"3.5 inches, 53 x 71 mm, 37.9 cm2(~42.5% screen-to-body ratio)",,"240 x 320 pixels, 4:3 ratio (~114 ppi density)",,"Vibration; Polyphonic, MP3 ringtones",Yes,,Wi-Fi 802.11b,ARM925T,,,Yes,,No,"64MB RAM, 64MB ROM",,Discontinued,https://fdn2.gsmarena.com/vv/bigpic/hp-h6310.gif,No,,No,No,HTML (PocketIE),TI OMAP 1510,QWERTY,,HP,119 x 75 x 18.7 mm (4.69 x 2.95 x 0.74 in),"TFT resistive touchscreen, 65K colors",,1.1
