,Price,Features,Talk time,Positioning,Resolution,Type_1,WLAN,Infrared port,EDGE,Bluetooth,GPU,Keyboard,Chipset,Model Image,OS,3G bands,2G bands,Languages,Card slot,Internal,Status,_3,Technology,Stand-by,Video,Video_1,Single,3.5mm jack,Brand,Speed,Dimensions,_2,GPRS,Weight,CPU,Colors,Announced,Type,Alert types,_1,Sensors,Single_1,Size,Model Name,Loudspeaker,USB,Browser,SIM,Radio
,About 550 EUR,,Up to 3 h 30 min,GPS,"320 x 240 pixels, 4:3 ratio (~163 ppi density)",Removable Li-Po 1200 mAh battery,Wi-Fi 802.11 b/g,,,"2.0, A2DP",,QWERTY,,https://fdn2.gsmarena.com/vv/bigpic/i-mate-810-f.jpg,Microsoft Windows Mobile 6.1 Professional,HSDPA 850 / 1900 / 2100,GSM 850 / 900 / 1800 / 1900,,No,2GB 128MB RAM,Discontinued,,GSM / HSPA,Up to 200 h,Yes,,2 MP,No,i_mate,HSPA 7.2/0.384 Mbps,111 x 66 x 15.5 mm (4.37 x 2.60 x 0.61 in),,,150 g (5.29 oz),624 MHz Marvell PXA310,Blue,"2009, February. Released 2009","TFT resistive touchscreen, 65K colors",,Pocket OfficeVoice memoMP3/AAC/AAC+/WMA/OGG/AMR playerWMV/MP4 playerFile manager,"Accelerometer, compass",Yes,"2.46 inches, 18.7 cm2(~25.6% screen-to-body ratio)",i-mate 810-F,Yes,Proprietary,"WAP 2.0/xHTML, HTML (Internet Explorer Mobile 6)",Mini-SIM,No
2.5 mm audio jack,About 410 EUR,LED flash,Up to 4 h 20 min,GPS,"640 x 480 pixels, 4:3 ratio (~286 ppi density)",Removable Li-Po 1620 mAh battery,Wi-Fi 802.11 b/g,,,"2.0, A2DP",Adreno 130,QWERTY,Qualcomm MSM7200,https://fdn2.gsmarena.com/vv/bigpic/ultimate-9502.gif,Microsoft Windows Mobile 6.0 Professional,HSDPA 850 / 1900 / 2100,GSM 850 / 900 / 1800 / 1900,,microSD (dedicated slot),"128MB RAM, 256MB ROM",Discontinued,,GSM / HSPA,Up to 180 h,Yes,,"3.15 MP, AF",No,i_mate,HSPA,116 x 60 x 17.8 mm (4.57 x 2.36 x 0.70 in),,,200 g (7.05 oz),400 MHz ARM 11,Black,"2007, October. Released 2008, March","TFT resistive touchscreen, 256K colors (65K effective)","Vibration; Downloadable polyphonic, MP3 ringtones","Pocket OfficeVoice memoMP3/AAC/AAC+/WMA/OGG/AMR playerWMV/MP4 playerFile managerTV-outi-mate GPRS Configurator(WAP, MMS)",,VGA videocall camera,"2.8 inches, 24.3 cm2(~34.9% screen-to-body ratio)",i-mate Ultimate 9502,Yes,Proprietary,"WAP 2.0/xHTML, HTML (PocketIE)",Mini-SIM,No
No,About 200 EUR,LED flash,Up to 4 h 30 min,GPS,"320 x 240 pixels, 4:3 ratio (~154 ppi density)",Removable Li-Ion 1530 mAh battery,Wi-Fi 802.11 b/g,,,"2.0, A2DP",Adreno 130,QWERTY,Qualcomm MSM7200,https://fdn2.gsmarena.com/vv/bigpic/ultimate-8502.gif,Microsoft Windows Mobile 6.0 Professional,HSDPA 850 / 1900 / 2100,GSM 850 / 900 / 1800 / 1900,,microSD (dedicated slot),"128MB RAM, 256MB ROM",Discontinued,,GSM / HSPA,Up to 180 h,Yes,,2 MP,No,i_mate,HSPA,116 x 55 x 15 mm (4.57 x 2.17 x 0.59 in),"Pocket OfficeVoice memoMP3/AAC/AAC+/WMA/OGG/AMR playerWMV/MP4 playerFile managerTV-outi-mate GPRS Configurator(WAP, MMS)360° Jog wheel",,140 g (4.94 oz),400 MHz ARM 11,Black,"2007, October. Released 2008, September","TFT resistive touchscreen, 256K colors (65K effective)","Vibration; Downloadable polyphonic, MP3 ringtones",2.5 mm audio jack,,,"2.6 inches, 20.9 cm2(~32.8% screen-to-body ratio)",i-mate Ultimate 8502,Yes,Proprietary,"WAP 2.0/xHTML, HTML (PocketIE)",Mini-SIM,No
No,About 250 EUR,LED flash,Up to 4 h,No,"320 x 240 pixels, 4:3 ratio (~167 ppi density)",Removable Li-Ion 1050 mAh battery,No,,No,1.1,,QWERTY,,https://fdn2.gsmarena.com/vv/bigpic/imate-jama201.gif,Microsoft Windows Mobile 6.0 Professional,,GSM 900 / 1800 / 1900,,microSD (dedicated slot),"64MB RAM, 128MB ROM",Discontinued,,GSM,Up to 150 h,Yes,,"2 MP, AF",No,i_mate,,113 x 63 x 14 mm (4.45 x 2.48 x 0.55 in),,Class 10,152 g (5.36 oz),SAMSUNG SC3 2442X 300MHz,Black,"2007, October. Released 2008, October","TFT resistive touchscreen, 65K colors","Vibration; Downloadable polyphonic, MP3 ringtones",Pocket OfficeVoice memoMP3/AAC/AAC+/WMA/OGG/AMR playerWMV/MP4 playerFile manager,,,"2.4 inches, 17.8 cm2(~25.1% screen-to-body ratio)",i-mate JAMA 201,Yes,miniUSB 1.1,"WAP 2.0/xHTML, HTML (PocketIE)",Mini-SIM,No
Handwriting recognition4-way navigation pad,About 250 EUR,,Up to 4 h,No,"320 x 240 pixels, 4:3 ratio (~167 ppi density)",Removable Li-Ion 1020 mAh battery,No,,No,1.2,,,,https://fdn2.gsmarena.com/vv/bigpic/imate-jama101.gif,Microsoft Windows Mobile 6.0 Professional,,GSM 900 / 1800 / 1900,,microSD,"64MB RAM, 128MB ROM",Cancelled,,GSM,Up to 150 h,Yes,,2 MP,No,i_mate,,105 x 52.5 x 15.5 mm (4.13 x 2.07 x 0.61 in),Pocket OfficeVoice memoMP3/AAC/AAC+/WMA/OGG/AMR playerWMV/MP4 playerFile manager,Class 10,110 g (3.63 oz),SAMSUNG SC3 2442X 300MHz,Black,"2007, October","TFT resistive touchscreen, 65K colors","Vibration; Downloadable polyphonic, MP3 ringtones",No,,,"2.4 inches, 17.8 cm2(~32.4% screen-to-body ratio)",i-mate JAMA 101,Yes,miniUSB 1.1,"WAP 2.0/xHTML, HTML (PocketIE)",Mini-SIM,No
Handwriting recognition4-way navigation pad,About 200 EUR,,Up to 4 h,No,"320 x 240 pixels, 4:3 ratio (~167 ppi density)",Removable Li-Ion 1000 mAh battery,No,,No,1.2,,,,https://fdn2.gsmarena.com/vv/bigpic/imate-jama.gif,Microsoft Windows Mobile 5.0 PocketPC,,GSM 900 / 1800,,microSD (dedicated slot),"64MB RAM, 128MB ROM",Discontinued,,GSM,Up to 150 h,Yes,,2 MP,No,i_mate,,106 x 52.5 x 15.6 mm (4.17 x 2.07 x 0.61 in),Pocket OfficeVoice memoMP3/AAC/AAC+/WMA/OGG/AMR playerWMV/MP4 playerFile manager,Class 10,110 g (3.88 oz),Samsung SC3 2442X 300MHz,Silver,"2007, June","TFT resistive touchscreen, 65K colors","Vibration; Downloadable polyphonic, MP3 ringtones",No,,,"2.4 inches, 17.8 cm2(~32.1% screen-to-body ratio)",i-mate JAMA,Yes,miniUSB 1.1,"WAP 2.0/xHTML, HTML (PocketIE)",Mini-SIM,No
"Second OLED, 1.2 inches displayHandwriting recognition",About 410 EUR,,,No,"640 x 480 pixels, 4:3 ratio (~308 ppi density)",Removable Li-Ion 1400 mAh battery,Wi-Fi 802.11 b/g/e/i,Yes,,"2.0, A2DP",,,,https://fdn2.gsmarena.com/vv/bigpic/imate-ultim9150.gif,Microsoft Windows Mobile 6.0 Professional,HSDPA 850 / 1900 / 2100,GSM 850 / 900 / 1800 / 1900,,microSD,"128MB RAM, 256MB ROM",Cancelled,,GSM / HSPA,,Yes,,2 MP,No,i_mate,HSPA,98 x 50 x 19 mm (3.86 x 1.97 x 0.75 in),,,,Intel Bulverde 520 MHz,Silver,"2007, February","TFT resistive touchscreen, 256K colors (65K effective)","Vibration; Downloadable polyphonic, MP3 ringtones",Voice memoMP3/AAC/AAC+/WMA/OGG/AMR playerWMV/MP4 playerPocket OfficeFile managerTV-out,,Yes,"2.6 inches, 20.9 cm2(~42.7% screen-to-body ratio)",i-mate Ultimate 9150,Yes,miniUSB,"WAP 2.0/xHTML, HTML (PocketIE)",Mini-SIM,Stereo FM radio
Handwriting recognition,About 260 EUR,,,No,"480 x 640 pixels, 4:3 ratio (~308 ppi density)",Removable Li-Ion 1530 mAh battery,Wi-Fi 802.11 b/g/e/i,Yes,,"2.0, A2DP",,,,https://fdn2.gsmarena.com/vv/bigpic/imate-ultim8150.jpg,Microsoft Windows Mobile 6.0 Professional,HSDPA 850 / 1900 / 2100,GSM 850 / 900 / 1800 / 1900,,microSD (dedicated slot),"128MB RAM, 256MB ROM",Discontinued,,GSM / HSPA,,Yes,,"2 MP, AF",No,i_mate,HSPA,118.5 x 60.5 x 15.5 mm (4.67 x 2.38 x 0.61 in),,,152 g (5.36 oz),Intel XScale PXA270 520 MHz,Silver,"2007, February","TFT resistive touchscreen, 65K colors","Vibration; Downloadable polyphonic, MP3 ringtones",Voice memoMP3/AAC/AAC+/WMA/OGG/AMR playerWMV/MP4 playerPocket OfficeFile managerTV-out,,VGA videocall camera,"2.6 inches, 20.9 cm2(~29.2% screen-to-body ratio)",i-mate Ultimate 8150,Yes,miniUSB,"WAP 2.0/xHTML, HTML (PocketIE)",Mini-SIM,Stereo FM radio
"Second OLED, 2.2 inches display (128 x 128 pixels)Handwriting recognition",About 300 EUR,,,No,"640 x 480 pixels, 4:3 ratio (~211 ppi density)",Removable Li-Ion 1400 mAh battery,Wi-Fi 802.11 b/g/e/i,Yes,,"2.0, A2DP",,QWERTY,,https://fdn2.gsmarena.com/vv/bigpic/imate-ultim7150.gif,Microsoft Windows Mobile 6.0 Professional,HSDPA 850 / 1900 / 2100,GSM 850 / 900 / 1800 / 1900,,microSD,"128MB RAM, 256MB ROM",Cancelled,,GSM / HSPA,,Yes,,2 MP,No,i_mate,HSPA,110 x 74 x 18 mm (4.33 x 2.91 x 0.71 in),,,180 g (6.35 oz),Intel Bulverde 520 MHz,Silver,"2007, February","TFT resistive touchscreen, 256K colors (65K effective)","Vibration; Downloadable polyphonic, MP3 ringtones",Voice memoMP3/AAC/AAC+/WMA/OGG/AMR playerWMV/MP4 playerPocket OfficeFile managerTV-out,,VGA videocall camera,"3.8 inches, 44.7 cm2(~54.9% screen-to-body ratio)",i-mate Ultimate 7150,Yes,miniUSB,"WAP 2.0/xHTML, HTML (PocketIE)",Mini-SIM,Stereo FM radio
Handwriting recognition,About 260 EUR,,,No,"640 x 480 pixels, 4:3 ratio (~286 ppi density)",Removable Li-Ion 1530 mAh battery,Wi-Fi 802.11 b/g/e/i,Yes,,"2.0, A2DP",,,,https://fdn2.gsmarena.com/vv/bigpic/imate-ultim6150.jpg,Microsoft Windows Mobile 6.0 Professional,HSDPA 850 / 1900 / 2100,GSM 850 / 900 / 1800 / 1900,,microSD (dedicated slot),"128MB RAM, 256MB ROM",Discontinued,,GSM / HSPA,,Yes,,2 MP,No,i_mate,HSPA,118.5 x 60.5 x 15.5 mm (4.67 x 2.38 x 0.61 in),,,152 g (5.36 oz),Intel Bulverde 520 MHz,Silver,"2007, February. Released 2008, January","TFT resistive touchscreen, 256K colors (65K effective)","Vibration; Downloadable polyphonic, MP3 ringtones",Voice memoMP3/AAC/AAC+/WMA/OGG/AMR playerWMV/MP4 playerPocket OfficeFile managerTV-out,,VGA videocall camera,"2.8 inches, 24.3 cm2(~33.9% screen-to-body ratio)",i-mate Ultimate 6150,Yes,miniUSB,"WAP 2.0/xHTML, HTML (PocketIE)",Mini-SIM,Stereo FM radio
Handwriting recognition,About 300 EUR,,,No,"640 x 480 pixels, 4:3 ratio (~286 ppi density)",Removable Li-Ion 1400 mAh battery,Wi-Fi 802.11 b/g/e/i,Yes,,"2.0, A2DP",,,,https://fdn2.gsmarena.com/vv/bigpic/imate-ultim5150.gif,Microsoft Windows Mobile 6.0 Professional,HSDPA 850 / 1900 / 2100,GSM 850 / 900 / 1800 / 1900,,microSD,"128MB RAM, 256MB ROM",Cancelled,,GSM / HSPA,,Yes,,2 MP,No,i_mate,HSPA,117 x 60.5 x 19.5 mm (4.61 x 2.38 x 0.77 in),,,,Intel Bulverde 520 MHz,Silver,"2007, February","TFT resistive touchscreen, 256K colors (65K effective)","Vibration; Downloadable polyphonic, MP3 ringtones",Voice memoMP3/AAC/AAC+/WMA/OGG/AMR playerWMV/MP4 playerPocket OfficeFile managerTV-out,,Yes,"2.8 inches, 24.3 cm2(~34.3% screen-to-body ratio)",i-mate Ultimate 5150,Yes,miniUSB,"WAP 2.0/xHTML, HTML (PocketIE)",Mini-SIM,Stereo FM radio
Handwriting recognition,About 150 EUR,,Up to 5 h,GPS,"320 x 240 pixels, 4:3 ratio (~143 ppi density)",Removable Li-Ion 1660 mAh battery,Wi-Fi 802.11 b/g,Yes,Class 10,1.2,,QWERTY,TI OMAP 850,https://fdn2.gsmarena.com/vv/bigpic/imate-jaq4.gif,Microsoft Windows Mobile 6.0 Professional,,GSM 850 / 900 / 1800 / 1900,,miniSD,"64MB RAM, 128MB ROM",Cancelled,,GSM,Up to 200 h,Yes,,"2 MP, AF",No,i_mate,,125 x 71 x 15.5 mm (4.92 x 2.80 x 0.61 in),Voice memoMP3/AAC/AAC+/WMA/OGG/AMR playerWMV/MP4 playerFile managerPocket Office,Class 10,184 g (6.49 oz),200 MHz ARM926EJ-S,Black,"2007, February","TFT resistive touchscreen, 65K colors","Vibration; Downloadable polyphonic, MP3 ringtones",No,,,"2.8 inches, 24.3 cm2(~27.4% screen-to-body ratio)",i-mate JAQ4,Yes,1.1,"WAP 2.0/xHTML, HTML (PocketIE)",Mini-SIM,No
Handwriting recognition,About 220 EUR,,Up to 4 h,No,"320 x 240 pixels, 4:3 ratio (~167 ppi density)",Removable Li-Ion 1100 mAh battery,Wi-Fi 802.11 b/g,,Class 10,"1.2, A2DP",,,TI OMAP 850,https://fdn2.gsmarena.com/vv/bigpic/imate-pdal.gif,Microsoft Windows Mobile 5.0 PocketPC,,GSM 850 / 900 / 1800 / 1900,,microSD (dedicated slot),"64MB RAM, 128MB ROM",Discontinued,,GSM,Up to 150 h,Yes,,2 MP,No,i_mate,,112 x 56 x 17 mm (4.41 x 2.20 x 0.67 in),Pocket OfficeVoice memoMP3/AAC playerFile manager,Class 10,116 g (4.09 oz),200 MHz ARM926EJ-S,Silver,"2006, November","TFT resistive touchscreen, 65K colors","Vibration; Downloadable polyphonic, MP3 ringtones",No,,,"2.4 inches, 17.8 cm2(~28.4% screen-to-body ratio)",i-mate PDAL,Yes,1.1,"WAP 2.0/xHTML, HTML (PocketIE)",Mini-SIM,No
Handwriting recognition,About 240 EUR,,Up to 4 h,No,"320 x 240 pixels, 4:3 ratio (~160 ppi density)",Removable Li-Ion 1200 mAh battery,Wi-Fi 802.11 b/g,Yes,Class 10,"1.2, A2DP",,QWERTY,TI OMAP 850,https://fdn2.gsmarena.com/vv/bigpic/imate-jaq3.gif,Microsoft Windows Mobile 5.0 PocketPC,,GSM 850 / 900 / 1800 / 1900,,microSD (dedicated slot),"64MB RAM, 128MB ROM",Discontinued,,GSM,Up to 150 h,Yes,,2 MP,No,i_mate,,126 x 67.5 x 14.5 mm (4.96 x 2.66 x 0.57 in),Pocket OfficeVoice memoMP3/AAC playerFile manager,Class 10,160 g (5.64 oz),200 MHz ARM926EJ-S,Black,"2006, November","TFT resistive touchscreen, 65K colors","Vibration; Downloadable polyphonic, MP3 ringtones",No,,,"2.5 inches, 19.4 cm2(~22.8% screen-to-body ratio)",i-mate JAQ3,Yes,1.1,"WAP 2.0/xHTML, HTML (PocketIE)",Mini-SIM,No
GSM 850 / 1800 / 1900 - US version,About 130 EUR,,Up to 4 h,No,"240 x 320 pixels, 2.2 inches, 4:3 ratio (~182 ppi density)",Removable Li-Ion 1100 mAh battery,No,,No,1.2,,,,https://fdn2.gsmarena.com/vv/bigpic/imate-spl.gif,Microsoft Windows Mobile 5.0 Smartphone,,GSM 900 / 1800 / 1900,,miniSD,"64MB RAM, 128MB ROM",Discontinued,Voice memoMP3/AAC playerFile explorerPredictive text input,GSM,Up to 150 h,QCIF,,2 MP,No,i_mate,,114.5 x 49 x 12 mm (4.51 x 1.93 x 0.47 in),No,Class 10,102 g (3.60 oz),200 MHz ARM926EJ-S,Black,"2006, September","TFT, 65K colors","Vibration; Downloadable polyphonic, MP3 ringtones",5-way navigation,,,"2.2 inches, 34 x 45 mm, 15.0 cm2(~26.7% screen-to-body ratio)",i-mate SPL,Yes,miniUSB,"WAP 2.0/xHTML, HTML (PocketIE)",Mini-SIM,No
Handwriting recognition,About 180 EUR,,Up to 4 h,No,"320 x 240 pixels, 4:3 ratio (~143 ppi density)",Removable Li-Ion 1440 mAh battery,No,Yes,Class 10,1.2,,QWERTY,TI OMAP 850,https://fdn2.gsmarena.com/vv/bigpic/imate-jaq.gif,Microsoft Windows Mobile 5.0 PocketPC,,GSM 850 / 900 / 1800 / 1900,,miniSD,"64MB RAM, 128MB ROM",Discontinued,,GSM,Up to 150 h,,,,No,i_mate,,122 x 71 x 22 mm (4.80 x 2.80 x 0.87 in),Pocket OfficeVoice memoMP3/AAC playerFile managerPredictive text input,Class 10,160 g (5.64 oz),200 MHz ARM926EJ-S,Silver,"2006, September","TFT resistive touchscreen, 65K colors","Vibration; Downloadable polyphonic, MP3 ringtones",No,,,"2.8 inches, 24.3 cm2(~28.0% screen-to-body ratio)",i-mate JAQ,Yes,miniUSB,"WAP 2.0/xHTML, HTML (PocketIE)",Mini-SIM,No
Handwriting recognition,About 220 EUR,LED flash,Up to 5 h,No,"240 x 320 pixels, 2.8 inches, 4:3 ratio (~143 ppi density)",Removable Li-Ion 1300 mAh battery,Wi-Fi 802.11b/g,Yes,,2.0,,QWERTY,,https://fdn2.gsmarena.com/vv/bigpic/imate-jasjam.gif,Microsoft Windows Mobile 5.0 PocketPC,HSDPA 850 / 1900 / 2100,GSM 850 / 900 / 1800 / 1900,,microSD (dedicated slot),"64MB RAM, 128MB ROM",Discontinued,,GSM / HSPA,Up to 200 h,Yes,,2 MP,No,i_mate,HSPA 1.8 Mbps,112.5 x 58 x 22 mm (4.43 x 2.28 x 0.87 in),,,176 g (6.21 oz),400 MHz Samsung,Silver,"2006, June","TFT resistive touchscreen, 65K colors","Vibration; Downloadable polyphonic, MP3 ringtones",Pocket OfficeVoice memoMP3/AAC player,,QCIF videocall camera,"2.8 inches, 42 x 57 mm, 24.3 cm2(~37.2% screen-to-body ratio)",i-mate JASJAM,Yes,miniUSB,"WAP 2.0/xHTML, HTML (PocketIE)",Mini-SIM,No
5-way navigation button,About 110 EUR,,,No,"240 x 320 pixels, 2.2 inches, 4:3 ratio (~182 ppi density)",Removable Li-Ion 1190 mAh battery,No,Yes,,1.2,,,,https://fdn2.gsmarena.com/vv/bigpic/imate-spjas.gif,Microsoft Windows Mobile 5.0 Smartphone,UMTS 2100,GSM 900 / 1800 / 1900,,microSD (dedicated slot),"64MB RAM, 128MB ROM",Discontinued,,GSM / UMTS,,Yes,,1.3 MP,No,i_mate,"Yes, 384 kbps",112.4 x 49 x 14.8 mm (4.43 x 1.93 x 0.58 in),,,115 g (4.06 oz),Samsung 2442 300 MHz,,"2006, August","TFT, 65K colors","Vibration; Downloadable polyphonic, MP3 ringtones",Windows MPlayer 10 mobileFile managerPocket OfficePredictive text inputOrganizerVioce dial/memo,,CIF videocall camera,"2.2 inches, 34 x 45 mm, 15.0 cm2(~27.2% screen-to-body ratio)",i-mate SPJAS,Yes,1.1,"WAP 2.0/xHTML, HTML (PocketIE)",Mini-SIM,No
"Second external 1.2-inch TFT display, 65K colors (128 x 128 pixels)",About 110 EUR,,,No,"240 x 320 pixels, 2.2 inches, 4:3 ratio (~182 ppi density)",Removable Li-Ion 750 mAh battery,No,,Class 10,1.2,,,TI OMAP 850,https://fdn2.gsmarena.com/vv/bigpic/imate-smartflip.gif,Microsoft Windows Mobile 5.0 Smartphone,,GSM 850 / 900 / 1800 / 1900,,microSD (dedicated slot),"64MB RAM, 64MB ROM",Discontinued,,GSM,,Yes,,1.3 MP,No,i_mate,,98.5 x 51.4 x 15.8 mm (3.88 x 2.02 x 0.62 in),Pocket OfficeVoice memo/dialMP3/AAC playerPredictive text input,Class 10,99 g (3.49 oz),200 MHz ARM926EJ-S,Stylish black,"2006, February","TFT, 65K colors","Vibration; Downloadable polyphonic, MP3 ringtones",No,,,"2.2 inches, 34 x 45 mm, 15.0 cm2(~29.6% screen-to-body ratio)",i-mate Smartflip,Yes,1.1,"WAP 2.0/xHTML, HTML (PocketIE)",Mini-SIM,No
Handwriting recognition,About 220 EUR,,,No,"240 x 320 pixels, 2.8 inches, 4:3 ratio (~143 ppi density)",Removable Li-Po 1200 mAh battery,Wi-Fi 802.11b/g,Yes,Class 10,2.0,,,TI OMAP 850,https://fdn2.gsmarena.com/vv/bigpic/imate-jamin.gif,Microsoft Windows Mobile 5.0 PocketPC,,GSM 850 / 900 / 1800 / 1900,,"SD/MMC, up to 2 GB","64MB RAM, 128MB ROM",Discontinued,,GSM,,CIF,,2 MP,No,i_mate,,108 x 58 x 18.2 mm (4.25 x 2.28 x 0.72 in),Pocket OfficeVoice memoMP3/AAC player,Class 10,150 g (5.29 oz),200 MHz ARM926EJ-S,Stylish black,"2006, Q1","TFT resistive touchscreen, 65K colors",Vibration; Downloadable polyphonic ringtones,No,,,"2.8 inches, 42 x 57 mm, 24.3 cm2(~38.8% screen-to-body ratio)",i-mate JAMin,Yes,miniUSB,"WAP 2.0/xHTML, HTML (PocketIE)",Mini-SIM,No
180-degree pivot displayHandwriting recognition,About 260 EUR,,Up to 8 h,No,"640 x 480 pixels, 3.6 inches, 4:3 ratio (~222 ppi density)",Removable Li-Ion 1620 mAh battery,Wi-Fi 802.11b,Yes,,Yes,,QWERTY,,https://fdn2.gsmarena.com/vv/bigpic/imate-jasjar.gif,Microsoft Windows Mobile 5.0 PocketPC,UMTS 2100,GSM 900 / 1800 / 1900,,"SDIO/MMC, up to 2 GB","64MB RAM, 128MB ROM",Discontinued,,GSM / UMTS,Up to 260 h,Yes,,1.3 MP,Yes,i_mate,"Yes, 384 kbps",127.7 x 81 x 25 mm (5.03 x 3.19 x 0.98 in),Pocket OfficeVoice memoMP3/AAC playerPredictive text input,,285 g (10.05 oz),Intel Bulverde 520 MHz,Stylish black,"2005, August","TFT resistive touchscreen, 65K colors","Vibration; Downloadable polyphonic, MP3, AAC ringtones",Dual speakers,,VGA videocall camera,"3.6 inches, 73 x 55 mm, 40.1 cm2(~38.8% screen-to-body ratio)",i-mate JASJAR,"Yes, with stereo speakers",miniUSB,"WAP 2.0/xHTML, HTML (PocketIE)",Mini-SIM,No
No,About 280 EUR,LED flash,Up to 5 h,No,"240 x 320 pixels, 2.8 inches, 4:3 ratio (~143 ppi density)",Removable Li-Po 1250 mAh battery,Wi-Fi 802.11b/g,Yes,Class 10,2.0,,QWERTY,TI OMAP 850,https://fdn2.gsmarena.com/vv/bigpic/imate-k-jam.gif,Microsoft Windows Mobile 5.0 PocketPC,,GSM 850 / 900 / 1800 / 1900,,"miniSD, up to 2 GB","64MB RAM, 128MB ROM",Discontinued,,GSM,Up to 200 h,Yes,,1.3 MP,No,i_mate,,108 x 58 x 23.7 mm (4.25 x 2.28 x 0.93 in),,Class 10,160 g (5.64 oz),200 MHz ARM926EJ-S,Stylish black,"2005, September","TFT resistive touchscreen, 65K colors","Vibration; Downloadable polyphonic, MP3 ringtones",Microsoft ActiveSyncPocket OfficeMP3/AAC player,,,"2.8 inches, 42 x 57 mm, 24.3 cm2(~38.8% screen-to-body ratio)",i-mate K-JAM,Yes,miniUSB,"WAP 2.0/xHTML, HTML (PocketIE)",Mini-SIM,No
5-way navigation button,About 150 EUR,,Up to 5 h,No,"240 x 320 pixels, 2.2 inches, 4:3 ratio (~182 ppi density)",Removable Li-Ion 1050 mAh battery,Wi-Fi 802.11b,Yes,Class 10,1.1,,,TI OMAP 850,https://fdn2.gsmarena.com/vv/bigpic/imate-sp5.gif,Microsoft Windows Mobile 5.0 Smartphone,,GSM 850 / 900 / 1800 / 1900,,MiniSD,"64MB RAM, 64MB ROM",Discontinued,,GSM,Up to 250 h,Yes,,1.3 MP,No,i_mate,,107.5 x 46.2 x 17.5 mm (4.23 x 1.82 x 0.69 in),MP3/AAC playerPredictive text inputOrganizer,Class 10,106 g (3.74 oz),200 MHz ARM926EJ-S,,"2005, August","TFT, 65K colors","Vibration; Downloadable polyphonic, MP3 ringtones, composer",No,,,"2.2 inches, 33 x 45 mm, 15.0 cm2(~30.2% screen-to-body ratio)",i-mate SP5,Yes,miniUSB 1.1,"WAP 2.0/xHTML, HTML (PocketIE)",Mini-SIM,No
5-way navigation button,About 150 EUR,,Up to 5 h,No,"240 x 320 pixels, 2.2 inches, 4:3 ratio (~182 ppi density)",Removable Li-Ion 1050 mAh battery,Wi-Fi 802.11b,Yes,Class 10,1.1,,,TI OMAP 730,https://fdn2.gsmarena.com/vv/bigpic/imate-sp5m.gif,Microsoft Windows Mobile 5.0 Smartphone,,GSM 850 / 900 / 1800 / 1900,,MiniSD,"64MB RAM, 64MB ROM",Discontinued,,GSM,Up to 250 h,Yes,,1.3 MP,No,i_mate,,107.5 x 46.2 x 17.5 mm (4.23 x 1.82 x 0.69 in),MP3/AAC playerPredictive text inputOrganizer,Class 10,106 g (3.74 oz),200 MHz ARM926EJ-S,,"2005, August","TFT, 65K colors","Vibration; Downloadable polyphonic, MP3 ringtones, composer",No,,,"2.2 inches, 33 x 45 mm, 15.0 cm2(~30.2% screen-to-body ratio)",i-mate SP5m,Yes,miniUSB 1.1,"WAP 2.0/xHTML, HTML (PocketIE)",Mini-SIM,No
No,About 130 EUR,,Up to 3 h,No,"240 x 320 pixels, 4:3 ratio (~182 ppi density)",Removable Li-Po 1150 mAh battery,No,Yes,No,1.2,,,TI OMAP 850,https://fdn2.gsmarena.com/vv/bigpic/imate-sp4m.gif,Microsoft Windows Mobile 5.0 Smartphone,,GSM 900 / 1800 / 1900,,miniSD,"64MB RAM, 64MB ROM",Discontinued,,GSM,Up to 150 h,Yes,,1.3 MP,No,i_mate,,109 x 48 x 19 mm (4.29 x 1.89 x 0.75 in),,Class 10,100 g (3.53 oz),200 MHz ARM926EJ-S,Silver,"2005, September","TFT, 65K colors","Vibration; Downloadable polyphonic, MP3 ringtones",Microsoft ActiveSyncMP3/AAC playerPredictive text input,,,"2.2 inches, 33 x 45 mm, 15.0 cm2(~28.6% screen-to-body ratio)",i-mate SP4m,Yes,miniUSB,"WAP 2.0/xHTML, HTML (PocketIE)",Mini-SIM,No
Handwriting recognition,About 270 EUR,,,No,"240 x 320 pixels, 2.8 inches, 4:3 ratio (~143 ppi density)",Removable Li-Po 1200 mAh battery,No,Yes,No,1.2,,,,https://fdn2.gsmarena.com/vv/bigpic/imate-jam_black.gif,Microsoft Windows Mobile 2003 SE PocketPC,,GSM 900 / 1800 / 1900,,SDIO/MMC,"128MB RAM, 64MB ROM",Discontinued,,GSM,,Yes,,1.3 MP,No,i_mate,,108 x 58 x 18 mm (4.25 x 2.28 x 0.71 in),Pocket OfficeVoice memoMP3/AAC playerPredictive text input,Class 10,160 g (5.64 oz),Intel Bulverde 416 MHz,Stylish black,"2005, Q3","TFT resistive touchscreen, 65K colors",Vibration; Downloadable polyphonic ringtones,No,,,"2.8 inches, 42 x 57 mm, 24.3 cm2(~38.8% screen-to-body ratio)",i-mate JAM Black,Yes,Proprietary,"WAP 2.0/xHTML, HTML (PocketIE)",Mini-SIM,No
Handwriting recognition,About 260 EUR,,Up to 3 h 30 min,No,"240 x 320 pixels, 4:3 ratio (~143 ppi density)",Removable Li-Ion 1200 mAh battery,No,Yes,No,Yes,,,,https://fdn2.gsmarena.com/vv/bigpic/imjam.gif,Microsoft Windows Mobile 2003 SE PocketPC,,GSM 900 / 1800 / 1900,,"SDIO/MMC, up to 2 GB",64MB RAM,Discontinued,,GSM,Up to 180 h,Yes,,1.3 MP,No,i_mate,,108 x 58 x 18 mm (4.25 x 2.28 x 0.71 in),Pocket OfficeVoice memoMP3/AAC playerPredictive text input,Class 10,150 g (5.29 oz),Intel PXA272 416 MHz,Stylish black and silver,"2004, Q4","TFT resistive touchscreen, 65K colors",Vibration; Downloadable polyphonic ringtones,No,,,"2.8 inches, 42 x 57 mm, 24.3 cm2(~38.8% screen-to-body ratio)",i-mate JAM,Yes,Proprietary,"WAP 2.0/xHTML, HTML (PocketIE)",Mini-SIM,No
Handwriting recognition,,,Up to 3 h 30 min,No,"240 x 320 pixels, 3.5 inches, 4:3 ratio (~114 ppi density)",Removable Li-Ion 1300 mAh battery,Wi-Fi 802.11b,Yes,No,v.1.2,,,,https://fdn2.gsmarena.com/vv/bigpic/imate-pda2.gif,Microsoft Windows Mobile 2003 SE PocketPC,,GSM 900 / 1800 / 1900,,"MMC/SDIO, up to 2 GB","128MB RAM, 64MB ROM",Discontinued,,GSM,Up to 150 h,Yes,,1.3 MP,No,i_mate,,130 x 69 x 19 mm (5.12 x 2.72 x 0.75 in),"Pocket OfficeMP3/MP4 playerPDF, PPT viewerVoice memo",Class 10,190 g (6.70 oz),Intel XScale PXA272 520 MHz,,"2004, Q4","TFT resistive touchscreen, 65K colors",Vibration; Downloadable polyphonic ringtones,No,,,"3.5 inches, 53 x 71 mm, 37.9 cm2(~42.3% screen-to-body ratio)",i-mate PDA2,Yes,Proprietary,"WAP 2.0/xHTML, HTML (PocketIE)",Mini-SIM,No
No,,,Up to 4 h,No,"240 x 320 pixels, 3.5 inches, 4:3 ratio (~114 ppi density)",Removable Li-Ion 1050 mAh battery,Wi-Fi 802.11b,Yes,No,1.1,,QWERTY,,https://fdn2.gsmarena.com/vv/bigpic/impda2k.gif,Microsoft Windows Mobile 2003 SE PocketPC,,GSM 850 / 900 / 1800 / 1900,8,SDIO/MMC,"128MB RAM, 64MB ROM",Discontinued,,GSM,Up to 168 h,Yes,,VGA,No,i_mate,,125 x 71.6 x 18.7 mm (4.92 x 2.82 x 0.74 in),,Class 10,210 g (7.41 oz),Intel PXA263 400 MHz,Stylish black and silver,"2004, Q3","TFT resistive touchscreen, 65K colors","Vibration; Downloadable polyphonic, WAV ringtones",Microsoft ActiveSyncMP3/AAC playerPredictive text input,,,"3.5 inches, 53 x 71 mm, 37.9 cm2(~42.4% screen-to-body ratio)",i-mate PDA2k,Yes,Proprietary,HTML (PocketIE),Mini-SIM,No
5-way navigation button3-color LED indicatorDownloadable logos,,,Up to 3 h 30 min,No,"176 x 220 pixels, 2.2 inches (~128 ppi density)",Removable Li-Ion 1050 mAh battery,No,Yes,No,1.1,,,TI OMAP 730,https://fdn2.gsmarena.com/vv/bigpic/imsp3i.gif,Microsoft Windows Mobile 2003 SE Smartphone,,GSM 900 / 1800 / 1900,8,MiniSD,"32MB RAM, 64MB ROM",Discontinued,,GSM,Up to 140 h,Yes,,VGA,No,i_mate,,107.5 x 44.5 x 18 mm (4.23 x 1.75 x 0.71 in),MP3/AAC playerPredictive text inputOrganizer,Class 10,102 g (3.60 oz),200 MHz ARM926EJ-S,Stylish black and silver,"2004, Q3","TFT, 65K colors","Vibration; Downloadable polyphonic, MP3 ringtones",No,,,"2.2 inches, 35 x 44 mm, 15.2 cm2(~31.8% screen-to-body ratio)",i-mate SP3i,Yes,Proprietary,"WAP 2.0/xHTML, HTML (PocketIE)",Mini-SIM,No
5-way navigation button3-color LED indicatorDownloadable logos,,,Up to 3 h 30 min,No,"176 x 220 pixels, 2.2 inches (~128 ppi density)",Removable Li-Ion 1050 mAh battery,No,Yes,No,1.1,,,TI OMAP 730,https://fdn2.gsmarena.com/vv/bigpic/imsp3.gif,Microsoft Windows Mobile 2003 SE Smartphone,,GSM 900 / 1800 / 1900,8,MiniSD,"32MB RAM, 64MB ROM",Discontinued,,GSM,Up to 140 h,Yes,,VGA,No,i_mate,,107.5 x 46.2 x 17 mm (4.23 x 1.82 x 0.67 in),Microsoft ActiveSyncMP3/AAC playerPredictive text input,Class 10,106.3 g (3.74 oz),200 MHz ARM926EJ-S,"Cool metallic, Light blue","2004, Q2","TFT, 65K colors","Vibration; Downloadable polyphonic, MP3 ringtones",No,,,"2.2 inches, 35 x 44 mm, 15.2 cm2(~30.7% screen-to-body ratio)",i-mate SP3,Yes,Proprietary,"WAP 2.0/xHTML, HTML (PocketIE)",Mini-SIM,No
5-way navigation buttonDownloadable logos,,,Up to 3 h 30 min,No,"240 x 320 pixels, 4:3 ratio (~114 ppi density)",Removable Li-Ion 1200 mAh battery,No,Yes,No,Yes,,,,https://fdn2.gsmarena.com/vv/bigpic/impocket.gif,Microsoft Windows Mobile 2003 PocketPC,,GSM 900 / 1800 / 1900,7,SDIO/MMC,64MB RAM (128MB optional),Discontinued,,GSM,Up to 160 h,Yes,,VGA,No,i_mate,,"130 x 70 x 18 mm, 105 cc (5.12 x 2.76 x 0.71 in)",Microsoft ActiveSyncMP3 playerPredictive text input,Class 10,190 g (6.70 oz),Intel PXA263 400 MHz,Silver,"2004, Q2","TFT resistive touchscreen, 65K colors","Vibration; Downloadable polyphonic, MP3 ringtones",No,,,"3.5 inches, 53 x 71 mm, 37.9 cm2(~41.7% screen-to-body ratio)",i-mate Pocket PC,Yes,Proprietary,HTML (PocketIE),Mini-SIM,No
White LED back light5-way navigation buttonDownloadable logos,,,Up to 3 h 30 min,No,"176 x 220 pixels, 2.2 inches (~128 ppi density)",Removable Li-Ion 1000 mAh battery,No,Yes,No,Yes,,,TI OMAP 710,https://fdn2.gsmarena.com/vv/bigpic/imsmart2.gif,Microsoft Smartphone 2003 OS,,GSM 900 / 1800 / 1900,7,"SDIO/MMC, up to 2 GB","32MB RAM, 64MB ROM",Discontinued,,GSM,Up to 90 h,No,,VGA,No,i_mate,,"120.4 x 50.1 x 24.4 mm, 105 cc (4.74 x 1.97 x 0.96 in)",Microsoft ActiveSyncCalculatorPredictive text inputMP3 player,Class 8,130 g (4.59 oz),133 MHz  ARM925,,"2004, Q1","TFT, 65K colors","Vibration; Downloadable polyphonic, MP3 ringtones",No,,,"2.2 inches, 35 x 44 mm, 15.2 cm2(~25.3% screen-to-body ratio)",i-mate Smartphone2,Yes,1.1,HTML (PocketIE),Mini-SIM,No
White LED back light5-way navigation buttonDownloadable logos,,,Up to 6 h,No,176 x 220 pixels (~128 ppi density),Removable Li-Ion battery,No,Yes,No,No,,,,https://fdn2.gsmarena.com/vv/bigpic/imsmart.gif,Microsoft Windows Mobile Smartphone,,GSM 900 / 1800 / 1900,7,SD/SDIO,"16MB RAM, 32MB ROM",Discontinued,,GSM,Up to 90 h,,,,No,i_mate,,"120 x 50 x 23.5 mm, 105 cc (4.72 x 1.97 x 0.93 in)",OrganizerPredictive text inputMP3 player,Class 8,130 g (4.59 oz),120 MHz,,"2004, Q1","TFT, 65K colors","Vibration; Downloadable polyphonic, MP3 ringtones",No,,,"2.2 inches, 35 x 44 mm, 15.2 cm2(~25.4% screen-to-body ratio)",i-mate Smartphone,Yes,Proprietary,HTML (PocketIE),Mini-SIM,No
