,Price,Features,Talk time,Positioning,Resolution,Type_1,WLAN,Infrared port,EDGE,Phonebook,Bluetooth,Messaging,Music play,GPU,Chipset,Keyboard,Java,Model Image,OS,3G bands,2G bands,Call records,4G bands,Card slot,Internal,Status,_3,Technology,Stand-by,Video,Video_1,Games,Single,3.5mm jack,Brand,Speed,Dimensions,_2,GPRS,Weight,CPU,Colors,Announced,Type,_1,Sensors,Single_1,Size,Model Name,Loudspeaker,USB,Browser,SIM,Radio,NFC
,,LED flash,,GPS,"600 x 1024 pixels, 16:9 ratio (~170 ppi density)","Li-Ion 2800 mAh, non-removable","Wi-Fi 802.11 a/b/g/n, hotspot",Yes,,,"4.0, A2DP, EDR",,,Mali-T720MP2,Mediatek MT8735,,,https://fdn2.gsmarena.com/vv/bigpic/icemobile-g8-.jpg,Android 5.1 (Lollipop),HSDPA 850 / 1700(AWS) / 1900 / 900,GSM 850 / 900 / 1800 / 1900,,"2, 4, 5, 7, 17",microSD,,Discontinued,,GSM / HSPA / LTE,,Yes,,,"5 MP, AF",Yes,Icemobile,"HSPA, LTE",188 x 108 x 10 mm (7.40 x 4.25 x 0.39 in),,,320 g (11.29 oz),Quad-core 1.3 GHz Cortex-A53,"Black, Silver, Gold","2017, July. Released 2017, July",IPS LCD,,Accelerometer,VGA,"7.0 inches, 137.9 cm2(~67.9% screen-to-body ratio)",Icemobile G8 LTE,Yes,microUSB 2.0,,Micro-SIM,FM radio,No
No,,,Up to 3 h,No,"320 x 240 pixels, 4:3 ratio (~182 ppi density)","Li-Ion 800 mAh, removable",No,,No,300 entries,2.0,SMS,,,Spreadtrum 6531DA,QWERTY,No,https://fdn2.gsmarena.com/vv/bigpic/icemobile-mash.jpg,,,GSM 850 / 900 / 1800 / 1900 - SIM 1 & SIM 2,20 entries,,microSDHC (dedicated slot),32MB 32MB RAM,Discontinued,,GSM,Up to 150 h,No,,No,VGA,Yes,Icemobile,,110 x 64 x 13.5 mm (4.33 x 2.52 x 0.53 in),,Yes,-,,"White, Black, Red, Gold","2016, March. Released 2016, March",TFT,MP4/H.263 playerMP3 player,,,"2.2 inches, 15.0 cm2(~21.3% screen-to-body ratio)",Icemobile Mash,Yes,microUSB,,Dual SIM,FM radio,No
,,LED flash,Up to 10 h,GPS,"600 x 1024 pixels, 16:9 ratio (~170 ppi density)","Li-Ion 2600 mAh, non-removable",Wi-Fi 802.11 b/g/n,Yes,,,"2.1, EDR",,,Mali-400,Mediatek MT6572 (28 nm),,,https://fdn2.gsmarena.com/vv/bigpic/icemobile-g8.jpg,Android 4.4.2 (KitKat),HSDPA 850 / 1900 / 2100,GSM 850 / 900 / 1800 / 1900,,,microSD (dedicated slot),,Discontinued,,GSM / HSPA,Up to 280 h,Yes,,,"5 MP, AF",Yes,Icemobile,HSPA,190 x 110 x 13 mm (7.48 x 4.33 x 0.51 in),,,320 g (11.29 oz),Dual-core 1.0 GHz Cortex-A7,"White, Black, Blue","2015, September. Released 2015, September",IPS LCD,,Accelerometer,VGA,"7.0 inches, 137.9 cm2(~66.0% screen-to-body ratio)",Icemobile G8,Yes,2.0,,Micro-SIM,FM radio,No
Flashlight,,LED flash,,GPS,"720 x 1280 pixels, 16:9 ratio (~294 ppi density)","Li-Ion 2000 mAh, removable",Wi-Fi 802.11 b/g/n,,,,"4.0, A2DP",,,Mali-400MP2,Mediatek MT6582 (28 nm),,,https://fdn2.gsmarena.com/vv/bigpic/icemobile-prime-5-plus.jpg,Android 4.4.2 (KitKat),HSDPA 850 / 1700 / 1900,GSM 850 / 900 / 1800 / 1900 - SIM 1 & SIM 2,,,microSDHC,8GB 1GB RAM,Discontinued,,GSM / HSPA,,Yes,,,"8 MP, AF",Yes,Icemobile,HSPA,-,,,-,Quad-core 1.3 GHz Cortex-A7,"Black, Blue","2015, February. Released 2015, February",IPS LCD,,"Accelerometer, proximity",2 MP,"5.0 inches, 68.9 cm2",Icemobile Prime 5.0 Plus,Yes,microUSB 2.0,,Dual SIM,FM radio,No
Flashlight,,LED flash,Up to 3 h,GPS,"480 x 854 pixels, 16:9 ratio (~196 ppi density)","Li-Ion 1600 mAh, removable",Wi-Fi 802.11 b/g/n,,,,2.0,,,Mali-400,Mediatek MT6572A,,,https://fdn2.gsmarena.com/vv/bigpic/icemobile-prime-5.jpg,Android 4.4.2 (KitKat),HSDPA 850 / 1900,GSM 850 / 900 / 1800 / 1900 - SIM 1 & SIM 2,,,microSDHC,4GB 512MB RAM,Discontinued,,GSM / HSPA,,Yes,,,5 MP,Yes,Icemobile,HSPA,142 x 72.3 x 8.7 mm (5.59 x 2.85 x 0.34 in),,,-,Dual-core 1.3 GHz Cortex-A7,"Black, White","2015, February. Released 2015, February",IPS LCD,,"Accelerometer, proximity",1.3 MP,"5.0 inches, 68.9 cm2(~67.1% screen-to-body ratio)",Icemobile Prime 5.0,Yes,microUSB 2.0,,Dual SIM,FM radio,No
Flashlight,,LED flash,,GPS,"480 x 800 pixels, 5:3 ratio","Li-Ion 1400 mAh, removable",Wi-Fi 802.11 b/g/n,,,,2.0,,,Mali-400,Mediatek MT6572 (28 nm),,,https://fdn2.gsmarena.com/vv/bigpic/icemobile-prime-4-plus.jpg,Android 4.4.2 (KitKat),HSDPA 850 / 1700 / 1900,GSM 850 / 900 / 1800 / 1900 - SIM 1 & SIM 2,,,microSDHC,4GB 512MB RAM,Discontinued,,GSM / HSPA,,Yes,,,2 MP,Yes,Icemobile,HSPA,125 x 64 x 10 mm (4.92 x 2.52 x 0.39 in),,,-,Dual-core 1.3 GHz Cortex-A7,"Black, Blue","2015, February. Released 2015, February",IPS LCD,,Accelerometer,VGA,", -",Icemobile Prime 4.0 Plus,Yes,microUSB 2.0,,Dual SIM,FM radio,No
IP68 dust/water resistant (up to 1.5m for 30 min),,LED flash,Up to 12 h (2G) / Up to 7 h 30 min (3G),GPS,"480 x 854 pixels, 16:9 ratio (~244 ppi density)","Li-Ion 2800 mAh, removable","Wi-Fi 802.11 b/g/n, hotspot",,,,"4.0, A2DP",,,Mali-400MP2,Mediatek MT6582 (28 nm),,,https://fdn2.gsmarena.com/vv/bigpic/icemobile-gravity-40.jpg,Android 4.4.2 (KitKat),HSDPA 850 / 1900 / 2100,GSM 850 / 900 / 1800 / 1900 - SIM 1 & SIM 2,,,microSDHC (dedicated slot),8GB 1GB RAM,Discontinued,,GSM / HSPA,Up to 300 h (2G) / Up to 300 h (3G),Yes,,,"8 MP, AF",Yes,Icemobile,HSPA 21.1/5.76 Mbps,140.4 x 75.8 x 16.3 mm (5.53 x 2.98 x 0.64 in),,,316 g (11.15 oz),Quad-core 1.2 GHz Cortex-A7,"Black, White, Orange, Yellow, Green","2014. Released 2014, November",IPS LCD,,,1.3 MP,"4.02 inches, 44.5 cm2(~41.8% screen-to-body ratio)",Icemobile Gravity 4.0,Yes,microUSB 2.0,,Micro-SIM,FM radio,No
No,,,Up to 9 h,No,176 x 220 pixels (~117 ppi density),"Li-Ion 1000 mAh, removable",No,,No,500 contacts,2.0,"SMS, MMS",,,,,No,https://fdn2.gsmarena.com/vv/bigpic/icemobile-rock-24.jpg,,,GSM 850 / 900 / 1800 / 1900 - SIM 1 & SIM 2,"20 dialed, 20 received, 20 missed calls",,microSDHC,32MB 32MB,Discontinued,,GSM,Up to 100 h,Yes,,Yes,VGA,No,Icemobile,,120 x 50 x 13.8 mm (4.72 x 1.97 x 0.54 in),,Yes,60 g (2.12 oz),,"Black, White, Red, Pink, Green, White&blue",2014. Released 2014,TFT,MP3/MP4/WAV playerCalendarPredictive text input,,,"2.4 inches, 18.1 cm2(~30.2% screen-to-body ratio)",Icemobile Rock 2.4,Yes,microUSB,,Dual SIM (Mini-SIM),FM radio,No
,,LED flash,,,"720 x 1280 pixels, 16:9 ratio (~269 ppi density)","Li-Ion 2250 mAh, removable",Wi-Fi 802.11 b/g/n,,,,Yes,,,Mali-400MP2,Mediatek MT6582A/W,,,https://fdn2.gsmarena.com/vv/bigpic/icemobile-prime-55.jpg,Android 4.4.2 (KitKat),HSDPA 850 / 1900,GSM 850 / 900 / 1800 / 1900 - SIM 1 & SIM 2,,,microSDXC,16GB 1GB RAM,Discontinued,,GSM / HSPA,,Yes,,,8 MP,Yes,Icemobile,HSPA,152.5 x 77 x 8.6 mm (6.00 x 3.03 x 0.34 in),,,-,Quad-core 1.3 GHz Cortex-A7,White,"2014, August. Released 2014, August",IPS LCD,,,2 MP,"5.46 inches, 82.2 cm2(~70.0% screen-to-body ratio)",Icemobile Prime 5.5,Yes,Proprietary,,Dual SIM,FM radio,No
,,LED flash,,GPS,"320 x 480 pixels, 3:2 ratio (~165 ppi density)","Li-Ion 1200 mAh, removable",Wi-Fi 802.11 b/g,,,,2.1,,,Mali-400,Mediatek MT6572M (28 nm),,,https://fdn2.gsmarena.com/vv/bigpic/icemobile-prime-35.jpg,Android 4.2.2 (Jelly Bean),HSDPA 850 / 1900,GSM 850 / 900 / 1800 / 1900 - SIM 1 & SIM 2,,,microSDHC,4GB 512MB RAM,Discontinued,,GSM / HSPA,,480p@30fps,,,2 MP,Yes,Icemobile,HSPA 7.2/5.76 Mbps,119.5 x 63.5 x 10.9 mm (4.70 x 2.5 x 0.43 in),,,-,Dual-core 1.2 GHz Cortex-A7,"White, Black","2014, July. Released 2014, July",TFT,,Accelerometer,VGA,"3.5 inches, 36.5 cm2(~48.1% screen-to-body ratio)",Icemobile Prime 3.5,Yes,microUSB 2.0,,Dual SIM,No,No
Flashlight,,LED flash,Up to 3 h 20 min,GPS,"480 x 800 pixels, 5:3 ratio (~235 ppi density)","Li-Ion 1550 mAh, removable",Wi-Fi 802.11 b/g/n,,,,2.0,,,Mali-400,Mediatek MT6572M/W,,,https://fdn2.gsmarena.com/vv/bigpic/icemobile-prime-4.jpg,Android 4.2.2 (Jelly Bean),HSDPA 850 / 2100,GSM 850 / 900 / 1800 / 1900 - SIM 1 & SIM 2,,,microSDHC,4GB 512MB RAM,Discontinued,,GSM / HSPA,Up to 120 h,Yes,,,2 MP,Yes,Icemobile,HSPA,124 x 66 x 9.3 mm (4.88 x 2.60 x 0.37 in),,,-,Dual-core Cortex-A7,"White, Black, Blue","2014, May. Released 2014, May",IPS LCD,,Accelerometer,VGA,"3.97 inches, 44.9 cm2(~54.8% screen-to-body ratio)",Icemobile Prime 4.0,Yes,microUSB,,Dual SIM (Mini-SIM),FM radio,No
,,LED flash,Up to 6 h,A-GPS only,"320 x 480 pixels, 3:2 ratio (~165 ppi density)","Li-Ion 1200 mAh, removable","Wi-Fi 802.11 b/g/n, hotspot",,,,"2.1, EDR",,,,,,,https://fdn2.gsmarena.com/vv/bigpic/icemobile-apollo-touch-3g.jpg,Android 4.0 (Ice Cream Sandwich),HSDPA 850 / 2100,GSM 850 / 900 / 1800 / 1900 - SIM 1 & SIM 2,,,microSDHC (dedicated slot),512MB 512MB RAM,Discontinued,,GSM / HSPA,Up to 240 h,Yes,,,2 MP,Yes,Icemobile,HSPA,110.5 x 64.5 x 12.4 mm (4.35 x 2.54 x 0.49 in),,,100 g (3.53 oz),1.0 GHz Cortex-A9,"White, Black, Blue","2014, February. Released 2014, February",TFT,,Accelerometer,VGA,"3.5 inches, 36.5 cm2(~51.2% screen-to-body ratio)",Icemobile Apollo Touch 3G,Yes,microUSB 2.0,,Dual SIM (Mini-SIM),FM radio,No
,,LED flash,Up to 6 h,A-GPS only,"480 x 320 pixels, 3:2 ratio (~222 ppi density)","Li-Ion 1200 mAh, removable",Wi-Fi 802.11 b/g/n,,,,2.0,,,,,QWERTY,,https://fdn2.gsmarena.com/vv/bigpic/apollo-3g.jpg,Android 4.2.2 (Jelly Bean),HSDPA 850 / 2100,GSM 850 / 900 / 1800 / 1900 - SIM 1 & SIM 2,,,microSDHC (dedicated slot),512MB 512MB RAM,Discontinued,,GSM / HSPA,Up to 240 h,Yes,,,2 MP,Yes,Icemobile,HSPA,110.5 x 64.5 x 12.4 mm (4.35 x 2.54 x 0.49 in),,,100 g (3.53 oz),1.0 GHz Cortex-A9,"White, Black, Pink, Blue, Green, Red","2014, February. Released 2014, February",TFT,,Accelerometer,VGA,"2.6 inches, 20.1 cm2(~28.2% screen-to-body ratio)",Icemobile Apollo 3G,Yes,microUSB 2.0,,Dual SIM (Mini-SIM),FM radio,No
,,,,No,"600 x 1024 pixels, 16:9 ratio (~170 ppi density)","Li-Po 2800 mAh, non-removable",Wi-Fi 802.11 b/g/n,,,,"4.0, A2DP",,,Mali-400,Mediatek MT6572W,,,https://fdn2.gsmarena.com/vv/bigpic/icemobile-g7-pro.jpg,Android 4.2.2 (Jelly Bean),HSDPA 850 / 2100,GSM 850 / 900 / 1800 / 1900,,,microSDHC (dedicated slot),4GB 512MB RAM,Discontinued,,GSM / HSPA,,Yes,,,2 MP,Yes,Icemobile,HSPA,197.6 x 122.3 x 10.7 mm (7.78 x 4.81 x 0.42 in),,,307 g (10.83 oz),Dual-core 1.2 GHz Cortex-A7,"Black, Red, White, Gray",2014. Released 2014,IPS LCD,,Accelerometer,VGA,"7.0 inches, 137.9 cm2(~57.1% screen-to-body ratio)",Icemobile G7 Pro,Yes,2.0,,Micro-SIM,No,No
HDMI port,,LED flash,Up to 3 h 30 min (multimedia),No,"600 x 1024 pixels, 16:9 ratio (~170 ppi density)","Li-Ion 2800 mAh, non-removable",Wi-Fi 802.11 b/g/n,,No,,3.0,,Up to 8 h,,,,,https://fdn2.gsmarena.com/vv/bigpic/icemobile-g3.jpg,Android 4.2.2 (Jelly Bean),,N/A,,,microSDHC (dedicated slot),4GB 512MB RAM,Discontinued,,No cellular connectivity,,Yes,,,1.3 MP,Yes,Icemobile,,194 x 117 x 10 mm (7.64 x 4.61 x 0.39 in),,No,300 g (10.58 oz),Dual-core 1.0 GHz Cotex-A7,"Black, Red, White",2014. Released 2014,TFT,,Accelerometer,VGA,"7.0 inches, 137.9 cm2(~60.8% screen-to-body ratio)",Icemobile G3,Yes,"2.0, OTG",,No,No,No
Flashlight,,LED flash,,,"540 x 960 pixels, 16:9 ratio (~247 ppi density)","Li-Ion 1550 mAh, removable",Wi-Fi 802.11 b/g/n,,,,2.1,,,Mali-400,Mediatek MT6572AW,,,https://fdn2.gsmarena.com/vv/bigpic/icemobile-prime-45.jpg,Android 4.2.2 (Jelly Bean),HSDPA 850 / 2100,GSM 850 / 900 / 1800 / 1900 - SIM 1 & SIM 2,,,microSDHC (dedicated slot),4GB 512MB RAM,Discontinued,,GSM / HSPA,,Yes,,,2 MP,Yes,Icemobile,HSPA,133.5 x 67 x 9.5 mm (5.26 x 2.64 x 0.37 in),,,-,Dual-core Cortex-A7,"Black, White/Blue","2014, January. Released 2014, January",IPS LCD,,,VGA,"4.46 inches, 54.8 cm2(~61.3% screen-to-body ratio)",Icemobile Prime 4.5,Yes,microUSB,,Dual SIM,FM radio,No
No,,,Up to 7 h,No,220 x 176 pixels (~141 ppi density),"Li-Ion 1000 mAh, removable",No,,No,500 contacts,2.0,"SMS, MMS",,,,,No,https://fdn2.gsmarena.com/vv/bigpic/icemobile-charm2.jpg,,,GSM 850 / 900 / 1800 / 1900 - SIM 1 & SIM 2,20 entries,,microSDHC (dedicated slot),,Discontinued,,GSM,Up to 150 h,Yes,,Yes,VGA,Yes,Icemobile,,100 x 48.9 x 17.4 mm (3.94 x 1.93 x 0.69 in),,Class 10,-,,"Black, Red, Sliver, Blue, Pink","2014, January. Released 2014, January",TFT,MP3/MP4 playerPredictive text input,,,"2.0 inches, 12.6 cm2(~25.7% screen-to-body ratio)",Icemobile Charm II,Yes,miniUSB,,Dual SIM,Stereo FM radio,No
,,LED flash,Up to 8 h,GPS,"800 x 1280 pixels, 16:10 ratio (~149 ppi density)","Li-Ion 6000 mAh, non-removable",Wi-Fi 802.11 b/g/n,Yes,,,"2.1, EDR",,,PowerVR SGX544,Mediatek MT8389,,,https://fdn2.gsmarena.com/vv/bigpic/icemobile-g10.jpg,Android 4.2 (Jelly Bean),HSDPA 850 / 1900 / 2100,GSM 850 / 900 / 1800 / 1900,,,microSD (dedicated slot),,Discontinued,,GSM / HSPA,Up to 120 h,Yes,,,2 MP,Yes,Icemobile,HSPA,246 x 175 x 10.2 mm (9.69 x 6.89 x 0.40 in),,,-,Quad-core 1.2 GHz Cortex-A7,"White, Black","2014, January. Released 2014, January",TFT,,Accelerometer,VGA,"10.1 inches, 295.8 cm2(~68.7% screen-to-body ratio)",Icemobile G10,Yes,2.0,,Micro-SIM,FM radio,No
IP67 dust/water resistant (up to 1m for 30 min),,LED flash,Up to 11 h,GPS,"480 x 854 pixels, 16:9 ratio (~244 ppi density)","Li-Ion 2800 mAh, removable","Wi-Fi 802.11 b/g/n, hotspot",,,,"4.1, A2DP",,,PowerVR SGX544,Mediatek MT6589 (28 nm),,,https://fdn2.gsmarena.com/vv/bigpic/icemobile-gravity-pro.jpg,Android 4.0 (Ice Cream Sandwich),HSDPA 850 / 2100,GSM 850 / 900 / 1800 / 1900 - SIM 1 & SIM 2,,,microSDHC (dedicated slot),4GB 1GB RAM,Discontinued,,GSM / HSPA,Up to 700 h,Yes,,,"8 MP, AF",Yes,Icemobile,HSPA 7.2/5.76 Mbps,139.7 x 76.4 x 17.6 mm (5.5 x 3.01 x 0.69 in),,,240 g (8.47 oz),Quad-core 1.2 GHz Cortex-A7,"Black, White, Orange",2013. Released 2013,IPS LCD,,,1.3 MP,"4.02 inches, 44.5 cm2(~41.7% screen-to-body ratio)",Icemobile Gravity Pro,Yes,microUSB 2.0,,Yes,FM radio,No
GSM 900 / 1800 - SIM 1 & SIM 2,,LED flash,,No,"320 x 480 pixels, 3:2 ratio (~144 ppi density)","Li-Ion 1000 mAh, removable",Wi-Fi 802.11 b/g/n,,No,Yes,Yes,"SMS, MMS",,,,,No,https://fdn2.gsmarena.com/vv/bigpic/icemobile-sol-3.jpg,,,GSM 850 / 1900 - SIM 1 & SIM 2,Yes,,microSDHC (dedicated slot),,Discontinued,TV appOrganizerMP4 playerMP3 playerPredictive text input,GSM,,,,Yes,VGA,Yes,Icemobile,,128 x 68.7 x 10.2 mm (5.04 x 2.70 x 0.40 in),No,Yes,-,,"Black, Red, White, Blue","2013, November. Released 2013, November",TFT,Flashlight,,,"4.0 inches, 47.6 cm2(~54.2% screen-to-body ratio)",Icemobile Sol III,Yes,Proprietary,,"Dual SIM (Mini-SIM, dual stand-by)",Stereo FM radio,No
"IP54, dust and splash resistantFlashlight",,,Up to 5 h,No,144 x 176 pixels (~114 ppi density),"Li-Ion 500 mAh, removable",No,,No,500 contacts,2.0,"SMS, MMS",,,,,No,https://fdn2.gsmarena.com/vv/bigpic/icemobile-hydro.jpg,,,GSM 850 / 900 / 1800 / 1900,100 entries,,microSDHC (dedicated slot),,Discontinued,,GSM,Up to 80 h,Yes,,Yes,1.3 MP,No,Icemobile,,114 x 54 x 11.8 mm (4.49 x 2.13 x 0.46 in),MP3/MP4 player,Yes,85 g (3.00 oz),,"Black, White, Blue",2013. Released 2013,TFT,No,,,"2.0 inches, 12.6 cm2(~20.5% screen-to-body ratio)",Icemobile Hydro,Yes,microUSB 2.0,,Yes,FM radio,No
Flashlight,,,Up to 6 h,No,128 x 160 pixels (~114 ppi density),"Li-Ion 700 mAh, removable",No,,No,500 contacts,No,"SMS, MMS",,,,,No,https://fdn2.gsmarena.com/vv/bigpic/icemobile-rock-bold.jpg,,,GSM 850 / 900 / 1800 / 1900 - SIM 1 & SIM 2,"20 dialed, 20 received, 20 missed calls",,microSD (dedicated slot),,Discontinued,,GSM,Up to 180 h,Yes,,No,1.3 MP,No,Icemobile,,103.2 x 45.2 x 14.5 mm (4.06 x 1.78 x 0.57 in),MP3/MP4 playerPredictive text input,Class 10,46 g (w/out battery) (1.62 oz),,"Black, White, Red, Blue",2013. Released 2013,TFT,No,,,"1.8 inches, 10.2 cm2(~21.9% screen-to-body ratio)",Icemobile Rock Bold,Yes,miniUSB (charging only),,Dual SIM (Mini-SIM),Stereo FM radio,No
Flashlight,,,Up to 4 h,GPS,"600 x 1024 pixels, 16:9 ratio (~170 ppi density)","Li-Po 2800 mAh, non-removable",Wi-Fi 802.11 b/g,Yes,Yes,,"2.1, EDR",,,,,,,https://fdn2.gsmarena.com/vv/bigpic/icemobile-g2.jpg,Android OS,,GSM 850 / 900 / 1800 / 1900,,,microSDHC (dedicated slot),,Discontinued,,GSM,Up to 120 h,Yes,,,3.15 MP,Yes,Icemobile,,195 x 124 x 9.8 mm (7.68 x 4.88 x 0.39 in),,Class 12,450 g (0.99 lb),,"White, Black","2013, July. Released 2013, July",TFT,Analog TV,Accelerometer,VGA,"7.0 inches, 137.9 cm2(~57.0% screen-to-body ratio)",Icemobile G2,Yes,2.0,,Yes,No,No
,,LED flash,Up to 6 h,GPS,"720 x 1280 pixels, 16:9 ratio (~294 ppi density)","Li-Ion 1600 mAh, removable","Wi-Fi 802.11 b/g/n, hotspot",,,,"2.1, EDR",,,PowerVR SGX544,Mediatek MT6589 (28 nm),,,https://fdn2.gsmarena.com/vv/bigpic/icemobile-gprime-extreme.jpg,Android 4.2.1 (Jelly Bean),HSDPA 850 / 2100,GSM 850 / 900 / 1800 / 1900 - SIM 1 & SIM 2,,,microSDHC (dedicated slot),,Discontinued,,GSM / HSPA,Up to 240 h,Yes,,,"8 MP, AF",Yes,Icemobile,HSPA,143 x 72.8 x 10 mm (5.63 x 2.87 x 0.39 in),,,125 g (4.41 oz),Quad-core 1.2 GHz Cortex-A7,"Black, White",2013. Released 2013,TFT,,"Accelerometer, proximity",2 MP,"5.0 inches, 68.9 cm2(~66.2% screen-to-body ratio)",Icemobile Gprime Extreme,No,microUSB 2.0,,Dual SIM (Mini-SIM),FM radio,No
Flashlight,,,Up to 4 h,GPS,"600 x 1024 pixels, 16:9 ratio (~170 ppi density)","Li-Po 2800 mAh, non-removable",Wi-Fi 802.11 b/g,Yes,,,"2.1, EDR",,,,,,,https://fdn2.gsmarena.com/vv/bigpic/icemobile-g7.jpg,Android OS,HSDPA 850 / 1900 / 2100,GSM 850 / 900 / 1800 / 1900,,,microSDHC (dedicated slot),,Discontinued,,GSM / HSPA,Up to 120 h,Yes,,,3.15 MP,Yes,Icemobile,HSPA,195 x 124 x 9.8 mm (7.68 x 4.88 x 0.39 in),,,450 g (0.99 lb),,"White, Black","2013, April. Released 2013, April",TFT,Analog TV,Accelerometer,VGA,"7.0 inches, 137.9 cm2(~57.0% screen-to-body ratio)",Icemobile G7,Yes,2.0,,Yes,No,No
Analog TV,,,,GPS,"600 x 1024 pixels, 16:9 ratio","Li-Po 3000 mAh, non-removable",Wi-Fi 802.11 b/g/n,Yes,,,Yes,,,PowerVR SGX531,Mediatek MT6575 (40 nm),,,https://fdn2.gsmarena.com/vv/bigpic/icemobile-g51.jpg,Android 4.0 (Ice Cream Sandwich),HSDPA 850 / 1900 / 2100,GSM 850 / 900 / 1800 / 1900,,,microSDHC (dedicated slot),,Discontinued,,GSM / HSPA,,Yes,,,2 MP,Yes,Icemobile,HSPA,196.6 x 123.3 x 11.1 mm (7.74 x 4.85 x 0.44 in),,,345 g (12.17 oz),1.0 GHz Cortex-A9,White/Black,"2013, January. Released 2013, January",TFT,,Accelerometer,VGA,"7.0 inches, 137.9 cm2(~56.9% screen-to-body ratio)",Icemobile G5,Yes,2.0,,Mini-SIM,FM radio,No
GSM 850 / 900 / 1800 / 1900 - SIM 2,,,Up to 7 h,No,128 x 160 pixels (~114 ppi density),"Li-Ion 800 mAh, removable",No,,No,500 entries,Yes,"SMS, MMS",,,,QWERTY,No,https://fdn2.gsmarena.com/vv/bigpic/icemobile-tropical3.jpg,,,GSM 850 / 900 / 1800 / 1900 - SIM 1,20 entries,,microSDHC (dedicated slot),,Discontinued,MP3/MP4 playerPredictive text input,GSM,Up to 180 h,,,Yes,VGA,Yes,Icemobile,,103 x 55 x 13.3 mm (4.06 x 2.17 x 0.52 in),No,Class 10,-,,"Black, Red, Blue, Silver, White","2011, November. Released 2012, November",TFT,Flashlight,,,"1.8 inches, 10.2 cm2(~18.0% screen-to-body ratio)",Icemobile Tropical 3,Yes,miniUSB,,Dual SIM (Mini-SIM),Stereo FM radio,No
GSM 850 / 900 / 1800 / 1900 - SIM 2,,,Up to 8 h,No,"320 x 240 pixels, 4:3 ratio (~174 ppi density)","Li-Ion 1500 mAh, removable (BP-4L)",No,,No,300 entries,Yes,"SMS, MMS",,,,QWERTY,No,https://fdn2.gsmarena.com/vv/bigpic/icemobile-quattro.jpg,,,GSM 850 / 900 / 1800 / 1900 - SIM 1,20 entries,,microSDHC (dedicated slot),,Discontinued,MP4/H.263 playerMP3 playerPredictive text input,GSM,Up to 220 h,,,Yes,Yes,Yes,Icemobile,,104 x 54 x 10.3 mm (4.09 x 2.13 x 0.41 in),,Class 10,-,,"White, Black, Silver, Blue, Red","2012, November. Released 2012, November",TFT,Flashlight,,,"2.3 inches, 16.4 cm2(~29.2% screen-to-body ratio)",Icemobile Quattro,Yes,miniUSB,,Dual SIM (Mini-SIM),Stereo FM radio,No
HSDPA 2100,,LED flash,Up to 8 h,GPS,"480 x 800 pixels, 5:3 ratio (~187 ppi density)","Li-Ion 2150 mAh, removable","Wi-Fi 802.11 b/g/n, hotspot",,,,"4.0, EDR",,,Adreno 203,Qualcomm MSM8225 Snapdragon S4 Play,,,https://fdn2.gsmarena.com/vv/bigpic/icemobile-galaxy-prime-plus.jpg,Android 4.0 (Ice Cream Sandwich),HSDPA 850 / 1900 / 2100,GSM 850 / 900 / 1800 / 1900 - SIM 1 & SIM 2,,,microSDHC (dedicated slot),4GB 512MB RAM,Discontinued,,GSM / HSPA,Up to 120 h,Yes,,,"5 MP, AF",Yes,Icemobile,HSPA,141.6 x 76.1 x 10.5 mm (5.57 x 3.00 x 0.41 in),,,135 g (4.76 oz),Dual-core 1.0 GHz Cortex-A5,"Black, White","2012, October. Released 2012, October",TFT,,"Accelerometer, proximity",VGA,"5.0 inches, 71.2 cm2(~66.0% screen-to-body ratio)",Icemobile Prime Plus,No,"microUSB 2.0, OTG",,Dual SIM (Mini-SIM),No,No
Flashlight,,,Up to 12 h,No,176 x 144 pixels (~114 ppi density),"Li-Ion 1800 mAh, removable",Wi-Fi 802.11 b/g/n,,No,300 entries,Yes,"SMS, MMS",,,,,No,https://fdn2.gsmarena.com/vv/bigpic/icemobile-submarine.jpg,,,GSM 850 / 900 / 1800 / 1900 - SIM 1 & SIM 2,Yes,,microSDHC (dedicated slot),,Discontinued,,GSM,Up to 550 h,Yes,,Yes,1.3 MP,Yes,Icemobile,,119 x 53 x 20 mm (4.69 x 2.09 x 0.79 in),,Yes,135 g (4.76 oz),,"Black, Orange, Gray","2012, October. Released 2012, October",TFT,No,,,"2.0 inches, 12.6 cm2(~20.1% screen-to-body ratio)",Icemobile Submarine,Yes,1.1,,Dual SIM (Mini-SIM),FM radio,No
GSM 850 / 900 / 1800 / 1900 - SIM 2,,,Up to 7 h,No,128 x 160 pixels (~114 ppi density),"Li-Ion 800 mAh, removable",No,,No,200 contacts,Yes,"SMS, MMS",,,,,No,https://fdn2.gsmarena.com/vv/bigpic/icemobile-charm.jpg,,,GSM 850 / 900 / 1800 / 1900 - SIM 1,Yes,,microSDHC (dedicated slot),,Discontinued,MP3/MP4 playerPredictive text input,GSM,Up to 150 h,No,,Yes,VGA,No,Icemobile,,92 x 43.5 x 20.8 mm (3.62 x 1.71 x 0.82 in),No,Class 10,-,,"Black, Red, Silver, Blue, Pink","2012, October. Released 2012, October",TFT,Flashlight,,,"1.8 inches, 10.2 cm2(~25.5% screen-to-body ratio)",Icemobile Charm,Yes,miniUSB (charging only),,Dual SIM (Mini-SIM),Stereo FM radio,No
GSM 850 / 900 / 1800 / 1900 - SIM 2,,,,No,"320 x 480 pixels, 3:2 ratio (~165 ppi density)","Li-Ion 1200 mAh, removable",Wi-Fi 802.11 b/g/n,,Yes,,Yes,,,PowerVR SGX531,Mediatek MT6515,,,https://fdn2.gsmarena.com/vv/bigpic/icemobile-apollo-touch.jpg,Android 2.3.6 (Gingerbread),,GSM 850 / 900 / 1800 / 1900 - SIM 1,,,microSDHC (dedicated slot),,Discontinued,,GSM,,Yes,,,2 MP,Yes,Icemobile,,-,,Class 12,-,1.0 GHz Cortex-A9,"White, Black, Pink, Blue, Green, Red, Yellow","2012, October. Released 2012, October",TFT,MP4/H.264 playerMP3/WAV/eAAC+ playerDocument viewerPhoto viewer/editor,Accelerometer,VGA,"3.5 inches, 36.5 cm2",Icemobile Apollo Touch,Yes,microUSB 2.0,,Dual SIM (Mini-SIM),FM radio,No
GSM 850 / 900 / 1800 / 1900 - SIM 2,,,,No,"480 x 320 pixels, 3:2 ratio (~222 ppi density)","Li-Ion 1200 mAh, removable",Wi-Fi 802.11 b/g/n,,Yes,,Yes,,,PowerVR SGX531,Mediatek MT6515,QWERTY,,https://fdn2.gsmarena.com/vv/bigpic/icemobile-apollo.jpg,Android 2.3.6 (Gingerbread),,GSM 850 / 900 / 1800 / 1900 - SIM 1,,,microSDHC (dedicated slot),,Discontinued,,GSM,,Yes,,,2 MP,Yes,Icemobile,,-,,Class 12,-,1.0 GHz Cortex-A9,"White, Black, Pink, Blue, Green, Red","2012, October. Released 2012, October",TFT,MP4/H.264 playerMP3/WAV/eAAC+ playerDocument viewerPhoto viewer/editor,Accelerometer,VGA,"2.6 inches, 20.1 cm2",Icemobile Apollo,Yes,microUSB 2.0,,Dual SIM (Mini-SIM),FM radio,No
GSM 850 / 900 / 1800 / 1900 - SIM 2,,,Up to 8 h,No,"240 x 320 pixels, 4:3 ratio (~143 ppi density)",Removable Li-Ion 1000 mAh battery,No,,No,500 entries,Yes,"SMS, MMS",,,,,No,https://fdn2.gsmarena.com/vv/bigpic/icemobile-sol2.jpg,,,GSM 850 / 900 / 1800 / 1900 - SIM 1,"20 dialed, 20 received, 20 missed calls",,microSDHC (dedicated slot),,Discontinued,TV appOrganizerMP4 playerMP3 playerPredictive text input,GSM,Up to 200 h,Yes,,Yes,1.3 MP,Yes,Icemobile,,101 x 55.6 x 12.6 mm (3.98 x 2.19 x 0.50 in),No,Class 10,65 g (2.29 oz),,"Black, Red, Pink, White, Blue","2012, August. Released 2012, August","TFT resistive touchscreen, 65K colors",Flashlight,,,"2.8 inches, 24.3 cm2(~43.2% screen-to-body ratio)",Icemobile Sol II,Yes,miniUSB (charging only),,Dual SIM (Mini-SIM),Stereo FM radio,
GSM 850 / 900 / 1800 / 1900 - SIM 2,,,,No,176 x 144 pixels (~103 ppi density),Removable Li-Ion 950 mAh battery,Wi-Fi 802.11 b/g/n,,No,300 entries,2.0,"SMS, MMS",,,Mediatek MT6252C,QWERTY,Yes,https://fdn2.gsmarena.com/vv/bigpic/icemobile-diamond-dust.jpg,,,GSM 850 / 900 / 1800 / 1900 - SIM 1,Yes,,microSDHC (dedicated slot),16MB ROM,Discontinued,,GSM,,Yes,,Yes,VGA,Yes,Icemobile,,115 x 61 x 12.8 mm (4.53 x 2.40 x 0.50 in),TV appMP3/3gp playerOrganizerE-book readerUnit converter,Class 12,-,,"White, Black, Pink, Blue, Violet","2012, August. Released 2012, August",TFT,No,,,"2.2 inches, 15.3 cm2(~21.8% screen-to-body ratio)",Icemobile Diamond Dust,Yes,Proprietary,,Dual SIM (Mini-SIM),FM radio,
GSM 850 / 1900 - SIM 1 & SIM 2,,,Up to 2 h 10 min,No,176 x 220 pixels,Removable Li-Ion 1000 mAh battery,No,,No,Yes,"2.0, A2DP","SMS, MMS, Email, IM",,,,,No,https://fdn2.gsmarena.com/vv/bigpic/icemobile-blizzard.jpg,,,GSM 900 / 1800 - SIM 1 & SIM 2,"20 dialed, 20 received, 20 missed calls",,microSD (dedicated slot),128MB 32MB,Discontinued,Mobile TVMP3/MP4 playerOrganizerPredictive text input,GSM,Up to 100 h,Yes,,No,VGA,No,Icemobile,,106.3 x 46 x 13.5 mm (4.19 x 1.81 x 0.53 in),No,Yes,-,,"Black, Silver, Red, Blue, Pink","2012, May",TFT,Flashlight,,,"2.0 inches, 12.6 cm2(~25.7% screen-to-body ratio)",Icemobile Blizzard,Yes,microUSB,,"Dual SIM (Mini-SIM, dual stand-by)",FM radio,
GSM 850 / 900 / 1800 / 1900 - SIM 2,,,Up to 6 h,No,128 x 160 pixels (~114 ppi density),Removable Li-Ion 700 mAh battery,No,,No,200 contacts,No,SMS,,,,,No,https://fdn2.gsmarena.com/vv/bigpic/icemobile-rock-lite.jpg,,,GSM 850 / 900 / 1800 / 1900 - SIM 1,"20 dialed, 20 received, 20 missed calls",,microSD (dedicated slot),,Discontinued,MP3/MP4 playerPredictive text input,GSM,Up to 180 h,,,No,,No,Icemobile,,108 x 47 x 13.9 mm (4.25 x 1.85 x 0.55 in),No,No,51 g without battery (1.80 oz),,"Black, Red, White, Red, Silver","2012, May",TFT,Flashlight,,,"1.8 inches, 10.2 cm2(~20.1% screen-to-body ratio)",Icemobile Rock Lite,Yes,miniUSB (charging only),,Dual SIM (Mini-SIM),Stereo FM radio,
GSM 900 / 1800 - SIM 1 & SIM 2,,,Up to 3 h 20 min,No,128 x 160 pixels,Removable Li-Ion 1200 mAh battery,No,,No,Yes,"2.0, A2DP (optional)","SMS, MMS, Email, IM",,,,,No,https://fdn2.gsmarena.com/vv/bigpic/icemobile-cenior.jpg,,,GSM 850 / 1900 - SIM 1 & SIM 2,"20 dialed, 20 received, 20 missed calls",,microSDHC (dedicated slot),64MB 32MB,Discontinued,MP3/MP4 playerOrganizer,GSM,Up to 150 h,Yes,,No,VGA,No,Icemobile,,110 x 46 x 16 mm (4.33 x 1.81 x 0.63 in),No,Yes,-,,"Black, Brown, Red","2012, May",TFT,Flashlight,,,"1.8 inches, 10.2 cm2(~20.2% screen-to-body ratio)",Icemobile Cenior,Yes,microUSB,,Dual SIM (Mini-SIM),FM radio,
IP68 dust/water resistant (up to 1.5m for 30 min)Flashlight,,,Up to 24 h,No,128 x 160 pixels (~116 ppi density),Removable Li-Ion 3600 mAh battery,No,,No,500 entries,Yes,"SMS, MMS",,,,,No,https://fdn2.gsmarena.com/vv/bigpic/icemobile-acqua.jpg,,,GSM 850 / 900 / 1800 / 1900,Yes,,No,2GB,Discontinued,,GSM,Up to 600 h,Yes,,Yes,1.3 MP,No,Icemobile,,120 x 54 x 23 mm (4.72 x 2.13 x 0.91 in),,Class 12,168 g (5.93 oz),,"Black, Orange, Green","2012, April. Released 2012, September",TFT,No,,,"1.77 inches, 9.9 cm2(~15.2% screen-to-body ratio)",Icemobile Acqua,Yes,1.1,,Mini-SIM,FM radio (external),
MP3/WAV/WMA/AAC playerMP4/H.263 playerOrganizerPhoto/video editorDocument viewerVoice memo/dialPredictive text input,,LED flash,,"GPS, A-GPS","480 x 800 pixels, 5:3 ratio (~179 ppi density)",Removable Li-Ion 2200 mAh battery,"Wi-Fi 802.11 b/g, hotspot",,,,2.0,,,PowerVR SGX531,Mediatek MT6573 (65 nm),,,https://fdn2.gsmarena.com/vv/bigpic/icemobile-galaxy-prime.jpg,Android 2.3 (Gingerbread),HSDPA 850 / 1900 / 2100,GSM 850 / 900 / 1800 / 1900 - SIM 1 & SIM 2,,,microSDHC (dedicated slot),512MB 512MB RAM,Discontinued,,GSM / HSPA,,Yes,,,"5 MP, AF",Yes,Icemobile,HSPA 7.2/5.76 Mbps,-,,,-,650 MHz Cortex-A9,"Black, White",2012,TFT,,"Accelerometer, gyro, proximity, compass",VGA,"5.2 inches, 77.0 cm2",Icemobile Prime,No,microUSB 2.0,,Dual SIM (Mini-SIM),Stereo FM radio,
GSM 850 / 900 / 1800 / 1900 - SIM 2,,,Up to 6 h,No,128 x 160 pixels (~114 ppi density),Removable Li-Ion 700 mAh battery,No,,No,500 contacts,No,"SMS, MMS",,,,,No,https://fdn2.gsmarena.com/vv/bigpic/icemobile-rock-mini.jpg,,,GSM 850 / 900 / 1800 / 1900 - SIM 1,"20 dialed, 20 received, 20 missed calls",,microSD (dedicated slot),,Discontinued,MP3/MP4 playerPredictive text input,GSM,Up to 180 h,Yes,,Yes,1.3 MP,No,Icemobile,,103.2 x 45.2 x 14.5 mm (4.06 x 1.78 x 0.57 in),No,Class 10,46 g without battery (1.62 oz),,"Black, White, Red, Silver","2012, March",TFT,Flashlight,,,"1.8 inches, 10.2 cm2(~21.9% screen-to-body ratio)",Icemobile Rock Mini,Yes,miniUSB (charging only),,Dual SIM (Mini-SIM),Stereo FM radio,
GSM 850 / 900 / 1800 / 1900 - SIM 2,,,Up to 6 h,No,"240 x 320 pixels, 4:3 ratio (~167 ppi density)",Removable Li-Ion 700 mAh battery,No,,No,500 entries,2.0,"SMS, MMS",,,,QWERTY,Yes,https://fdn2.gsmarena.com/vv/bigpic/icemobile-twilight2.jpg,,,GSM 850 / 900 / 1800 / 1900 - SIM 1,Yes,,microSDHC (dedicated slot),,Discontinued,,GSM,Up to 180 h,Yes,,Yes,2 MP,No,Icemobile,,100 x 51.2 x 17.6 mm (3.94 x 2.02 x 0.69 in),OrganizerTV appMP3/MP4 playerPredictive Text Input,Yes,100 g (3.53 oz),,"Black, Red, White",2012,TFT,Flashlight,,VGA,"2.4 inches, 17.8 cm2(~34.8% screen-to-body ratio)",Icemobile Twilight II,No,miniUSB,,Dual SIM (Mini-SIM),Stereo FM radio,
GSM 850 / 900 / 1800 / 1900 - SIM 2,,,Up to 6 h,No,220 x 176 pixels (~141 ppi density),Removable Li-Ion 950 mAh battery,No,,No,500 entries,Yes,"SMS, MMS",,,,QWERTY,Yes,https://fdn2.gsmarena.com/vv/bigpic/icemobile-fuego.jpg,,,GSM 850 / 900 / 1800 / 1900 - SIM 1,Yes,,microSDHC (dedicated slot),,Discontinued,,GSM,Up to 500 h,Yes,,Yes,1.3 MP,,Icemobile,,88.5 x 57.6 x 17.5 mm (3.48 x 2.27 x 0.69 in),TV appMP4 playerMP3 playerPredictive text input,No,90 g (3.17 oz),,"Black, Red, White","2012, January. Released 2012, January",TFT,Flashlight,,VGA,"2.0 inches, 12.6 cm2(~24.7% screen-to-body ratio)",Icemobile Fuego,Yes,miniUSB (charging only),,Dual SIM (Mini-SIM),Stereo FM radio,
GSM 850 / 900 / 1800 / 1900 - SIM 2,,,Up to 8 h,No,"240 x 320 pixels, 4:3 ratio",Removable Li-Ion 1050 mAh battery,Wi-Fi 802.11 b/g/n,,No,500 entries,Yes,SMS,,,,QWERTY,No,https://fdn2.gsmarena.com/vv/bigpic/icemobile-hurricane-ii.jpg,,,GSM 850 / 900 / 1800 / 1900 - SIM 1,Yes,,microSDHC (dedicated slot),64MB 128 MB,Discontinued,TV appMP4 playerMP3 player,GSM,Up to 72 h,Yes,,Yes,VGA,,Icemobile,,111.5 x 60 x 12.8 mm (4.39 x 2.36 x 0.50 in),No,Yes,90 g (3.17 oz),,"Black, White, Gold, Blue","2011, December. Released 2011, December",TFT,Flashlight,,,"2.2 inches, 15.0 cm2(~22.4% screen-to-body ratio)",Icemobile Hurricane II,Yes,Proprietary,,"Dual SIM (Mini-SIM, dual stand-by)",FM radio,
GSM 850 / 900 / 1800 / 1900 - SIM 2,,,Up to 8 h,No,"240 x 320 pixels, 4:3 ratio (~167 ppi density)",Removable Li-Ion 850 mAh battery,No,,No,250 entries,Yes,"SMS, MMS",,,,,No,https://fdn2.gsmarena.com/vv/bigpic/icemobile-sol.jpg,,,GSM 850 / 900 / 1800 / 1900 - SIM 1,Yes,,microSDHC (dedicated slot),,Discontinued,TV appOrganizerMP4 playerMP3 playerPredictive text input,GSM,Up to 580 h,,,Yes,VGA,Yes,Icemobile,,96.2 x 52 x 13.2 mm (3.79 x 2.05 x 0.52 in),No,Class 10,59 g (2.08 oz),,"Red, Pink, White, Blue","2011, October. Released Exp. release 2012, Q1","TFT resistive touchscreen, 65K colors",Flashlight,,,"2.4 inches, 17.8 cm2(~35.7% screen-to-body ratio)",Icemobile Sol,Yes,miniUSB (charging only),,Dual SIM (Mini-SIM),Stereo FM radio,
GSM 850 / 900 / 1800 / 1900 - SIM 2,,,Up to 9 h,No,"240 x 320 pixels, 4:3 ratio (~167 ppi density)",Removable Li-Ion 1000 mAh battery,No,,,500 entries,Yes,"SMS, MMS",,,,,"Yes, MIDP 2.0",https://fdn2.gsmarena.com/vv/bigpic/icemobile-twister.jpg,,HSDPA 850 / 2100 - SIM 1 only,GSM 850 / 900 / 1800 / 1900 - SIM 1,Yes,,microSDHC (dedicated slot),,Discontinued,,GSM / HSPA,Up to 600 h,Yes,,Yes,2 MP,Yes,Icemobile,HSPA,111.3 x 50 x 13 mm (4.38 x 1.97 x 0.51 in),OrganizerMP4 playerMP3 playerPredictive text input,,90 g (3.17 oz),,"Black, Blue, White, Pink","2011, October. Released Exp. release 2012, Q1","TFT, 65K colors",Flashlight,,Yes,"2.4 inches, 17.8 cm2(~32.1% screen-to-body ratio)",Icemobile Twister,Yes,miniUSB (charging only),,Dual SIM (Mini-SIM),Stereo FM radio,
GSM 850 / 900 / 1800 / 1900 - SIM 2,,,Up to 8 h,No,"240 x 320 pixels, 4:3 ratio (~182 ppi density)",Removable Li-Ion 800 mAh battery,No,,No,300 entries,Yes,"SMS, MMS",,,,,No,https://fdn2.gsmarena.com/vv/bigpic/icemobile-wave.jpg,,,GSM 850 / 900 / 1800 / 1900 - SIM 1,Yes,,microSDHC (dedicated slot),,Discontinued,,GSM,Up to 580 h,Yes,,Yes,VGA,Yes,Icemobile,,111 x 50 x 14.3 mm (4.37 x 1.97 x 0.56 in),TV appOrganizerMP4 playerMP3 playerPredictive text input,Class 10,86 g (3.03 oz),,"Black/Red, Blue/White, Black/Silver, Black","2011, October. Released 2011, October","TFT, 65K colors",Flashlight,,Yes,"2.2 inches, 15.0 cm2(~27.0% screen-to-body ratio)",Icemobile Wave,Yes,miniUSB (charging only),,Dual SIM (Mini-SIM),Stereo FM radio,
GSM 850 / 900 / 1800 / 1900 - SIM 2,,,Up to 4 h 10 min,No,"320 x 240 pixels, 4:3 ratio (~182 ppi density)",Removable Li-Ion 1050 mAh battery,Wi-Fi 802.11 b/g/n,,No,500 entries,Yes,"SMS, MMS",,,,QWERTY,No,https://fdn2.gsmarena.com/vv/bigpic/icemobile-tornado-ii.jpg,,,GSM 850 / 900 / 1800 / 1900 - SIM 1,Yes,,microSD (dedicated slot),,Discontinued,,GSM,Up to 200 h,Yes,,Yes,VGA,Yes,Icemobile,,107 x 45.4 x 13.8 mm (4.21 x 1.79 x 0.54 in),TV appOrganizerMP4 playerMP3 playerPredictive text input,Yes,101 g (3.56 oz),,"Black, Red, Orange, Blue, Silver","2011, September. Released 2011, October","TFT, 65K colors",Flashlight,,Yes,"2.2 inches, 15.0 cm2(~30.9% screen-to-body ratio)",Icemobile Tornado II,Yes,miniUSB (charging only),,Dual SIM (Mini-SIM),Stereo FM radio,
GSM 850 / 900 / 1800 / 1900 - SIM 2 & SIM 3,,LED flash,Up to 8 h,No,220 x 176 pixels (~141 ppi density),Removable Li-Ion 1000 mAh battery,No,,No,300 entries,Yes,"SMS, MMS",,,,QWERTY,No,https://fdn2.gsmarena.com/vv/bigpic/icemobile-storm.jpg,,,GSM 850 / 900 / 1800 / 1900 - SIM 1,Yes,,microSDHC (dedicated slot),,Discontinued,,GSM,Up to 580 h,Yes,,Yes,VGA,Yes,Icemobile,,106.5 x 59 x 14.6 mm (4.19 x 2.32 x 0.57 in),TV appOrganizerMP4 playerMP3 playerPredictive text input,Class 10,-,,"Purple, Black, Red, Rose, Coffee, Blue, Yellow","2011, August. Released 2011, September","TFT, 26K colors",Flashlight,,Yes,"2.0 inches, 12.6 cm2(~20.0% screen-to-body ratio)",Icemobile Storm,Yes,miniUSB (charging only),,Triple SIM (Mini-SIM),Stereo FM radio,
GSM 850 / 900 / 1800 / 1900 - SIM 2,About 70 EUR,,Up to 8 h,No,"640 x 320 pixels, 18:9 ratio (~298 ppi density)",Removable Li-Ion 1000 mAh battery,Wi-Fi 802.11 b/g/n,,No,,Yes,,,,Mediatek MT6516,QWERTY,,https://fdn2.gsmarena.com/vv/bigpic/icemobile-clima-ii.jpg,Android 2.2 (Froyo),,GSM 850 / 900 / 1800 / 1900 - SIM 1,,,microSDHC (dedicated slot),,Discontinued,,GSM,Up to 680 h,Yes,,,2 MP,Yes,Icemobile,,108.6 x 60 x 12.5 mm (4.28 x 2.36 x 0.49 in),TV appOrganizerDocument viewerMP4 playerMP3 playerPredictive text input,Class 10,106 g (3.74 oz),416 MHz,"Black, Blue, White","2011, May. Released 2011, December","TFT resistive touchscreen, 65K colors",Flashlight,,VGA,"2.4 inches, 14.9 cm2(~22.8% screen-to-body ratio)",Icemobile Clima II,Yes,miniUSB (charging only),,Dual SIM (Mini-SIM),Stereo FM radio,
GSM 850 / 900 / 1800 / 1900 - SIM 2,,,Up to 8 h,No,220 x 176 pixels (~141 ppi density),Removable Li-Ion 800 mAh battery,No,,No,300 entries,Yes,"SMS, MMS",,,,QWERTY,No,https://fdn2.gsmarena.com/vv/bigpic/icemobile-flurryII.jpg,,,GSM 850 / 900 / 1800 / 1900 - SIM 1,Yes,,microSDHC (dedicated slot),,Discontinued,,GSM,Up to 580 h,Yes,,Yes,VGA,No,Icemobile,,98 x 53 x 13.5 mm (3.86 x 2.09 x 0.53 in),TV appOrganizerMP4 playerMP3 playerPredictive text input,Class 10,-,,"Black, Red, Blue, Pink, White","2011, August. Released 2011, September",TFT,Flashlight,,Yes,"2.0 inches, 12.6 cm2(~24.2% screen-to-body ratio)",Icemobile Flurry II,Yes,miniUSB (charging only),,"Dual SIM (Mini-SIM, dual stand-by)",Stereo FM radio,
OrganizerPhoto/video editorDocument viewerMP4/H.264 playerMP3/AAC+ playerPredictive text input,,,,"GPS, A-GPS","320 x 480 pixels, 3:2 ratio (~180 ppi density)",Removable Li-Ion battery,Wi-Fi 802.11 b/g,,,,"2.1, A2DP",,,,,,,https://fdn2.gsmarena.com/vv/bigpic/icemobile-shine.jpg,Android 2.2 (Froyo),HSDPA 850 / 2100,GSM 850 / 900 / 1800 / 1900,,,microSDHC (dedicated slot),512MB 256MB RAM,Discontinued,,GSM / HSPA,,Yes,,,2 MP,Yes,Icemobile,HSPA 7.2/0.384 Mbps,112 x 58 x 13.5 mm (4.41 x 2.28 x 0.53 in),,,126 g (4.44 oz),,"White, Black, Red","2011, June. Released 2011, July","TFT,  65K colors",,"Accelerometer, compass",Yes,"3.2 inches, 30.5 cm2(~46.9% screen-to-body ratio)",Icemobile Shine,Yes,microUSB 2.0,,Mini-SIM,FM radio,Optional
GSM 850 / 900 / 1800 / 1900 - SIM 2,,LED flash,Up to 5 h,"GPS, A-GPS","240 x 400 pixels, 5:3 ratio (~133 ppi density)",Removable Li-Ion 1050 mAh battery,Wi-Fi 802.11,,No,,Yes,,,,Mediatek MT6516,,,https://fdn2.gsmarena.com/vv/bigpic/icemobile-crystal.jpg,Android 2.2 (Froyo),,GSM 850 / 900 / 1800 / 1900 - SIM 1,,,microSD (dedicated slot),512MB 256MB,Discontinued,,GSM,Up to 180 h,Yes,,,1.3 MP,Yes,Icemobile,,111.5 x 56.2 x 13.1 mm (4.39 x 2.21 x 0.52 in),TV appOrganizerMP4/H.264 playerMP3/AAC+ playerPredictive text input,Yes,-,416 MHz,"Black, White","2011, February. Released 2011, Q2","TFT,  65K colors",TrackballFlashlight,Accelerometer,Yes,"3.5 inches, 34.9 cm2(~55.6% screen-to-body ratio)",Icemobile Crystal,Yes,microUSB 2.0,"WAP 2.0/xHTML, HTML","Dual SIM (Mini-SIM, dual stand-by)",Stereo FM radio,
GSM 850 / 900 / 1800 / 1900 - SIM 2,,,Up to 4 h 10 min,No,220 x 176 pixels (~128 ppi density),Removable Li-Ion 1050 mAh battery,Wi-Fi 802.11 b/g/n,,No,"500 contacts, Photocall",Yes,"SMS, MMS",,,,QWERTY,Yes,https://fdn2.gsmarena.com/vv/bigpic/icemobile-cometII.jpg,,,GSM 850 / 900 / 1800 / 1900 - SIM 1,Yes,,microSD (dedicated slot),,Discontinued,TV appOrganizerMP4 playerMP3 playerPredictive text input,GSM,Up to 200 h,,,Yes,VGA,Yes,Icemobile,,111.5 x 60 x 12.8 mm (4.39 x 2.36 x 0.50 in),No,Yes,90 g (3.17 oz),,"Black, Pink, Brown","2011, June","TFT, 65K colors",Flashlight,,,"2.2 inches, 15.2 cm2(~22.8% screen-to-body ratio)",Icemobile Comet II,Yes,miniUSB (charging only),WAP 2.0/xHTML,"Dual SIM (Mini-SIM, dual stand-by)",Stereo FM radio,
GSM 850 / 900 / 1800 / 1900 - SIM 2,,,Up to 8 h,No,220 x 176 pixels (~141 ppi density),Removable Li-Ion 800 mAh battery,No,,No,"300 contacts, Photocall",2.0,"SMS, MMS",,,,QWERTY,Yes,https://fdn2.gsmarena.com/vv/bigpic/icemobile-viento-II.jpg,,,GSM 850 / 900 / 1800 / 1900 - SIM 1,Yes,,microSD (dedicated slot),,Discontinued,TV appOrganizerMP4 playerMP3 playerPredictive text input,GSM,Up to 580 h,,,Yes,VGA,Yes,Icemobile,,100 x 55 x 13.5 mm (3.94 x 2.17 x 0.53 in),No,Class 10,-,,"Purple, Black, Red","2011, June","TFT, 65K colors",Flashlight,,,"2.0 inches, 12.6 cm2(~22.9% screen-to-body ratio)",Icemobile Viento II,Yes,miniUSB (charging only),WAP 2.0/xHTML,"Dual SIM (Mini-SIM, dual stand-by)",Stereo FM radio,
GSM 850 / 900 / 1800 / 1900 - SIM 2,,,Up to 8 h,No,128 x 160 pixels (~116 ppi density),Removable Li-Ion 800 mAh battery,No,,No,"300 contacts, Photocall",No,"SMS, MMS",,,,,No,https://fdn2.gsmarena.com/vv/bigpic/icemobile-rock.jpg,,,GSM 850 / 900 / 1800 / 1900 - SIM 1,Yes,,microSD (dedicated slot),,Discontinued,MP3/MP4 playerOrganizerPredictive text input,GSM,Up to 580 h,,,Yes,Yes,No,Icemobile,,109.7 x 46.6 x 15 mm (4.32 x 1.83 x 0.59 in),No,Class 10,-,,"Purple, Blue, Black, Red, Yellow","2011, June. Released 2011, July","TFT, 65K colors",Flashlight,,,"1.77 inches, 9.9 cm2(~19.3% screen-to-body ratio)",Icemobile Rock,Yes,miniUSB (charging only),WAP 2.0/xHTML,"Dual SIM (Mini-SIM, dual stand-by)",Stereo FM radio,
GSM 850 / 900 / 1800 / 1900 - SIM 2,,,Up to 3 h,No,160 x 128 pixels (~114 ppi density),Removable Li-Ion 800 mAh battery,No,,No,"500 contacts, Photocall",Yes,"SMS, MMS",,,,QWERTY,No,https://fdn2.gsmarena.com/vv/bigpic/icemobile-tropical-1.jpg,,,GSM 850 / 900 / 1800 / 1900 - SIM 1,Yes,,microSD (dedicated slot),,Discontinued,OrganizerMP3 playerPredictive text input,GSM,Up to 600 h,Yes,,Yes,VGA,Yes,Icemobile,,108.5 x 57 x 13.5 mm (4.27 x 2.24 x 0.53 in),No,Class 10,81 g (2.86 oz),,"Black/Red, White/Black, Pink/Black","2011, May","TFT, 65K colors",Flashlight,,,"1.8 inches, 10.2 cm2(~16.5% screen-to-body ratio)",Icemobile Tropical,Yes,miniUSB (charging only),WAP 2.0/xHTML,"Dual SIM (Mini-SIM, dual stand-by)",Stereo FM radio,
GSM 850 / 900 / 1800 / 1900 - SIM 2,,,Up to 8 h,No,160 x 128 pixels (~114 ppi density),Removable Li-Ion 800 mAh battery,No,,No,"300 contacts, Photocall",Yes,"SMS, MMS",,,,QWERTY,No,https://fdn2.gsmarena.com/vv/bigpic/icemobile-tropical-ii-new.jpg,,,GSM 850 / 900 / 1800 / 1900 - SIM 1,Yes,,microSD (dedicated slot),,Discontinued,OrganizerMP3 playerPredictive text input,GSM,Up to 580 h,,,Yes,VGA,Yes,Icemobile,,99 x 55.5 x 12.9 mm (3.90 x 2.19 x 0.51 in),No,Class 10,-,,"Purple, Black, Red","2011, May","TFT, 65K colors",Flashlight,,,"1.8 inches, 10.2 cm2(~18.6% screen-to-body ratio)",Icemobile Tropical II,Yes,miniUSB (charging only),WAP 2.0/xHTML,"Dual SIM (Mini-SIM, dual stand-by)",Stereo FM radio,
GSM 850 / 900 / 1800 / 1900 - SIM 2,,,Up to 10 h,No,"120 x 160 pixels, 4:3 ratio (~111 ppi density)",Removable Li-Ion battery,No,,No,"300 contacts, Photocall",Yes,"SMS, MMS",,,,,No,https://fdn2.gsmarena.com/vv/bigpic/icemobile-rainbow2.jpg,,,GSM 850 / 900 / 1800 / 1900 - SIM 1,Yes,,microSD (dedicated slot),,Discontinued,MP3 playerOrganizerVoice memo,GSM,Up to 360 h,Yes,,Yes,0.3 MP,No,Icemobile,,109 x 47 x 14.1 mm (4.29 x 1.85 x 0.56 in),No,Yes,78 g (2.75 oz),,"Black, Blue, Red, Purple, Yellow","2011, April. Released 2011, April","TFT, 65K colors",Flashlight,,,"1.8 inches, 10.0 cm2(~19.6% screen-to-body ratio)",Icemobile Rainbow II,Yes,Proprietary,WAP 2.0/xHTML,"Dual SIM (Mini-SIM, dual stand-by)",Stereo FM radio,
GSM 850 / 900 / 1800 / 1900 - SIM 2,,,Up to 8 h,No,"120 x 160 pixels, 4:3 ratio (~111 ppi density)",Removable Li-Ion 580 mAh battery,No,,No,"500 contacts, Photocall",Yes,"SMS, MMS",,,,,No,https://fdn2.gsmarena.com/vv/bigpic/icemobile-rainbow.jpg,,,GSM 850 / 900 / 1800 / 1900 - SIM 1,Yes,,microSD (dedicated slot),,Discontinued,MP3/MP4 playerOrganizerVoice memo,GSM,Up to 580 h,No,,Yes,0.3 MP,No,Icemobile,,109.7 x 57 x 15 mm (4.32 x 2.24 x 0.59 in),No,Yes,80 g (2.82 oz),,"Black, Blue, Red, Pink, White",2011. Released 2011,"TFT, 65K colors",Flashlight,,,"1.8 inches, 10.0 cm2(~16.0% screen-to-body ratio)",Icemobile Rainbow,Yes,No,WAP 2.0/xHTML,"Dual SIM (Mini-SIM, dual stand-by)",FM radio,
GSM 850 / 900 / 1800 / 1900 - SIM 2,,,Up to 6 h,No,"240 x 320 pixels, 4:3 ratio (~222 ppi density)",Removable Li-Ion 650 mAh battery,Wi-Fi 802.11 b/g/n,,No,200 entries,Yes,"SMS, MMS",,,,QWERTY,Yes,https://fdn2.gsmarena.com/vv/bigpic/icemobile-twilight.jpg,,,GSM 850 / 900 / 1800 / 1900 - SIM 1,Yes,,microSDHC (dedicated slot),,Discontinued,,GSM,Up to 45 h,Yes,,Yes + downloadable,0.3 MP,No,Icemobile,,88 x 59 x 14 mm (3.46 x 2.32 x 0.55 in),,Yes,103 g (3.63 oz),,"Black, White, Red","2010, December. Released 2010, October",TFT,OrganizerAnalog TVMP3 PlayerPredictive Text Input,,Yes,"1.8 inches, 10.0 cm2(~19.3% screen-to-body ratio)",Icemobile Twilight,No,No,,Dual SIM (Mini-SIM),FM radio,
