,CPU,Single,Internal,Talk time,Model Image,SIM,WLAN,Price,Dimensions,_3,_4,Dual,Model Name,NFC,Messaging,Games,OS,Call records,4G bands,USB,Video,5G bands,Size,Speed,Card slot,3G bands,2G bands,Positioning,Phonebook,Announced,Type,Video_1,Type_1,GPRS,Alarm,SAR,Bluetooth,Radio,Chipset,Features,Sensors,Clock,Technology,Colors,Alert types,Weight,Status,Models,Loudspeaker,Single_1,_1,Charging,Browser,EDGE,GPU,_2,Keyboard,3.5mm jack,Resolution,Protection,Stand-by,Java,Brand,Triple
IP68 dust/water resistant (up to 1.5m for 30 min)Drop resistant up to 1.5mMIL-STD-810H compliantPush-to-talk button,Octa-core (1x2.4 GHz Cortex-A710 & 3x2.36 GHz Cortex-A710 & 4x1.8 GHz Cortex-A510),"8 MP, f/1.8, (wide)",128GB 6GB RAM,,https://fdn2.gsmarena.com/vv/bigpic/kyocera-duraforce-pro3.jpg,Nano SIM +eSIM,"Wi-Fi 802.11 a/b/g/n/ac/6e/mc/d/e/i/k/r/v, tri-band, Wi-Fi Direct",About 850 EUR,154 x 75 x 14.5 mm (6.06 x 2.95 x 0.57 in),ANT+,,,Kyocera DuraForce Pro 3,Yes,,,"Android 13, upgradable to Android 14",,"1, 2, 3, 4, 5, 7, 8, 12, 13, 46, 48, 66",USB Type-C 3.2,"4K@24fps, 1080p@30/60fps","2, 5, 48, 66, 77, 78, 260, 261 SA/NSA/Sub6/mmWave","5.38 inches, 74.7 cm2(~64.7% screen-to-body ratio)","HSPA, LTE (CA), 5G",microSDXC (dedicated slot),HSDPA 850 / 900 / 1900 / 2100,GSM 850 / 900 / 1800 / 1900,GPS (L1+L5),,"2023, July",OLED,1080p@30fps,"Li-Ion 4270 mAh, removable",,,,"5.2, A2DP, LE",No,Qualcomm SM7450-AB Snapdragon 7 Gen 1 (4 nm),"Dual-LED flash, HDR, panorama",Fingerprint (side-mounted); unspecified sensors,,GSM / HSPA / LTE / 5G,Black,,237 g (8.36 oz),"Available. Released 2023, September",,"Yes, with stereo speakers",,UFS 2.2,Wired8W wireless (Qi),,,Adreno 644,100 dB+ speakers,,Unspecified,"1080 x 2160 pixels, 18:9 ratio (~449 ppi density)",Shatter-Resistant Glass,,,Kyocera,"64 MP, f/1.8, (wide), PDAF16 MP, f/2.0, 117˚ (ultrawide)2 MP, f/2.2, (macro)"
"1, 2, 3, 4, 5, 7, 12, 13, 48, 66 - Verizon",Octa-core (2x2.0 GHz Kryo 460 & 6x1.8 GHz Kryo 460),"8 MP, f/2.0, 23mm (wide), 1/4.0"", 1.12µm",64GB 4GB RAM,,https://fdn2.gsmarena.com/vv/bigpic/kyocera-durasport-uw.jpg,Nano SIM,"Wi-Fi 802.11 a/b/g/n/ac/e/i/k/r/v, dual-band, Wi-Fi Direct",About 550 EUR,154.7 x 70.7 x 9.9 mm (6.09 x 2.78 x 0.39 in),UFS 2.2,ANT+,"48 MP, f/1.8, 25mm (wide), 0.8µm, PDAF16 MP, f/2.0, 16mm, 117˚ (ultrawide), 1.0µm",Kyocera DuraSport UW,Yes,,,"Android 13 (unlocked), Android 12 (Verizon)",,"1, 2, 3, 4, 5, 7, 12, 13, 48, 66, 71 - unlocked",USB Type-C 3.1,1080p@30fps,"2, 5, 48, 66, 71, 77, 260, 261 SA/NSA/Sub6/mmWave - unlocked","6.1 inches, 89.8 cm2(~82.1% screen-to-body ratio)","HSPA, LTE (CA), 5G",microSDXC (dedicated slot),HSDPA 850 / 900 / 1900 / 2100,GSM 850 / 900 / 1800 / 1900,GPS (L1+L5),,"2023, November",IPS LCD,1080p@30fps,Li-Po 4500 mAh,,,,"5.1, A2DP, LE",No,Qualcomm SM4350 Snapdragon 480 5G (8 nm),"LED flash, HDR, panorama",Fingerprint (rear-mounted); unspecified sensors,,GSM / HSPA / LTE / 5G,Black,,185 g (6.53 oz),"Available. Released 2023, December",,Yes,,"2, 5, 66, 77, 260, 261 SA/NSA/Sub6/mmWave - Verizon","27W wired, PD, QC4.08W wireless (Qi)",,,Adreno 619,IP68 dust/water resistant (up to 1.5m for 30 min)Drop resistant up to 1.5mMIL-STD-810H compliantPush-to-talk button,,Unspecified,"1080 x 2400 pixels, 20:9 ratio (~431 ppi density)",Shatter-Resistant Glass,,,Kyocera,
IP68 dust/water resistant (up to 1.5m for 30 min)Drop resistant up to 1.5m,Octa-core (4x2.35 GHz Cortex-A53 & 4x1.8 GHz Cortex-A53),"8 MP, f/2.4, (wide), 1/4.0"", 1.12µm, AF",32GB 3GB RAM,,https://fdn2.gsmarena.com/vv/bigpic/kyocera-kc-t304c-duraslate.jpg,No,"Wi-Fi 802.11 a/b/g/n/ac/d/e/i/k/r/v, dual-band, Wi-Fi Direct",About 360 EUR,259 x 168 x 8.6 mm (10.20 x 6.61 x 0.34 in),,,,Kyocera DuraSlate,No,,,Android 12,,N/A,USB Type-C 2.0,1080p@30fps,,"10.1 inches, 295.8 cm2(~68.0% screen-to-body ratio)",,microSDXC (dedicated slot),N/A,N/A,"GPS, GALILEO, GLONASS, BDS, QZSS",,"2023, October",IPS LCD,Yes,Li-Ion 7000 mAh,No,,,"5.1, A2DP, LE",Unspecified,Mediatek MT6765 Helio P35 (12 nm),LED flash,"Accelerometer, gyro, proximity, compass",,No cellular connectivity,Black,,488 g (1.08 lb),"Available. Released 2023, October",KC-T304C,"Yes, with stereo speakers","5 MP, f/2.4",UFS 2.2,"45W wired, PD2",,No,PowerVR GE8320,,,Yes,"1200 x 1920 pixels, 16:10 ratio (~224 ppi density)",Dragontrail Pro Glass,,,Kyocera,
IP68 dust/water resistant (up to 2m for 30 min)Drop resistant up to 1.5mMIL-STD-810H compliantPush-to-talk button,Octa-core (1x2.4 GHz Kryo 475 Prime & 1x2.2 GHz Kryo 475 Gold & 6x1.8 GHz Kryo 475 Silver),"8 MP, f/2.0, 23mm (wide), 1/4.0"", 1.12µm",128GB 6GB RAM,,https://fdn2.gsmarena.com/vv/bigpic/kyocera-duraforce-ultra.jpg,Nano SIM,"Wi-Fi 802.11 a/b/g/n/ac/e/i/k/r/v, dual-band, Wi-Fi Direct",About 860 EUR,165.1 x 74.9 x 16 mm (6.5 x 2.95 x 0.63 in),,,"24 MP, f/1.8, 27mm (wide), 0.9µm, PDAF16 MP, f/2.0, 16mm, 117˚ (ultrawide), 1.0µm",Kyocera DuraForce Ultra,Yes,,,"Android 10, upgradable to Android 12",,"1, 2, 3, 4, 5, 7, 12, 13, 48, 66",USB Type-C 3.1,1080p@30fps,"2, 5, 66, 260, 261 SA/NSA/Sub6/mmWave","5.45 inches, 76.7 cm2(~62.0% screen-to-body ratio)","HSPA, LTE (CA), 5G",microSDXC (dedicated slot),HSDPA 850 / 900 / 1900 / 2100,GSM 850 / 900 / 1800 / 1900,GPS (L1+L5),,"2021, March 11",IPS LCD,1080p@30fps,Li-Po 4500 mAh,,,,"5.0, A2DP, LE",No,Qualcomm SM7250 Snapdragon 765G 5G (7 nm),"Dual-LED flash, HDR, panorama",Fingerprint (side-mounted); unspecified sensors,,GSM / HSPA / LTE / 5G,Black,,278 g (9.81 oz),"Available. Released 2021, May",,"Yes, with stereo speakers",,,WiredWireless (Qi),,,Adreno 620,,,Unspecified,"1080 x 2160 pixels, 18:9 ratio (~443 ppi density)",Sapphire Shield,,,Kyocera,
IP68 dust/water resistant (up to 2m for 30 min)MIL-STD-810G compliantPush-to-talk button,Octa-core 2.2 GHz Cortex-A53,"13 MP, AF8 MP (ultra wide; dedicated video camera)",64GB 4GB RAM,Up to 21 h (3G),https://fdn2.gsmarena.com/vv/bigpic/kyocera-duraforce-pro2.jpg,Nano-SIM,"Wi-Fi 802.11 a/b/g/n/ac/i/r/k, dual-band, Wi-Fi Direct",About 400 EUR,150.2 x 73.4 x 13.5 mm (5.91 x 2.89 x 0.53 in),,,,Kyocera DuraForce Pro 2,Yes,,,Android 8.0 (Oreo),,"1, 2, 3, 4, 5, 7, 13, 66",USB Type-C 3.1,"4K@30fps, 1080p@30fps",,"5.0 inches, 68.9 cm2(~62.5% screen-to-body ratio)","HSPA 42.2/5.76 Mbps, LTE (3CA) Cat9 450/50 Mbps",microSDXC (dedicated slot),HSDPA 850 / 900 / 1900 / 2100,GSM 850 / 900 / 1800 / 1900,GPS,,"2018, November",IPS LCD,,"Li-Ion 3240 mAh, non-removable",,,,"5.0, A2DP, LE",No,Qualcomm SDM630 Snapdragon 630 (14 nm),"LED flash, HDR, panorama","Fingerprint (side-mounted), accelerometer, gyro, proximity, compass, barometer",,GSM / HSPA / LTE,Black,,243 g (8.25 oz),"Available. Released 2018, November",,"Yes, with stereo speakers",5 MP,,10W wiredWireless (Qi),,,Adreno 508,,,Yes,"1080 x 1920 pixels, 16:9 ratio (~441 ppi density)",Sapphire crystal glass,Up to 312 h (3G),,Kyocera,
IP68 dust/water resistant (up to 1.5m for 30 min)MIL-STD-810G compliantPush-to-talk button,Octa-core (4x1.5 GHz Cortex-A53 & 4x1.2 GHz Cortex-A53),"13 MP, AF2 MP",32GB 3GB RAM,Up to 19 h (3G),https://fdn2.gsmarena.com/vv/bigpic/kyocera-duraforce-pro.jpg,Nano-SIM,"Wi-Fi 802.11 a/b/g/n/ac/i/r/k, dual-band, Wi-Fi Direct",,148.4 x 73.4 x 12.9 mm (5.84 x 2.89 x 0.51 in),,,,Kyocera DuraForce Pro,Yes,,,Android 6.0 (Marshmallow),,"2, 4, 5, 12, 25, 26, 41",microUSB 2.0,1080p@30fps,,"5.0 inches, 68.9 cm2(~63.3% screen-to-body ratio)","HSPA 42.2/5.76 Mbps, LTE (2CA) Cat6 300/50 Mbps",microSDXC (dedicated slot),HSDPA 850 / 900 / 1700(AWS) / 1900 / 2100,GSM 850 / 900 / 1800 / 1900,GPS,,"2016, August. Released 2016, October",IPS LCD,,"Li-Ion 3240 mAh, non-removable",,,,"4.2, A2DP, LE",No,Qualcomm MSM8952 Snapdragon 617 (28 nm),"LED flash, HDR, panorama","Fingerprint (front-mounted), accelerometer, gyro, proximity, compass, barometer",,GSM / HSPA / LTE,Black,,230 g (8.11 oz),Discontinued,E6810,"Yes, with stereo speakers",5 MP,eMMC 5.1,"18W wired, QC2",,,Adreno 405,,,Yes,"1080 x 1920 pixels, 16:9 ratio (~441 ppi density)",Yes,Up to 480 h (3G),,Kyocera,
"1, 2, 3, 4, 5, 7, 12, 20, 29 - T-Mobile",Quad-core 1.6 GHz Cortex-A7,"8 MP, AF",16GB 2GB RAM,Up to 23 h (3G),https://fdn2.gsmarena.com/vv/bigpic/kyocera-duraforce-xd.jpg,Nano-SIM,"Wi-Fi 802.11 a/b/g/n/ac//r/k, dual-band, Wi-Fi Direct, hotspot",,166.8 x 86.4 x 13.9 mm (6.57 x 3.40 x 0.55 in),,,,Kyocera DuraForce XD,Yes,,,Android 5.1 (Lollipop),,"1, 2, 3, 4, 5, 7, 17, 20, 29 - AT&T",microUSB 2.0,1080p@30fps,,"5.7 inches, 89.6 cm2(~62.1% screen-to-body ratio)","HSPA, LTE",microSDXC (dedicated slot),"HSDPA 850 / 900 / 1900 / 2100 - AT&T, T-Mobile",GSM 850 / 900 / 1800 / 1900,GPS,,"2015, October. Released 2015, November",IPS LCD,,"Li-Ion 3700 mAh, removable",,,,"4.1, A2DP, EDR, LE",No,Qualcomm MSM8928 Snapdragon 400 (28 nm),"LED flash, HDR, panorama","Accelerometer, gyro, proximity, compass, barometer",,GSM / HSPA / LTE,Black,,307 g (10.83 oz),Discontinued,,Yes,2 MP,IP68 dust/water resistant (up to 1.5m for 30 min)MIL-STD-810G compliant,10W wired,,,Adreno 305,eMMC 4.5,,Yes,"720 x 1280 pixels, 16:9 ratio (~258 ppi density)",Yes,Up to 816 h (3G),,Kyocera,
IP68 dust/water resistant (up to 1.5m for 30 min)MIL-STD-810G compliant,Quad-core 1.4 GHz Cortex-A7,"8 MP, AF",16GB 2GB RAM,Up to 17 h,https://fdn2.gsmarena.com/vv/bigpic/Kyocera-DuraForce2.jpg,Nano-SIM,"Wi-Fi 802.11 a/b/g/n/ac, dual-band, hotspot",About 320 EUR,136.9 x 70.6 x 14 mm (5.39 x 2.78 x 0.55 in),,,,Kyocera DuraForce,Yes,,,Android 4.4.2 (KitKat),,"1, 2, 4, 5, 7, 17",microUSB 2.0,1080p@30fps,,"4.5 inches, 55.8 cm2(~57.8% screen-to-body ratio)","HSPA 42.2/5.76 Mbps, LTE Cat4 150/50 Mbps",microSDHC (dedicated slot),HSDPA 850 / 900 / 1900 / 2100,GSM 850 / 900 / 1800 / 1900,GPS,,"2014, November. Released 2014, November",IPS LCD,,"Li-Ion 3100 mAh, non-removable",,,,"4.0, A2DP, EDR, LE",No,Qualcomm MSM8928 Snapdragon 400 (28 nm),"LED flash, HDR, panorama","Accelerometer, proximity, compass, barometer",,GSM / HSPA / LTE,Black,,200 g (7.05 oz),Discontinued,,"Yes, with stereo speakers",2 MP,eMMC 4.5,,,,Adreno 305,Smart Sonic Receiver,,Yes,"720 x 1280 pixels, 16:9 ratio (~326 ppi density)",Yes,Up to 504 h,,Kyocera,
"IP57 dust/water resistant (up to 1m. and 30 min)MIL-STD-810G compliant salt, dust, humidity, rain, vibration, solar radiation, transport and thermal shock resistant",Quad-core 1.2 GHz Cortex-A7,5 MP,8GB 1.5GB RAM,Up to 13 h 30 min,https://fdn2.gsmarena.com/vv/bigpic/kyocera-hydro-life.jpg,Micro-SIM,"Wi-Fi 802.11 b/g/n, Wi-Fi Direct, hotspot",,131.8 x 65.4 x 10.9 mm (5.19 x 2.57 x 0.43 in),,,,Kyocera Hydro Life,No,,,Android 4.3 (Jelly Bean),,,microUSB 2.0,720p@30fps,,"4.5 inches, 55.8 cm2(~64.8% screen-to-body ratio)",HSPA 21.1/5.76 Mbps,microSDHC (dedicated slot),HSDPA 850 / 1700 / 1900 / 2100,GSM 850 / 900 / 1800 / 1900,GPS,,"2014, August. Released 2014, August",IPS LCD,,"Li-Ion 2000 mAh, removable",,,,"4.0, A2DP, EDR, LE",No,Qualcomm MSM8212 Snapdragon 200 (28 nm),"LED flash, HDR, panorama","Accelerometer, proximity, compass",,GSM / HSPA,Black,,136 g (4.80 oz),Discontinued,,Yes,2 MP,eMMC 4.5,,,,Adreno 302,Smart Sonic Receiver,,Yes,"540 x 960 pixels, 16:9 ratio (~245 ppi density)",Yes,Up to 418 h,,Kyocera,
HSDPA 850 / 900 / 1900 / 2100,Quad-core 1.4 GHz Cortex-A7,"8 MP, AF",16GB 2GB RAM,Up to 26 h,https://fdn2.gsmarena.com/vv/bigpic/Kyocera-Brigadier.jpg,Nano-SIM,"Wi-Fi 802.11 a/b/g/n/ac, Wi-Fi Direct, DLNA, hotspot",About 300 EUR,136.4 x 68.3 x 13.2 mm (5.37 x 2.69 x 0.52 in),Smart Sonic Receiver,,,Kyocera Brigadier,Yes,,,Android 4.4.2 (KitKat),,"4, 13",microUSB 2.0,1080p@30fps,,"4.5 inches, 55.8 cm2(~59.9% screen-to-body ratio)","HSPA, LTE, EV-DO Rev.A 3.1 Mbps",microSDHC (dedicated slot),CDMA2000 1xEV-DO,GSM 850 / 900 / 1800 / 1900,GPS,,"2014, July. Released 2014, July",IPS LCD,,"Li-Ion 3100 mAh, non-removable",,,0.79 W/kg (head)     0.72 W/kg (body),"4.0, A2DP, EDR, LE",No,Qualcomm Snapdragon 400 (28 nm),"LED flash, panorama","Accelerometer, proximity, compass, barometer",,GSM / HSPA / EVDO / LTE,Black,,187.1 g (6.60 oz),Discontinued,E6782,"Yes, dual speakers",2 MP,IP68 dust/water resistant (up to 1.5m for 30 min)MIL-STD-810G compliantFlashlight,Wireless (Qi),,,Adreno 305,eMMC 4.5,,Yes,"720 x 1280 pixels, 16:9 ratio (~326 ppi density)",Sapphire crystal glass,Up to 370 h,,Kyocera,
GSM 850 / 900 / 1800 / 1900,Dual-core 1.5 GHz Krait,"8 MP, AF",16GB 1.5GB RAM,Up to 13 h,https://fdn2.gsmarena.com/vv/bigpic/kyocera-hydro-elite.jpg,Yes,"Wi-Fi 802.11 a/b/g/n, dual-band, Wi-Fi Direct, DLNA",,122.4 x 60.4 x 10.8 mm (4.82 x 2.38 x 0.43 in),,,,Kyocera Hydro Elite,Yes,,,Android 4.1.2 (Jelly Bean),,LTE,microUSB 2.0 (MHL TV-out),1080p@30fps,,"4.3 inches, 51.0 cm2(~68.9% screen-to-body ratio)","HSPA, LTE Cat3 100/50 Mbps, EV-DO Rev.A 3.1 Mbps",microSDHC (dedicated slot),CDMA2000 1xEV-DO,CDMA 800 / 1900,GPS,,"2013, Q3. Released 2013, Q3",IPS LCD,,"Li-Ion 2100 mAh, removable",,,,"4.0, A2DP, EDR, LE",No,Qualcomm MSM8960 Snapdragon S4 Plus,"LED flash, HDR, panorama","Accelerometer, proximity, compass",,GSM / CDMA / EVDO / LTE,Black,,128 g (4.52 oz),Discontinued,,Yes,1.3 MP,HSDPA,,,,Adreno 225,"IP57 dust/water resistant (up to 1m. and 30 min)MIL-STD-810G compliant salt, dust, humidity, rain, vibration, solar radiation, transport and thermal shock resistant.",,Yes,"720 x 1280 pixels, 16:9 ratio (~342 ppi density)",Yes,Up to 236 h,,Kyocera,
"IP57 dust/water resistant (up to 1m. and 30 min)MIL-STD-810G compliant salt, dust, humidity, rain, vibration, solar radiation, transport and thermal shock resistant.",Dual-core 1.2 GHz Krait,"5 MP, AF",4GB 1GB RAM,Up to 12 h 30 min,https://fdn2.gsmarena.com/vv/bigpic/kyocera-hydro-xtrm.jpg,"Yes, preinstalled","Wi-Fi 802.11 b/g/n, hotspot",,124 x 64 x 10.7 mm (4.88 x 2.52 x 0.42 in),,,,Kyocera Hydro Xtrm,No,,,Android 4.1.2 (Jelly Bean),,"2, 4, 5, 12",microUSB 2.0,Yes,,"4.0 inches, 45.5 cm2(~57.4% screen-to-body ratio)","LTE Cat3 100/50 Mbps, EV-DO Rev.A 3.1 Mbps",microSDHC (dedicated slot),CDMA2000 1xEV-DO,CDMA 800 / 1900,GPS,,"2013, May. Released 2013, June",IPS LCD,,"Li-Ion 2000 mAh, removable",,,,"4.0, A2DP, EDR, LE",No,Qualcomm MSM8960 Snapdragon S4 Plus,LED flash,"Accelerometer, proximity, compass",,CDMA / EVDO / LTE,Black,,139 g (4.90 oz),Discontinued,,Yes,1.3 MP,,,,,Adreno 225,,,Yes,"480 x 800 pixels, 5:3 ratio (~233 ppi density)",Yes,Up to 408 h,,Kyocera,
"IP67 dust/water resistant (up to 1m for 30 min)MIL-STD-810G compliantIPX5, IPX7 certifiedFlashlight",Dual-core 1.2 GHz Krait,"5 MP, AF","4GB (1GB user available), 1GB RAM",Up to 19 h,https://fdn2.gsmarena.com/vv/bigpic/kyocera-torque-e6710.jpg,Non-removable,"Wi-Fi 802.11 b/g/n, hotspot",About 270 EUR,128.5 x 68.4 x 12.9 mm (5.06 x 2.69 x 0.51 in),,,,Kyocera Torque E6710,Yes,,,Android 4.0.4 (Ice Cream Sandwich),,25,microUSB 2.0,1080p@30fps,,"4.0 inches, 45.5 cm2(~51.8% screen-to-body ratio)","LTE Cat3 100/50 Mbps, EV-DO Rev.A 3.1 Mbps",microSDHC (dedicated slot),CDMA2000 1xEV-DO,CDMA 800 / 1900,GPS,,"2013, January. Released 2013, March",IPS LCD,,"Li-Ion 2500 mAh, removable",,,,"4.0, A2DP, EDR, LE",No,Qualcomm MSM8960 Snapdragon S4 Plus,"LED flash, HDR","Accelerometer, proximity, compass",,CDMA / EVDO / LTE,Black,,168.5 g (5.93 oz),Discontinued,,Yes,1.3 MP,,,,,Adreno 225,,,Yes,"480 x 800 pixels, 5:3 ratio (~233 ppi density)",- Corning Gorilla Glass 2,,,Kyocera,
"IP67 dust/water resistant (up to 1m for 30 min)IPX5, IPX7 certified",1.0 GHz,"3.15 MP, AF",2GB 512MB RAM,Up to 8 h 20 min,https://fdn2.gsmarena.com/vv/bigpic/huawei-hydro-c5170.jpg,Mini-SIM,"Wi-Fi 802.11 b/g/n, hotspot",,115 x 62 x 12.8 mm (4.53 x 2.44 x 0.50 in),,,,Kyocera Hydro C5170,,,,Android 4.0 (Ice Cream Sandwich),,,microUSB 2.0,Yes,,"3.5 inches, 36.5 cm2(~51.2% screen-to-body ratio)",EV-DO Rev.A 3.1 Mbps,"microSDHC (dedicated slot), 2 GB included",CDMA2000 1xEV-DO,CDMA 800 / 1900,"GPS, A-GPS",,"2012, May. Released 2012, Q3",IPS LCD,,Removable Li-Ion 1500 mAh battery,,,,"2.1, A2DP, EDR",No,Qualcomm MSM8655 Snapdragon S2,,"Accelerometer, proximity, compass",,CDMA / EVDO,Black,,120 g (4.23 oz),Discontinued,,Yes,,No,,,,Adreno 205,MP4/WMV/H.264 playerMP3/WAV/eAAC+ playerOrganizerPhoto/video editorDocument viewerVoice memo/dial/commandsPredictive text input (Swype),,Yes,"320 x 480 pixels, 3:2 ratio (~165 ppi density)",,,,Kyocera,
No,1.0 GHz,"3.15 MP, AF",2GB 512MB RAM,Up to 8 h 40 min,https://fdn2.gsmarena.com/vv/bigpic/kyocera-rise-c5155.jpg,Mini-SIM,"Wi-Fi 802.11 b/g/n, hotspot",,113 x 60.5 x 14.3 mm (4.45 x 2.38 x 0.56 in),,,,Kyocera Rise C5155,,,,Android 4.0 (Ice Cream Sandwich),,,microUSB 2.0,Yes,,"3.5 inches, 36.5 cm2(~53.4% screen-to-body ratio)",EV-DO Rev.A 3.1 Mbps,"microSDHC (dedicated slot), 2 GB included",CDMA2000 1xEV-DO,CDMA 800 / 1900,"GPS, A-GPS",,"2012, May. Released 2012, August",IPS LCD,,Removable Li-Ion 1500 mAh battery,,,,"2.1, A2DP, EDR",No,Qualcomm MSM8655 Snapdragon S2,,"Accelerometer, proximity, compass",,CDMA / EVDO,Black,,158 g (5.57 oz),Discontinued,,Yes,,MP4/WMV/H.264 playerMP3/WAV/eAAC+ playerOrganizerPhoto/video editorDocument viewerVoice memo/dial/commandsPredictive text input (Swype),,,,Adreno 205,,QWERTY,Yes,"320 x 480 pixels, 3:2 ratio (~165 ppi density)",,,,Kyocera,
,800 MHz,"3.15 MP, AF",512MB 512MB RAM,Up to 7 h 40 min,https://fdn2.gsmarena.com/vv/bigpic/kyocera-milano-c5121.jpg,Mini-SIM,"Wi-Fi 802.11 b/g/n, hotspot (charges may apply)",,105 x 61 x 17.1 mm (4.13 x 2.40 x 0.67 in),,,,Kyocera Milano C5121,,,,Android 2.3 (Gingerbread),,,microUSB 2.0,Yes,,"3.0 inches, 27.9 cm2(~43.5% screen-to-body ratio)",EV-DO Rev.A 3.1 Mbps,"microSDHC (dedicated slot), 2 GB included",CDMA2000 1xEV-DO,CDMA 800 / 1900 / 1700,"GPS, A-GPS",,"2011, September. Released 2011, September","TFT, 256K colors",,Removable Li-Ion 1490 mAh battery,,,,"2.1, A2DP, EDR",No,Qualcomm MSM7627T,,"Accelerometer, proximity, compass",,CDMA / EVDO,"Pink, Black",,158 g (5.57 oz),Discontinued,,Yes,,No,,,,,MP3/WAV/AAC+ playerMP4/H.263 playerOrganizerVoice memoPredictive text input (Swype),QWERTY,Yes,"240 x 320 pixels, 4:3 ratio (~133 ppi density)",,,,Kyocera,
No,800 MHz,"3.15 MP, AF",512MB 512MB RAM,Up to 7 h 40 min,https://fdn2.gsmarena.com/vv/bigpic/Kyocera-Milano.jpg,Mini-SIM,"Wi-Fi 802.11 b/g/n, hotspot (charges may apply)",,105 x 61 x 17.1 mm (4.13 x 2.40 x 0.67 in),,,,Kyocera Milano C5120,,,,Android 2.3 (Gingerbread),,,microUSB 2.0,Yes,,"3.0 inches, 27.9 cm2(~43.5% screen-to-body ratio)","EV-DO Rev.0, 153.2 Kbps","microSDHC (dedicated slot), 2 GB included",CDMA2000 1xEV-DO,CDMA 800 / 1900,"GPS, A-GPS",,"2011, September. Released 2011, September","TFT, 256K colors",,Removable Li-Ion 1490 mAh battery,,,,"2.1, A2DP, EDR",No,Qualcomm MSM7627T,,"Accelerometer, proximity, compass",,CDMA / EVDO,Black,,158 g (5.57 oz),Discontinued,,Yes,,MP3/WAV/AAC+ playerMP4/H.263 playerOrganizerVoice memoPredictive text input (Swype),,,,,,QWERTY,Yes,"240 x 320 pixels, 4:3 ratio (~133 ppi density)",,,,Kyocera,
No,,VGA,67MB,Up to 3 h 20 min,https://fdn2.gsmarena.com/vv/bigpic/kyocera-presto-s1350.jpg,Mini-SIM,No,,114 x 45.5 x 13.7 mm (4.49 x 1.79 x 0.54 in),,,,Kyocera Presto S1350,,"SMS, MMS, Email",Yes,,Yes,,microUSB 2.0,No,,"1.8 inches, 10.2 cm2(~19.7% screen-to-body ratio)","CDMA2000 1x, 153 Kbps",No,CDMA2000 1x,CDMA 800 / 1900 / 1700,No,Yes,"2011, October. Released 2011, October","TFT, 256K colors",,Removable Li-Ion 920 mAh battery,,,,"2.1, A2DP, EDR",No,,,,,CDMA / CDMA2000,Black,,76 g (2.68 oz),Discontinued,,Yes,,2.5 mm audio jack,,,,,PlayerOrganizer,,No,128 x 160 pixels (~114 ppi density),,Up to 200 h,No,Kyocera,
No,,1.3 MP,128MB,Up to 4 h 40 min,https://fdn2.gsmarena.com/vv/bigpic/kyocera-brio.jpg,Mini-SIM,No,,113.5 x 60 x 14.5 mm (4.47 x 2.36 x 0.57 in),,,,Kyocera Brio,,"SMS, MMS, Email",Yes,,Yes,,microUSB 2.0,Yes,,"2.2 inches, 15.0 cm2(~22.0% screen-to-body ratio)","CDMA2000 1x, 153 Kbps",microSD (dedicated slot),CDMA2000 1x,CDMA 800 / 1900,"GPS, A-GPS","600 entries, Photocall","2011, September. Released 2011, September","TFT, 256K colors",,Removable Li-Ion 870 mAh battery,,,,"2.0, A2DP, EDR",No,Qualcomm QSC6055,,Compass,,CDMA / CDMA2000,Black,,105 g (3.70 oz),Discontinued,,Yes,,2.5 mm audio jack,,,,,MP3/WAV/AAC+ playerMP4/H.263 playerOrganizerVoice memoPredictive text input,QWERTY,No,"320 x 240 pixels, 4:3 ratio (~182 ppi density)",,,No,Kyocera,
"Simul-Task Mode – choose 2 of the Echos 7 core apps and run one on each display simultaneouslyOptimized Mode – apps let the dual displays complement each other, like email on one and a full virtual keypad on the otherTablet Mode – dual displays act as a single (4.7 inches diagonally, 800 x 960 pixels) display",1.0 GHz Scorpion,"5 MP, AF",1GB 512MB RAM,Up to 7 h,https://fdn2.gsmarena.com/vv/bigpic/kyocera-echo.jpg,Mini-SIM,"Wi-Fi 802.11 b/g, hotspot (charges may apply)",About 350 EUR,115 x 56.5 x 17.2 mm (4.53 x 2.22 x 0.68 in),,,,Kyocera Echo,,,,"Android 2.2 (Froyo), upgradable to 2.3 (Gingerbread)",,,microUSB 2.0,720p,,"3.5 inches, 34.9 cm2(~53.7% screen-to-body ratio)",EV-DO Rev.A 3.1 Mbps,"microSDHC (dedicated slot), 8 GB included",CDMA2000 1xEV-DO,CDMA 800 / 1900,"GPS, A-GPS",,"2011, March. Released 2011, April","Two TFTs, 256K colors",,Removable Li-Ion 1370 mAh battery,,,,"2.1, A2DP, EDR",No,Qualcomm QSD8650 Snapdragon S1,LED flash,"Accelerometer, proximity, compass",,CDMA / EVDO,Black,,193 g (6.81 oz),Discontinued,,Yes,Yes,MP3/WAV/AAC+ playerMP4/H.263 playerOrganizerVoice memoPredictive text input,,"HTML, Adobe Flash",,Adreno 200,,,Yes,"480 x 800 pixels, 5:3 ratio (~267 ppi density)",,Up to 200 h,,Kyocera,
MIL-STD-810G compliant,,,,Up to 8 h,https://fdn2.gsmarena.com/vv/bigpic/kyocera-duracore-e4210.jpg,Mini-SIM,No,,98.5 x 49.8 x 23.9 mm (3.88 x 1.96 x 0.94 in),2.5 mm audio jack,MP3 playerOrganizerVoice memo/dial/commands,,Kyocera DuraCore E4210,,"SMS(threaded view), MMS, Email",Yes,,Yes,,microUSB 2.0,,,"2.0 inches, 12.4 cm2(~25.3% screen-to-body ratio)",EV-DO Rev.A 3.1 Mbps,No,CDMA2000 1xEV-DO,CDMA 800 / 1900,"GPS, A-GPS","Yes, Photocall","2011, July","TFT, 256K colors",,Removable Li-Ion 1360 mAh battery,,,,"2.0, A2DP, EDR",No,Qualcomm QSC6055,,,,CDMA / EVDO,Black,,126 g (4.44 oz),Discontinued,,Yes,,"External 1"" monochrome display, 96 x 64 pixels",,,,,No,,No,"240 x 320 pixels, 4:3 ratio (~200 ppi density)",,,No,Kyocera,
FlashlightMIL-STD-810G compliantWater resistant (up to 1m for 30 min),,3.2 MP,,Up to 8 h,https://fdn2.gsmarena.com/vv/bigpic/kyocera-duramax.jpg,Mini-SIM,No,,101.5 x 53.5 x 25.5 mm (4.00 x 2.11 x 1.00 in),MP3/WAV/WMA/eAAC+ playerMP4/H.264/WMV playerOrganizerVoice memo/dial/commands,,,Kyocera DuraMax,,"SMS(threaded view), MMS, Email",Yes,,Yes,,microUSB 2.0,Yes,,"2.0 inches, 12.4 cm2(~22.8% screen-to-body ratio)",EV-DO Rev.A 3.1 Mbps,"microSDHC (dedicated slot), 1 GB included",CDMA2000 1xEV-DO,CDMA 800 / 1900,"GPS, A-GPS","Yes, Photocall","2011, July. Released 2011, October","TFT, 256K colors",,Removable Li-Ion 1360 mAh battery,,,,"2.0, A2DP, EDR",No,Qualcomm QSC6055,LED flash,,,CDMA / EVDO,Black,,144 g (5.08 oz),Discontinued,,Yes,,"External 1"" monochrome display, 96 x 64 pixels",,,,,No,,Yes,"240 x 320 pixels, 4:3 ratio (~200 ppi density)",,,No,Kyocera,
Flashlight,,2 MP,,Up to 4 h,https://fdn2.gsmarena.com/vv/bigpic/kyocera-e4600.jpg,Mini-SIM,No,,103 x 51 x 15 mm (4.06 x 2.01 x 0.59 in),,,,Kyocera E4600,,"SMS, MMS, Email, IM",Yes,,Yes,,miniUSB 2.0,Yes,,"2.2 inches, 15.2 cm2(~29.0% screen-to-body ratio)",,microSD (dedicated slot),,GSM 850 / 900 / 1800 / 1900,GPS,Yes,"2008, August. Released 2008, August","TFT, 65K colors",,Removable Li-Ion 780 mAh battery,Class 10,,,"2.0, A2DP",No,,LED flash,,,GSM,Black,,85 g (3.00 oz),Discontinued,,Yes,,No,,WAP 2.0/xHTML,Class 10,,MP3/WAV/AAC+ playerMP4/H.263 playerOrganizerVoice memoPredictive text input,,No,176 x 220 pixels (~128 ppi density),,Up to 300 h,"Yes, MIDP 2.0",Kyocera,
No,,2 MP,,Up to 5 h,https://fdn2.gsmarena.com/vv/bigpic/Kyocera-Solo-E4000.jpg,Mini-SIM,Wi-Fi 802.11 b/g,,108 x 46.3 x 13.8 mm (4.25 x 1.82 x 0.54 in),,,,Kyocera Solo E4000,,,,Microsoft Windows Mobile 6.0 Standard,,,microUSB 2.0,Yes,,,,microSD (dedicated slot),,GSM 850 / 900 / 1800 / 1900,GPS,,"2008, August. Released 2008, August","TFT, 65K colors",,Removable Li-Ion 900 mAh battery,Class 10,,,"2.0, A2DP",No,,,,,GSM,Black,,90 g (3.17 oz),Discontinued,,Yes,,MP3/WAV/WMA/eAAC+ playerMP4/WMV/H.263 playerOffice document viewerOrganizerVoice memo/dialPredictive text input,,"WAP 2.0/xHTML, HTML (IE Mobile)",Class 10,,,,No,"240 x 320 pixels, 4:3 ratio",,Up to 150 h,,Kyocera,
Flashlight,,1.3 MP,,Up to 5 h,https://fdn2.gsmarena.com/vv/bigpic/Kyocera-E3500.jpg,Mini-SIM,No,,103 x 50.5 x 16.5 mm (4.06 x 1.99 x 0.65 in),MP3/WAV/WMA/eAAC+ playerMP4/H.263 playerOrganizerVoice memo/dialPredictive text input,,,Kyocera E3500,,"SMS, MMS, Email, IM",Yes,,Yes,,miniUSB,Yes,,"2.0 inches, 12.6 cm2(~24.2% screen-to-body ratio)",,microSD (dedicated slot),,GSM 850 / 900 / 1800 / 1900,GPS,"Yes, Photocall","2008, April. Released 2008, April","TFT, 256K colors",,Removable Li-Ion 920 mAh battery,Class 10,,,"2.0, A2DP",No,,LED flash,,,GSM,Black,,84 g (2.96 oz),Discontinued,,Yes,,"Dedicated music keysExternal 1"" 56K STN, 96 x 96 pixels",,WAP 2.0/xHTML,Class 10,,No,,No,176 x 220 pixels (~141 ppi density),,Up to 400 h,"Yes, MIDP 2.0",Kyocera,
No,,1.3 MP,,Up to 5 h,https://fdn2.gsmarena.com/vv/bigpic/Kyocera-E2500.jpg,Mini-SIM,No,About 70 EUR,105 x 48 x 12 mm (4.13 x 1.89 x 0.47 in),,,,Kyocera E2500,,"SMS, MMS, Email",Yes,,Yes,,microUSB,No,,"2.0 inches, 12.9 cm2(~25.6% screen-to-body ratio)",,microSD (dedicated slot),,GSM 850 / 900 / 1800 / 1900,No,Yes,"2008, April. Released 2008, April","CSTN, 65K colors",,Removable Li-Ion 920 mAh battery,Class 10,,,"1.2, A2DP",No,,,,,GSM,Black,,69 g (2.43 oz),Discontinued,,Yes,,MP3/WAV/WMA/eAAC+ playerMP4/H.263 playerOrganizerVoice memoPredictive text input,,WAP 2.0/xHTML,Class 10,,,,No,"128 x 128 pixels, 1:1 ratio (~91 ppi density)",,Up to 400 h,"Yes, MIDP 2.0",Kyocera,
GSM 900 / 1800,,VGA,,Up to 4 h,https://fdn2.gsmarena.com/vv/bigpic/kyocera-s1600.jpg,Mini-SIM,No,,104 x 48 x 11.5 mm (4.09 x 1.89 x 0.45 in),,,,Kyocera S1600,,"SMS, MMS",Yes,,Yes,,microUSB,up to 15 sec,,"1.5 inches, 7.3 cm2(~14.5% screen-to-body ratio)",,No,,GSM 850 / 1900,No,Yes,"2008, April. Released 2008, April","CSTN, 65K colors",,Removable Li-Ion 650 mAh battery,Class 10,,,No,No,,,,,GSM,Black,,59 g (2.08 oz),Discontinued,,Yes,,No,,WAP 2.0/xHTML,No,,MP3/eAAC+ playerMP4/H.263 playerOrganizerVoice memoPredictive text input,,No,"128 x 128 pixels, 1:1 ratio (~121 ppi density)",,Up to 300 h,"Yes, MIDP 2.0",Kyocera,
No,,,,3 h,https://fdn2.gsmarena.com/vv/bigpic/kytg200b.gif,Mini-SIM,No,,120 x 40 x 16 mm (4.72 x 1.57 x 0.63 in),,,,Kyocera TG 200,,SMS,,,,,,,,,,No,,GSM 900 / 1800,No,,2000,Monochrome graphic,,Removable Li-Ion battery,No,Yes,,No,No,,,,Yes,GSM,,Monophonic ringtones,75 g (2.65 oz),Discontinued,,No,,,,,No,,,,No,5 lines,,110 h,No,Kyocera,
