,Positioning,Quad,Single_1,4G bands,Talk time,Video,Charging,Video_1,_1,Dual,WLAN,GPRS,3G bands,CPU,OS,USB,Audio quality,2G bands,Battery (old),Announced,Performance,Internal,Chipset,GPU,Status,3.5mm jack,Price,Triple,Music play,5G bands,Features_1,Build,NFC,_3,EDGE,_2,Model Name,SIM,Brand,Display,Type,Camera,Technology,Size,Model Image,Weight,Infrared port,Colors,Loudspeaker_1,Resolution,Protection,Speed,Sensors,Models,Radio,Bluetooth,Features,Dimensions,Card slot,Loudspeaker,Type_1,Single,Stand-by
,GPS,,8 MP,LTE,,Yes,,Yes,,,"Wi-Fi 802.11 a/b/g/n/ac, dual-band",,HSDPA 850 / 900 / 1900 / 2100,Octa-core (2x1.6 GHz Cortex-A75 & 6x1.6 GHz Cortex-A55),Android 14,USB Type-C,,GSM 850 / 900 / 1800 / 1900,,"2024, November 27",,64GB 4GB RAM,Unisoc T606 (12 nm),Mali-G57 MP1,"Available. Released 2024, November",Unspecified,,,,,,,No,,,,Meizu mblu 21,Nano-SIM + Nano-SIM,Meizu,,"IPS LCD, 90Hz",,GSM / HSPA / LTE,"6.79 inches, 109.5 cm2",https://fdn2.gsmarena.com/vv/bigpic/meizu-mblu-21.jpg,-,,"Black, Blue, White",,720 x 1640 pixels (~264 ppi density),,"HSPA, LTE",Fingerprint (side-mounted); unspecified sensors,M2416,No,"5.0, A2DP","LED flash, panorama, HDR",-,Unspecified,Yes,4900 mAh,"13 MP, AFauxiliary lens",
,"GPS (L1+L5), BDS (B1I+B1C+B2a), GLONASS, GALILEO, QZSS",,,"1, 3, 5, 8, 28, 34, 38, 39, 40, 41",,Yes,"45W wired, QC4+, PD3.0, PPS",Yes,,"108 MP, f/1.7, 24mm (wide), 1/1.67"", 0.64µm, PDAF2 MP, f/2.4, (macro)","Wi-Fi 802.11 a/b/g/n/ac, dual-band",,HSDPA 850 / 900 / 2100,Octa-core (4x2.40 GHz Cortex-A78 & 4x1.95 GHz Cortex-A55),Flyme AIOS,USB Type-C,,GSM 850 / 900 / 1800 / 1900,,"2024, September 25",,"256GB 8GB RAM, 256GB 12GB RAM, 512GB 12GB RAM",Qualcomm SM7435-AB Snapdragon 7s Gen 2 (4 nm),Adreno 710,"Available. Released 2024, September 20",No,About 210 EUR,,,"1, 3, 5, 8, 28, 38, 40, 41, 77, 78 SA/NSA",HDR,,Unspecified,,,,Meizu Lucky 08,Nano-SIM + Nano-SIM,Meizu,,"LTPO AMOLED, 1B colors, 144Hz, HDR, 800 nits (typ), 5000 nits (peak)",,GSM / HSPA / LTE / 5G,"6.78 inches, 111.7 cm2(~88.5% screen-to-body ratio)",https://fdn2.gsmarena.com/vv/bigpic/meizu-lucky-08.jpg,202 g (7.13 oz),,"Black, White",,1264 x 2780 pixels (~450 ppi density),,"HSPA, LTE, 5G","Fingerprint (under display, optical), accelerometer, gyro, proximity, compass",,No,"5.1, A2DP, LE, aptX HD, aptX Adaptive, LHDC","LED flash, panorama, HDR",163 x 77.5 x 8.6 mm (6.42 x 3.05 x 0.34 in),Unspecified,"Yes, with stereo speakers",6000 mAh,"8 MP, f/2.0",
,GPS,,,LTE,,Yes,30W wired,Yes,,"64 MP, AF2 MP","Wi-Fi 802.11 a/b/g/n/ac, dual-band",,HSDPA 850 / 900 / 1900 / 2100,Octa-core (2x2.2 GHz Cortex-A76 & 6x2.0 GHz Cortex-A55),Flyme OS,USB Type-C,,GSM 850 / 900 / 1800 / 1900,,"2024, September 13",,256GB 8GB RAM,Mediatek Helio G99 (6 nm),Mali-G57 MC2,"Available. Released 2024, October",Yes,,,,,,,Yes,,,,Meizu Note 21 Pro,Nano-SIM + Nano-SIM,Meizu,,"IPS LCD, 120Hz, 550 nits",,GSM / HSPA / LTE,"6.78 inches, 111.0 cm2",https://fdn2.gsmarena.com/vv/bigpic/meizu-note-21-pro.jpg,-,,"Bay Blue, Sandstone, Marble",,"1080 x 2400 pixels, 20:9 ratio (~388 ppi density)",,"HSPA, LTE",Fingerprint (side-mounted); unspecified sensors,,No,"5.3, A2DP","LED flash, panorama, HDR",-,microSDXC,Yes,5000 mAh,13 MP,
* display resolution is not officially specified,GPS,,,LTE,,Yes,18W wired,Yes,,"50 MP, AF2 MP","Wi-Fi 802.11 a/b/g/n/ac, dual-band",,HSDPA 850 / 900 / 1900 / 2100,Octa-core (2x1.6 GHz Cortex-A75 & 6x1.6 GHz Cortex-A55),Flyme OS,USB Type-C,,GSM 850 / 900 / 1800 / 1900,,"2024, September 13",,256GB 8GB RAM,Unisoc T606 (12 nm),Mali-G57 MP1,"Available. Released 2024, October",Yes,,,,,,,No,,,,Meizu Note 21,Nano-SIM + Nano-SIM,Meizu,,"IPS LCD, 90Hz, 450 nits",,GSM / HSPA / LTE,"6.74 inches, 109.7 cm2",https://fdn2.gsmarena.com/vv/bigpic/meizu-note-21.jpg,-,,"Ivory, Diamond Black, Gulf Blue",,"720 x 1600 pixels*, 20:9 ratio (~260 ppi density)",,"HSPA, LTE",Fingerprint (side-mounted); unspecified sensors,,No,"5.3, A2DP","LED flash, panorama, HDR",-,microSDXC,Yes,6000 mAh,8 MP,
,"GPS, GALILEO, GLONASS, BDS",,,LTE,,"4K@30fps, 1080p@30fps",,1080p@30fps,,"13 MP, AF (interpolated to 50 MP)Secondary unspecified camera","Wi-Fi 802.11 a/b/g/n/ac, dual-band",,HSDPA 850 / 900 / 1900 / 2100,Octa-core (2x2.3 GHz Cortex-A76 & 6x2.1 GHz Cortex-A55),Flyme AIOS,USB Type-C,,GSM 850 / 900 / 1800 / 1900,,"2024, July 17",,"128GB 6GB RAM, 256GB 8GB RAM",Unisoc T765 (6 nm),Mali-G57 MC2,"Available. Released 2024, July",Yes,,,,SA/NSA,,,Unspecified,,,,Meizu Blue 20,Nano-SIM + Nano-SIM,Meizu,,"IPS LCD, 90Hz",,GSM / HSPA / LTE / 5G,"6.52 inches, 102.6 cm2",https://fdn2.gsmarena.com/vv/bigpic/meizu-blue-20.jpg,-,,"Black, White, Purple",,"1080 x 2400 pixels, 20:9 ratio (~404 ppi density)",,"HSPA, LTE, 5G",Fingerprint (side-mounted); unspecified sensors,,No,"5.0, A2DP","LED flash, panorama, HDR",8.3 mm thickness,microSDXC,"Yes, with stereo speakers",5010 mAh,5 MP (interpolated to 8 MP),
IP65 dust and water resistant,"GPS (L1+L5), GLONASS, GALILEO, BDS, QZSS, NavIC",,,"1, 3, 4, 5, 8, 28, 34, 38, 39, 40, 41",,"8K, 4K, 1080p; gyro-EIS","65W wired, PD3 PPS, QC4+",Yes,UFS,"50 MP, f/1.7, 24mm (wide), 1/1.56"", PDAF, OIS13 MP, f/2.4, 16mm, 122˚ (ultrawide), AF","Wi-Fi 802.11 а/b/g/n/ac/6e/7, tri-band",,HSDPA 850 / 900 / 2100,Octa-core (1x3.2 GHz Cortex-X3 & 2x2.8 GHz Cortex-A715 & 2x2.8 GHz Cortex-A710 & 3x2.0 GHz Cortex-A510),Flyme OS,"USB Type-C 2.0, OTG",,GSM 850 / 900 / 1800 / 1900,,"2024, May 16",,"256GB 16GB RAM, 512GB 16GB RAM",Qualcomm SM8550-AB Snapdragon 8 Gen 2 (4 nm),Adreno 740,"Available. Released 2024, May 21",No,About 330 EUR,,,"1, 3, 5, 8, 28, 38, 40, 41, 77, 78 SA/NSA",HDR,"Glass front, aluminum frame, plastic back",Yes,,,,Meizu 21 Note,Nano-SIM + Nano-SIM,Meizu,,"LTPO OLED, 1B colors, 144Hz, HDR10+, 800 nits (typ), 1600 nits (HBM), 5000 nits (peak)",,GSM / HSPA / LTE / 5G,"6.78 inches, 111.7 cm2(~89.5% screen-to-body ratio)",https://fdn2.gsmarena.com/vv/bigpic/meizu-21-note.jpg,205 g (7.23 oz),Yes,"Black, White",,1264 x 2780 pixels (~450 ppi density),,"HSPA, LTE, 5G","Fingerprint (under display, ultrasonic), accelerometer, gyro, proximity, compass",,No,"5.3, A2DP, LE, aptX HD, LHDC","Ring-LED flash, panorama, HDR",162.4 x 76.9 x 8.2 mm (6.39 x 3.03 x 0.32 in),No,"Yes, with stereo speakers",5500 mAh,"16 MP, f/2.5, (wide)",
IP68 dust/water resistant (up to 1.5m for 30 min),"GPS (L1+L5), GLONASS (G1), BDS (B1I+B1c+B2a), GALILEO (E1+E5a), QZSS (L1+L5), NavIC (L5)",,,"1, 2, 3, 4, 5, 7, 8, 12, 17, 18, 19, 20, 26, 28, 34, 38, 39, 40, 41",,"8K, 4K, 1080p; gyro-EIS","80W wired, PD3 PPS, QC4+50W wireless10W reverse wireless",Yes,UFS 4.0,,"Wi-Fi 802.11 а/b/g/n/ac/6e/7, dual-band",,HSDPA 850 / 900 / 1900 / 2100,Octa-core (1x3.3 GHz Cortex-X4 & 3x3.2 GHz Cortex-A720 & 2x3.0 GHz Cortex-A720 & 2x2.3 GHz Cortex-A520),"Android, Flyme","USB Type-C, OTG",,GSM 850 / 900 / 1800 / 1900,,"2024, February 29",,"256GB 12GB RAM, 512GB 16GB RAM, 1TB 16GB RAM",Qualcomm SM8650-AB Snapdragon 8 Gen 3 (4 nm),Adreno 750,"Available. Released 2024, March 02",No,About 640 EUR,"50 MP, f/1.9, 24mm (wide), 1/1.3"", 1.2µm, PDAF, OIS10 MP, f/2.0, 72mm (periscope telephoto), PDAF, OIS, 3x optical zoom13 MP, f/2.4, 15mm, 122˚ (ultrawide)",,"1, 3, 5, 8, 20, 28, 38, 40, 41, 77, 78, 79 SA/NSA",HDR,,Yes,,,,Meizu 21 Pro,Nano-SIM + Nano-SIM,Meizu,,"LTPO AMOLED, 1B colors, 120Hz, HDR10+, 600 nits (typ), 1250 nits (HBM)",,GSM / HSPA / LTE / 5G,"6.79 inches, 107.3 cm2(~87.4% screen-to-body ratio)",https://fdn2.gsmarena.com/vv/bigpic/meizu-21-pro.jpg,208 g or 214 g (7.34 oz),Yes,"Black, White, Blue, Green",,"1368 x 3192 pixels, 21:9 ratio (~512 ppi density)",Meizu Titan Glass 2.0,"HSPA, LTE, 5G","Fingerprint (under display, ultrasonic), accelerometer, gyro, proximity, compass, barometer",,No,"5.4, A2DP, LE","Ring-LED flash, panorama, HDR",165 x 74.4 x 8 mm (6.50 x 2.93 x 0.31 in),No,"Yes, with stereo speakers",5050 mAh,"32 MP, f/2.4, (wide)",
"IP54, dust and splash resistant","GPS (L1+L5), GLONASS (G1), BDS (B1I+B1c+B2a), GALILEO (E1+E5a), QZSS (L1+L5), NavIC (L5)",,,"1, 3, 4, 5, 7, 8, 18, 19, 26, 28, 34, 38, 39, 40, 41",,"8K, 4K, 1080p; gyro-EIS","80W wired, PD3 PPS, QC4+",Yes,UFS 4.0,,"Wi-Fi 802.11 а/b/g/n/ac/6e/7, dual-band",,HSDPA 850 / 900 / 1700(AWS) / 2100,Octa-core (1x3.3 GHz Cortex-X4 & 3x3.2 GHz Cortex-A720 & 2x3.0 GHz Cortex-A720 & 2x2.3 GHz Cortex-A520),"Android 13, Flyme 10.5","USB Type-C, OTG",,GSM 850 / 900 / 1800 / 1900,,"2023, November 30",,"256GB 8GB RAM, 256GB 12GB RAM, 512GB 12GB RAM",Qualcomm SM8650-AB Snapdragon 8 Gen 3 (4 nm),Adreno 750,"Available. Released 2023, November 30",No,About 440 EUR,"200 MP, f/1.7, 22mm (wide), PDAF, OIS13 MP, f/2.4, 15mm, 122˚ (ultrawide)5 MP, f/2.4, 27mm (wide)",,"1, 3, 5, 8, 28, 38, 41, 77, 78 SA/NSA",HDR,,Yes,,,,Meizu 21,Nano-SIM + Nano-SIM,Meizu,,"AMOLED, 120Hz, HDR10+, 600 nits (typ), 1100 nits (HBM), 1800 nits (peak)",,GSM / HSPA / LTE / 5G,"6.55 inches, 105.3 cm2(~89.3% screen-to-body ratio)",https://fdn2.gsmarena.com/vv/bigpic/meizu-21.jpg,198 g (6.98 oz),Yes,"Black, Purple, Green, White",,"1080 x 2340 pixels, 19.5:9 ratio (~393 ppi density)",,"HSPA, LTE, 5G","Fingerprint (under display, ultrasonic), accelerometer, gyro, proximity, compass",,No,"5.4, A2DP, LE","Ring-LED flash, panorama, HDR",156.7 x 75.3 x 7.9 mm (6.17 x 2.96 x 0.31 in),No,"Yes, with stereo speakers",4800 mAh,"32 MP, f/2.4, (wide)",
"IP54, dust and splash resistant","GPS (L1+L5), GLONASS, BDS (B1I+B1c+B2a), GALILEO, QZSS",,,"1, 2, 3, 4, 5, 7, 8, 12, 28, 34, 38, 39, 40, 41",,"8K, 4K, 1080p; gyro-EIS","67W wired, PD3 PPS, QC4+",Yes,UFS 4.0,,"Wi-Fi 802.11 а/b/g/n/ac/6e/7, dual-band",,HSDPA 800 / 850 / 900 / 1900 / 2100,Octa-core (1x3.2 GHz Cortex-X3 & 2x2.8 GHz Cortex-A715 & 2x2.8 GHz Cortex-A710 & 3x2.0 GHz Cortex-A510),"Android 13, Flyme 10","USB Type-C, OTG",,GSM 850 / 900 / 1800 / 1900,,"2023, October 19",,"256GB 16GB RAM, 512GB 16GB RAM",Qualcomm SM8550-AB Snapdragon 8 Gen 2 (4 nm),Adreno 740,"Available. Released 2023, October 31",No,About 400 EUR,"50 MP, f/1.9, 24mm (wide), 1/1.56"", PDAF, OIS16 MP, f/2.4, 16mm, 122˚ (ultrawide)5 MP, f/2.4",,"1, 3, 5, 8, 28, 38, 41, 77, 78 SA/NSA",HDR,,Yes,,,,Meizu 20 Classic,Nano-SIM + Nano-SIM,Meizu,,"OLED, 1B colors, 144Hz, 500 nits (typ), 800 nits (HBM)",,GSM / HSPA / LTE / 5G,"6.55 inches, 103.6 cm2(~89.2% screen-to-body ratio)",https://fdn2.gsmarena.com/vv/bigpic/meizu-20classic.jpg,190 g (6.70 oz),,"Gray, Silver, Green",,"1080 x 2400 pixels, 20:9 ratio (~402 ppi density)",,"HSPA, LTE, 5G","Fingerprint (under display, ultrasonic), accelerometer, gyro, proximity, compass",,No,"5.3, A2DP, LE","Ring-LED flash, panorama, HDR",157.9 x 73.5 x 8 mm (6.22 x 2.89 x 0.31 in),No,"Yes, with stereo speakers",Li-Po 4700 mAh,"32 MP, f/2.5, (wide)",
UFS 4.0,"GPS (L1+L5), GLONASS, BDS, GALILEO",,,"1, 2, 3, 4, 5, 7, 8, 12, 13, 17, 18, 19, 20, 26, 34, 38, 39, 40, 41, 42",,"8K, 4K, 1080p; gyro-EIS","65W wired, PD PPS, QC450W wireless",Yes,Ultra Wideband (UWB) support,,"Wi-Fi 802.11 а/b/g/n/ac/6e/7, tri-band",,HSDPA 850 / 900 / 1700(AWS) / 1900 / 2100,Octa-core (1x3.2 GHz Cortex-X3 & 2x2.8 GHz Cortex-A715 & 2x2.8 GHz Cortex-A710 & 3x2.0 GHz Cortex-A510),"Android 13, Flyme 10",USB Type-C,,GSM 850 / 900 / 1800 / 1900,,"2023, March 30",,"256GB 12GB RAM, 512GB 12GB RAM, 1TB 16GB RAM",Qualcomm SM8550-AB Snapdragon 8 Gen 2 (4 nm),Adreno 740,"Available. Released 2023, June 12",No,About 820 EUR,"50 MP, f/1.8, 23mm (wide), 1/1.56"", PDAF, OIS12 MP f/2.0, 50mm (telephoto), 1/2.9"", PDAF, OIS, optical zoom12 MP, f/2.2, 13mm, 122˚ (ultrawide), 1/2.55""",,"1, 3, 5, 7, 8, 28, 38, 40, 41, 66, 77, 78, 79 SA/NSA",HDR,,Yes,,,,Meizu 20 Infinity,Nano-SIM + Nano-SIM,Meizu,,"LTPO OLED, 1B colors, 120Hz, 600 nits (typ), 1800 nits (peak)",,GSM / HSPA / LTE / 5G,"6.79 inches, 107.7 cm2(~89.9% screen-to-body ratio)",https://fdn2.gsmarena.com/vv/bigpic/meizu-20-infinity.jpg,215 g (7.58 oz),,"Gray, Green, Silver",,"1368 x 3192 pixels, 21:9 ratio (~511 ppi density)",,"HSPA, LTE, 5G","Fingerprint (under display, optical), accelerometer, gyro, proximity, compass, barometer",,No,"5.3, A2DP, LE","LED flash, panorama, HDR",163.4 x 73.3 x 8.2 mm (6.43 x 2.89 x 0.32 in),No,"Yes, with stereo speakers",Li-Po 4800 mAh,"32 MP, f/2.4, (wide)",
"IP54, dust and splash resistant","GPS (L1+L5), GLONASS, BDS (B1I+B1c+B2a), GALILEO, QZSS",,,"1, 2, 3, 4, 5, 7, 8, 12, 28, 34, 38, 39, 40, 41",,"8K, 4K, 1080p; gyro-EIS","80W wired, PD3 PPS, QC4+50W wireless",Yes,UFS 4.0 - 512GB,,"Wi-Fi 802.11 а/b/g/n/ac/6e/7, tri-band",,HSDPA 850 / 900 / 1900 / 2100,Octa-core (1x3.2 GHz Cortex-X3 & 2x2.8 GHz Cortex-A715 & 2x2.8 GHz Cortex-A710 & 3x2.0 GHz Cortex-A510),"Android 13, Flyme 10",USB Type-C,,GSM 850 / 900 / 1800 / 1900,,"2023, March 30",,"128GB 12GB RAM, 256GB 12GB RAM, 512GB 12GB RAM",Qualcomm SM8550-AB Snapdragon 8 Gen 2 (4 nm),Adreno 740,"Available. Released 2023, June 20",No,About 530 EUR,"50 MP, f/1.9, (wide), PDAF, OIS50 MP f/1.9, (telephoto), PDAF, optical zoom50 MP, f/2.2, 129˚ (ultrawide)",,"1, 3, 5, 8, 28, 38, 41, 77, 78, 79 SA/NSA",HDR,,Yes,,,,Meizu 20 Pro,Nano-SIM + Nano-SIM,Meizu,,"LTPO OLED, 120Hz, HDR10+, 500 nits (typ), 1800 nits (peak)",,GSM / HSPA / LTE / 5G,"6.81 inches, 112.0 cm2(~89.3% screen-to-body ratio)",https://fdn2.gsmarena.com/vv/bigpic/meizu-20-pro.jpg,209 g (7.37 oz),Yes,"Gray, Gold, Silver",,"1440 x 3200 pixels, 20:9 ratio (~515 ppi density)",,"HSPA, LTE, 5G","Fingerprint (under display, ultrasonic), accelerometer, gyro, proximity, compass",,No,"5.3, A2DP, LE","Ring-LED flash, panorama, HDR",164.2 x 76.4 x 7.8 mm (6.46 x 3.01 x 0.31 in),No,"Yes, with stereo speakers",Li-Po 5000 mAh,"32 MP, f/2.5, (wide)",
"IP54, dust and splash resistant","GPS (L1+L5), GLONASS, BDS (B1I+B1c+B2a), GALILEO, QZSS",,,"1, 2, 3, 4, 5, 7, 8, 12, 28, 34, 38, 39, 40, 41",,"8K, 4K, 1080p; gyro-EIS","67W wired, PD3 PPS, QC4+",Yes,UFS 4.0UFS 3.1 - 128GB only,,"Wi-Fi 802.11 а/b/g/n/ac/6e/7, dual-band",,HSDPA 850 / 900 / 1900 / 2100,Octa-core (1x3.2 GHz Cortex-X3 & 2x2.8 GHz Cortex-A715 & 2x2.8 GHz Cortex-A710 & 3x2.0 GHz Cortex-A510),"Android 13, Flyme 10","USB Type-C, OTG",,GSM 850 / 900 / 1800 / 1900,,"2023, March 30",,"128GB 12GB RAM, 256GB 12GB RAM, 512GB 12GB RAM",Qualcomm SM8550-AB Snapdragon 8 Gen 2 (4 nm),Adreno 740,"Available. Released 2023, May 22",No,About 400 EUR,"50 MP, f/1.9, 24mm (wide), 1/1.56"", PDAF, OIS16 MP, f/2.4, 16mm, 122˚ (ultrawide)5 MP, f/2.4",,"1, 3, 5, 8, 28, 38, 41, 77, 78 SA/NSA",HDR,,Yes,,,,Meizu 20,Nano-SIM + Nano-SIM,Meizu,,"OLED, 1B colors, 144Hz, 500 nits (typ), 800 nits (HBM)",,GSM / HSPA / LTE / 5G,"6.55 inches, 103.6 cm2(~89.2% screen-to-body ratio)",https://fdn2.gsmarena.com/vv/bigpic/meizu-20.jpg,190 g (6.70 oz),,"Gray, Yellow, Mint, Rose Gold",,"1080 x 2400 pixels, 20:9 ratio (~402 ppi density)",,"HSPA, LTE, 5G","Fingerprint (under display, ultrasonic), accelerometer, gyro, proximity, compass",,No,"5.3, A2DP, LE","Ring-LED flash, panorama, HDR",157.9 x 73.5 x 8 mm (6.22 x 2.89 x 0.31 in),No,"Yes, with stereo speakers",Li-Po 4700 mAh,"32 MP, f/2.5, (wide)",
Waterproof,"GPS (L1+L5), GLONASS, BDS, GALILEO, QZSS",,,"1, 2, 3, 4, 5, 7, 8, 12, 34, 38, 39, 40, 41",,"8K, 4K@30/60fps, 1080p; gyro-EIS, HDR","40W wired, PD3.0, QC4, 40% in 15 min, 100% in 55 min40W wireless10W reverse wireless","4K@30fps, 1080p@30fps",UFS 3.1,,"Wi-Fi 802.11 а/b/g/n/ac/6e, dual-band, Wi-Fi Direct",,HSDPA 850 / 900 / 1700(AWS) / 1900 / 2100,Octa-core (1x3.0 GHz Cortex-X1 & 3x2.42 GHz Cortex-A78 & 4x1.80 GHz Cortex-A55),"Android 11, Flyme 9.2",USB Type-C,,GSM 850 / 900 / 1800 / 1900,,"2021, September 22",,"128GB 8GB RAM, 256GB 8GB RAM, 256GB 12GB RAM",Qualcomm SM8350 Snapdragon 888+ 5G (5 nm),Adreno 660,"Available. Released 2021, September 23",No,About 610 EUR,"50 MP, f/1.9, 23mm (wide), 1/1.31"", 1.2µm, dual pixel PDAF, OIS8 MP f/2.4, 79mm (telephoto), 1/4.4"", 1.0µm, PDAF, 3x optical zoom32 MP, f/2.2, 15mm, 130˚ (ultrawide), 1/2.8"", 0.8µm0.3 MP, TOF 3D, f/1.4, (depth)",,"1, 3, 41, 77, 78, 79 SA/NSA",HDR,,Yes,,,,Meizu 18s Pro,Nano-SIM + Nano-SIM,Meizu,,"Super AMOLED, 120Hz, HDR10+, 420 nits (typ), 1300 nits (peak)",,GSM / HSPA / LTE / 5G,"6.7 inches, 107.6 cm2(~90.7% screen-to-body ratio)",https://fdn2.gsmarena.com/vv/bigpic/meizu-18s-pro.jpg,189 g (6.67 oz),,"Blue, White, Gray",,"1440 x 3200 pixels, 20:9 ratio (~526 ppi density)",Corning Gorilla Glass 6,"HSPA, LTE, 5G","Fingerprint (under display, ultrasonic), accelerometer, gyro, proximity, compass",M192Q,No,"5.2, A2DP, LE","LED flash, HDR, panorama",162.5 x 73 x 8.1 mm (6.40 x 2.87 x 0.32 in),No,"Yes, with stereo speakers",Li-Po 4500 mAh,"44 MP, f/2.4, (wide), 1/2.65”, 0.7µm",
UFS 3.1,"GPS (L1+L5), GLONASS, BDS, GALILEO, QZSS",,,"1, 3, 4, 5, 7, 8, 34, 38, 39, 40, 41",,"4K@30/60fps, 1080p; gyro-EIS","36W wired, PD3.0, QC3, 80% in 33 min, 100% in 55 min",1080p@30fps,,,"Wi-Fi 802.11 а/b/g/n/ac/6e, dual-band, Wi-Fi Direct",,HSDPA 850 / 900 / 1900 / 2100,Octa-core (1x3.0 GHz Cortex-X1 & 3x2.42 GHz Cortex-A78 & 4x1.80 GHz Cortex-A55),"Android 11, Flyme 9.2",USB Type-C,,GSM 850 / 900 / 1800 / 1900,,"2021, September 22",,"128GB 8GB RAM, 256GB 8GB RAM, 256GB 12GB RAM",Qualcomm SM8350 Snapdragon 888+ 5G (5 nm),Adreno 660,"Available. Released 2021, September 23",No,About 490 EUR,"64 MP, f/1.6, 26mm (wide), 1/1.73"", 0.8µm, PDAF, OIS8 MP f/2.4, 79mm (telephoto), 1/4.4"", 1.0µm, PDAF, 3x optical zoom16 MP, f/2.2, 15mm, 122˚ (ultrawide), 1/3.0"", 1.0µm",,"1, 3, 41, 77, 78, 79 SA/NSA",HDR,,Yes,,,,Meizu 18s,Nano-SIM + Nano-SIM,Meizu,,"Super AMOLED, 120Hz, HDR10+, 420 nits (typ), 1300 nits (peak)",,GSM / HSPA / LTE / 5G,"6.2 inches, 93.8 cm2(~88.9% screen-to-body ratio)",https://fdn2.gsmarena.com/vv/bigpic/meizu-18s.jpg,162 g (5.71 oz),,"Light Blue, White, Aurora, Pink/Violet",,"1440 x 3200 pixels, 20:9 ratio (~563 ppi density)",,"HSPA, LTE, 5G","Fingerprint (under display, ultrasonic), accelerometer, gyro, proximity, compass",,No,"5.2, A2DP, LE","Dual-LED dual-tone flash, HDR, panorama",152.4 x 69.2 x 8.2 mm (6.00 x 2.72 x 0.32 in),No,"Yes, with stereo speakers",Li-Po 4000 mAh,"20 MP, f/2.2, 26mm (wide), 1/3.4"", 0.8µm",
UFS 3.1,"GPS, GLONASS, GALILEO, BDS",,,"1, 2, 3, 4, 5, 7, 8, 12, 34, 38, 39, 40, 41",,1080p@30fps,"30W wired, PD3.0, QC4, 70% in 30 min, 100% in 60 min",1080p@30fps,,,"Wi-Fi 802.11 а/b/g/n/ac/6e, dual-band, Wi-Fi Direct",,HSDPA 850 / 900 / 1700(AWS) / 1900 / 2100,Octa-core (1x3.2 GHz Kryo 585 & 3x2.42 GHz Kryo 585 & 4x1.80 GHz Kryo 585),"Android 11, Flyme 9.2",USB Type-C,,GSM 850 / 900 / 1800 / 1900,,"2021, September 22",,"128GB 8GB RAM, 256GB 8GB RAM, 256GB 12GB RAM",Qualcomm SM8250-AC Snapdragon 870 5G (7 nm),Adreno 650,"Available. Released 2021, September 22",No,About 340 EUR,"64 MP, f/1.8, 26mm (wide), 1/1.97"", 0.7µm, PDAF8 MP, f/2.2, 15mm, 120˚ (ultrawide), 1/4.0"", 1.12µm2 MP, f/2.4, (depth)",,"1, 3, 41, 77, 78, 79 SA/NSA",HDR,,No,,,,Meizu 18x,Nano-SIM + Nano-SIM,Meizu,,"OLED, 1B colors, 120Hz, 500 nits (typ), 700 nits (peak)",,GSM / HSPA / LTE / 5G,"6.67 inches, 107.4 cm2(~85.2% screen-to-body ratio)",https://fdn2.gsmarena.com/vv/bigpic/meizu-18x.jpg,189 g (6.67 oz),,"Light Blue, White, Gray",,"1080 x 2400 pixels, 20:9 ratio (~395 ppi density)",,"HSPA, LTE, 5G","Fingerprint (under display, optical), accelerometer, gyro, proximity, compass",,No,"5.2, A2DP, LE","LED flash, HDR, panorama",165.1 x 76.4 x 8 mm (6.5 x 3.01 x 0.31 in),No,Yes,Li-Po 4300 mAh,"13 MP, f/2.0, (wide)",
Swimproof,"GPS, GLONASS, BDS, QZSS",,,"1, 3, 5, 7, 8, 20, 38, 39, 40, 41",,,,,eMMC 4.5,,Wi-Fi 802.11 b/g/n,,HSDPA 850 / 900 / 2100,Quad-core 1.7 GHz Cortex-A53,Flyme,No,,GSM 900 / 1800,,"2021, May 31",,8GB 1GB RAM,Qualcomm Snapdragon Wear 4100 (12 nm),Adreno 504,"Available. Released 2021, June 01",No,About 190 EUR,,,,,"Glass front (Gorilla Glass), ceramic back, aluminum frame",Yes,,,No,Meizu Watch,eSIM,Meizu,,"AMOLED, 450 nits (typ)",,GSM / HSPA / LTE,1.78 inches,https://fdn2.gsmarena.com/vv/bigpic/meizu-watch.jpg,43 g (1.52 oz),,"Black, Azure",,368 x 448 pixels (~326 ppi density),Corning Gorilla Glass,"HSPA, LTE","Accelerometer, heart rate, SpO2, gyro, barometer, compass",,No,"4.2, A2DP",,46 x 38.4 x 13 mm (1.81 x 1.51 x 0.51 in),No,Yes,Li-Ion 430 mAh,,
Waterproof,"GPS (L1+L5), GLONASS, BDS, GALILEO, QZSS, NavIC",,,"1, 2, 3, 4, 5, 7, 8, 12, 34, 38, 39, 40, 41",,"8K, 4K@30/60fps, 1080p; gyro-EIS","40W wired, PD3.0, QC4, 40% in 15 min, 100% in 50 min40W wireless10W reverse wireless","4K@30fps, 1080p@30fps",UFS 3.1,,"Wi-Fi 802.11 а/b/g/n/ac/6e, dual-band, Wi-Fi Direct",,HSDPA 850 / 900 / 1700(AWS) / 1900 / 2100,Octa-core (1x2.84 GHz Cortex-X1 & 3x2.42 GHz Cortex-A78 & 4x1.80 GHz Cortex-A55),"Android 11, Flyme 9",USB Type-C,,GSM 850 / 900 / 1800 / 1900,,"2021, March 03",,"128GB 8GB RAM, 256GB 8GB RAM, 256GB 12GB RAM",Qualcomm SM8350 Snapdragon 888 5G (5 nm),Adreno 660,"Available. Released 2021, March 08",No,About 640 EUR,"50 MP, f/1.9, 23mm (wide), 1/1.31"", 1.2µm, dual pixel PDAF, OIS8 MP f/2.4, 79mm (telephoto), 1/4.4"", 1.0µm, PDAF, 3x optical zoom32 MP, f/2.2, 15mm, 130˚ (ultrawide), 1/2.8"", 0.8µm0.3 MP, TOF 3D, f/1.4, (depth)",,"1, 3, 41, 77, 78, 79 SA/NSA",HDR,,Yes,,,,Meizu 18 Pro,Nano-SIM + Nano-SIM,Meizu,,"Super AMOLED, 120Hz, HDR10+, 420 nits (typ), 1300 nits (peak)",,GSM / HSPA / LTE / 5G,"6.7 inches, 107.6 cm2(~90.7% screen-to-body ratio)",https://fdn2.gsmarena.com/vv/bigpic/meizu-18-pro.jpg,189 g (6.67 oz),,"Blue, White, Gray",,"1440 x 3200 pixels, 20:9 ratio (~526 ppi density)",Corning Gorilla Glass 6,"HSPA, LTE, 5G","Fingerprint (under display, ultrasonic), accelerometer, gyro, proximity, compass",,No,"5.2, A2DP, LE","LED flash, HDR, panorama",162.5 x 73 x 8.1 mm (6.40 x 2.87 x 0.32 in),No,"Yes, with stereo speakers",Li-Po 4500 mAh,"44 MP, f/2.4, (wide), 1/2.65”, 0.7µm",
UFS 3.1,"GPS (L1+L5), GLONASS, BDS, GALILEO, QZSS, NavIC",,,"1, 3, 4, 5, 7, 8, 34, 38, 39, 40, 41",,"4K@30/60fps, 1080p; gyro-EIS","36W wired, PD3.0, QC3, 40% in 15 min, 100% in 50 min",1080p@30fps,,,"Wi-Fi 802.11 а/b/g/n/ac/6e, dual-band, Wi-Fi Direct",,HSDPA 850 / 900 / 1900 / 2100,Octa-core (1x2.84 GHz Cortex-X1 & 3x2.42 GHz Cortex-A78 & 4x1.80 GHz Cortex-A55),"Android 11, Flyme 9",USB Type-C,,GSM 850 / 900 / 1800 / 1900,,"2021, March 03",,"128GB 8GB RAM, 256GB 8GB RAM, 256GB 12GB RAM",Qualcomm SM8350 Snapdragon 888 5G (5 nm),Adreno 660,"Available. Released 2021, March 08",No,About 560 EUR,"64 MP, f/1.6, 26mm (wide), 1/1.73"", 0.8µm, PDAF, OIS8 MP f/2.4, 79mm (telephoto), 1/4.4"", 1.0µm, PDAF, 3x optical zoom16 MP, f/2.2, 15mm, 122˚ (ultrawide), 1/3.0"", 1.0µm",,"1, 3, 41, 77, 78, 79 SA/NSA",HDR,,Yes,,,,Meizu 18,Nano-SIM + Nano-SIM,Meizu,,"Super AMOLED, 120Hz, HDR10+, 420 nits (typ), 1300 nits (peak)",,GSM / HSPA / LTE / 5G,"6.2 inches, 93.8 cm2(~88.9% screen-to-body ratio)",https://fdn2.gsmarena.com/vv/bigpic/meizu-18-.jpg,162 g (5.71 oz),,"Light Blue, White, Aurora",,"1440 x 3200 pixels, 20:9 ratio (~563 ppi density)",,"HSPA, LTE, 5G","Fingerprint (under display, ultrasonic), accelerometer, gyro, proximity, compass",,No,"5.2, A2DP, LE","Dual-LED dual-tone flash, HDR, panorama",152.4 x 69.2 x 8.2 mm (6.00 x 2.72 x 0.32 in),No,"Yes, with stereo speakers",Li-Po 4000 mAh,"20 MP, f/2.2, 26mm (wide), 1/3.4"", 0.8µm",
CDMA 800 & TD-SCDMA,"GPS (L1+L5), GLONASS, BDS",,,"1, 3, 5, 7, 8, 34, 38, 39, 40, 41",,"4K@30/60fps, 1080p; gyro-EIS","30W wired, QC3, 45% in 30 min27W wireless",1080p@30fps,UFS 3.1,,"Wi-Fi 802.11 а/b/g/n/ac/6, dual-band, Wi-Fi Direct",,HSDPA 850 / 900 / 1900 / 2100,Octa-core (1x2.84 GHz Cortex-A77 & 3x2.42 GHz Cortex-A77 & 4x1.80 GHz Cortex-A55),"Android 10, Flyme 8.1",USB Type-C 2.0,,GSM 850 / 900 / 1800 / 1900,,"2020, May 08",,"128GB 8GB RAM, 256GB 12GB RAM",Qualcomm SM8250 Snapdragon 865 5G (7 nm+),Adreno 650,"Available. Released 2020, May 11",No,About 560 EUR,"64 MP, f/1.8, 26mm (wide), 1/1.72"", 0.8µm, PDAF8 MP, f/2.4, 79mm (telephoto), 1.0µm, PDAF32 MP, f/2.2, 15mm, 129˚ (ultrawide), 1/2.8"", 0.8µm0.3 MP, TOF 3D, f/1.4, (depth)",,"41, 78, 79 SA/NSA",HDR,"Glass front, ceramic back, ceramic frame",Yes,,,,Meizu 17 Pro,Nano-SIM + Nano-SIM,Meizu,,"Super AMOLED, 120Hz, HDR10+, 700 nits (typ)",,GSM / CDMA / HSPA / LTE / 5G,"6.6 inches, 106.9 cm2(~86.6% screen-to-body ratio)",https://fdn2.gsmarena.com/vv/bigpic/meizu-m17-pro1.jpg,219 g (7.72 oz),,"Mint, Black, White",,"1080 x 2340 pixels, 19.5:9 ratio (~390 ppi density)",,"HSPA, LTE, 5G","Fingerprint (under display, optical), accelerometer, gyro, proximity, compass",,No,"5.1, A2DP, LE","5-LED dual-tone flash, Auto-HDR, panorama",160 x 77.2 x 8.5 mm (6.30 x 3.04 x 0.33 in),No,"Yes, with stereo speakers",Li-Po 4500 mAh,"20 MP, f/2.2, (wide), 0.8µm",
CDMA 800 & TD-SCDMA,"GPS (L1+L5), GLONASS, BDS","64 MP, f/1.8, 26mm (wide), 1/1.72"", 0.8µm, PDAF12 MP, f/1.9, 24mm (wide), 1/2.55"", 1.4µm, PDAF8 MP, f/2.2, 16mm, 118˚ (ultrawide), 1/4.0"", 1.12µm5 MP, f/1.9, (macro)",,"1, 3, 5, 7, 8, 34, 38, 39, 40, 41",,"4K@30/60fps, 1080p; gyro-EIS","30W wired, QC3, 45% in 30 min",1080p@30fps,UFS 3.1,,"Wi-Fi 802.11 а/b/g/n/ac/6, dual-band, Wi-Fi Direct",,HSDPA 850 / 900 / 1900 / 2100,Octa-core (1x2.84 GHz Cortex-A77 & 3x2.42 GHz Cortex-A77 & 4x1.80 GHz Cortex-A55),"Android 10, Flyme 8.1",USB Type-C 2.0,,GSM 850 / 900 / 1800 / 1900,,"2020, May 08",,"128GB 8GB RAM, 256GB 8GB RAM",Qualcomm SM8250 Snapdragon 865 5G (7 nm+),Adreno 650,"Available. Released 2020, May 11",No,About 530 EUR,,,"41, 78, 79 SA/NSA",HDR,,Yes,,,,Meizu 17,Nano-SIM + Nano-SIM,Meizu,,"Super AMOLED, 120Hz, HDR10+, 700 nits (typ)",,GSM / CDMA / HSPA / LTE / 5G,"6.6 inches, 106.9 cm2(~86.6% screen-to-body ratio)",https://fdn2.gsmarena.com/vv/bigpic/meizu-m17.jpg,199 g (7.02 oz),,"Green, Gray, Aurora White",,"1080 x 2340 pixels, 19.5:9 ratio (~390 ppi density)",,"HSPA, LTE, 5G","Fingerprint (under display, optical), accelerometer, gyro, proximity, compass",,No,"5.1, A2DP, LE","5-LED dual-tone flash, Auto-HDR, panorama",160 x 77.2 x 8.5 mm (6.30 x 3.04 x 0.33 in),No,"Yes, with stereo speakers",Li-Po 4500 mAh,"20 MP, f/2.2, (wide), 0.8µm",
CDMA 800 & TD-SCDMA,"GPS, GLONASS, BDS",,,"1, 3, 4, 5, 7, 8, 20, 34, 38, 39, 40, 41",,4K@30/60fps,18W wired,1080p@30fps,UFS 3.0,,"Wi-Fi 802.11 а/b/g/n/ac, dual-band, Wi-Fi Direct",,HSDPA 850 / 900 / 1700(AWS) / 1900 / 2100,Octa-core (1x2.84 GHz Kryo 485 & 3x2.42 GHz Kryo 485 & 4x1.78 GHz Kryo 485),"Android 9.0 (Pie), Flyme 8",USB Type-C 2.0,,GSM 850 / 900 / 1800 / 1900,,"2019, October",,"128GB 6GB RAM, 128GB 8GB RAM, 256GB 8GB RAM",Qualcomm SM8150 Snapdragon 855 (7 nm),Adreno 640,"Available. Released 2019, October",Yes,About 250 EUR,"12 MP, f/1.9, 24mm (wide), 1/2.55"", 1.4µm, PDAF8 MP, f/2.2, 15mm (ultrawide), 1/4.0"", 1.12µm, PDAF5 MP, f/1.9, 23mm (wide), 1/5.0"", 1.12µm, PDAF",,,HDR,,No,,,,Meizu 16T,Nano-SIM + Nano-SIM,Meizu,,"Super AMOLED, 430 nits (typ)",,GSM / CDMA / HSPA / LTE,"6.5 inches, 106.3 cm2(~85.2% screen-to-body ratio)",https://fdn2.gsmarena.com/vv/bigpic/meizu-16t.jpg,183 g (6.46 oz),,"Orange, Blue, Green",,"1080 x 2232 pixels, 18.5:9 ratio (~382 ppi density)",,"HSPA 42.2/5.76 Mbps, LTE (6CA) Cat20 2000/150 Mbps","Fingerprint (under display, optical), accelerometer, gyro, proximity, compass",,No,"5.0, A2DP, LE","LED flash, HDR, panorama",159.6 x 78.2 x 8.3 mm (6.28 x 3.08 x 0.33 in),No,"Yes, with stereo speakers","Li-Po 4500 mAh, non-removable","16 MP, f/2.2, 26mm (wide), 1/3.06"", 1.0µm",
CDMA 800,"GPS, GLONASS, BDS",,,"1, 2, 3, 5, 7, 8, 20, 40 - Global",,1080p@30fps,,1080p@30fps,HSDPA 850 / 900 / 1700(AWS) / 1900 / 2100 - LATAM,,Wi-Fi 802.11 b/g/n,,HSDPA 850 / 900 / 1900 / 2100 - Global,Octa-core (4x2.5 GHz Cortex-A53 & 4x1.6 GHz Cortex-A53),"Android 9.0 (Pie), Flyme 8",microUSB 2.0,,GSM 850 / 900 / 1800 / 1900,,"2019, September",,"32GB 2GB RAM, 32GB 3GB RAM",Mediatek MT6757T Helio P25 (16 nm),Mali-T880MP2,"Available. Released 2019, October",Yes,About 180 EUR,"13 MP, f/2.0, (wide), PDAF2 MP, f/2.22 MP, f/2.2",,,HDR,,No,,,"1, 2, 3, 4, 5, 7, 8, 28, 40 - LATAM",Meizu M10,Nano-SIM + Nano-SIM,Meizu,,"IPS LCD, 450 nits (typ)",,GSM / CDMA / HSPA / LTE,"6.5 inches, 102.0 cm2(~81.1% screen-to-body ratio)",https://fdn2.gsmarena.com/vv/bigpic/meizu-m10.jpg,184 g (6.49 oz),,"Phantom Black, Purplish Red, Sea Blue",,"720 x 1600 pixels, 20:9 ratio (~270 ppi density)",,"HSPA, LTE","Fingerprint (rear-mounted), accelerometer, proximity, compass",,No,"4.2, A2DP, LE","LED flash, HDR, panorama",164.9 x 76.3 x 8.5 mm (6.49 x 3.00 x 0.33 in),No,Yes,"Li-Po 4000 mAh, non-removable","8 MP, f/2.0",
CDMA 800 & TD-SCDMA,"GPS (L1+L5), GLONASS, BDS, GALILEO",,,"1, 3, 5, 8, 34, 38, 39, 40, 41",,"4K@30/60fps, 1080p@30fps (gyro-EIS)",24W wired,1080p@30fps,UFS 3.0,,"Wi-Fi 802.11 а/b/g/n/ac, dual-band, Wi-Fi Direct",,HSDPA 850 / 900 / 1900 / 2100,Octa-core (1x2.96 GHz Kryo 485 & 3x2.42 GHz Kryo 485 & 4x1.78 GHz Kryo 485),"Android 9.0 (Pie), Flyme 8",USB Type-C 2.0,,GSM 850 / 900 / 1800 / 1900,,"2019, August",,"128GB 6GB RAM, 128GB 8GB RAM, 256GB 8GB RAM",Qualcomm SM8150 Snapdragon 855+ (7 nm),Adreno 640 (700 MHz),"Available. Released 2019, August",No,About 340 EUR,"48 MP, f/1.7, (wide), 1/2.0"", 0.8µm, PDAF, OIS20MP, f/2.6, (telephoto), 1/2.8"", 1.0µm, PDAF16 MP, f/2.2, 16mm (ultrawide), 1/3.6"", 1.0µm",,,HDR,,Yes,,,,Meizu 16s Pro,Nano-SIM + Nano-SIM,Meizu,,Super AMOLED,,GSM / CDMA / HSPA / LTE,"6.2 inches, 95.8 cm2(~85.9% screen-to-body ratio)",https://fdn2.gsmarena.com/vv/bigpic/meizu-16s-pro.jpg,166 g (5.86 oz),,"Twilight Forest, Dream Unicorn, Black Mirror, White story",,"1080 x 2232 pixels, 18.5:9 ratio (~403 ppi density)",,"HSPA 42.2/5.76 Mbps, LTE (5CA) Cat18 1200/150 Mbps","Fingerprint (under display, optical), accelerometer, gyro, proximity, compass",,No,"5.0, A2DP, LE","Six-LED dual-tone flash, Auto-HDR, panorama",151.9 x 73.4 x 7.7 mm (5.98 x 2.89 x 0.30 in),No,Yes,"Li-Po 3600 mAh, non-removable","20MP, f/2.2",
CDMA 800 & TD-SCDMA,"GPS, GLONASS, BDS",,,"1, 3, 5, 8, 34, 38, 39, 40, 41",,"4K@30fps, 1080p@30fps (gyro-EIS)",24W wired,1080p@30fps,,,"Wi-Fi 802.11 а/b/g/n/ac, dual-band, Wi-Fi Direct",,HSDPA 850 / 900 / 2100,Octa-core (2x2.0 GHz Kryo 460 Gold & 6x1.7 GHz Kryo 460 Silver),"Android 9.0 (Pie), Flyme",USB Type-C 2.0,,GSM 850 / 900 / 1800 / 1900,,"2019, May",,"64GB 6GB RAM, 128GB 6GB RAM",Qualcomm SDM675 Snapdragon 675 (11 nm),Adreno 612,"Available. Released 2019, June",Yes,About 220 EUR,"48 MP, f/1.7, 13mm (ultrawide), 1/2.0"", 0.8µm, PDAF8 MP, f/2.25 MP, f/1.9, (depth)",,,HDR,,No,,,,Meizu 16Xs,Nano-SIM + Nano-SIM,Meizu,,Super AMOLED,,GSM / CDMA / HSPA / LTE,"6.2 inches, 95.8 cm2(~84.7% screen-to-body ratio)",https://fdn2.gsmarena.com/vv/bigpic/meizu-16xs.jpg,165 g (5.82 oz),,"Carbon Black, Pearl White, Phantom Blue",,"1080 x 2232 pixels, 18.5:9 ratio (~403 ppi density)",,"HSPA, LTE","Fingerprint (under display, optical), accelerometer, gyro, proximity, compass",,No,"5.0, A2DP, LE","LED flash, HDR, panorama",152 x 74.4 x 8.3 mm (5.98 x 2.93 x 0.33 in),No,Yes,"Li-Po 4000 mAh, non-removable","16 MP, f/2.2, 26mm (wide), 1/3.06"", 1.0µm",
CDMA 800 & TD-SCDMA,"GPS, BDS",,,"1, 2, 3, 4, 5, 7, 8, 20, 40",,"4K@30fps, 1080p@30fps (gyro-EIS)",24W wired,1080p@30fps,UFS 2.1,"48 MP, f/1.7, (wide), 1/2.0"", 0.8µm, PDAF, OIS20MP, f/2.6, (telephoto), PDAF","Wi-Fi 802.11 а/b/g/n/ac, dual-band, Wi-Fi Direct",,HSDPA 850 / 900 / 1700(AWS) / 1900 / 2100,Octa-core (1x2.84 GHz Kryo 485 & 3x2.42 GHz Kryo 485 & 4x1.78 GHz Kryo 485),"Android 9.0 (Pie), Flyme 7.3",USB Type-C 2.0,,GSM 850 / 900 / 1800 / 1900,,"2019, April",,"128GB 6GB RAM, 128GB 8GB RAM, 256GB 8GB RAM",Qualcomm SM8150 Snapdragon 855 (7 nm),Adreno 640,"Available. Released 2019, April",No,About 420 EUR,,,,HDR,,Yes,,,,Meizu 16s,Nano-SIM + Nano-SIM,Meizu,,AMOLED,,GSM / CDMA / HSPA / LTE,"6.2 inches, 97.2 cm2(~87.2% screen-to-body ratio)",https://fdn2.gsmarena.com/vv/bigpic/meizu-16s.jpg,165 g (5.82 oz),,"Carbon Black, Pearl White, Phantom Blue",,"1080 x 2232 pixels, 18.5:9 ratio (~400 ppi density)",,"HSPA 42.2/5.76 Mbps, LTE (5CA) Cat18 1200/150 Mbps","Fingerprint (under display, optical), accelerometer, gyro, proximity, compass",,No,"5.0, A2DP, LE","Six-LED dual-tone flash, Auto-HDR, panorama",151.9 x 73.4 x 7.6 mm (5.98 x 2.89 x 0.30 in),No,Yes,"Li-Po 3600 mAh, non-removable","20MP, f/2.2",
CDMA 800 & TD-SCDMA,"GPS, GLONASS, BDS",,,"1, 3, 5, 8, 34, 38, 39, 40, 41",,1080p@30fps,18W wired,1080p@30fps,,"48 MP, f/1.7, (wide), 1/2.0"", 0.8µm, PDAF5 MP, f/2.4, (depth)","Wi-Fi 802.11 a/b/g/n/ac, dual-band, Wi-Fi Direct",,HSDPA 850 / 900 / 2100,Octa-core (2x2.0 GHz Kryo 460 Gold & 6x1.7 GHz Kryo 460 Silver),"Android 9.0 (Pie), Flyme 7.2",USB Type-C 2.0,,GSM 850 / 900 / 1800 / 1900,,"2019, March",,"64GB 4GB RAM, 64GB 6GB RAM, 128GB 6GB RAM",Qualcomm SDM675 Snapdragon 675 (11 nm),Adreno 612,"Available. Released 2019, March",Yes,About 200 EUR,,,,,,No,,,,Meizu Note 9,Nano-SIM + Nano-SIM,Meizu,,IPS LCD,,GSM / CDMA / HSPA / LTE,"6.2 inches, 96.4 cm2(~84.7% screen-to-body ratio)",https://fdn2.gsmarena.com/vv/bigpic/meizu-note-9.jpg,170 g (6.00 oz),,"Black, White, Starlight Blue",,"1080 x 2244 pixels, 18.7:9 ratio (~403 ppi density)",,"HSPA, LTE","Fingerprint (rear-mounted), accelerometer, gyro, proximity, compass",,No,"5.0, A2DP, LE","Dual-LED dual-tone flash, panorama",153.1 x 74.4 x 8.7 mm (6.03 x 2.93 x 0.34 in),No,Yes,"Li-Ion 4000 mAh, non-removable","20 MP, f/2.0, (wide), 1/2.8"", 1.0µm",
CDMA 800 & TD-SCDMA,"GPS, GLONASS",,,"1, 3, 5, 8, 34, 38, 39, 40, 41",,"4K@30fps, 1080p@30fps",18W wireless,1080p@30fps,IP68,"12 MP, f/1.8, 27mm (wide), 1/2.3"", 1.55µm, PDAF20 MP, PDAF","Wi-Fi 802.11 a/b/g/n/ac, dual-band, Wi-Fi Direct",,HSDPA 850 / 900 / 2100,Octa-core (4x2.8 GHz Kryo 385 Gold & 4x1.8 GHz Kryo 385 Silver),Android 9.0 (Pie),No,,GSM 850 / 900 / 1800 / 1900,,"2019, January",,"64GB 4GB RAM, 64GB 6GB RAM, 128GB 4GB RAM, 128GB 6GB RAM",Qualcomm SDM845 Snapdragon 845 (10 nm),Adreno 630,Cancelled,No,,,,,,"Glass front, ceramic back, ceramic frame",Yes,,,,Meizu Zero,eSIM,Meizu,,AMOLED,,GSM / CDMA / HSPA / LTE,"5.99 inches, 88.1 cm2",https://fdn2.gsmarena.com/vv/bigpic/meizu-zero-.jpg,-,,"Black, White",,"1080 x 2340 pixels, 19.5:9 ratio (~430 ppi density)",,"HSPA 42.2/5.76 Mbps, LTE (4CA) Cat16 1024/150 Mbps","Fingerprint (under display, optical), accelerometer, gyro, proximity, compass",,No,"5.0, A2DP, LE","Dual-LED dual-tone flash, panorama",-,No,Yes,"Li-Ion, non-removable","20 MP, f/2.0, (wide), 1/2.8"", 1.0µm",
,"GPS, GLONASS",,"13 MP, f/2.0, (wide), 1/3.1"", 1.12µm","1, 2, 3, 5, 7, 8, 40",,1080p@30fps,,,,,Wi-Fi 802.11 b/g/n,,HSDPA 850 / 900 / 1900 / 2100,Quad-core 1.3 GHz Cortex-A53,"Android 8.0 (Oreo), Flyme UI",microUSB 2.0,,GSM 850 / 900 / 1800 / 1900,,"2018, December",,32GB 3GB RAM,Unisoc SC9832E,Mali-820MP1,"Available. Released 2018, December",Yes,About 110 EUR,,,,,,No,,,,Meizu C9 Pro,Nano-SIM + Nano-SIM,Meizu,,IGZO IPS LCD,,GSM / HSPA / LTE,"5.45 inches, 76.7 cm2(~73.6% screen-to-body ratio)",https://fdn2.gsmarena.com/vv/bigpic/meizu-c9-pro.jpg,150 g (5.29 oz),,"Black, Gold",,"720 x 1440 pixels, 18:9 ratio (~295 ppi density)",,"HSPA, LTE","Accelerometer, proximity, compass",,No,"4.1, A2DP, LE","LED flash, panorama",146.2 x 71.2 x 9.7 mm (5.76 x 2.80 x 0.38 in),microSDXC,Yes,"Li-Ion 3000 mAh, removable","13 MP, f/2.2, 1/3.1"", 1.12µm, AF",
,"GPS, GLONASS",,"8 MP, f/2.2, 1/4.0"", 1.12µm","1, 2, 3, 5, 8, 40",,1080p@30fps,,,,,Wi-Fi 802.11 b/g/n,,HSDPA 850 / 900 / 1900 / 2100,Quad-core 1.3 GHz Cortex-A53,"Android 8.0 (Oreo), Flyme UI",microUSB 2.0,,GSM 850 / 900 / 1800 / 1900,,"2018, December",,16GB 2GB RAM,Unisoc SC9832E,Mali-820MP1,"Available. Released 2018, December",Yes,About 90 EUR,,,,,,No,,,,Meizu C9,Nano-SIM + Nano-SIM,Meizu,,IGZO IPS LCD,,GSM / HSPA / LTE,"5.45 inches, 76.7 cm2(~73.6% screen-to-body ratio)",https://fdn2.gsmarena.com/vv/bigpic/meizu-c9.jpg,150 g (5.29 oz),,"Black, Blue",,"720 x 1440 pixels, 18:9 ratio (~295 ppi density)",,"HSPA, LTE","Accelerometer, proximity, compass",C9,No,"4.1, A2DP, LE","LED flash, panorama",146.2 x 71.2 x 9.7 mm (5.76 x 2.80 x 0.38 in),microSDXC (dedicated slot),Yes,"Li-Ion 3000 mAh, removable","13 MP, f/2.2, 1/3.1"", 1.12µm, AF",
CDMA 800 & TD-SCDMA - China,"GPS, GLONASS, BDS",,,"1, 3, 5, 38, 39, 40, 41 - China",,1080p@30fps,24W wired,,eMMC 5.1,"12 MP, f/1.9, 1/2.55"", 1.4µm, dual pixel PDAF5 MP, f/2.4, (depth)","Wi-Fi 802.11 а/b/g/n, dual-band, Wi-Fi Direct",,HSDPA 850 / 900 / 2100 - China,Octa-core (4x1.8 GHz Kryo 250 Gold & 4x1.8 GHz Kryo 250 Silver),"Android 8.0 (Oreo), Flyme 7.3",microUSB 2.0,,GSM 850 / 900 / 1800 / 1900,,"2018, October",,64GB 4GB RAM,Qualcomm SDM632 Snapdragon 632 (14 nm),Adreno 506,"Available. Released 2018, November",Yes,About 200 EUR,,,,,,No,,,,Meizu Note 8,Nano-SIM + Nano-SIM,Meizu,,IPS LCD,,GSM / CDMA / HSPA / LTE,"6.0 inches, 92.9 cm2(~80.1% screen-to-body ratio)",https://fdn2.gsmarena.com/vv/bigpic/meizu-note-8-.jpg,168 g (5.93 oz),,"Black, Blue, Red, Pink",,"1080 x 2160 pixels, 18:9 ratio (~402 ppi density)",,"HSPA 42.2/5.76 Mbps, LTE Cat4 150/50 Mbps","Fingerprint (rear-mounted), accelerometer, gyro, proximity, compass",,No,"4.2, A2DP, LE","Dual-LED dual-tone flash, panorama",153.6 x 75.5 x 7.9 mm (6.05 x 2.97 x 0.31 in),No,Yes,"Li-Ion 3600 mAh, non-removable","8 MP, f/2.0",
CDMA 800 & TD-SCDMA - China,"GPS, GLONASS",,,"1, 3, 5, 8, 34, 38, 39, 40, 41 - China",,1080p@30fps,,,,"12 MP, f/1.9, 1/2.55"", 1.4µm, dual pixel PDAF5 MP","Wi-Fi 802.11 b/g/n/ac, dual-band, Wi-Fi Direct",,HSDPA 850 / 900 / 2100 - China,Octa-core (2x2.2 GHz 360 Gold & 6x1.7 GHz Kryo 360 Silver),"Android 8.0 (Oreo), Flyme UI",USB Type-C 2.0,,GSM 850 / 900 / 1800 / 1900,,"2018, September",,"64GB 4GB RAM, 64GB 6GB RAM, 128GB 6GB RAM",Qualcomm SDM710 Snapdragon 710 (10 nm),Adreno 616,"Available. Released 2018, October",Yes,About 200 EUR,,,,,,No,,,,Meizu X8,Nano-SIM + Nano-SIM,Meizu,,IPS LCD,,GSM / CDMA / HSPA / LTE,"6.2 inches, 97.6 cm2(~86.5% screen-to-body ratio)",https://fdn2.gsmarena.com/vv/bigpic/meizu-x8.jpg,160 g (5.64 oz),,"Black, Blue, White",,"1080 x 2220 pixels, 18.5:9 ratio (~398 ppi density)",,"HSPA 42.2/5.76 Mbps, LTE Cat15 800/150 Mbps","Fingerprint (rear-mounted), accelerometer, proximity, compass",X8,No,"5.0, A2DP, LE","Dual-LED dual-tone flash, panorama",151.2 x 74.6 x 7.8 mm (5.95 x 2.94 x 0.31 in),No,Yes,"Li-Ion 3210 mAh, non-removable","20 MP, f/2.0, (wide), 1/2.8"", 1.0µm",
CDMA 800 & TD-SCDMA - China,"GPS, GLONASS",,,"1, 3, 5, 8, 34, 38, 39, 40, 41 - China",,1080p@30fps,,,eMMC 5.1,"12 MP, f/2.2, AF5 MP, f/2.2","Wi-Fi 802.11 a/b/g/n, dual-band, Wi-Fi Direct",,HSDPA 850 / 900 / 2100 - China,Octa-core 2.0 GHz Cortex-A53,"Android 8.0 (Oreo), Flyme UI",microUSB 2.0,,GSM 850 / 900 / 1800 / 1900,,"2018, September",,64GB 4GB RAM,Mediatek MT6762 Helio P22 (12 nm),PowerVR GE8320,"Available. Released 2018, September",Yes,About 150 EUR,,,,,,No,,,,Meizu V8 Pro,Nano-SIM + Nano-SIM,Meizu,,IPS LCD,,GSM / CDMA / HSPA / LTE,"5.7 inches, 83.8 cm2(~78.2% screen-to-body ratio)",https://fdn2.gsmarena.com/vv/bigpic/meizu-v8-pro.jpg,159 g (5.61 oz),,"Black, Gold",,"720 x 1440 pixels, 18:9 ratio (~282 ppi density)",,"HSPA 42.2/11.5 Mbps, LTE (2CA) Cat6 300/50 Mbps","Fingerprint (rear-mounted), accelerometer, proximity, compass",,No,"5.0, A2DP, LE","Dual-LED dual-tone flash, panorama",147.5 x 72.7 x 8.1 mm (5.81 x 2.86 x 0.32 in),microSDXC,Yes,"Li-Ion 3100 mAh, non-removable","5 MP, f/1.9",
CDMA 800 & TD-SCDMA - China,"GPS, GLONASS",,"5 MP, f/1.9","1, 3, 5, 7, 8, 38, 39, 40, 41 - China",,1080p@30fps,,,eMMC 5.1,,"Wi-Fi 802.11 b/g/n, Wi-Fi Direct",,HSDPA 850 / 900 / 2100 - China,Quad-core 1.5 GHz Cortex-A53,"Android 8.0 (Oreo), Flyme UI",microUSB 2.0,,GSM 850 / 900 / 1800 / 1900,,"2018, September",,32GB 3GB RAM,Mediatek MT6739 (28 nm),PowerVR GE8100,"Available. Released 2018, September",Yes,About 100 EUR,,,,,,No,,,,Meizu V8,Nano-SIM + Nano-SIM,Meizu,,IPS LCD,,GSM / CDMA / HSPA / LTE,"5.7 inches, 83.8 cm2(~77.6% screen-to-body ratio)",https://fdn2.gsmarena.com/vv/bigpic/meizu-v8.jpg,145 g (5.11 oz),,"Black, White",,"720 x 1440 pixels, 18:9 ratio (~282 ppi density)",,"HSPA 42.2/5.76 Mbps, LTE Cat4 150/50 Mbps","Fingerprint (rear-mounted), accelerometer, proximity, compass",,No,"4.2, A2DP, LE","Dual-LED dual-tone flash, panorama",148 x 73 x 8.4 mm (5.83 x 2.87 x 0.33 in),microSDXC,Yes,"Li-Ion 3200 mAh, non-removable","13 MP, f/2.2, AF",
CDMA 800 & TD-SCDMA - China,"GPS, GLONASS, BDS",,,"1, 3, 4, 5, 8, 34, 38, 39, 40, 41 - China",,"4K@30fps, 1080p@30fps (gyro-EIS)",,1080p@30fps,,"12 MP, f/1.8, 1/2.3"", 1.55µm, dual pixel PDAF, 4-axis OIS20 MP, f/2.6, 1/2.6"", 1.0µm, AF","Wi-Fi 802.11 а/b/g/n/ac, dual-band, Wi-Fi Direct",,HSDPA 850 / 900 / 1900 / 2100 - China,Octa-core (2x2.2 GHz 360 Gold & 6x1.7 GHz Kryo 360 Silver),"Android 8.0 (Oreo), Flyme UI",USB Type-C 2.0,,GSM 850 / 900 / 1800 / 1900,,"2018, September",,"64GB 6GB RAM, 128GB 6GB RAM",Qualcomm SDM710 Snapdragon 710 (10 nm),Adreno 616,"Available. Released 2018, September",Yes,About 300 EUR,,,,,,No,,,,Meizu 16X,Nano-SIM + Nano-SIM,Meizu,,Super AMOLED,,GSM / CDMA / HSPA / LTE,"6.0 inches, 92.9 cm2(~83.7% screen-to-body ratio)",https://fdn2.gsmarena.com/vv/bigpic/meizu-m16x-.jpg,154 g (5.43 oz),,"Black, White, Gold",,"1080 x 2160 pixels, 18:9 ratio (~402 ppi density)",,"HSPA 42.2/5.76 Mbps, LTE Cat15 800/150 Mbps","Fingerprint (under display, optical), accelerometer, gyro, proximity, compass",,No,"5.0, A2DP, LE","Laser AF, Six-LED dual-tone flash, Auto-HDR, panorama",151 x 73.5 x 7.5 mm (5.94 x 2.89 x 0.30 in),No,"Yes, with stereo speakers","Li-Ion 3100 mAh, non-removable","20 MP, f/2.0, (wide), 1/2.8"", 1.0µm",
CDMA 800 & TD-SCDMA - China,"GPS, GLONASS, BDS, GALILEO, SBAS, QZSS",,,"1, 2, 3, 4, 5, 7, 8, 20, 40 - Global",,"4K@30fps, 1080p@30fps (gyro-EIS)",24W wired,1080p@30fps,HSDPA 850 / 900 / 1900 / 2100 - China,"12 MP, f/1.8, 25mm (wide), 1/2.3"", 1.55µm, dual pixel PDAF, 4-axis OIS20 MP, f/2.6, 1/2.6"", 1.0µm","Wi-Fi 802.11 а/b/g/n/ac, dual-band, Wi-Fi Direct",,HSDPA 850 / 900 / 1700(AWS) / 1900 / 2100 - Global,Octa-core (4x2.8 GHz Kryo 385 Gold & 4x1.7 GHz Kryo 385 Silver),"Android 8.1 (Oreo), Flyme UI",USB Type-C 2.0,,GSM 850 / 900 / 1800 / 1900,,"2018, August",,"64GB 6GB RAM, 128GB 8GB RAM",Qualcomm SDM845 Snapdragon 845 (10 nm),Adreno 630,"Available. Released 2018, August",Yes,About 410 EUR,,,,,,No,UFS 2.1,,"1, 3, 4, 5, 8, 34, 38, 39, 40, 41 - China",Meizu 16,Nano-SIM + Nano-SIM,Meizu,,Super AMOLED,,GSM / CDMA / HSPA / LTE,"6.0 inches, 92.9 cm2(~84.3% screen-to-body ratio)",https://fdn2.gsmarena.com/vv/bigpic/meizu-16.jpg,152 g (5.36 oz),,"Black, White",,"1080 x 2160 pixels, 18:9 ratio (~402 ppi density)",,"HSPA 42.2/5.76 Mbps, LTE (4CA) Cat16 1024/150 Mbps","Fingerprint (under display, optical), accelerometer, gyro, proximity, compass",,No,"5.0, A2DP, LE","Laser AF, Six-LED dual-tone flash, Auto-HDR, panorama",150.5 x 73.2 x 7.3 mm (5.93 x 2.88 x 0.29 in),No,"Yes, with stereo speakers","Li-Ion 3010 mAh, non-removable","20 MP, f/2.0, 27mm (wide), 1/2.8"", 1.0µm",
CDMA 800 & TD-SCDMA - China,"GPS, GLONASS, BDS, GALILEO, SBAS, QZSS",,,"1, 2, 3, 4, 5, 7, 8, 20, 40 - Global",,"4K@30fps, 1080p@30fps (gyro-EIS)",24W wired,1080p@30fps,HSDPA 850 / 900 / 1900 / 2100 - China,"12 MP, f/1.8, 1/2.3"", 1.55µm, dual pixel PDAF, 4-axis OIS20 MP, f/2.6, 1/2.6"", 1.0µm, AF","Wi-Fi 802.11 а/b/g/n/ac, dual-band, Wi-Fi Direct",,HSDPA 850 / 900 / 1700(AWS) / 1900 / 2100 - Global,Octa-core (4x2.8 GHz Kryo 385 Gold & 4x1.7 GHz Kryo 385 Silver),"Android 8.0 (Oreo), Flyme UI",USB Type-C 2.0,,GSM 850 / 900 / 1800 / 1900,,"2018, August",,"128GB 6GB RAM, 128GB 8GB RAM, 256GB 8GB RAM",Qualcomm SDM845 Snapdragon 845 (10 nm),Adreno 630,"Available. Released 2018, August",Yes,About 480 EUR,,,,,,No,,,"1, 3, 4, 5, 8, 34, 38, 39, 40, 41 - China",Meizu 16 Plus,Nano-SIM + Nano-SIM,Meizu,,Super AMOLED,,GSM / CDMA / HSPA / LTE,"6.5 inches, 107.9 cm2(~86.0% screen-to-body ratio)",https://fdn2.gsmarena.com/vv/bigpic/meizu-16-plus.jpg,182 g (6.42 oz),,"Black, White",,"1080 x 2160 pixels, 18:9 ratio (~374 ppi density)",,"HSPA 42.2/5.76 Mbps, LTE (4CA) Cat16 1024/150 Mbps","Fingerprint (under display, optical), accelerometer, gyro, proximity, compass",,No,"5.0, A2DP, LE","Laser AF, Six-LED dual-tone flash, Auto-HDR, panorama",160.4 x 78.2 x 7.3 mm (6.31 x 3.08 x 0.29 in),No,"Yes, with stereo speakers","Li-Ion 3570 mAh, non-removable","20 MP, f/2.0, (wide), 1/2.8"", 1.0µm",
CDMA 800 & TD-SCDMA,"GPS, GLONASS",,,"1, 3, 8, 34, 38, 39, 40, 41",,1080p@30fps,,,eMMC 5.1,"13 MP, f/2.2, PDAF2 MP, f/2.4, (depth)","Wi-Fi 802.11 a/b/g/n, dual-band, Wi-Fi Direct",,HSDPA 850 / 900 / 1900 / 2100,Octa-core (4x1.5 GHz Cortex-A53 & 4x1.0 GHz Cortex-A53),"Android 7.0 (Nougat), Flyme UI",microUSB 2.0,,GSM 850 / 900 / 1800 / 1900,,"2018, May",,"32GB 3GB RAM, 32GB 4GB RAM, 64GB 4GB RAM",Mediatek MT6750 (28 nm),Mali-T860MP2,"Available. Released 2018, June",Yes,About 130 EUR,,,,,"Glass front, plastic back, plastic frame",No,,,,Meizu M6T,Nano-SIM + Nano-SIM,Meizu,,IPS LCD,,GSM / CDMA / HSPA / LTE,"5.7 inches, 83.8 cm2(~75.4% screen-to-body ratio)",https://fdn2.gsmarena.com/vv/bigpic/meizu-m6t.jpg,145 g (5.11 oz),,"Black, Champagne Gold, Coral Red",,"720 x 1440 pixels, 18:9 ratio (~282 ppi density)",,"HSPA 42.2/5.76 Mbps, LTE Cat4 150/50 Mbps","Fingerprint (rear-mounted), accelerometer, proximity, compass",M6T,FM radio,"4.1, A2DP, LE","LED flash, panorama",152.3 x 73 x 8.4 mm (6.00 x 2.87 x 0.33 in),microSDXC (uses shared SIM slot),Yes,"Li-Ion 3300 mAh, non-removable","8 MP, f/2.0",
eMMC 5.1,GPS,,"8 MP, f/2.0","1, 3, 5, 7, 8, 20, 40",,1080p@30fps,,,,,Wi-Fi 802.11 a/b/g/n,,HSDPA 850 / 900 / 1900 / 2100,Quad-core 1.4 GHz Cortex-A53,"Android 7.0 (Nougat), Flyme UI",microUSB 2.0,,GSM 850 / 900 / 1800 / 1900,,"2018, May",,"16GB 2GB RAM, 32GB 2GB RAM",Qualcomm MSM8917 Snapdragon 425 (28 nm),Adreno 308,"Available. Released 2018, June",Yes,About 140 EUR,,,,,,No,,,,Meizu M8c,Nano-SIM + Nano-SIM,Meizu,,IPS LCD,,GSM / HSPA / LTE,"5.45 inches, 76.7 cm2(~74.8% screen-to-body ratio)",https://fdn2.gsmarena.com/vv/bigpic/meizu-m8c.jpg,140 g (4.94 oz),,"Black, Gold, Blue, Red",,"720 x 1440 pixels, 18:9 ratio (~295 ppi density)",,"HSPA 42.2/5.76 Mbps, LTE Cat4 150/50 Mbps","Accelerometer, proximity",,FM radio,"4.1, A2DP, LE",LED flash,146.4 x 70 x 8.5 mm (5.76 x 2.76 x 0.33 in),microSDXC (uses shared SIM slot),Yes,"Li-Ion 3070 mAh, non-removable","13 MP, f/2.2, PDAF",
CDMA 800 & TD-SCDMA,"GPS, GLONASS, BDS, GALILEO, SBAS, QZSS",,,"1, 3, 4, 5, 7, 8, 34, 38, 39, 40, 41",,"4K@30fps, 1080p@30fps (gyro-EIS)",24W wired,1080p@30fps,"1, 3, 4, 5, 8, 34, 38, 39, 40, 41","12 MP, f/1.8, 1/2.3"", 1.55 µm, dual pixel PDAF, 4-axis OIS20 MP, 1/2.8"", 1.0 µm, AF, portraits only","Wi-Fi 802.11 b/g/n/ac, dual-band, Wi-Fi Direct",,HSDPA 850 / 900 / 1900 / 2100,Octa-core (4x2.5 GHz Mongoose M2 & 4x1.7 GHz Cortex-A53),"Android 7.1.2 (Nougat), Flyme 7.3",USB Type-C 2.0,,GSM 850 / 900 / 1800 / 1900,,"2018, April",GeekBench: 6122 (v4.4),"64GB 6GB RAM, 128GB 6GB RAM",Exynos 8895 (10 nm),Mali-G71 MP20,"Available. Released 2018, April",Yes,About 480 EUR,,,,,,No,UFS 2.1,,"1, 3, 5, 8, 34, 38, 39, 40, 41",Meizu 15 Plus,Nano-SIM + Nano-SIM,Meizu,,Super AMOLED,,GSM / CDMA / HSPA / LTE,"5.95 inches, 97.6 cm2(~81.0% screen-to-body ratio)",https://fdn2.gsmarena.com/vv/bigpic/meizu-15-plus-.jpg,177 g (6.24 oz),,"Gray, Yakin, Ink",,"1440 x 2560 pixels, 16:9 ratio (~494 ppi density)",,"HSPA, LTE","Fingerprint (front-mounted), accelerometer, gyro, proximity, compass, barometer",,No,"4.2, A2DP, LE","Laser AF, Six-LED dual-tone flash, HDR, panorama",153.8 x 78.3 x 7.3 mm (6.06 x 3.08 x 0.29 in),No,"Yes, with stereo speakers","Li-Ion 3500 mAh, non-removable","20 MP, f/2.0, (wide), 1/2.8"", 1.0µm",
CDMA 800 & TD-SCDMA,"GPS, GLONASS, BDS",,,"1, 3, 4, 5, 7, 8, 34, 38, 39, 40, 41",,"4K@30fps, 1080p@30fps",24W wired,1080p@30fps,"1, 3, 4, 5, 8, 34, 38, 39, 40, 41","12 MP, f/1.8, 1/2.3"", 1.55 µm, dual pixel PDAF, 4-axis OIS20 MP, 1/2.8"", 1.0 µm, AF, portraits only","Wi-Fi 802.11 b/g/n/ac, dual-band, Wi-Fi Direct",,HSDPA 850 / 900 / 1900 / 2100,Octa-core (4x2.2 GHz Kryo 260 Gold & 4x1.8 GHz Kryo 260 Silver),"Android 7.1.2 (Nougat), Flyme 7.3",USB Type-C 2.0,Noise -93.2dB / Crosstalk -93.9dB,GSM 850 / 900 / 1800 / 1900,Endurance rating 77h,"2018, April",AnTuTu: 128680 (v7)GeekBench: 5770 (v4.4)GFXBench: 9.2fps (ES 3.1 onscreen),"64GB 4GB RAM, 128GB 4GB RAM",Qualcomm SDM660 Snapdragon 660 (14 nm),Adreno 512,"Available. Released 2018, April",Yes,About 400 EUR,,,,,,No,eMMC 5.1,,"1, 3, 5, 8, 34, 38, 39, 40, 41",Meizu 15,Nano-SIM + Nano-SIM,Meizu,"Contrast ratio: Infinite (nominal), 4.082 (sunlight)",Super AMOLED,Photo/Video,GSM / CDMA / HSPA / LTE,"5.46 inches, 82.2 cm2(~79.8% screen-to-body ratio)",https://fdn2.gsmarena.com/vv/bigpic/meizu-15.jpg,152 g (5.36 oz),,"Ink, Yakin, Indigo, White",Voice 77dB / Noise 74dB / Ring 80dB,"1080 x 1920 pixels, 16:9 ratio (~403 ppi density)",,"HSPA 42.2/5.76 Mbps, LTE (2CA) Cat6 300/50 Mbps","Fingerprint (front-mounted), accelerometer, gyro, proximity, compass, barometer",,No,"4.2, A2DP, LE","Laser AF, Six-LED dual-tone flash, HDR, panorama",143 x 72 x 7.3 mm (5.63 x 2.83 x 0.29 in),No,"Yes, with stereo speakers","Li-Ion 3000 mAh, non-removable","20 MP, f/2.0, (wide), 1/2.8"", 1.0µm",
CDMA 800 & TD-SCDMA,"GPS, GLONASS, BDS",,"20 MP, f/2.0, (wide), 1/2.8"", 1.0µm","1, 3, 5, 8, 34, 38, 39, 40, 41",,1080p@30fps,18W wired,1080p@30fps,eMMC 5.1,,"Wi-Fi 802.11 a/b/g/n, Wi-Fi Direct",,HSDPA 850 / 900 / 1900 / 2100,Octa-core 2.2 GHz Cortex-A53,"Android 7.1.2 (Nougat), Flyme 7",USB Type-C 2.0,,GSM 850 / 900 / 1800 / 1900,,"2018, April",GeekBench: 4464 (v4.4),64GB 4GB RAM,Qualcomm MSM8953-Pro Snapdragon 626 (14 nm),Adreno 506,"Available. Released 2018, May",Yes,About 240 EUR,,,,,,No,,,,Meizu 15 Lite,Nano-SIM + Nano-SIM,Meizu,,IPS LCD,,GSM / CDMA / HSPA / LTE,"5.46 inches, 82.2 cm2(~79.0% screen-to-body ratio)",https://fdn2.gsmarena.com/vv/bigpic/meizu-m15.jpg,145 g (5.11 oz),,"Black, Gold, Red",,"1080 x 1920 pixels, 16:9 ratio (~403 ppi density)",,"HSPA, LTE","Fingerprint (front-mounted), accelerometer, gyro, proximity, compass",15 Lite,No,"4.2, A2DP, LE","Six-LED dual-tone flash, HDR, panorama",143.6 x 72.4 x 7.5 mm (5.65 x 2.85 x 0.30 in),microSDXC (uses shared SIM slot),Yes,"Li-Ion 3000 mAh, non-removable","12 MP, f/1.9, 1.4 µm, dual pixel PDAF",
CDMA 800 & TD-SCDMA,"GPS, GLONASS, BDS",,,"1, 3, 5, 7, 8, 34, 38, 39, 40, 41",,1080p@30fps,"24W wired, 53% in 30 min",1080p@30fps,CDMA2000 1xEV-DO,"12 MP, f/1.9, 1/2.55"", 1.4µm, dual pixel PDAF20 MP, f/2.6, 1/2.8"", 1.0µm, PDAF","Wi-Fi 802.11 b/g/n/ac, dual-band, Wi-Fi Direct",,HSDPA 850 / 900 / 1900 / 2100,Octa-core (4x1.8 GHz Kryo 260 Gold & 4x1.6 GHz Kryo 260 Silver),"Android 7.1.2 (Nougat), Flyme 7",USB Type-C 2.0,,GSM 850 / 900 / 1800 / 1900,,"2018, March",,"64GB 6GB RAM, 128GB 6GB RAM",Qualcomm SDM636 Snapdragon 636 (14 nm),Adreno 509,"Available. Released 2018, April",Yes,About 280 EUR,,,,,"Glass front, aluminum back, aluminum frame",No,,,eMMC 5.1,Meizu E3,Nano-SIM + Nano-SIM,Meizu,,IPS LCD,,GSM / CDMA / HSPA / EVDO / LTE,"5.99 inches, 92.6 cm2(~78.7% screen-to-body ratio)",https://fdn2.gsmarena.com/vv/bigpic/meizu-e3.jpg,160 g (5.64 oz),,"Black Stone, Moonlight Silver, Champagne Gold",,"1080 x 2160 pixels, 18:9 ratio (~403 ppi density)",,"HSPA, LTE","Fingerprint (side-mounted), accelerometer, gyro, proximity, compass",,No,"5.0, A2DP, LE","Dual-LED dual tone flash, HDR, panorama",156.8 x 75 x 7.6 mm (6.17 x 2.95 x 0.30 in),microSDXC (uses shared SIM slot),Yes,"Li-Ion 3360 mAh, non-removable","8 MP, f/2.0, 1/3.2"", 1.4µm",
eMMC 5.1,"GPS, GLONASS",,"8 MP, f/2.0","1, 3, 5, 7, 8, 20, 40",,1080p@30fps,18W wired,,,,"Wi-Fi 802.11 a/b/g/n, dual-band, Wi-Fi Direct",,HSDPA 850 / 900 / 1900 / 2100,Hexa-core (4x1.6 GHz Cortex-A53 & 2x2.0 GHz Cortex-A73),"Android 7.0 (Nougat), Flyme 6.2",microUSB 2.0,,GSM 850 / 900 / 1800 / 1900 - SIM 1 & SIM 2,,"2018, January",,"32GB 3GB RAM, 64GB 3GB RAM",Exynos 7872 (14 nm),Mali-G71 MP1,"Available. Released 2018, January",Yes,About 150 EUR,,,,,"Glass front, aluminum back, aluminum frame",No,,,,Meizu M6s,Nano-SIM + Nano-SIM,Meizu,,IPS LCD,,GSM / HSPA / LTE,"5.7 inches, 83.8 cm2(~76.1% screen-to-body ratio)",https://fdn2.gsmarena.com/vv/bigpic/meizu-m6s.jpg,160 g (5.64 oz),,"Black, Silver, Gold, Blue",,"720 x 1440 pixels, 18:9 ratio (~282 ppi density)",,"HSPA 42.2/5.76 Mbps, LTE (2CA) Cat6 300/50 Mbps","Fingerprint (side-mounted), accelerometer, gyro, proximity, compass",M6s,No,"4.2, A2DP, LE",Dual-LED dual-tone flash,152 x 72.5 x 8 mm (5.98 x 2.85 x 0.31 in),microSDXC (uses shared SIM slot),Yes,"Li-Ion 3000 mAh, non-removable","16 MP, f/2.0, PDAF",
eMMC 5.1,"GPS, GLONASS",,"8 MP, f/2.0",LTE,,1080p@30fps,24W wired,,,,"Wi-Fi 802.11 a/b/g/n, dual-band",,HSDPA 900 / 1900 / 2100,Octa-core (4x1.5 GHz Cortex-A53 & 4x1.0 GHz Cortex-A53),"Android 7 (Nougat), Flyme 7.3",microUSB 2.0,,GSM 850 / 900 / 1800 / 1900 - SIM 1 & SIM 2,,"2017, September. Released 2017, September",,"16GB 2GB RAM, 32GB 3GB RAM",Mediatek MT6750 (28 nm),Mali-T860MP2,Discontinued,Yes,About 130 EUR,,,,,,No,,,,Meizu M6,Nano-SIM + Nano-SIM,Meizu,,IPS LCD,,GSM / HSPA / LTE,"5.2 inches, 74.5 cm2(~69.1% screen-to-body ratio)",https://fdn2.gsmarena.com/vv/bigpic/meizu-m6--.jpg,143 g (5.04 oz),,"Moonlight Silver, Champagne Gold, Matte Black, Electric Light Blue",,"720 x 1280 pixels, 16:9 ratio (~282 ppi density)",,"HSPA, LTE","Fingerprint (front-mounted), accelerometer, gyro, proximity, compass","M6, MZ-MEIZU M6",No,"4.0, A2DP, LE",Dual-LED dual-tone flash,148.2 x 72.8 x 8.3 mm (5.83 x 2.87 x 0.33 in),microSDXC (uses shared SIM slot),Yes,"Li-Ion 3070 mAh, non-removable","13 MP, f/2.2, PDAF",
CDMA 800,"GPS, GLONASS",,,"1, 3, 5, 7, 8, 20, 38, 40",,1080p@30fps,24W wired,1080p@30fps,eMMC 5.1,"12 MP, f/1.9, 1/2.55"", 1.4µm, dual pixel PDAF5 MP, f/2.0, AF","Wi-Fi 802.11 a/b/g/n, dual-band",,HSDPA 850 / 900 / 1900 / 2100,Octa-core 2.0 GHz Cortex-A53,"Android 7.1.2 (Nougat), Flyme 7.3",microUSB 2.0,,GSM 850 / 900 / 1800 / 1900 - SIM 1 & SIM 2,,"2017, August. Released 2017, September",,"16GB 4GB RAM, 32GB 3GB RAM, 64GB 4GB RAM",Qualcomm MSM8953 Snapdragon 625 (14 nm),Adreno 506,Discontinued,Yes,About 170 EUR,,,,,"Glass front, aluminum back, aluminum frame",No,,,,Meizu M6 Note,Nano-SIM + Nano-SIM,Meizu,,IPS LCD,,GSM / CDMA / HSPA / LTE,"5.5 inches, 82.6 cm2(~71.0% screen-to-body ratio)",https://fdn2.gsmarena.com/vv/bigpic/meizu-m6-note.jpg,173 g (6.10 oz),,"Black, Blue, Gold",,"1080 x 1920 pixels, 16:9 ratio (~403 ppi density)",,"HSPA, LTE","Fingerprint (front-mounted), accelerometer, gyro, proximity, compass","M6 Note, MZ-M6 Note",No,"4.2, A2DP, LE","quad-LED dual-tone flash, HDR, panorama",154.6 x 75.2 x 8.4 mm (6.09 x 2.96 x 0.33 in),microSDXC,Yes,"Li-Ion 4000 mAh, non-removable","16 MP, f/2.0, 26mm (wide), 1/3.06"", 1.0µm",
CDMA2000 1xEV-DO & TD-SCDMA,"GPS, GLONASS, BDS",,"16 MP, f/2.0, 26mm (wide), 1/3.06"", 1.0µm","1, 3, 7, 38, 39, 40, 41",,4K@30fps,"24W wired, 45% in 30 min",,"Secondary 2"" AMOLED display, 240 x 536 pixels",,"Wi-Fi 802.11 a/b/g/n/ac, dual-band, Wi-Fi Direct",,HSDPA 850 / 900 / 1900 / 2100,"Deca-core (2x2.6 GHz Cortex-A73, 4x1.9 GHz Cortex-A35, 4x2.2 GHz Cortex-A53)","Android 7.0 (Nougat), Flyme 7.3",USB Type-C,Noise -92.1dB / Crosstalk -92.8dB,GSM 850 / 900 / 1800 / 1900 - SIM 1 & SIM 2,Endurance rating 70h,"2017, July. Released 2017, August",GFXBench: 4.8fps (ES 3.1 onscreen),"64GB 6GB RAM, 128GB 6GB RAM",Mediatek MT6799 Helio X30 (10 nm),PowerVR 7XTP,Discontinued,Yes,About 500 EUR,,,,,"Glass front, aluminum back, aluminum frame",No,,,32-bit/192kHz audio,Meizu Pro 7 Plus,Nano-SIM + Nano-SIM,Meizu,"Contrast ratio: Infinite (nominal), 4.147 (sunlight)",Super AMOLED,Photo/Video,GSM / HSPA / EVDO / LTE,"5.7 inches, 88.5 cm2(~72.9% screen-to-body ratio)",https://fdn2.gsmarena.com/vv/bigpic/meizu-pro-7-plus.jpg,170 g (6.00 oz),,"Black, gold, silver",Voice 87dB / Noise 72dB / Ring 90dB,"1440 x 2560 pixels, 16:9 ratio (~518 ppi density)",,"HSPA, LTE","Fingerprint (front-mounted), accelerometer, gyro, proximity, compass",PRO 7 Plus,No,"4.2, A2DP, LE","Dual-LED dual-tone flash, HDR, panorama",157.3 x 77.2 x 7.3 mm (6.19 x 3.04 x 0.29 in),No,Yes,"Li-Ion 3500 mAh, non-removable","12 MP, f/2.0, 1/2.9"", 1.25µm, PDAF",
CDMA2000 1xEV-DO & TD-SCDMA,"GPS, GLONASS, BDS",,"16 MP, f/2.0, 26mm (wide), 1/3.06"", 1.0µm","1, 3, 7, 38, 39, 40, 41",,"4K@30fps, 1080p@30fps",24W wired,1080p@30fps,"Secondary 2"" AMOLED display, 240 x 536 pixels",,"Wi-Fi 802.11 a/b/g/n or a/b/g/n/ac, dual-band, Wi-Fi Direct",,HSDPA 850 / 900 / 1900 / 2100,"Octa-core (4x2.4 GHz Cortex-A53 & 4x1.6 GHz Cortex-A53)Deca-core (2x2.6 GHz Cortex-A73, 4x1.9 GHz Cortex-A35, 4x2.2 GHz Cortex-A53)","Android 7.0 (Nougat), Flyme 7.3",USB Type-C,,GSM 850 / 900 / 1800 / 1900 - SIM 1 & SIM 2,,"2017, July. Released 2017, August",,"64GB 4GB RAM, 128GB 4GB RAM",Mediatek MT6757T Helio P25 (16 nm) - standard editionMediatek MT6799 Helio X30 (10 nm) - high edition,Mali-T880MP2PowerVR 7XTP,Discontinued,Yes,About 400 EUR,,,,,,No,,,32-bit/192kHz audio,Meizu Pro 7,Nano-SIM + Nano-SIM,Meizu,,Super AMOLED,,GSM / HSPA / EVDO / LTE,"5.2 inches, 74.9 cm2(~71.8% screen-to-body ratio)",https://fdn2.gsmarena.com/vv/bigpic/meizu-pro-7.jpg,163 g (5.75 oz),,"Black, gold, red",,"1080 x 1920 pixels, 16:9 ratio (~423 ppi density)",,"HSPA, LTE","Fingerprint (front-mounted), accelerometer, gyro, proximity, compass","PRO 7, MZ-PRO 7",No,"4.2, A2DP, LE","Dual-LED dual-tone flash, HDR, panorama",147.6 x 70.7 x 7.3 mm (5.81 x 2.78 x 0.29 in),No,Yes,"Li-Ion 3000 mAh, non-removable","12 MP, f/2.0, 1/2.9"", 1.25µm, PDAF",
eMMC 5.0,"GPS, GLONASS",,"5 MP, f/2.2","1, 3, 5, 7, 8, 20, 38, 40",,720p@30fps,,,,,"Wi-Fi 802.11 a/b/g/n, dual-band",,HSDPA 850 / 900 / 1900 / 2100,Quad-core 1.3 GHz Cortex-A53,"Android 6.0 (Marshmallow), Flyme 6","microUSB 2.0, OTG",,GSM 850 / 900 / 1800 / 1900 - SIM 1 & SIM 2,,"2017, May. Released 2017, June",GeekBench: 1285 (v4.4),16GB 2GB RAM,Mediatek MT6737 (28 nm),Mali-T720MP1,Discontinued,Yes,About 140 EUR,,,,,,No,,,,Meizu M5c,Nano-SIM + Nano-SIM,Meizu,,IPS LCD,,GSM / HSPA / LTE,"5.0 inches, 68.9 cm2(~67.9% screen-to-body ratio)",https://fdn2.gsmarena.com/vv/bigpic/meizu-m5c-.jpg,135 g (4.76 oz),,"Black, Blue, Red, Gold, Pink",,"720 x 1280 pixels, 16:9 ratio (~294 ppi density)",,"HSPA, LTE","Accelerometer, gyro (digital), proximity, compass","M5c, MZ-M5c",No,"4.1, A2DP, LE","Dual-LED dual-tone flash, panorama",144 x 70.5 x 8.3 mm (5.67 x 2.78 x 0.33 in),microSDXC (uses shared SIM slot),Yes,"Li-Ion 3000 mAh, non-removable","8 MP, f/2.0, AF",
,"GPS, GLONASS",,"8 MP, f/2.0, 1/3.2"", 1.4µm",LTE,,1080p@30fps,24W wired,1080p@30fps,,,"Wi-Fi 802.11 a/b/g/n, dual-band, Wi-Fi Direct",Yes,HSDPA,Octa-core (4x2.3 GHz Cortex-A53 & 4x1.6 GHz Cortex-A53),"Android 7 (Nougat), Flyme 6",microUSB 2.0,,GSM 850 / 900 / 1800 / 1900 - SIM 1 & SIM 2,,"2017, April. Released 2017, April",,"16GB 2GB RAM, 32GB 3GB RAM, 64GB 4GB RAM",Mediatek MT6757 Helio P20 (16 nm),Mali-T880MP2,Discontinued,Yes,About 210 EUR,,,,,,No,,Yes,,Meizu E2,Nano-SIM + Nano-SIM,Meizu,,IPS LCD,,GSM / HSPA / LTE,"5.5 inches, 82.6 cm2(~71.0% screen-to-body ratio)",https://fdn2.gsmarena.com/vv/bigpic/meizu-e2.jpg,155 g (5.47 oz),,"Black, Gold, Silver",,"1080 x 1920 pixels, 16:9 ratio (~403 ppi density)",,"HSPA, LTE","Fingerprint (front-mounted), accelerometer, gyro, proximity, compass",,No,"4.2, A2DP, LE","Quad-LED dual-tone flash, HDR, panorama",153.7 x 75.7 x 7.5 mm (6.05 x 2.98 x 0.30 in),microSDXC (uses shared SIM slot),Yes,"Li-Ion 3400 mAh, non-removable","13 MP, f/2.2, PDAF",
,"GPS, GLONASS",,"5 MP, f/2.0",LTE 1800 / 2100 / 2600 TD-LTE 2300 / 2600,,1080p@30fps,24W wired,,,,"Wi-Fi 802.11 a/b/g/n, dual-band",,HSDPA 900 / 1900 / 2100,Octa-core 1.3 GHz Cortex-A53,"Android 6.0 (Marshmallow), Flyme 5.2",microUSB 2.0,Noise -91.3dB / Crosstalk -86.1dB,GSM 850 / 900 / 1800 / 1900 - SIM 1 & SIM 2,Endurance rating 56h,"2017, February. Released 2017, February",Basemark OS II 2.0: 781Basemark X: 4646,"16GB 3GB RAM, 32GB 3GB RAM",Mediatek MT6753 (28 nm),Mali-T720MP2,Discontinued,Yes,About 130 EUR,,,,,,No,,,,Meizu M5s,Nano-SIM + Nano-SIM,Meizu,"Contrast ratio: 955:1 (nominal), 2.580 (sunlight)",IPS LCD,Photo/Video,GSM / HSPA / LTE,"5.2 inches, 74.5 cm2(~69.4% screen-to-body ratio)",https://fdn2.gsmarena.com/vv/bigpic/meizu-m5s.jpg,143 g (5.04 oz),,"Champanage Gold, Rose Gold, Stay Gray, Moonlight Silver",Voice 65dB / Noise 69dB / Ring 84dB,"720 x 1280 pixels, 16:9 ratio (~282 ppi density)",,"HSPA, LTE","Fingerprint (front-mounted), accelerometer, gyro (digital), proximity, compass","M5s, MZ-M5s",No,"4.0, A2DP, LE",Dual-LED dual-tone flash,148.2 x 72.5 x 8.4 mm (5.83 x 2.85 x 0.33 in),microSDXC (uses shared SIM slot),Yes,"Li-Ion 3000 mAh, non-removable","13 MP, f/2.2, PDAF",
eMMC 5.1,"GPS, GLONASS",,"5 MP, f/2.0",LTE,,1080p@30fps,24W wired,,,,"Wi-Fi 802.11 a/b/g/n, dual-band",,HSDPA 900 / 1900 / 2100,Octa-core (4x1.8 GHz Cortex-A53 & 4x1.0 GHz Cortex-A53),"Android 6.0 (Marshmallow), Flyme 7.3",microUSB 2.0,Noise -93.8dB / Crosstalk -94.1dB,GSM 850 / 900 / 1800 / 1900 - SIM 1 & SIM 2,Endurance rating 98h,"2016, December. Released 2016, December",GFXBench: 1.9fps (ES 3.1 onscreen),"16GB 4GB RAM, 32GB 3GB RAM, 64GB 4GB RAM",Mediatek MT6755 Helio P10 (28 nm),Mali-T860MP2,Discontinued,Yes,About 190 EUR,,,,,,No,,,,Meizu M5 Note,Nano-SIM + Nano-SIM,Meizu,"Contrast ratio: 754:1 (nominal), 2.189 (sunlight)",IPS LCD,Photo/Video,GSM / HSPA / LTE,"5.5 inches, 82.6 cm2(~70.9% screen-to-body ratio)",https://fdn2.gsmarena.com/vv/bigpic/meizu-m5-note.jpg,175 g (6.17 oz),,"Gray, Silver, Gold, Blue",Voice 65dB / Noise 70dB / Ring 86dB,"1080 x 1920 pixels, 16:9 ratio (~403 ppi density)",,"HSPA, LTE","Fingerprint (front-mounted), accelerometer, gyro, proximity, compass","M5 Note, MZ-M5 Note",No,"4.0, A2DP, LE",Dual-LED dual-tone flash,153.6 x 75.8 x 8.2 mm (6.05 x 2.98 x 0.32 in),microSDXC (uses shared SIM slot),Yes,"Li-Ion 4000 mAh, non-removable","13 MP, f/2.2, PDAF",
,"GPS, GLONASS",,"5 MP, f/2.0, 1/4.0"", 1.4µm",LTE,,1080p@30fps,24W wired,1080p@30fps,,,"Wi-Fi 802.11 a/b/g/n, dual-band",Yes,HSDPA,Octa-core (4x2.3 GHz Cortex-A53 & 4x1.6 GHz Cortex-A53),"Android 6 (Marshmallow), Flyme 6",USB Type-C,,GSM 850 / 900 / 1800 / 1900 - SIM 1 & SIM 2,,"2016, November. Released 2016, December",,"32GB 3GB RAM, 64GB 4GB RAM",Mediatek MT6757 Helio P20 (16 nm),Mali-T880MP2,Discontinued,Yes,,,,,,,No,,Yes,,Meizu M3x,Nano-SIM + Nano-SIM,Meizu,,IPS LCD,,GSM / HSPA / LTE,"5.5 inches, 83.4 cm2(~71.3% screen-to-body ratio)",https://fdn2.gsmarena.com/vv/bigpic/meizu-m3x.jpg,165 g (5.82 oz),,"Blue, Gold, Black, Silver",-25.0 LUFS (Very good),"1080 x 1920 pixels, 16:9 ratio (~401 ppi density)",,"HSPA, LTE","Fingerprint (front-mounted), accelerometer, gyro, proximity, compass",,No,"4.1, A2DP, LE","Dual-LED dual-tone flash, HDR, panorama",153.8 x 76 x 7.4 mm (6.06 x 2.99 x 0.29 in),microSDXC (uses shared SIM slot),Yes,"Li-Ion 3200 mAh, non-removable","12 MP, f/2.0, 1/2.9"", 1.25µm, PDAF",
CDMA2000 1xEV-DO & TD-SCDMA,"GPS, GLONASS",,"5 MP, f/2.0, 1/4.0"", 1.4µm","1, 3, 7, 38, 39, 40, 41",,"4K@30fps, 1080p@30fps",24W wired,1080p@30fps,3D Touch display,,"Wi-Fi 802.11 a/b/g/n/ac, dual-band, Wi-Fi Direct",,HSDPA 850 / 900 / 1900 / 2100,Octa-core (4x2.0 GHz Mongoose & 4x1.5 GHz Cortex-A53) - 64 GB versionOcta-core (4x2.3 GHz Mongoose & 4x1.6 GHz Cortex-A53) - 128 GB version,"Android 6 (Marshmallow), Flyme 7.3",USB Type-C 3.1,Noise -93.5dB / Crosstalk -92.6dB,GSM 850 / 900 / 1800 / 1900 - SIM 1 & SIM 2,Endurance rating 96h,"2016, November. Released 2016, November",GFXBench: 7fps (ES 3.1 onscreen),"64GB 4GB RAM, 128GB 4GB RAM",Exynos 8890 Octa (14 nm),Mali-T880 MP10 - 64 GB versionMali-T880 MP12 - 128 GB version,Discontinued,Yes,About 550 EUR,,,,,,Yes,32-bit/192kHz audio,,UFS 2.0,Meizu Pro 6 Plus,Nano-SIM + Nano-SIM,Meizu,"Contrast ratio: Infinite (nominal), 3.935 (sunlight)",Super AMOLED,Photo/Video,GSM / HSPA / EVDO / LTE,"5.7 inches, 89.6 cm2(~74.5% screen-to-body ratio)",https://fdn2.gsmarena.com/vv/bigpic/meizu-pro-6-plus.jpg,158 g (5.57 oz),,"Gold, Silver, Gray",Voice 60dB / Noise 69dB / Ring 70dB,"1440 x 2560 pixels, 16:9 ratio (~515 ppi density)",,"HSPA, LTE","Fingerprint (front-mounted), accelerometer, gyro, proximity, compass, heart rate",PRO 6 Plus,No,"4.1, A2DP, LE","Laser AF, Ten-LED dual-tone flash, HDR, panorama",155.6 x 77.3 x 7.3 mm (6.13 x 3.04 x 0.29 in),No,Yes,"Li-Ion 3400 mAh, non-removable","12 MP, f/2.0, 1/2.9"", 1.25µm, PDAF, 4-axis OIS",
eMMC 5.0,"GPS, GLONASS, BDS",,5 MP,LTE,,1080p@30fps,"24W wired, 60% in 40 min",,,,"Wi-Fi 802.11 a/b/g/n/ac, dual-band, Wi-Fi Direct, hotspot",Yes,HSDPA,Octa-core 2.0 GHz Cortex-A53,"Android 5.1 (Lollipop), Flyme 5","microUSB 2.0, OTG",,GSM 850 / 900 / 1800 / 1900 - SIM 1 & SIM 2,,"2016, April. Released 2016, April",,"16GB 3GB RAM, 32GB 3GB RAM",Mediatek MT6795 Helio X10 (28 nm),PowerVR G6200,Discontinued,Yes,About 190 EUR,,,,,,No,,Yes,,Meizu MX5e,Nano-SIM + Nano-SIM,Meizu,,AMOLED,,GSM / HSPA / LTE,"5.5 inches, 83.4 cm2(~74.5% screen-to-body ratio)",https://fdn2.gsmarena.com/vv/bigpic/meizu-mx5.jpg,149 g (5.26 oz),,"Gray, Gold, Silver, Black/Silver",,"1080 x 1920 pixels, 16:9 ratio (~401 ppi density)",Corning Gorilla Glass 3,"HSPA 42.2/5.76 Mbps, LTE Cat4 150/50 Mbps","Fingerprint (front-mounted), accelerometer, gyro, proximity, compass",,No,"4.1, A2DP, LE","Dual-LED dual-tone flash, HDR, panorama",149.9 x 74.7 x 7.6 mm (5.90 x 2.94 x 0.30 in),No,Yes,"Li-Ion 3150 mAh, non-removable","16 MP, AF",
eMMC 5.1,"GPS, GLONASS",,"5 MP, f/2.0",LTE,,1080p@30fps,,,,,"Wi-Fi 802.11 b/g/n, hotspot",,HSDPA 850 / 900 / 1900 / 2100,Octa-core (4x1.5 GHz Cortex-A53 & 4x1.0 GHz Cortex-A53),Android OS,microUSB 2.0,,GSM 850 / 900 / 1800 / 1900 - SIM 1 & SIM 2,,"2016, August. Released 2016, August",,"16GB 2GB RAM, 32GB 3GB RAM",Mediatek MT6750 (28 nm),Mali-T860MP2,Discontinued,Yes,About 160 EUR,,,,,,No,,,,Meizu U10,Dual SIM,Meizu,,IPS LCD,,GSM / HSPA / LTE,"5.0 inches, 68.9 cm2(~69.8% screen-to-body ratio)",https://fdn2.gsmarena.com/vv/bigpic/meizu-u10.jpg,139 g (4.90 oz),,"Black, White, Shampane Gold",,"720 x 1280 pixels, 16:9 ratio (~294 ppi density)",,"HSPA, LTE","Fingerprint (front-mounted), accelerometer, gyro, proximity, compass",,No,"4.0, A2DP, LE","Dual-LED dual-tone flash, HDR, panorama",141.9 x 69.6 x 7.9 mm (5.59 x 2.74 x 0.31 in),No,Yes,"Li-Ion 2760 mAh, non-removable","13 MP, f/2.2, PDAF",
eMMC 5.1,"GPS, GLONASS",,"5 MP, f/2.0",LTE 1800 / 2100 / 2600,,1080p@30fps,,,,,"Wi-Fi 802.11 a/b/g/n, dual-band",,HSDPA 900 / 2100,Octa-core (4x1.8 GHz Cortex-A53 & 4x1.0 GHz Cortex-A53),"Android 6.0 (Marshmallow), Flyme UI","microUSB 2.0, OTG",,GSM 850 / 900 / 1800 / 1900 - SIM 1 & SIM 2,,"2016, August. Released 2016, August",,"16GB 2GB RAM, 32GB 3GB RAM",Mediatek MT6755 Helio P10 (28 nm),Mali-T860MP2,Discontinued,Yes,About 190 EUR,,,,,,No,,,,Meizu U20,Nano-SIM + Nano-SIM,Meizu,,IPS LCD,,GSM / HSPA / LTE,"5.5 inches, 83.4 cm2(~72.3% screen-to-body ratio)",https://fdn2.gsmarena.com/vv/bigpic/meizu-u20.jpg,158 g (5.57 oz),,"Black, Silver, Rose Gold, Gold",,"1080 x 1920 pixels, 16:9 ratio (~401 ppi density)",Asahi Dragontrail Glass,"HSPA, LTE","Fingerprint (front-mounted), accelerometer, gyro, proximity, compass","MZ-U20, U20",No,"4.0, A2DP, LE","Dual-LED dual-tone flash, HDR, panorama",153 x 75.4 x 7.7 mm (6.02 x 2.97 x 0.30 in),microSDXC (uses shared SIM slot),Yes,"Li-Ion 3260 mAh, non-removable","13 MP, f/2.2, PDAF",
CDMA2000 1xEV-DO & TD-SCDMA,"GPS, GLONASS, BDS",,"5 MP, f/2.0, 1/4.0"", 1.4µm","1, 3, 7, 38, 39, 40, 41",,"4K@30fps, 1080p@30fps",24W wired,1080p@30fps,3D Touch display,,"Wi-Fi 802.11 a/b/g/n/ac, dual-band, Wi-Fi Direct",,HSDPA 850 / 900 / 1900 / 2100,"Deca-core (2x2.5 GHz Cortex-A72, 4x2 GHz Cortex-A53, 4x1.4 GHz Cortex-A53)","Android 6.0 (Marshmallow), Flyme 7.3",USB Type-C 3.1,,GSM 850 / 900 / 1800 / 1900 - SIM 1 & SIM 2,,"2016, November. Released 2016, December",,64GB 4GB RAM,Mediatek MT6797T Helio X25 (20 nm),Mali-T880 MP4,Discontinued,Yes,About 430 EUR,,,,,,Yes,,,32-bit/192kHz audio,Meizu Pro 6s,Nano-SIM + Nano-SIM,Meizu,,Super AMOLED,,GSM / HSPA / EVDO / LTE,"5.2 inches, 74.5 cm2(~71.3% screen-to-body ratio)",https://fdn2.gsmarena.com/vv/bigpic/meizu-pro-6s.jpg,163 g (5.75 oz),,"Black, Gold, Silver, Rose Gold",,"1080 x 1920 pixels, 16:9 ratio (~424 ppi density)",Corning Gorilla Glass 4,"HSPA 42.2/5.76 Mbps, LTE (2CA) Cat6 300/50 Mbps","Fingerprint (front-mounted), accelerometer, gyro, proximity, compass",,No,"4.1, A2DP, LE","Laser AF, Ten-LED dual-tone flash, HDR, panorama",147.7 x 70.8 x 7.3 mm (5.81 x 2.79 x 0.29 in),No,Yes,"Li-Ion 3060 mAh, non-removable","12 MP, f/2.0, 1/2.9"", 1.25µm, PDAF, 4-axis OIS",
eMMC 5.1,"GPS, GLONASS",,"5 MP, f/2.0","1, 3, 5, 7, 8, 20, 38, 40",,1080p@30fps,,1080p@30fps,,,"Wi-Fi 802.11 a/b/g/n, dual-band",,HSDPA 850 / 900 / 1900 / 2100,Octa-core (4x1.5 GHz Cortex-A53 & 4x1.0 GHz Cortex-A53),"Android 6.0 (Marshmallow), Flyme 6.3",microUSB 2.0,Noise -93.3dB / Crosstalk -92.2dB,GSM 850 / 900 / 1800 / 1900 - SIM 1 & SIM 2,Endurance rating 76h,"2016, October. Released 2016, November",GFXBench: 3.7fps (ES 3.1 onscreen),"16GB 2GB RAM, 32GB 3GB RAM",Mediatek MT6750 (28 nm),Mali-T860MP2,Discontinued,Yes,About 120 EUR,,,,,"Glass front, aluminum back, aluminum frame",No,,,,Meizu M5,Nano-SIM + Nano-SIM,Meizu,"Contrast ratio: 1060:1 (nominal), 2.710 (sunlight)",IPS LCD,Photo/Video,GSM / HSPA / LTE,"5.2 inches, 74.5 cm2(~69.5% screen-to-body ratio)",https://fdn2.gsmarena.com/vv/bigpic/meizu-m5.jpg,138 g (4.87 oz),,"Mint Green, Glacier White, Champanage Gold, Sapphire Blue, Matte Black",Voice 63dB / Noise 69dB / Ring 82dB,"720 x 1280 pixels, 16:9 ratio (~282 ppi density)",,"HSPA, LTE","Fingerprint (front-mounted), accelerometer, gyro, proximity, compass","M5, MZ-MEIZU_M5, M611H",No,"4.0, A2DP, LE",Dual-LED dual-tone flash,147.3 x 72.8 x 8.2 mm (5.80 x 2.87 x 0.32 in),microSDXC (uses shared SIM slot),Yes,"Li-Ion 3070 mAh, non-removable","13 MP, f/2.2, PDAF",
eMMC 5.1,"GPS, GLONASS",,"5 MP, f/2.0",LTE,,1080p@30fps,"24W wired, 50% in 30 min",,,,"Wi-Fi 802.11 a/b/g/n, dual-band",Yes,HSDPA,Octa-core (4x1.8 GHz Cortex-A53 & 4x1.0 GHz Cortex-A53),"Android 6.0 (Marshmallow), Flyme 5.2",microUSB 2.0,,GSM 850 / 900 / 1800 / 1900 - SIM 1 & SIM 2,Endurance rating 100h,"2016, September. Released 2016, September",GFXBench: 1.9fps (ES 3.1 onscreen),64GB 3GB RAM,Mediatek MT6755 Helio P10 (28 nm),Mali-T860MP2,Discontinued,Yes,About 270 EUR,,,,,,No,,Yes,,Meizu M3 Max,Nano-SIM + Nano-SIM,Meizu,"Contrast ratio: 976:1 (nominal), 2.447 (sunlight)",IPS LCD,,GSM / HSPA / LTE,"6.0 inches, 99.2 cm2(~74.4% screen-to-body ratio)",https://fdn2.gsmarena.com/vv/bigpic/meizu-m3m.jpg,189 g (6.67 oz),,"Champagne Gold, Silver, Gray, Rose Gold",Voice 62dB / Noise 70dB / Ring 84dB,"1080 x 1920 pixels, 16:9 ratio (~367 ppi density)",,"HSPA, LTE","Fingerprint (front-mounted), accelerometer, gyro, proximity, compass",,No,"4.1, A2DP, LE",Dual-LED dual-tone flash,163.4 x 81.6 x 7.9 mm (6.43 x 3.21 x 0.31 in),microSDXC (uses shared SIM slot),Yes,"Li-Ion 4100 mAh, non-removable","13 MP, f/2.2, 1/3.0"", PDAF",
eMMC 5.1,GPS,,"5 MP, f/2.0",LTE,,1080p@30fps,"24W wired, 50% in 30 min",,,,"Wi-Fi 802.11 a/b/g/n, dual-band, hotspot",Yes,HSDPA,Octa-core (4x1.8 GHz Cortex-A53 & 4x1.0 GHz Cortex-A53),"Android 5.1 (Lollipop), Flyme 5.2",microUSB 2.0,,GSM 850 / 900 / 1800 / 1900 - SIM 1 & SIM 2,,"2016, August. Released 2016, August",,32GB 3GB RAM,Mediatek MT6755 Helio P10 (28 nm),Mali-T860MP2,Discontinued,Yes,About 220 EUR,,,,,,No,,Yes,,Meizu M3e,Nano-SIM + Nano-SIM,Meizu,,IPS LCD,,GSM / HSPA / LTE,"5.5 inches, 82.6 cm2(~70.9% screen-to-body ratio)",https://fdn2.gsmarena.com/vv/bigpic/meizu-m3e.jpg,172 g (6.07 oz),,"Blue, Gold, Gray, Pink, Silver",,"1080 x 1920 pixels, 16:9 ratio (~403 ppi density)",,"HSPA, LTE","Fingerprint (front-mounted), accelerometer, gyro, proximity, compass",,No,"4.1, A2DP, LE",Dual-LED dual-tone flash,153.6 x 75.8 x 7.9 mm (6.05 x 2.98 x 0.31 in),microSDXC,Yes,"Li-Ion 3100 mAh, non-removable","13 MP, f/2.2, 1/3.0"", PDAF",
,"GPS, GLONASS, BDS",,"5 MP, f/2.0",LTE,,"4K@30fps, 1080p@30fps",24W wired,1080p@30fps,,,"Wi-Fi 802.11 a/b/g/n/ac, dual-band, Wi-Fi Direct",Yes,HSDPA,"Deca-core (2x2.3GHz Cortex-A72, 4x1.9GHz Cortex-A53, 4x1.4GHz Cortex-A53)","Android 6.0 (Marshmallow), Flyme 7.3",USB Type-C,Noise -94.2dB / Crosstalk -89.3dB,GSM 850 / 900 / 1800 / 1900 - SIM 1 & SIM 2,Endurance rating 68h,"2016, July. Released 2016, July",Basemark X: 12621,"32GB 3GB RAM, 32GB 4GB RAM",Mediatek MT6797 Helio X20 (20 nm),Mali-T880 MP4,Discontinued,Yes,About 300 EUR,,,,,,No,,Yes,,Meizu MX6,Nano-SIM + Nano-SIM,Meizu,"Contrast ratio: 1344:1 (nominal), 2.751 (sunlight)",TDDI,Photo/Video,GSM / HSPA / LTE,"5.5 inches, 82.6 cm2(~71.5% screen-to-body ratio)",https://fdn2.gsmarena.com/vv/bigpic/meizu-mx6.jpg,155 g (5.47 oz),,"Gray, Silver, Champagne Gold, Rose Gold",Voice 65dB / Noise 71dB / Ring 72dB,"1080 x 1920 pixels, 16:9 ratio (~403 ppi density)",,"HSPA 42.2/5.76 Mbps, LTE (2CA) Cat6 300/50 Mbps","Fingerprint (front-mounted), accelerometer, gyro, proximity, compass","MX6, MZ-MX6",No,"4.1, A2DP, LE","Dual-LED dual-tone flash, HDR, panorama",153.6 x 75.2 x 7.3 mm (6.05 x 2.96 x 0.29 in),No,Yes,"Li-Ion 3060 mAh, non-removable","12 MP, f/2.0, 1/2.9"", 1.25µm, PDAF",
eMMC 5.1,"GPS, GLONASS",,"5 MP, f/2.0",LTE,,1080p@30fps,,,,,"Wi-Fi 802.11 a/b/g/n, dual-band, hotspot",,HSDPA 900 / 1900 / 2100,Octa-core (4x1.5 GHz Cortex-A53 & 4x1.0 GHz Cortex-A53),"Android 5.1 (Lollipop), Flyme 5.1",microUSB 2.0,,GSM 850 / 900 / 1800 / 1900 - SIM 1 & SIM 2,,"2016, June. Released 2016, June",,"16GB 2GB RAM, 32GB 3GB RAM",Mediatek MT6750 (28 nm),Mali-T860MP2,Discontinued,Yes,About 120 EUR,,,,,,No,,,,Meizu M3s,Nano-SIM + Nano-SIM,Meizu,,IPS LCD,,GSM / HSPA / LTE,"5.0 inches, 68.9 cm2(~69.5% screen-to-body ratio)",https://fdn2.gsmarena.com/vv/bigpic/meizu-m3s.jpg,138 g (4.87 oz),,"Silver, Gray, Pink, Gold",,"720 x 1280 pixels, 16:9 ratio (~294 ppi density)",,"HSPA, LTE","Fingerprint (front-mounted), accelerometer, gyro, proximity, compass","M3s, MZ-M3s",No,"4.0, A2DP, LE",Dual-LED dual-tone flash,141.9 x 69.9 x 8.3 mm (5.59 x 2.75 x 0.33 in),microSDXC (uses shared SIM slot),Yes,"Li-Ion 3020 mAh, non-removable","13 MP, f/2.2, PDAF",
eMMC 5.1,"GPS, GLONASS",,"5 MP, f/2.0",LTE,,1080p@30fps,,,,,"Wi-Fi 802.11 a/b/g/n, dual-band, hotspot",,HSDPA 900 / 1900 / 2100,Octa-core (4x1.5 GHz Cortex-A53 & 4x1.0 GHz Cortex-A53),"Android 5.1 (Lollipop), Flyme 5.1",microUSB 2.0,,GSM 850 / 900 / 1800 / 1900 - SIM 1 & SIM 2,,"2016, April. Released 2016, May",,"16GB 2GB RAM, 32GB 3GB RAM",Mediatek MT6750 (28 nm),Mali-T860MP2,Discontinued,Yes,About 130 EUR,,,,,,No,,,,Meizu M3,Nano-SIM + Nano-SIM,Meizu,,IPS LCD,,GSM / HSPA / LTE,"5.0 inches, 68.9 cm2(~70.1% screen-to-body ratio)",https://fdn2.gsmarena.com/vv/bigpic/meizu-m3.jpg,132 g (4.66 oz),,"Gray, White, Blue, Pink, Gold",,"720 x 1280 pixels, 16:9 ratio (~294 ppi density)",,"HSPA, LTE","Accelerometer, gyro, proximity, compass",,No,"4.0, A2DP, LE",Dual-LED dual-tone flash,141.5 x 69.5 x 8.3 mm (5.57 x 2.74 x 0.33 in),microSDXC (uses shared SIM slot),Yes,"Li-Ion 2870 mAh, non-removable","13 MP, f/2.2, PDAF",
CDMA2000 1xEV-DO & TD-SCDMA,"GPS, GLONASS, BDS",,"5 MP, f/2.0, 1/4.0"", 1.4µm","1, 3, 7, 38, 39, 40, 41",,"4K@30fps, 720p@100fps","24W wired, 26% in 10 min, 100% in 60 min",1080p@30fps,3D Touch display,,"Wi-Fi 802.11 a/b/g/n/ac, dual-band, Wi-Fi Direct",,HSDPA 850 / 900 / 1900 / 2100,"Deca-core (2x2.5 GHz Cortex-A72, 4x2 GHz Cortex-A53, 4x1.4 GHz Cortex-A53)","Android 6.0 (Marshmallow), Flyme 8",USB Type-C 3.1,Noise -93.5dB / Crosstalk -92.3dB,GSM 850 / 900 / 1800 / 1900 - SIM 1 & SIM 2,Endurance rating 57h,"2016, April. Released 2016, May",Basemark OS II 2.0: 1919Basemark X: 15209,"32GB 4GB RAM, 64GB 4GB RAM",Mediatek MT6797T Helio X25 (20 nm),Mali-T880 MP4,Discontinued,Yes,About 410 EUR,,,,,,Yes,,,32-bit/192kHz audio,Meizu Pro 6,Nano-SIM + Nano-SIM,Meizu,"Contrast ratio: 40000:1 (nominal), 3.659 (sunlight)",Super AMOLED,Photo/Video,GSM / HSPA / EVDO / LTE,"5.2 inches, 74.9 cm2(~71.6% screen-to-body ratio)",https://fdn2.gsmarena.com/vv/bigpic/meizu-pro-6.jpg,160 g (5.64 oz),,"Gray, Gold, Silver, Flames Red, Rose Gold",Voice 64dB / Noise 71dB / Ring 89dB,"1080 x 1920 pixels, 16:9 ratio (~423 ppi density)",Corning Gorilla Glass 4,"HSPA, LTE (2CA) Cat6 300/50 Mbps","Fingerprint (front-mounted), accelerometer, gyro, proximity, compass, barometer",PRO 6,No,"4.1, A2DP, LE","Laser AF, Ten-LED dual-tone flash, HDR, panorama",147.7 x 70.8 x 7.3 mm (5.81 x 2.79 x 0.29 in),No,Yes,"Li-Ion 2560 mAh, non-removable","21 MP, f/2.2, 31mm (standard), 1/2.4"", PDAF",
TD-SCDMA,"GPS, GLONASS",,"5 MP, f/2.0","1, 3, 7, 38, 39, 40, 41",,1080p@30fps,,1080p@30fps,eMMC 5.1,,"Wi-Fi 802.11 a/b/g/n, dual-band, Wi-Fi Direct, hotspot",,HSDPA 850 / 900 / 1900 / 2100,Octa-core (4x1.8 GHz Cortex-A53 & 4x1.0 GHz Cortex-A53),"Android 5.1 (Lollipop), Flyme UI","microUSB 2.0, OTG",Noise -91.9dB / Crosstalk -91.3dB,GSM 850 / 900 / 1800 / 1900 - SIM 1 & SIM 2,Endurance rating 93h,"2016, April. Released 2016, April",Basemark OS II 2.0: 852Basemark X: 4567,"16GB 2GB RAM, 32GB 3GB RAM",Mediatek MT6755 Helio P10 (28 nm),Mali-T860MP2,Discontinued,Yes,About 180 EUR,,,,,,No,,,,Meizu M3 Note,Nano-SIM + Nano-SIM,Meizu,"Contrast ratio: 816:1 (nominal), 1.923 (sunlight)",IPS LCD,Photo/Video,GSM / HSPA / LTE,"5.5 inches, 82.6 cm2(~71.2% screen-to-body ratio)",https://fdn2.gsmarena.com/vv/bigpic/meizu-m3-note.jpg,163 g (5.75 oz),,"Gray, White, Gold",Voice 66dB / Noise 64dB / Ring 71dB,"1080 x 1920 pixels, 16:9 ratio (~403 ppi density)",Dinorex T2X-1 scratch/shock resistant glass,"HSPA 42.2/5.76 Mbps, LTE (2CA) Cat6 300/50 Mbps","Fingerprint (front-mounted), accelerometer, gyro, proximity, compass","m3 note, MZ-m3 note",No,"4.0, A2DP, LE","Dual-LED dual-tone flash, HDR, panorama",153.6 x 75.5 x 8.2 mm (6.05 x 2.97 x 0.32 in),microSDXC (uses shared SIM slot),Yes,"Li-Ion 4100 mAh, non-removable","13 MP, f/2.2, PDAF",
TD-SCDMA,"GPS, GLONASS, BDS",,"5 MP, f/2.0","1, 3, 38, 39, 40, 41",,1080p@30fps,,1080p@30fps,eMMC 5.0,,"Wi-Fi 802.11 a/b/g/n/ac, dual-band, Wi-Fi Direct, hotspot",,HSDPA 900 / 1900 / 2100,Octa-core 2.0 GHz Cortex-A53,"Android, 5.1.1 (Lollipop), Flyme 5.1","microUSB 2.0, OTG",Noise -93.6dB / Crosstalk -93.9dB,GSM 900 / 1800 / 1900 - SIM 1 & SIM 2,Endurance rating 61h,"2015, October. Released 2015, October",Basemark OS II 2.0: 1039Basemark X: 8526,"16GB 2GB RAM, 32GB 2GB RAM",Mediatek MT6795 Helio X10 (28 nm),PowerVR G6200,Discontinued,Yes,About 170 EUR,,,,,,No,,,,Meizu M1 Metal,Nano-SIM + Nano-SIM,Meizu,"Contrast ratio: 780 (nominal),  2.675 (sunlight)",IPS LCD,Photo/Video,GSM / HSPA / LTE,"5.5 inches, 82.6 cm2(~72.8% screen-to-body ratio)",https://fdn2.gsmarena.com/vv/bigpic/meizu-metal1.jpg,162g (5.71 oz),,"White, Gold, Gray, Blue, Pink",Voice 68dB / Noise 66dB / Ring 73dB,"1080 x 1920 pixels, 16:9 ratio (~403 ppi density)",Dinorex T2X-1 scratch/shock resistant glass,"HSPA 42.2/5.76 Mbps, LTE Cat4 150/50 Mbps","Fingerprint (front-mounted), accelerometer, gyro, proximity, compass",,No,"4.1, A2DP, LE","Dual-LED dual-tone flash, HDR, panorama",150.7 x 75.3 x 8.2 mm (5.93 x 2.96 x 0.32 in),microSDXC (uses shared SIM slot),Yes,"Li-Ion 3140 mAh, non-removable","13 MP, f/2.2, AF",
TD-SCDMA - M576 model,"GPS, GLONASS, BDS",,"5 MP, f/2.0, 27mm (wide)","1, 3, 7, 38, 39, 40, 41 - M576 model",,"4K@30fps, 1080p@30fps","24W wired, 65% in 30 min",1080p@30fps,eMMC 5.1,,"Wi-Fi 802.11 a/b/g/n/ac, dual-band, Wi-Fi Direct, hotspot",,HSDPA 850 / 900 / 1900 / 2100 - M576 model,Octa-core (4x2.1 GHz Cortex-A57 & 4x1.5 GHz Cortex-A53),"Android 5.1 (Lollipop), Flyme 5",USB Type-C,Noise -93.9dB / Crosstalk -95.7dB,GSM 850 / 900 / 1800 / 1900 - SIM 1 & SIM 2,Endurance rating 95h,"2015, September. Released 2015, October",Basemark OS II 2.0: 1837Basemark X: 20038,"32GB 3GB RAM, 64GB 4GB RAM",Exynos 7420 Octa (14 nm),Mali-T760MP8,Discontinued,Yes,About 390 EUR,,Up to 48 h,,,,Yes,,,32-bit/192kHz audio,Meizu PRO 5,Nano-SIM + Nano-SIM,Meizu,"Contrast ratio: Infinite (nominal), 3.781 (sunlight)",AMOLED,Photo/Video,GSM / HSPA / LTE,"5.7 inches, 89.6 cm2(~73.3% screen-to-body ratio)",https://fdn2.gsmarena.com/vv/bigpic/meizu-pro-5.jpg,168 g (5.93 oz),,"Gray, Gold, Silver, Black/Silver",Voice 67dB / Noise 66dB / Ring 68dB,"1080 x 1920 pixels, 16:9 ratio (~386 ppi density)",Corning Gorilla Glass 3,"HSPA, LTE (2CA) Cat6 300/50 Mbps","Fingerprint (front-mounted), accelerometer, gyro, proximity, compass",,No,"4.1, A2DP, LE","Laser AF, Dual-LED dual-tone flash, HDR, panorama",156.7 x 78 x 7.5 mm (6.17 x 3.07 x 0.30 in),microSDXC (uses shared SIM slot),Yes,"Li-Ion 3050 mAh, non-removable","21 MP, f/2.2, 31mm (standard), 1/2.4"", 1.12µm, PDAF",
,"GPS, GLONASS",,"5 MP, f/2.0",LTE,Up to 23 h,1080p@30fps,,,,,"Wi-Fi 802.11 a/b/g/n, dual-band, hotspot",,HSDPA 900 / 1900 / 2100,Quad-core 1.3 GHz Cortex-A53,"Android 5.1 (Lollipop), Flyme 4.5",microUSB 2.0,,GSM 850 / 900 / 1800 / 1900 - SIM 1 & SIM 2,,"2015, July. Released 2015, July",,16GB 2GB RAM,Mediatek MT6735 (28 nm),Mali-T720MP2,Discontinued,Yes,About 130 EUR,,Up to 45 h,,,,No,,,,Meizu M2,Nano-SIM + Nano-SIM,Meizu,,IPS LCD,,GSM / HSPA / LTE,"5.0 inches, 68.9 cm2(~71.4% screen-to-body ratio)",https://fdn2.gsmarena.com/vv/bigpic/meizu-m2.jpg,131 g (4.62 oz),,"Gray, White, Blue, Pink",,"720 x 1280 pixels, 16:9 ratio (~294 ppi density)",Asahi Dragontrail Glass,"HSPA, LTE","Accelerometer, proximity, compass",m2,No,"4.0, A2DP, LE",LED flash,140.1 x 68.9 x 8.7 mm (5.52 x 2.71 x 0.34 in),microSDXC (uses shared SIM slot),Yes,"Li-Ion 2500 mAh, non-removable","13 MP, f/2.2, AF",Up to 680 h
eMMC 5.0,"GPS, GLONASS, BDS",,"5 MP, f/2.2",LTE,,"4K@30fps, 1080p@30fps, 720p@100fps","24W wired, 60% in 40 min",1080p@30fps,,,"Wi-Fi 802.11 a/b/g/n/ac, dual-band, Wi-Fi Direct, hotspot",Yes,HSDPA,Octa-core 2.2 GHz Cortex-A53,"Android 5.0.1 (Lollipop), Flyme 4.5","microUSB 2.0, OTG",Noise -94.0dB / Crosstalk -95.0dB,GSM 850 / 900 / 1800 / 1900 - SIM 1 & SIM 2,Endurance rating 55h,"2015, June. Released 2015, July",Basemark OS II 2.0: 1252Basemark X: 10403,"16GB 3GB RAM, 32GB 3GB RAM, 64GB 3GB RAM",Mediatek MT6795 Helio X10 (28 nm),PowerVR G6200,Discontinued,Yes,About 210 EUR,,,,,,No,,Yes,,Meizu MX5,Nano-SIM + Nano-SIM,Meizu,"Contrast ratio: Infinite (nominal), 3.416 (sunlight)",AMOLED,Photo/Video,GSM / HSPA / LTE,"5.5 inches, 83.4 cm2(~74.5% screen-to-body ratio)",https://fdn2.gsmarena.com/vv/bigpic/meizu-mx5.jpg,149 g (5.26 oz),,"Gray, Gold, Silver, Black/Silver",Voice 75dB / Noise 73dB / Ring 79dB,"1080 x 1920 pixels, 16:9 ratio (~401 ppi density)",Corning Gorilla Glass 3,"HSPA, LTE Cat4 150/50 Mbps","Fingerprint (front-mounted), accelerometer, gyro, proximity, compass",MX5,No,"4.1, A2DP, LE","Laser AF, Dual-LED dual-tone flash, HDR, panorama",149.9 x 74.7 x 7.6 mm (5.90 x 2.94 x 0.30 in),No,Yes,"Li-Ion 3150 mAh, non-removable","20.7 MP, f/2.2, 1/2.3"", 1.2µm",
TD-SCDMA,"GPS, GLONASS",,"5 MP, f/2.0, 1/5.0"", 1.12µm","1, 3, 7, 38, 39, 40, 41",,"1080p, 1080p@30fps",,1080p@30fps,,,"Wi-Fi 802.11 a/b/g/n, dual-band, Wi-Fi Direct, hotspot",,HSDPA 850 / 900 / 1900 / 2100,Octa-core 1.3 GHz Cortex-A53,"Android 5.0 (Lollipop), Flyme 4.5","microUSB 2.0, OTG",,GSM 850 / 900 / 1800 / 1900 - SIM 1 & SIM 2,Endurance rating 69h,"2015, June. Released 2015, June",,"16GB 2GB RAM, 32GB 2GB RAM",Mediatek MT6753 (28 nm),Mali-T720MP3,Discontinued,Yes,About 200 EUR,,,,,,No,,,,Meizu M2 Note,Nano-SIM + Nano-SIM,Meizu,,IGZO IPS LCD,Photo/Video,GSM / HSPA / LTE,"5.5 inches, 82.6 cm2(~72.8% screen-to-body ratio)",https://fdn2.gsmarena.com/vv/bigpic/meizu-m1-note2.jpg,149 g (5.26 oz),,"Gray, White, Blue, Pink",Voice 65dB / Noise 62dB / Ring 75dB,"1080 x 1920 pixels, 16:9 ratio (~403 ppi density)",Asahi Dragontrail Glass or Dinorex T2X-1 scratch/shock resistant glass,"HSPA 42.2/5.76 Mbps, LTE Cat4 150/50 Mbps","Accelerometer, gyro, proximity, compass","m2 note, MZ-m2 note",No,"4.0, A2DP, LE","Dual-LED dual-tone flash, HDR, panorama",150.9 x 75.2 x 8.7 mm (5.94 x 2.96 x 0.34 in),microSDXC (uses shared SIM slot),Yes,"Li-Ion 3100 mAh, non-removable","13 MP, f/2.2, 1/3.0"", AF",
,"GPS, GLONASS",,"5 MP, f/2.0","1, 3, 38, 41",,1080p@30fps,,,,,"Wi-Fi 802.11 a/b/g/n, dual-band, Wi-Fi Direct, hotspot",,HSDPA 900 / 1900 / 2100,Quad-core 1.5 GHz Cortex-A53,Android 4.4.4 (KitKat),"microUSB 2.0, OTG",,GSM 900 / 1800 / 1900,,"2015, January. Released 2015, April",,8GB 1GB RAM,Mediatek MT6732 (28 nm),Mali-T760MP2,Discontinued,Yes,About 100 EUR,,,,,,No,,,,Meizu M1,Micro-SIM,Meizu,,TFT,,GSM / HSPA / LTE,"5.0 inches, 70.7 cm2(~69.9% screen-to-body ratio)",https://fdn2.gsmarena.com/vv/bigpic/meizu-m1-note-mini.jpg,128 g (4.52 oz),,"White, BLue, Yellow, Green, Pink, Mint",,"768 x 1280 pixels, 5:3 ratio (~300 ppi density)",Corning Gorilla Glass 3,"HSPA 42.2/5.76 Mbps, LTE Cat4 150/50 Mbps","Accelerometer, gyro, proximity, compass",,No,"4.0, A2DP, LE","LED flash, HDR, panorama",140.2 x 72.1 x 8.9 mm (5.52 x 2.84 x 0.35 in),microSDXC (dedicated slot),Yes,"Li-Ion 2500 mAh, non-removable","13 MP, f/2.2, AF",
,"GPS, GLONASS",,"5 MP, f/2.0","1, 3, 38, 41",Up to 40 h,1080p@30fps,,,,,"Wi-Fi 802.11 a/b/g/n, dual-band, Wi-Fi Direct, hotspot",,HSDPA 900 / 1900 / 2100,Octa-core 1.7 GHz Cortex-A53,"Android 4.4.4 (KitKat), Flyme 4","microUSB 2.0, OTG",Noise -89.6dB / Crosstalk -86.0dB,GSM 850 / 900 / 1800 / 1900 - SIM 1 & SIM 2,Endurance rating 66h,"2014, December. Released 2015, January",Basemark OS II 2.0: 880Basemark X: 4617,"16GB 2GB RAM, 32GB 2GB RAM",Mediatek MT6752 (28 nm),Mali-T760,Discontinued,Yes,About 130 EUR,,Up to 60 h,,,,No,,,,Meizu M1 Note,"Dual SIM (Micro-SIM, dual stand-by)",Meizu,"Contrast ratio: 867:1 (nominal), 2.3624 (sunlight)",IGZO IPS LCD,Photo/Video,GSM / HSPA / LTE,"5.5 inches, 82.6 cm2(~72.9% screen-to-body ratio)",https://fdn2.gsmarena.com/vv/bigpic/meizu-m1-note-1.jpg,145 g (5.11 oz),,"White, Blue, Yellow, Green, Pink",Voice 67dB / Noise 66dB / Ring 75dB,"1080 x 1920 pixels, 16:9 ratio (~403 ppi density)",Corning Gorilla Glass 3,"HSPA 42.2/5.76 Mbps, LTE Cat4 150/50 Mbps","Accelerometer, gyro, proximity, compass",,No,"4.0, A2DP, LE","Dual-LED dual-tone flash, HDR, panorama",150.7 x 75.2 x 8.9 mm (5.93 x 2.96 x 0.35 in),No,Yes,"Li-Ion 3140 mAh, non-removable","13 MP, f/2.2, 1/3.0"", AF",
TD-SCDMA - China Mobile,"GPS, GLONASS, BDS, QZSS",,"5 MP, f/2.0","1, 3, 7",,"4K@30fps, 1080p@30fps",,1080p@30fps,"38, 39, 40, 41 - China Mobile",,"Wi-Fi 802.11 a/b/g/n/ac, dual-band, Wi-Fi Direct, hotspot",,HSDPA 850 / 900 / 1900 / 2100,Octa-core (4x2.0 GHz Cortex-A15 & 4x1.5 GHz Cortex-A7),"Android 4.4.4 (KitKat), Flyme 4","microUSB 2.0, OTG",Noise -92.4dB / Crosstalk -93.5dB,GSM 850 / 900 / 1800 / 1900,Endurance rating 67h,"2014, October. Released 2014, December",Basemark OS II 2.0: 863Basemark X: 9111,"16GB 3GB RAM, 32GB 3GB RAM, 64GB 3GB RAM",Exynos 5430 Octa (20 nm),Mali-T628MP6,Discontinued,Yes,About 400 EUR,,,,,,Yes,,,eMMC 5.0,Meizu MX4 Pro,Micro-SIM,Meizu,"Contrast ratio: 1127 (nominal), 2.765 (sunlight)",IPS LCD,Photo/Video,GSM / HSPA / LTE,"5.5 inches, 85.2 cm2(~73.7% screen-to-body ratio)",https://fdn2.gsmarena.com/vv/bigpic/meizu-mx4-pro1.jpg,158 g (5.57 oz),,"Gray, Gold, White",Voice 76dB / Noise 73dB / Ring 82dB,"1536 x 2560 pixels, 5:3 ratio (~546 ppi density)",Corning Gorilla Glass 3,"HSPA, LTE Cat4 150/50 Mbps","Fingerprint (front-mounted), accelerometer, gyro, proximity, compass",MX4 Pro,No,"4.0, A2DP, LE","Dual-LED dual-tone flash, HDR, panorama",150.1 x 77 x 9 mm (5.91 x 3.03 x 0.35 in),No,Yes,"Li-Ion 3350 mAh, non-removable","20.7 MP, f/2.2, 1/2.3"", AF",
TD-SCDMA - China Mobile,"GPS, GLONASS, BDS, QZSS",,2 MP,"1, 3, 7",,"4K@30fps, 1080p@30fps",,1080p@30fps,"38, 39, 40, 41 - China Mobile",,"Wi-Fi 802.11 a/b/g/n/ac, dual-band, Wi-Fi Direct",,HSDPA 850 / 900 / 1900 / 2100,Octa-core (4x2.2 GHz Cortex-A17 & 4x1.7 GHz Cortex-A7),"Android 4.4.4 (KitKat), Flyme 4","microUSB 2.0 (MHL TV-out), OTG",Noise -93.6dB / Crosstalk -93.7dB,GSM 850 / 900 / 1800 / 1900,Endurance rating 89h,"2014, September. Released 2014, September",Basemark OS II 2.0: 666Basemark X: 8324,"16GB 2GB RAM, 32GB 2GB RAM, 64GB 2GB RAM",Mediatek MT6595,PowerVR G6200,Discontinued,Yes,About 340 EUR,,,,,,No,,,,Meizu MX4,Micro-SIM,Meizu,"Contrast ratio: 947 (nominal), 2.336 (sunlight)",IPS LCD,Photo/Video,GSM / HSPA / LTE,"5.36 inches, 81.8 cm2(~75.5% screen-to-body ratio)",https://fdn2.gsmarena.com/vv/bigpic/meizu-mx4-new.jpg,147 g (5.19 oz),,"Gray, Gold, White",Voice 81dB / Noise 75dB / Ring 83dB,"1152 x 1920 pixels, 5:3 ratio (~418 ppi density)",Corning Gorilla Glass 3,"HSPA, LTE Cat4 150/50 Mbps","Accelerometer, gyro, proximity, compass",,No,"4.0, A2DP","Dual-LED dual-tone flash, HDR, panorama",144 x 75.2 x 8.9 mm (5.67 x 2.96 x 0.35 in),No,Yes,"Li-Ion 3100 mAh, non-removable","20.7 MP, f/2.2, 1/2.3"", AF",
eMMC 5.0,"GPS, GLONASS",,2 MP,,Up to 12 h (2G) / Up to 14 h (3G),1080p@30fps,,1080p@30fps,,,"Wi-Fi 802.11 a/b/g/n, dual-band, Wi-Fi Direct",,HSDPA 850 / 2100,Octa-core (4x1.6 GHz Cortex-A15 & 4x1.2 GHz Cortex-A7),"Android 4.2 (Jelly Bean), Flyme 3","microUSB 2.0 (MHL TV-out), OTG",Noise -93.9dB / Crosstalk -93.8dB,GSM 850 / 900 / 1800 / 1900,Endurance rating 36h,"2013, September. Released 2013, October",,"16GB 2GB RAM, 32GB 2GB RAM, 64GB 2GB RAM, 128GB 2GB RAM",Exynos 5410 Octa (28 nm),PowerVR SGX544MP3,Discontinued,Yes,About 370 EUR,,Up to 40 h,,,,Yes,,,,Meizu MX3,Micro-SIM,Meizu,Contrast ratio: 995:1 (nominal) / 1.754:1 (sunlight),IPS LCD,Photo/Video,GSM / HSPA,"5.1 inches, 74.0 cm2(~74.1% screen-to-body ratio)",https://fdn2.gsmarena.com/vv/bigpic/meizu-mx3.jpg,143 g (5.04 oz),,"Black (front panel), several color options (back panel); white",Voice 67dB / Noise 66dB / Ring 77dB,"1080 x 1800 pixels, 5:3 ratio (~412 ppi density)",Corning Gorilla Glass,HSPA,"Accelerometer, gyro, proximity, compass",,No,"4.0, A2DP",LED flash,139 x 71.9 x 9.1 mm (5.47 x 2.83 x 0.36 in),No,Yes,"Li-Po 2400 mAh, non-removable","8 MP, f/2.0, 1/3.2"", 1.4µm, AF",Up to 429 h (2G) / Up to 393 h (3G)
,"GPS, GLONASS",,1.2 MP,,Up to 13 h (2G) / Up to 10 h (3G),1080p@30fps,,720p@30fps,,,"Wi-Fi 802.11 b/g/n, Wi-Fi Direct, hotspot",,HSDPA 2100,Quad-core 1.6 GHz Cortex-A9,Android 4.1.1 (Jelly Bean),"microUSB 2.0 (MHL TV-out), OTG",,GSM 900 / 1800,,"2012, November. Released 2012, December",,"16GB 2GB RAM, 32GB 2GB RAM, 64GB 2GB RAM",Exynos 4412 Quad (32 nm),Mali-400MP4,Discontinued,Yes,About 310 EUR,,Up to 46 h,,,,No,,,,Meizu MX2,Micro-SIM,Meizu,,IPS LCD,,GSM / HSPA,"4.4 inches, 56.1 cm2(~69.3% screen-to-body ratio)",https://fdn2.gsmarena.com/vv/bigpic/meizu-mx2.jpg,142 g (5.01 oz),,Black front & white back,,"800 x 1280 pixels, 16:10 ratio (~343 ppi density)",Corning Gorilla Glass,HSPA 21.1/5.76 Mbps,"Accelerometer, gyro, proximity, compass",,No,"4.0, A2DP",LED flash,124.9 x 64.9 x 10.2 mm (4.92 x 2.56 x 0.40 in),No,Yes,"Li-Ion 1800 mAh, non-removable","8 MP, f/2.4, AF",Up to 380 h (2G) / Up to 330 h (3G)
MP3/WAV/eAAC+/FLAC playerMP4/H.264 playerOrganizerDocument viewer/editorPhoto viewerVoice memo/dialPredictive text input,"GPS, A-GPS",,VGA,,,1080p@30fps,,,,,"Wi-Fi 802.11 b/g/n, hotspot",,HSDPA 850 / 900 / 1700 / 1900 / 2100,Quad-core 1.4 GHz Cortex-A9,Android 4.0 (Ice Cream Sandwich),"microUSB 2.0 (MHL TV-out), OTG",Noise -90.4dB / Crosstalk -90.3dB,GSM 850 / 900 / 1800 / 1900,Endurance rating 38h,"2012, April. Released 2012, August",,"32GB 1GB RAM, 64GB 1GB RAM",Exynos,Mali-400,Discontinued,Yes,About 310 EUR,,,,,,,,,,Meizu MX 4-core,Micro-SIM,Meizu,Contrast ratio: 846 (nominal) / 1.462:1 (sunlight),ASV,Photo/Video,GSM / HSPA,"4.0 inches, 47.6 cm2(~62.0% screen-to-body ratio)",https://fdn2.gsmarena.com/vv/bigpic/meizu-mx-quad-core.jpg,139 g (4.90 oz),,"Black (front)/ white, green, blue, pink, violet (back)",Voice 68dB / Noise 65dB / Ring 75dB,"640 x 960 pixels, 3:2 ratio (~288 ppi density)",,HSPA 21.1/5.76 Mbps,"Accelerometer, gyro, proximity, compass",,No,"2.1, A2DP, EDR",LED flash,121.3 x 63.3 x 10.3 mm (4.78 x 2.49 x 0.41 in),No,Yes,Non-removable Li-Po 1700 mAh battery,"8 MP, f/2.2, AF",
MP3/WAV/eAAC+/FLAC playerMP4/H.264 playerOrganizerDocument viewerPhoto viewerVoice memo/dialPredictive text input,"GPS, A-GPS",,VGA,,,1080p@30fps,,,,,"Wi-Fi 802.11 b/g/n, hotspot",,HSDPA 850 / 900 / 1700 / 1900 / 2100,Dual-core 1.4 GHz Cortex-A9,"Android 2.3.5 (Gingerbread), upgradable to 4.0 (Ice Cream Sandwich)","microUSB 2.0 (MHL TV-out), OTG",Noise -90.6dB / Crosstalk -89.5dB,GSM 850 / 900 / 1800 / 1900,Endurance rating 39h,"2011, December. Released 2012, March",,16GB 1GB RAM,Exynos,Mali-400,Discontinued,Yes,About 270 EUR,,,,,,,,,,Meizu MX,Micro-SIM,Meizu,Contrast ratio: 708:1 (nominal) / 1.221:1 (sunlight),ASV,Photo/Video,GSM / HSPA,"4.0 inches, 47.6 cm2(~62.0% screen-to-body ratio)",https://fdn2.gsmarena.com/vv/bigpic/meizu-mx.jpg,139 g (4.90 oz),,Black/White,Voice 66dB / Noise 64dB / Ring 72dB,"640 x 960 pixels, 3:2 ratio (~288 ppi density)",,HSPA 21.1/5.76 Mbps,"Accelerometer, gyro, proximity, compass",,No,"2.1, A2DP, EDR",LED flash,121.3 x 63.3 x 10.3 mm (4.78 x 2.49 x 0.41 in),No,"Yes, with stereo speakers",Non-removable Li-Ion 1600 mAh battery,"8 MP, f/2.2, AF",
,"GPS, GLONASS, BDS",,"5 MP, f/2.0",LTE,,1080p@30fps,"24W wired, 65% in 30 min",,,,"Wi-Fi 802.11 a/b/g/n/ac, dual-band, Wi-Fi Direct, hotspot",Yes,HSDPA,"Deca-core (2x2.3 GHz Cortex-A72, 4x2 GHz Cortex-A53, 4x1.4 GHz Cortex-A53)","Android 5.1 (Lollipop), Flyme 5",microUSB 2.0,,GSM 850 / 900 / 1800 / 1900 - SIM 1 & SIM 2,,Not announced yet,,32GB 3GB RAM,Mediatek MT6797 Helio X20 (20 nm),Mali-T880 MP4,Cancelled,Yes,About 360 EUR,,,,,,No,,Yes,,Meizu PRO 5 mini,Nano-SIM + Nano-SIM,Meizu,,AMOLED,,GSM / HSPA / LTE,"4.7 inches, 60.9 cm2",https://fdn2.gsmarena.com/vv/bigpic/smartphone.jpg,-,,"Gray, Gold, Silver, Black/Silver",,"1080 x 1920 pixels, 16:9 ratio (~469 ppi density)",Corning Gorilla Glass 3,"HSPA, LTE Cat4 150/50 Mbps","Fingerprint (front-mounted), accelerometer, gyro, proximity, compass",,No,"4.1, A2DP, LE","Dual-LED dual-tone flash, HDR, panorama",-,microSDXC (uses shared SIM slot),Yes,"Li-Ion, non-removable","16 MP, f/2.2, AF",
