,Type,Loudspeaker,Sensors,Radio,Colors,3G bands,_1,Talk time,Technology,_3,Single,3.5mm jack,Dimensions,Resolution,Brand,Browser,SIM,WLAN,2G bands,Speed,Video_1,Type_1,Chipset,Single_1,Card slot,Internal,Video,_2,Size,Infrared port,GPRS,OS,Keyboard,Weight,Announced,EDGE,Positioning,CPU,Status,Model Name,Model Image,Bluetooth,Stand-by,USB,Features
Handwriting recognition,"TFT resistive touchscreen, 256K colors (65K effective)",Yes,,No,Black,HSDPA 850 / 1900 / 2100,No,Up to 5 h,GSM / HSPA,Pocket OfficeMP3/WMA/WMV/WAV/MP4 playerVoice memoPredictive text input,2 MP,No,109.5 x 59 x 18 mm (4.31 x 2.32 x 0.71 in),"240 x 320 pixels, 4:3 ratio (~143 ppi density)",MWg,"WAP 2.0/xHTML, HTML (PocketIE)",Mini-SIM,Wi-Fi 802.11b/g,GSM 850 / 900 / 1800 / 1900,HSPA 3.6/0.384 Mbps,,Removable Li-Po 1530 mAh battery,,,microSD (dedicated slot),"64MB RAM, 256MB ROM",Yes,Stereo speakers,"2.8 inches, 24.3 cm2(~37.6% screen-to-body ratio)",,,Microsoft Windows Mobile 6.1 Professional,QWERTY,185 g (6.53 oz),"2008, May",,"GPS, SiRF Star III chipset",Samsung 2442 500 MHz,Discontinued,MWg Zinc II,https://fdn2.gsmarena.com/vv/bigpic/mwg-zinc-ii.jpg,"2.0, A2DP",Up to 250 h,miniUSB 1.1,
Handwriting recognitionStereo speakers,"TFT resistive touchscreen, 256K colors (65K effective)",Yes,,"Stereo FM radio, RDS",Black,HSDPA 1900 / 2100,Pocket OfficeVoice memoMP3/WMA/WMV/WAV/MP4 playerPredictive text input,Up to 4 h,GSM / HSPA,,2 MP,No,106 x 58 x 18 mm (4.17 x 2.28 x 0.71 in),"240 x 320 pixels, 4:3 ratio (~148 ppi density)",MWg,"WAP 2.0/xHTML, HTML (PocketIE)",Mini-SIM,Wi-Fi 802.11b/g,GSM 900 / 1800 / 1900,HSPA 3.6/0.384 Mbps,,Removable Li-Po 1530 mAh battery,,VGA videocall camera,miniSD,"64MB RAM, 1GB ROM",Yes,,"2.7 inches, 22.6 cm2(~36.7% screen-to-body ratio)",Yes,,Microsoft Windows Mobile 6 Professional,,145 g (5.11 oz),"2007, January",,No,Intel XScale PXA 270 624 MHz,Discontinued,MWg Atom Life,https://fdn2.gsmarena.com/vv/bigpic/mwg-atom-life.jpg,1.2,Up to 200 h,miniUSB,LED flash
Videocall camera,"TFT resistive touchscreen, 256K colors (65K effective)",Yes,,No,"Black, Gray",HSDPA 850 / 1900 / 2100,MP3/AAC/MP4 playerPocket OfficeOrganizerVoice memoPredictive text input,Up to 4 h,GSM / HSPA,,"2 MP, AF",No,123 x 65 x 17 mm (4.84 x 2.56 x 0.67 in),"320 x 240 pixels, 4:3 ratio (~167 ppi density)",MWg,"WAP 2.0/xHTML, HTML (PocketIE)",Mini-SIM,Wi-Fi 802.11b/g,GSM 850 / 900 / 1800 / 1900,HSPA 3.6/0.384 Mbps,,Removable Li-Ion 1500 mAh battery,,,microSD (dedicated slot),"96MB RAM, 192MB ROM",Yes,,"2.4 inches, 17.8 cm2(~22.3% screen-to-body ratio)",,,Microsoft Windows Mobile 6 Professional,QWERTY,157 g (5.54 oz),"2007, April. Released 2007, July",,No,Intel XScale PXA 270 520 MHz,Discontinued,MWg UBiQUiO 503g,https://fdn2.gsmarena.com/vv/bigpic/mwg-503g.jpg,"1.2, A2DP",Up to 250 h,miniUSB 1.1,
Handwriting recognition,"TFT resistive touchscreen, 256K colors (65K effective)","Yes, with stereo speakers",,"Stereo FM radio, RDS",Black,HSDPA 2100,No,Up to 3 h 30 min,GSM / HSPA,,2 MP,No,116 x 59 x 15 mm (4.57 x 2.32 x 0.59 in),"240 x 320 pixels, 4:3 ratio (~143 ppi density)",MWg,"WAP 2.0/xHTML, HTML (PocketIE)",Mini-SIM,Wi-Fi 802.11b/g,GSM 850 / 900 / 1800 / 1900,HSPA 7.2/0.384 Mbps,,Removable Li-Po 1300 mAh battery,,,microSDHC (dedicated slot),"64MB RAM, 256MB ROM",Yes,Pocket OfficeVoice memoMP3/AAC/MP4 playerPredictive text input,"2.8 inches, 24.3 cm2(~35.5% screen-to-body ratio)",Yes,,Microsoft Windows Mobile 6 Professional,,133 g (4.69 oz),"2008, March",,"GPS, SiRF Star III chipset",Intel XScale PXA 270 520 MHz,Discontinued,MWg Atom V,https://fdn2.gsmarena.com/vv/bigpic/atom-v.jpg,"2.0, A2DP",Up to 150 h,miniUSB,LED flash
No,"TFT resistive touchscreen, 65K colors",Yes,,No,Black,,MP3/AAC playerPocket OfficePredictive text inputOrganizerVoice memo,,GSM,,2 MP,No,122 x 65 x 13.5 mm (4.80 x 2.56 x 0.53 in),"240 x 320 pixels, 4:3 ratio (~160 ppi density)",MWg,"WAP 2.0/xHTML, HTML (PocketIE)",Mini-SIM,Wi-Fi 802.11b/g,GSM 900 / 1800 / 1900,,,Removable Li-Ion 1250 mAh battery,TI OMAP 750,,miniSD,"64MB RAM, 128MB ROM",Yes,,"2.5 inches, 19.4 cm2(~24.4% screen-to-body ratio)",Yes,Class 10,Microsoft Windows Mobile 6 Professional,QWERTY,120 g (4.23 oz),"2008, March",No,No,200 MHz ARM926EJ-S,Discontinued,MWg UBiQUiO 501,https://fdn2.gsmarena.com/vv/bigpic/mwg-501.jpg,"1.2, A2DP",,miniUSB 1.1,
