,Technology,Single,OS,_3,NFC,Features,Size,EDGE,SIM,Positioning,Dual,Status,256GB 6GB RAM,Weight,Chipset,Announced,_2,Type_1,3G bands,Features_1,Price,USB,Colors,Protection,Video_1,Build,Video,Radio,Sensors,Internal,64GB 4GB RAM,Card slot,Loudspeaker,Type,CPU,Triple,GPRS,WLAN,Bluetooth,Dimensions,Brand,Speed,Model Name,Resolution,2G bands,Model Image,_1,3.5mm jack,256GB 8GB RAM,5G bands,4G bands,Charging,GPU,Single_1
IP68/IP69K dust/water resistant (up to 1.5m for 30 min)Drop resistant up to 1.5mMIL-STD-810H compliant,GSM / HSPA / LTE,"5 MP, f/2.2, (wide), 1/5.0""",Android 14,,Yes,LED flash,"6.52 inches, 102.6 cm2(~73.9% screen-to-body ratio)",,Nano-SIM + Nano-SIM,"GPS, GLONASS, GALILEO, BDS","13 MP, f/2.2, (wide), 1/3.1"", AF2 MP, (macro)","Available. Released 2024, November",£ 169.99,393.7 g (13.90 oz),Mediatek MT8788 (12 nm),"2024, October 08",,Li-Po 10600 mAh,HSDPA 850 / 900 / 1700(AWS) / 1900 / 2100,,$ 137.59 / £ 169.99,"USB Type-C 2.0, OTG",Black,Corning Gorilla Glass 5,1080p@30fps,,1080p@30fps,FM radio,"Fingerprint (side-mounted), accelerometer, gyro, proximity, compass",256GB 6GB RAM,,microSDXC (uses shared SIM slot),"Yes (128 dB, 3.5W peak)","IPS LCD, 400 nits",Octa-core (4x2.0 GHz Cortex-A73 & 4x2.0 GHz Cortex-A53),,,"Wi-Fi 802.11 a/b/g/n/ac, dual-band","5.0, A2DP, LE",172.2 x 80.7 x 19.1 mm (6.78 x 3.18 x 0.75 in),Oukitel,"HSPA, LTE",Oukitel WP36 Pro,"720 x 1600 pixels, 20:9 ratio (~269 ppi density)",GSM 850 / 900 / 1800 / 1900,https://fdn2.gsmarena.com/vv/bigpic/oukitel-wp36-1.jpg,UFS 2.1,No,,,"1, 2, 3, 4, 5, 7, 8, 12, 17, 18, 19, 20, 25, 26, 28, 38, 39, 40, 41, 66",15W wiredReverse wired,Mali-G72 MP3,
Stylus supportDrop resistant up to 0.5m,No cellular connectivity,"13 MP, f/2.2, (wide), 1/3.06"", AF",Android 14,,No,"LED flash, HDR, panorama","11.0 inches, 350.9 cm2(~80.2% screen-to-body ratio)",No,No,No,,"Available. Released 2024, November 01",,520 g (1.15 lb),Unisoc T606 (12 nm),"2024, November 01",,8000 mAh,N/A,,About 180 EUR,"USB Type-C, OTG","Green, Gray, Purple",Corning Gorilla Glass 5,720p@30fps,,1080p@30fps,No,Accelerometer,128GB 4GB RAM,,Unspecified,"Yes, with stereo speakers","IPS LCD, 400 nits",Octa-core (2x1.6 GHz Cortex-A75 & 6x1.6 GHz Cortex-A55),,No,"Wi-Fi 802.11 a/b/g/n/ac, dual-band","5.0, A2DP, LE",258.2 x 169.5 x 8.6 mm (10.17 x 6.67 x 0.34 in),Oukitel,,Oukitel OT9,"800 x 1280 pixels, 16:10 ratio (~137 ppi density)",N/A,https://fdn2.gsmarena.com/vv/bigpic/oukitel-ot9.jpg,UFS 3.1,Yes,,,N/A,10W wired,Mali-G57 MP1,"5 MP, f/2.6, (wide), 1/5.0"""
No,No cellular connectivity,,Proprietary OS,,No,,1.91 inches,No,No,No,,"Available. Released 2024, June",,100 g (3.53 oz),,"2024, June",,300 mAh,N/A,,,No,"Black, White",Tempered glass,,,,No,"Accelerometer, heart rate, SpO2",,,No,No,TFT LCD,,,No,No,5.2,49.5 x 40 x 10.9 mm (1.95 x 1.57 x 0.43 in),Oukitel,No,Oukitel BT103,320 x 380 pixels (~260 ppi density),N/A,https://fdn2.gsmarena.com/vv/bigpic/oukitel-bt103.jpg,,No,,,N/A,,,
,GSM / HSPA / LTE,"8 MP, f/2.0, (wide), 1/4.0""",Android 14,,Yes,"LED flash, HDR, panorama","6.7 inches, 108.4 cm2(~83.8% screen-to-body ratio)",,Nano-SIM + Nano-SIM,"GPS, GALILEO, GLONASS, BDS","50 MP, f/1.8, (wide), 1/2.76"", AFother unspecified camera","Available. Released 2024, November",,199 g (7.02 oz),Unisoc T606 (12 nm),"2024, November",,Li-Po 5150 mAh,HSDPA 850 / 900 / 1700(AWS) / 1900 / 2100,,About 160 EUR,"USB Type-C, OTG","Black, Blue, Green",Corning Gorilla Glass 5,720p@30fps,"Glass front, plastic back",1080p@30fps,FM radio,"Accelerometer, proximity",256GB 6GB RAM,,microSDXC (uses shared SIM slot),Yes,"IPS LCD, 430 nits",Octa-core (2x1.6 GHz Cortex-A75 & 6x1.6 GHz Cortex-A55),,,"Wi-Fi 802.11 a/b/g/n/ac, dual-band","5.0, A2DP, LE",166.8 x 77.5 x 8.7 mm (6.57 x 3.05 x 0.34 in),Oukitel,"HSPA, LTE",Oukitel C58 Pro,"720 x 1600 pixels, 20:9 ratio (~262 ppi density)",GSM 850 / 900 / 1800 / 1900,https://fdn2.gsmarena.com/vv/bigpic/oukitel-c58-pro.jpg,,Yes,,,"1, 2, 3, 4, 5, 7, 8, 12, 17, 19, 20, 25, 26, 28, 66",10W wired,Mali-G57 MP1,
,GSM / HSPA / LTE,"5 MP, f/2.2, (wide), 1/5.0""",Android 14,,Yes,"LED flash, HDR, panorama","6.7 inches, 108.4 cm2(~83.8% screen-to-body ratio)",,Nano-SIM + Nano-SIM,"GPS, GALILEO, GLONASS, BDS","13 MP, f/2.2, (wide), 1/3.06"", AFother unspecified camera","Available. Released 2024, November",,199 g (7.02 oz),Unisoc T606 (12 nm),"2024, November",,Li-Po 5150 mAh,HSDPA 850 / 900 / 1700(AWS) / 1900 / 2100,,About 150 EUR,"USB Type-C, OTG","Black, Blue, Green",Corning Gorilla Glass 5,720p@30fps,"Glass front, plastic back",1080p@30fps,FM radio,"Accelerometer, proximity",128GB 4GB RAM,,microSDXC (uses shared SIM slot),Yes,"IPS LCD, 430 nits",Octa-core (2x1.6 GHz Cortex-A75 & 6x1.6 GHz Cortex-A55),,,"Wi-Fi 802.11 a/b/g/n/ac, dual-band","5.0, A2DP, LE",166.8 x 77.5 x 8.7 mm (6.57 x 3.05 x 0.34 in),Oukitel,"HSPA, LTE",Oukitel C58,"720 x 1600 pixels, 20:9 ratio (~262 ppi density)",GSM 850 / 900 / 1800 / 1900,https://fdn2.gsmarena.com/vv/bigpic/oukitel-c58.jpg,,Yes,,,"1, 2, 3, 4, 5, 7, 8, 12, 17, 19, 20, 25, 26, 28, 66",10W wired,Mali-G57 MP1,
CDMA 800 / 1900,GSM / CDMA / HSPA / LTE,"32 MP, f/2.2, (wide), 1/2.74""",Android 14,,Yes,"LED flash, HDR, panorama","6.7 inches, 108.0 cm2(~87.3% screen-to-body ratio)",,Nano-SIM + Nano-SIM,"GPS, GALILEO, GLONASS, BDS",,"Available. Released 2024, November",,186.8 g (6.60 oz),Mediatek Helio G99 (6 nm),"2024, November",,Li-Po 5150 mAh,HSDPA 850 / 900 / 1700(AWS) / 1900 / 2100,,$ 155.99,"USB Type-C, OTG","Black, White, Purple",Corning Gorilla Glass 5,1080p@30fps,,"4K@30fps, 1080p@30fps",FM radio,"Fingerprint (under display, optical), accelerometer, proximity, compass","256GB 4GB RAM, 256GB 8GB RAM",,microSDXC (uses shared SIM slot),Yes,"AMOLED, 500 nits",Octa-core (2x2.2 GHz Cortex-A76 & 6x2.0 GHz Cortex-A55),"50 MP, f/1.9, (wide), 1/56"", PDAF2 MP, f/2.4, (macro)0.3 MP, (depth)",,"Wi-Fi 802.11 a/b/g/n/ac, dual-band","5.2, A2DP, LE",162.4 x 76.2 x 8.2 mm (6.39 x 3.00 x 0.32 in),Oukitel,"HSPA, LTE",Oukitel P1,"1080 x 2412 pixels, 20:9 ratio (~394 ppi density)",GSM 850 / 900 / 1800 / 1900,https://fdn2.gsmarena.com/vv/bigpic/oukitel-p1.jpg,UFS 2.2,No,$ 155.99,,"1, 2, 3, 4, 5, 7, 8, 12, 13, 17, 18, 19, 20, 25, 26, 28, 38, 39, 40, 41, 66",18W wired,Mali-G57 MC2,
IP68/IP69K dust/water resistant (up to 1.5m for 30 min)Drop resistant up to 1.5mMIL-STD-810H compliant,GSM / HSPA / LTE,"16 MP, f/2.0, (wide), 1/3.1""",Android 14,,Yes,"LED flash, HDR, panorama","6.56 inches, 103.4 cm2(~74.1% screen-to-body ratio)",,Nano-SIM + Nano-SIM,"GPS, GLONASS, GALILEO, BDS",,"Available. Released 2024, September",$ 140.99,361 g (12.73 oz),Mediatek Helio G85 (12 nm),"2024, September",,Li-Po 11000 mAh,HSDPA 800 / 850 / 900 / 1700(AWS) / 1900 / 2100,,$ 140.99,"USB Type-C 2.0, OTG","Grey, Green, Coffee",Corning Gorilla Glass 5,1080p@30fps,"Glass front, aluminum/titanium frame",1080p@30fps,FM radio,"Accelerometer, proximity, compass",256GB 6GB RAM,,microSDXC (uses shared SIM slot),Yes,"IPS LCD, 400 nits",Octa-core (2x2.0 GHz Cortex-A75 & 6x1.8 GHz Cortex-A55),"48 MP, f/1.8, (wide), 1/2.0"", PDAF8 MP, f/2.0, (night vision), 1/4"", AF, infrared night vision lights2 MP, f/2.2, (macro)",,"Wi-Fi 802.11 a/b/g/n/ac, dual-band","5.0, A2DP, LE",172.2 x 81 x 14.9 mm (6.78 x 3.19 x 0.59 in),Oukitel,"HSPA, LTE",Oukitel WP35 S,"720 x 1612 pixels, 20:9 ratio (~269 ppi density)",GSM 850 / 900 / 1800 / 1900,https://fdn2.gsmarena.com/vv/bigpic/ulefone-wp35s.jpg,,No,,,"1, 2, 3, 4, 5, 7, 8, 12, 13, 17, 18, 19, 20, 25, 26, 28, 30, 38, 39, 40, 41, 66",18W wired,Mali-G52 MC2,
IP68/IP69K dust/water resistant (up to 1.5m for 30 min)Drop resistant up to 1.5mMIL-STD-810H compliant,GSM / HSPA / LTE,"8 MP, f/2.0, (wide), 1/4.0""",Android 14,,Yes,LED flash,"8.0 inches, 185.6 cm2(~66.9% screen-to-body ratio)",,Nano-SIM + Nano-SIM,"GPS, GLONASS, GALILEO, BDS","16 MP, f/2.0, (wide), 1/3.06"", PDAF0.3 MP, f/2.2, (depth)","Available. Released 2024, October",,538 g (1.19 lb),Mediatek Helio G81 (12 nm),"2024, October",,Li-Po 5150 mAh,HSDPA 850 / 900 / 1700(AWS) / 1900 / 2100,,About 180 EUR,"USB Type-C 2.0, OTG","Black, Orange, Green",Corning Gorilla Glass 5,720p@30fps,,1080p@30fps,FM radio,"Accelerometer, compass",128GB 4GB RAM,,microSDXC (uses shared SIM slot),"Yes, with stereo speakers","IPS LCD, 600 nits",Octa-core (2x2.0 GHz Cortex-A75 & 6x1.7 GHz Cortex-A55),,,"Wi-Fi 802.11 a/b/g/n/ac, dual-band","5.0, A2DP, LE",207 x 134 x 13.9 mm (8.15 x 5.28 x 0.55 in),Oukitel,"HSPA, LTE",Oukitel RT3 Pro,"800 x 1280 pixels, 16:10 ratio (~189 ppi density)",GSM 850 / 900 / 1800 / 1900,https://fdn2.gsmarena.com/vv/bigpic/ulefone-rt3-pro.jpg,,No,,,"1, 2, 3, 4, 5, 7, 8, 12, 17, 18, 19, 20, 25, 26, 28, 38, 39, 40, 41, 66",10W wired,Mali-G52 MC2,
Waterproof (1ATM) 10m,No cellular connectivity,,Proprietary OS,,No,,2.02 inches,No,No,No,,"Available. Released 2024, September",,61.7 (2.19 oz),,"2024, September",,410 mAh,N/A,,About 50 EUR,No,Black,Tempered glass,,,,No,"Accelerometer, heart rate, SpO2, blood pressure, barometer, compass",,,No,Yes,TFT LCD,,,No,No,5.3,58.3 x 46.1 x 13.3 mm (2.30 x 1.81 x 0.52 in),Oukitel,No,Oukitel BT101,320 x 390 pixels (~250 ppi density),N/A,https://fdn2.gsmarena.com/vv/bigpic/oukitel-bt101.jpg,No,No,,,N/A,,,
,GSM / HSPA / LTE,"13 MP, f/2.2, (wide), 1/3.06"", AF",Android 14,,No,"LED flash, panorama","6.52 inches, 102.6 cm2(~80.8% screen-to-body ratio)",,Nano-SIM + Nano-SIM,"GPS, GALILEO, GLONASS",,"Available. Released 2024, October",,215 g (7.58 oz),Unisoc SC9863A (28 nm),"2024, October",,Li-Ion 4300 mAh,HSDPA 850 / 900 / 1700(AWS) / 1900 / 2100,,About 120 EUR,"USB Type-C 2.0, OTG","Grey, Blue, Purple, Gold",Corning Gorilla Glass 5,720p@30fps,,1080p@30fps,FM radio,Accelerometer,128GB 4GB RAM,,microSDXC (dedicated slot),Yes,"IPS LCD, 400 nits",Octa-core (4x1.6 GHz Cortex-A55 & 4x1.2 GHz Cortex-A55),,,Wi-Fi 802.11 b/g/n,"4.2, A2DP, LE",165.8 x 76.6 x 9.4 mm (6.53 x 3.02 x 0.37 in),Oukitel,"HSPA, LTE",Oukitel C57 Pro,"576 x 1280 pixels, 20:9 ratio (~215 ppi density)",GSM 850 / 900 / 1800 / 1900,https://fdn2.gsmarena.com/vv/bigpic/oukitel-c57-pro.jpg,,Yes,,,"1, 2, 3, 4, 5, 7, 8, 12, 17, 19, 20, 25, 26, 28, 66",,IMG8322,"5 MP, f/2.2, (wide), 1/5.0"""
,GSM / HSPA / LTE,"13 MP, f/2.2, (wide), 1/3.06"", AF",Android 14 (Go edition),,No,"LED flash, panorama","6.52 inches, 102.6 cm2(~80.8% screen-to-body ratio)",,Nano-SIM + Nano-SIM,"GPS, GALILEO, GLONASS",,"Available. Released 2024, October",,215 g (7.58 oz),Unisoc SC9863A (28 nm),"2024, October",,Li-Ion 4300 mAh,HSDPA 850 / 900 / 1700(AWS) / 1900 / 2100,,About 110 EUR,"USB Type-C 2.0, OTG","Grey, Blue, Purple, Gold",Corning Gorilla Glass 5,720p@30fps,,1080p@30fps,FM radio,Accelerometer,64GB 2GB RAM,,microSDXC (dedicated slot),Yes,"IPS LCD, 400 nits",Octa-core (4x1.6 GHz Cortex-A55 & 4x1.2 GHz Cortex-A55),,,Wi-Fi 802.11 b/g/n,"4.2, A2DP, LE",165.8 x 76.6 x 9.4 mm (6.53 x 3.02 x 0.37 in),Oukitel,"HSPA, LTE",Oukitel C57s,"576 x 1280 pixels, 20:9 ratio (~215 ppi density)",GSM 850 / 900 / 1800 / 1900,https://fdn2.gsmarena.com/vv/bigpic/oukitel-c57s.jpg,,Yes,,,"1, 2, 3, 4, 5, 7, 8, 12, 17, 19, 20, 25, 26, 28, 66",,IMG8322,"5 MP, f/2.2, (wide), 1/5.0"""
CDMA 1900,GSM / CDMA / HSPA / LTE,"16 MP, f/1.8, (wide), 1/2.8"", AF",Android 14,,No,"LED flash, HDR, panorama","10.1 inches, 295.8 cm2(~69.3% screen-to-body ratio)",,Nano-SIM + Nano-SIM,"GPS, GLONASS, GALILEO, BDS",,"Available. Released 2024, September",,850 g (1.87 lb),Unisoc T606 (12 nm),"2024, September",UFS 2.2,Li-Po 11000 mAh,HSDPA 800 / 850 / 900 / 1700(AWS) / 1900 / 2100,,About 270 EUR,"USB Type-C 2.0, OTG","Black, Orange",Corning Gorilla Glass 5,1080p@30fps,,1080p@30fps,FM radio,"Accelerometer, compass",256GB 6GB RAM,,microSDXC (uses shared SIM slot),"Yes, with stereo speakers","IPS LCD, 400 nits",Octa-core (2x1.6 GHz Cortex-A75 & 6x1.6 GHz Cortex-A55),,,"Wi-Fi 802.11 a/b/g/n/ac, dual-band","5.0, A2DP, LE",251.2 x 170 x 14.2 mm (9.89 x 6.69 x 0.56 in),Oukitel,"HSPA, LTE",Oukitel RT9,"800 x 1280 pixels, 16:10 ratio (~149 ppi density)",GSM 850 / 900 / 1800 / 1900,https://fdn2.gsmarena.com/vv/bigpic/oukitel-rt9.jpg,IP68/IP69K dust/water resistant (up to 1.5m for 30 min)MIL-STD-810H compliant,No,,,"1, 2, 3, 4, 5, 7, 8, 12, 17, 18, 19, 20, 25, 26, 28, 38, 40, 41, 66",18W wiredReverse wired,Mali-G57 MP1,"16 MP, f/2.2, (wide), 1/3.1"""
Stylus supportDrop resistant up to to 0.4m,GSM / HSPA / LTE,"5 MP, f/2.2, (wide), 1/5.0""",Android 14,,No,LED flash,"11.0 inches, 350.9 cm2(~80.2% screen-to-body ratio)",,Nano-SIM + Nano-SIM,"GPS, GLONASS, GALILEO, BDS","13 MP, f/2.2, (wide), 1/3.06"", PDAFother unspecified camera","Available. Released 2024, September",,535 g (1.18 lb),Unisoc T606 (12 nm),"2024, September",,Li-Po 8000 mAh,HSDPA 900 / 2100,,About 180 EUR,"USB Type-C 2.0, OTG","Gray, Green, Purple",Corning Gorilla Glass 5,720p@30fps,,1080p@30fps,FM radio,Accelerometer,256GB 4GB RAM,,microSDXC (uses shared SIM slot),"Yes, with stereo speakers","IPS LCD, 400 nits",Octa-core (2x1.6 GHz Cortex-A75 & 6x1.6 GHz Cortex-A55),,,"Wi-Fi 802.11 a/b/g/n/ac, dual-band","5.0, A2DP, LE",258.2 x 169.5 x 8.6 mm (10.17 x 6.67 x 0.34 in),Oukitel,"HSPA, LTE",Oukitel OT12,"800 x 1280 pixels, 16:10 ratio (~137 ppi density)",GSM 850 / 900 / 1800 / 1900,https://fdn2.gsmarena.com/vv/bigpic/oukitel-ot12.jpg,UFS 3.1,Yes,,,"1, 3, 5, 7, 8, 19, 20, 38, 39, 40, 41",10W wired,Mali-G57 MP1,
IP68/IP69K dust/water resistant (up to 1.5m for 30 min)Drop resistant up to 1.5mMIL-STD-810H compliant,GSM / HSPA / LTE,"5 MP, f/2.2, (wide), 1/5.0""",Android 14,,No,LED flash,"6.0 inches, 92.7 cm2(~68.9% screen-to-body ratio)",,Nano-SIM + Nano-SIM,"GPS, GLONASS, GALILEO, BDS","13 MP, f/2.2, (wide), 1/3.06"", PDAFother unspecified cameras","Available. Released 2024, September",,373 g (13.16 oz),Unisoc T606 (12 nm),"2024, September",,Li-Po 6300 mAh,HSDPA 800 / 850 / 900 / 1700(AWS) / 1900 / 2100,,€ 109.99 / $ 101.50,"USB Type-C 2.0, OTG","Black, Green, Orange",Corning Gorilla Glass 5,720p@30fps,,1080p@30fps,FM radio,"Accelerometer, proximity, compass",64GB 4GB RAM,€ 109.99,microSDXC (uses shared SIM slot),Yes,IPS LCD,Octa-core (2x1.6 GHz Cortex-A75 & 6x1.6 GHz Cortex-A55),,,"Wi-Fi 802.11 a/b/g/n/ac, dual-band","5.0, A2DP, LE",166 x 81.1 x 15.1 mm (6.54 x 3.19 x 0.59 in),Oukitel,"HSPA, LTE",Oukitel G2,"576 x 1156 pixels, 18:9 ratio (~215 ppi density)",GSM 850 / 900 / 1800 / 1900,https://fdn2.gsmarena.com/vv/bigpic/oukitel-g2-.jpg,UFS 2.0,No,,,"1, 2, 3, 4, 5, 7, 8, 12, 17, 18, 19, 20, 25, 26, 28, 66",10W wired,Mali-G57 MP1,
IP68/IP69K dust/water resistant (up to 1.5m for 30 min)Drop resistant up to 1.5mMIL-STD-810H compliant,GSM / HSPA / LTE,"5 MP, f/2.2, (wide), 1/5.0""",Android 14,,Yes,"LED flash, panorama","6.52 inches, 102.6 cm2(~71.6% screen-to-body ratio)",,Nano-SIM,"GPS, GLONASS, GALILEO, BDS","48 MP, f/1.8, (wide), 1/2.0"", PDAF2 MP, f/2.4, (macro)","Available. Released 2024, September",€ 199.99,373 g (13.16 oz),Unisoc T606 (12 nm),"2024, September",,Li-Po 10600 mAh,HSDPA 850 / 900 / 1700(AWS) / 1900 / 2100,,€ 199.99 / $ 116.99 / £ 132.99,"USB Type-C 2.0, OTG","Black, Orange, Green",Corning Gorilla Glass 5,720p@30fps,,1080p@30fps,FM radio,"Accelerometer, proximity, compass",256GB 6GB RAM,,microSDXC,Yes,"IPS LCD, 400 nits",Octa-core (2x1.6 GHz Cortex-A75 & 6x1.6 GHz Cortex-A55),,,"Wi-Fi 802.11 a/b/g/n/ac, dual-band","5.0, A2DP, LE",174.2 x 82.3 x 17.4 mm (6.86 x 3.24 x 0.69 in),Oukitel,"HSPA, LTE",Oukitel G1,"576 x 1280 pixels, 20:9 ratio (~215 ppi density)",GSM 850 / 900 / 1800 / 1900,https://fdn2.gsmarena.com/vv/bigpic/oukitel-g1.jpg,UFS 2.1,No,,,"1, 2, 3, 4, 5, 7, 8, 12, 17, 18, 19, 20, 25, 26, 28, 38, 40, 41, 66",18W wired,Mali-G57 MP1,
IP68/IP69K dust/water resistant (up to 1.5m for 30 min)Drop resistant up to 1.5mMIL-STD-810H compliant,GSM / HSPA / LTE,"13 MP, f/2.2, (wide), 1/3.06"", PDAF",Android 14,,Yes,"LED flash, panorama","6.52 inches, 102.6 cm2(~71.6% screen-to-body ratio)",,Nano-SIM,"GPS, GLONASS, GALILEO, BDS",,"Available. Released 2024, August",,373 g (13.16 oz),Unisoc T606 (12 nm),"2024, July",,Li-Po 10600 mAh,HSDPA 850 / 900 / 1700(AWS) / 1900 / 2100,,About 110 EUR,"USB Type-C 2.0, OTG","Black, Orange, Green",Corning Gorilla Glass 5,720p@30fps,,1080p@30fps,FM radio,"Accelerometer, proximity, compass",128GB 4GB RAM,,Unspecified,Yes,IPS LCD,Octa-core (2x1.6 GHz Cortex-A75 & 6x1.6 GHz Cortex-A55),,,"Wi-Fi 802.11 a/b/g/n/ac, dual-band","5.0, A2DP, LE",174.2 x 82.3 x 17.4 mm (6.86 x 3.24 x 0.69 in),Oukitel,"HSPA, LTE",Oukitel WP28 S,"720 x 1600 pixels, 20:9 ratio (~269 ppi density)",GSM 850 / 900 / 1800 / 1900,https://fdn2.gsmarena.com/vv/bigpic/oukitel-wp28s.jpg,UFS 2.1,No,,,"1, 2, 3, 4, 5, 7, 8, 12, 17, 18, 19, 20, 25, 26, 28, 38, 40, 41, 66",18W wired,Mali-G57 MP1,"5 MP, f/2.2, (wide), 1/5.0"""
IP68/IP69K dust/water resistant (up to 1.5m for 30 min)Drop resistant up to 1.5mMIL-STD-810H compliant,GSM / HSPA / LTE,"13 MP, f/2.2, (wide), 1/3.06"", PDAF",Android 14,,Yes,"LED flash, panorama","6.52 inches, 102.6 cm2(~71.6% screen-to-body ratio)",,Nano-SIM,"GPS, GLONASS, GALILEO, BDS",,"Available. Released 2024, August",,373 g (13.16 oz),Unisoc T606 (12 nm),"2024, July",,Li-Po 10600 mAh,HSDPA 850 / 900 / 1700(AWS) / 1900 / 2100,,,"USB Type-C 2.0, OTG","Black, Orange, Green",Corning Gorilla Glass 5,720p@30fps,,1080p@30fps,FM radio,"Accelerometer, proximity, compass",64GB 4GB RAM,,Unspecified,Yes,IPS LCD,Octa-core (2x1.6 GHz Cortex-A75 & 6x1.6 GHz Cortex-A55),,,"Wi-Fi 802.11 a/b/g/n/ac, dual-band","5.0, A2DP, LE",174.2 x 82.3 x 17.4 mm (6.86 x 3.24 x 0.69 in),Oukitel,"HSPA, LTE",Oukitel WP28 E,"720 x 1600 pixels, 20:9 ratio (~269 ppi density)",GSM 850 / 900 / 1800 / 1900,https://fdn2.gsmarena.com/vv/bigpic/oukitel-wp28e.jpg,UFS 2.1,No,,,"1, 2, 3, 4, 5, 7, 8, 12, 17, 18, 19, 20, 25, 26, 28, 38, 40, 41, 66",18W wired,Mali-G57 MP1,"5 MP, f/2.2, (wide), 1/5.0"""
Drop resistant up to 0.8m,GSM / HSPA / LTE,"13 MP, f/2.2, (wide), 1/3.06"", AF",Android 14,,No,"LED flash, panorama","6.6 inches, 104.6 cm2(~82.2% screen-to-body ratio)",,Nano-SIM,"GPS, GALILEO, GLONASS",,"Available. Released 2024, June",,215 g (7.58 oz),Unisoc SC9863A (28 nm),"2024, June",,Li-Po 4000 mAh,HSDPA 900 / 2100,,,"USB Type-C 2.0, OTG","Grey, Blue, Purple, Green",Corning Gorilla Glass 5,720p@30fps,,1080p@30fps,FM radio,Accelerometer,64GB 4GB RAM,,microSDXC (dedicated slot),Yes,"IPS LCD, 400 nits",Octa-core (4x1.6 GHz Cortex-A55 & 4x1.2 GHz Cortex-A55),,,Wi-Fi 802.11 a/b/g/n,"4.2, A2DP, LE",165.7 x 76.8 x 8.9 mm (6.52 x 3.02 x 0.35 in),Oukitel,"HSPA, LTE",Oukitel C53,"720 x 1612 pixels, 20:9 ratio (~267 ppi density)",GSM 850 / 900 / 1800 / 1900,https://fdn2.gsmarena.com/vv/bigpic/oukitel-c53.jpg,UFS,Yes,,,"1, 3, 5, 7, 8, 19, 20, 38, 40, 41",,IMG8322,"5 MP, f/2.2, (wide), 1/5.0"""
Stylus supportDrop resistant up to 0.5m,GSM / HSPA / LTE,"13 MP, f/2.2, (wide), 1/3.06"", AF",Android 14,,No,"LED flash, HDR","11.0 inches, 350.9 cm2(~79.4% screen-to-body ratio)",,Nano-SIM + Nano-SIM,"GPS, GLONASS, GALILEO, BDS",,"Available. Released 2024, May",,524 g (1.16 lb),Unisoc T606 (12 nm),"2024, May",,Li-Po 8000 mAh,HSDPA 900 / 2100,,,"USB Type-C 2.0, OTG","Gray, Green, Blue",Corning Gorilla Glass 5,720p@30fps,,1080p@30fps,FM radio,Accelerometer,128GB 4GB RAM,,microSDXC (uses shared SIM slot),"Yes, with stereo speakers","IPS LCD, 400 nits",Octa-core (2x1.6 GHz Cortex-A75 & 6x1.6 GHz Cortex-A55),,,"Wi-Fi 802.11 a/b/g/n/ac, dual-band","5.2, A2DP, LE",259 x 170.6 x 8.7 mm (10.20 x 6.72 x 0.34 in),Oukitel,"HSPA, LTE",Oukitel OT11,"800 x 1280 pixels, 16:10 ratio (~137 ppi density)",GSM 850 / 900 / 1800 / 1900,https://fdn2.gsmarena.com/vv/bigpic/oukitel-ot11.jpg,UFS,Yes,,,"1, 3, 5, 7, 8, 19, 20, 38, 39, 40, 41",10W wired,Mali-G57 MP1,"5 MP, f/2.2, (wide), 1/5.0"""
IP68/IP69K dust/water resistant (up to 1.5m for 30 min)Drop resistant up to 1.5mMIL-STD-810H compliant,GSM / HSPA / LTE,"20 MP, f/1.8, (wide), 1/2.8"", PDAF",Android 14,,Yes,LED flash,"6.0 inches, 92.9 cm2(~69.0% screen-to-body ratio)",,Nano-SIM + Nano-SIM,"GPS, GLONASS, GALILEO, BDS",,"Available. Released 2024, July",,300 g (10.58 oz),Unisoc T606 (12 nm),"2024, May 20",,Li-Po 6300 mAh,HSDPA 850 / 900 / 1700(AWS) / 1900 / 2100,,About 190 EUR,"USB Type-C 2.0, OTG","Black, Green, Orange",Corning Gorilla Glass 5,720p@30fps,,1080p@30fps,FM radio,"Accelerometer, proximity, compass",256GB 6GB RAM,,microSDXC (uses shared SIM slot),Yes,IPS LCD,Octa-core (2x1.6 GHz Cortex-A75 & 6x1.6 GHz Cortex-A55),,,"Wi-Fi 802.11 a/b/g/n/ac, dual-band","4.2, A2DP, LE",166 x 81.1 x 15 mm (6.54 x 3.19 x 0.59 in),Oukitel,"HSPA, LTE",Oukitel WP32 Pro,"576 x 1152 pixels, 18:9 ratio (~215 ppi density)",GSM 850 / 900 / 1800 / 1900,https://fdn2.gsmarena.com/vv/bigpic/oukitel-wp32-pro-.jpg,UFS 2.0,Yes,,,"1, 2, 3, 4, 5, 7, 8, 12, 17, 19, 20, 25, 26, 28, 66",10W wired,Mali-G57 MP1,"5 MP, f/2.2, (wide), 1/5.0"""
IP68/IP69K dust/water resistant (up to 1.5m for 30 min)Drop resistant up to 1.5mMIL-STD-810H compliant,GSM / HSPA / LTE / 5G,"8 MP, f/2.2, (wide), 1/4.0""",Android 14,,Yes,"LED flash, HDR, panorama","6.6 inches, 104.6 cm2(~76.0% screen-to-body ratio)",,Nano-SIM,"GPS, GALILEO, GLONASS, BDS",,"Available. Released 2024, June",,281 g (9.91 oz),Mediatek Dimensity 6100+ (6 nm),"2024, June 17",,Li-Po 6500 mAh,HSDPA 800 / 850 / 900 / 1700(AWS) / 1900 / 2100,,About 360 EUR,"USB Type-C 2.0, OTG",Black/Blue,Corning Gorilla Glass 5,720p@30fps,,"1440p@30fps, 1080p@30fps",FM radio,"Fingerprint (side-mounted), accelerometer, proximity, compass",256GB 4GB RAM,,No,Yes,"IPS LCD, 440 nits",Octa-core (2x2.2 GHz Cortex-A76 & 6x2.0 GHz Cortex-A55),"48 MP, f/1.8, (wide), 1/2.0"", PDAF2 MP, f/2.2, (macro)0.3 MP, (depth)",,"Wi-Fi 802.11 a/b/g/n/ac, dual-band","5.2, A2DP, LE",172.2 x 80 x 12 mm (6.78 x 3.15 x 0.47 in),Oukitel,"HSPA, LTE, 5G",Oukitel WP52,"720 x 1612 pixels, 20:9 ratio (~267 ppi density)",GSM 850 / 900 / 1800 / 1900,https://fdn2.gsmarena.com/vv/bigpic/oukitel-wp52.jpg,,No,,"1, 2, 3, 5, 7, 8, 20, 28, 38, 41, 66, 77, 78, 79 SA/NSA","1, 2, 3, 4, 5, 7, 8, 12, 13, 17, 18, 19, 20, 25, 26, 28, 34, 38, 39, 40, 41, 66, 71",18W wired,Mali-G57 MC2,
IP68/IP69K dust/water resistant (up to 1.5m for 30 min)Drop resistant up to 1.5mMIL-STD-810H compliant,GSM / HSPA / LTE / 5G,"32 MP, f/2.2, (wide), 1/2.74""",Android 14,,Yes,"LED flash, HDR, panorama","6.6 inches, 104.9 cm2(~75.2% screen-to-body ratio)",,Nano-SIM,"GPS, GALILEO, GLONASS, BDS",,"Available. Released 2024, June",$ 199.48,360 g (12.70 oz),Mediatek Dimensity 6100+ (6 nm),"2024, June 17",,Li-Po 11000 mAh,HSDPA 800 / 850 / 900 / 1700(AWS) / 1900 / 2100,,$ 199.48,"USB Type-C 2.0, OTG","Gray, Green",Corning Gorilla Glass 5,1080p@30fps,,"1440p@30fps, 1080p@30fps",FM radio,"Fingerprint (side-mounted), accelerometer, gyro, proximity, compass",256GB 6GB RAM,,No,Yes,"IPS LCD, 450 nits",Octa-core (2x2.2 GHz Cortex-A76 & 6x2.0 GHz Cortex-A55),"64 MP, f/1.9, (wide), 1/1.73"", PDAF8 MP, f/2.0, (night vision), 1/4"", AF, infrared night vision lights2 MP, f/2.2, (macro)",,"Wi-Fi 802.11 a/b/g/n/ac, dual-band","5.2, A2DP, LE",172.2 x 81 x 15 mm (6.78 x 3.19 x 0.59 in),Oukitel,"HSPA, LTE, 5G",Oukitel WP39,"1080 x 2408 pixels, 20:9 ratio (~400 ppi density)",GSM 850 / 900 / 1800 / 1900,https://fdn2.gsmarena.com/vv/bigpic/oukitel-wp39.jpg,,No,,"1, 2, 3, 5, 7, 8, 20, 25, 28, 38, 41, 66, 77, 78, 79 SA/NSA","1, 2, 3, 4, 5, 7, 8, 12, 13, 17, 18, 19, 20, 25, 26, 28, 34, 38, 39, 40, 41, 66, 71",18W wired,Mali-G57 MC2,
IP68/IP69K dust/water resistant (up to 1.5m for 30 min)Drop resistant up to 1.5mMIL-STD-810H compliant,GSM / HSPA / LTE / 5G,"8 MP, f/2.2, (wide), 1/4.0""",Android 14,,Yes,"LED flash, HDR, panorama","6.6 inches, 104.6 cm2(~76.0% screen-to-body ratio)",,Nano-SIM,"GPS, GALILEO, GLONASS, BDS",,"Available. Released 2024, June",,281 g (9.91 oz),Mediatek Dimensity 6100+ (6 nm),"2024, June 17",,Li-Po 6500 mAh,HSDPA 800 / 850 / 900 / 1700(AWS) / 1900 / 2100,,About 290 EUR,"USB Type-C 2.0, OTG",Black/Blue,Corning Gorilla Glass 5,720p@30fps,,"1440p@30fps, 1080p@30fps",FM radio,"Fingerprint (side-mounted), accelerometer, proximity, compass",256GB 4GB RAM,,No,Yes,"IPS LCD, 440 nits",Octa-core (2x2.2 GHz Cortex-A76 & 6x2.0 GHz Cortex-A55),"48 MP, f/1.8, (wide), 1/2.0"", PDAF2 MP, f/2.4, (macro)0.3 MP, (depth)",,"Wi-Fi 802.11 a/b/g/n/ac, dual-band","5.2, A2DP, LE",172.2 x 80 x 12.4 mm (6.78 x 3.15 x 0.49 in),Oukitel,"HSPA, LTE, 5G",Oukitel WP50,"720 x 1612 pixels, 20:9 ratio (~267 ppi density)",GSM 850 / 900 / 1800 / 1900,https://fdn2.gsmarena.com/vv/bigpic/oukitel-wp50.jpg,,No,,"1, 2, 3, 5, 7, 8, 20, 28, 38, 41, 66, 77, 78, 79 SA/NSA","1, 2, 3, 4, 5, 7, 8, 12, 13, 17, 18, 19, 20, 25, 26, 28, 34, 38, 39, 40, 41, 66, 71",18W wired,Mali-G57 MC2,
Drop resistant up to 0.8m,GSM / HSPA / LTE / 5G,"5 MP, f/2.2, (wide), 1/5""",Android 14,,No,"LED flash, HDR, panorama","6.8 inches, 111.6 cm2(~85.8% screen-to-body ratio)",,Nano-SIM,"GPS, GALILEO, GLONASS, BDS",,"Available. Released 2024, June",,208 g (7.34 oz),Mediatek Dimensity 6100+ (6 nm),"2024, June 17",,Li-Po 5150 mAh,HSDPA 850 / 900 / 1700(AWS) / 1900 / 2100,,About 160 EUR,"USB Type-C 2.0, OTG","Grey, Green, Blue",Corning Gorilla Glass 5,720p@30fps,,1080p@30fps,FM radio,"Fingerprint (side-mounted), accelerometer, proximity",128GB 8GB RAM,,microSDXC,Yes,"IPS LCD, 400 nits",Octa-core (2x2.2 GHz Cortex-A76 & 6x2.0 GHz Cortex-A55),"50 MP, f/1.8, (wide), 1/2.76"", AFother unspecified cameras",,"Wi-Fi 802.11 a/b/g/n/ac, dual-band","5.2, A2DP, LE",167.5 x 77.7 x 9.2 mm (6.59 x 3.06 x 0.36 in),Oukitel,"HSPA, LTE, 5G",Oukitel C50,"720 x 1600 pixels, 20:9 ratio (~258 ppi density)",GSM 850 / 900 / 1800 / 1900,https://fdn2.gsmarena.com/vv/bigpic/oukitel-c50.jpg,UFS 2.1,Yes,,"1, 3, 28, 38, 41, 77, 78 SA/NSA","1, 3, 5, 7, 8, 19, 20, 28, 38, 39, 40, 41",10W wired,Mali-G57 MC2,
UFS 2.1,GSM / HSPA / LTE,"32 MP, f/2.3, (wide), 1/2.8""",Android 13,,No,"LED flash, HDR, panorama","6.6 inches, 104.9 cm2(~84.6% screen-to-body ratio)",,Nano-SIM + Nano-SIM,"GPS, GALILEO, GLONASS","48 MP, f/1.8, (wide), 1/2.0"", PDAF2 MP, f/2.2, (macro)","Available. Released 2024, May",,200 g (7.05 oz),Mediatek MT8788 (12 nm),"2024, May",,Li-Po 5150 mAh,HSDPA 850 / 900 / 1700(AWS) / 1900 / 2100,,About 120 EUR,"USB Type-C 2.0, OTG","Black, Green, Purple",Corning Gorilla Glass 5,1080p@30fps,,1080p@30fps,FM radio,"Fingerprint (side-mounted), accelerometer",256GB 6GB RAM,,microSDXC (uses shared SIM slot),Yes,"IPS LCD, 480 nits",Octa-core (4x2.0 GHz Cortex-A73 & 4x2.0 GHz Cortex-A53),,,"Wi-Fi 802.11 a/b/g/n/ac, dual-band","5.0, A2DP, LE",164.3 x 75.5 x 8.8 mm (6.47 x 2.97 x 0.35 in),Oukitel,"HSPA, LTE",Oukitel C37,"1080 x 2408 pixels, 20:9 ratio (~400 ppi density)",GSM 850 / 900 / 1800 / 1900,https://fdn2.gsmarena.com/vv/bigpic/oukitel-c37.jpg,,No,,,"1, 2, 3, 4, 5, 7, 8, 12, 17, 18, 19, 20, 25, 26, 28, 38, 39, 40, 41, 66",18W wired,Mali-G72 MP3,
UFS 2.1,GSM / HSPA / LTE,"32 MP, f/2.3, (wide), 1/2.8""",Android 13,,No,"LED flash, HDR, panorama","6.6 inches, 104.9 cm2(~84.6% screen-to-body ratio)",,Nano-SIM + Nano-SIM,"GPS, GALILEO, GLONASS",,"Available. Released 2024, June",,200 g (7.05 oz),Mediatek MT8788 (12 nm),"2024, May",,Li-Po 5150 mAh,HSDPA 850 / 900 / 1700(AWS) / 1900 / 2100,,About 140 EUR,"USB Type-C 2.0, OTG","Black, White, Green",Corning Gorilla Glass 5,1080p@30fps,,1080p@30fps,FM radio,"Fingerprint (side-mounted), accelerometer",256GB 6GB RAM,,microSDXC (uses shared SIM slot),Yes,"IPS LCD, 480 nits",Octa-core (4x2.0 GHz Cortex-A73 & 4x2.0 GHz Cortex-A53),"48 MP, f/1.8, (wide), 1/2.0"", PDAF2 MP, f/2.2, (macro)0.3 MP, (depth)",,"Wi-Fi 802.11 a/b/g/n/ac, dual-band","5.0, A2DP, LE",164.3 x 75.5 x 8.8 mm (6.47 x 2.97 x 0.35 in),Oukitel,"HSPA, LTE",Oukitel C38,"1080 x 2408 pixels, 20:9 ratio (~400 ppi density)",GSM 850 / 900 / 1800 / 1900,https://fdn2.gsmarena.com/vv/bigpic/oukitel-c38.jpg,,No,,,"1, 2, 3, 4, 5, 7, 8, 12, 17, 18, 19, 20, 25, 26, 28, 38, 39, 40, 41, 66",18W wired,Mali-G72 MP3,
Drop resistant up to 0.8m,GSM / HSPA / LTE,"13 MP, f/2.2, (wide), 1/3.06"", AF",Android 13,,No,"LED flash, panorama","6.8 inches, 111.6 cm2(~84.9% screen-to-body ratio)",,Nano-SIM,"GPS, GALILEO, GLONASS, BDS",,"Available. Released 2024, June",,205 g (7.23 oz),Unisoc T606 (12 nm),"2024, May",,Li-Po 5150 mAh,HSDPA 900 / 2100,,,"USB Type-C 2.0, OTG","Gray, Blue, Purple",Corning Gorilla Glass 5,Yes,,1080p@30fps,FM radio,"Fingerprint (side-mounted), accelerometer, proximity",128GB 6GB RAM,,microSDXC (dedicated slot),Yes,"IPS LCD, 450 nits",Octa-core (2x1.6 GHz Cortex-A75 & 6x1.6 GHz Cortex-A55),,,"Wi-Fi 802.11 a/b/g/n/ac, dual-band","5.0, A2DP, LE",168.1 x 78.2 x 9.4 mm (6.62 x 3.08 x 0.37 in),Oukitel,"HSPA, LTE",Oukitel C51,"720 x 1600 pixels, 20:9 ratio (~258 ppi density)",GSM 850 / 900 / 1800 / 1900,https://fdn2.gsmarena.com/vv/bigpic/oukitel-c51.jpg,UFS,Yes,,,"1, 3, 5, 7, 8, 19, 20, 38, 40, 41",10W wired,Mali-G57 MP1,"5 MP, f/2.2, (wide), 1/5"""
IP68/IP69K dust/water resistant (up to 1.5m for 30 min)Drop resistant up to 1.5mMIL-STD-810H compliant,GSM / HSPA / LTE,"5 MP, f/2.2, (wide), 1/2.74""",Android 13,,Yes,"LED flash, panorama","6.52 inches, 102.6 cm2(~73.9% screen-to-body ratio)",,Nano-SIM,"GPS, GLONASS, GALILEO","13 MP, f/2.2, (wide), 1/3.1"", AF2 MP, f/2.4, (macro)","Available. Released 2024, June",,366 g (12.91 oz),Mediatek MT8788 (12 nm),"2024, May",,Li-Po 10600 mAh,HSDPA 800 / 850 / 900 / 1700(AWS) / 1900 / 2100,,,"USB Type-C 2.0, OTG","Black, Gray, Green",Corning Gorilla Glass 5,1080p@30fps,,1080p@30fps,FM radio,"Fingerprint (rear-mounted), accelerometer, proximity, compass",256GB 6GB RAM,,No,Yes,"IPS LCD, 400 nits",Octa-core (4x2.0 GHz Cortex-A73 & 4x2.0 GHz Cortex-A53),,,"Wi-Fi 802.11 a/b/g/n/ac, dual-band","4.2, A2DP",172.2 x 80.7 x 17.1 mm (6.78 x 3.18 x 0.67 in),Oukitel,"HSPA, LTE",Oukitel WP38,"720 x 1600 pixels, 20:9 ratio (~269 ppi density)",GSM 850 / 900 / 1800 / 1900,https://fdn2.gsmarena.com/vv/bigpic/oukitel-wp38.jpg,UFS 2.1,No,,,"1, 2, 3, 4, 5, 7, 8, 12, 17, 18, 19, 20, 25, 26, 28, 38, 39, 40, 41, 66",18W wired,Mali-G72 MP3,
IP68/IP69K dust/water resistant (up to 1.5m for 30 min)Drop resistant up to 1.5mMIL-STD-810H compliant,GSM / HSPA / LTE / 5G,"32 MP, f/2.2, (wide), 1/2.74""",Android 14,,Yes,"LED flash, HDR, panorama","6.6 inches, 104.9 cm2(~75.2% screen-to-body ratio)",,Nano-SIM,"GPS, GLONASS, GALILEO, BDS","64 MP, f/1.9, (wide), 1/1.73"", PDAF8 MP, f/2.0, (night vision), 1/4"", AF, infrared night vision lights","Available. Released 2024, May",,360 g (12.70 oz),Mediatek Dimensity 6100+ (6 nm),"2024, May 13",,Li-Po 11000 mAh,HSDPA 800 / 850 / 900 / 1700(AWS) / 1900 / 2100,,$ 142.47 / £ 260.07,"USB Type-C 2.0, OTG","Gray, Green, Caramel",Corning Gorilla Glass 5,1080p@30fps,,"1440p@30fps, 1080p@30fps",FM radio,"Fingerprint (side-mounted), accelerometer, gyro, proximity, compass",256GB 8GB RAM,,No,Yes,"IPS LCD, 450 nits",Octa-core (2x2.2 GHz Cortex-A76 & 6x2.0 GHz Cortex-A55),,,"Wi-Fi 802.11 a/b/g/n/ac, dual-band","5.2, A2DP, LE",172.2 x 81 x 14.9 mm (6.78 x 3.19 x 0.59 in),Oukitel,"HSPA, LTE, 5G",Oukitel WP35,"1080 x 2408 pixels, 20:9 ratio (~400 ppi density)",GSM 850 / 900 / 1800 / 1900,https://fdn2.gsmarena.com/vv/bigpic/oukitel-wp35.jpg,UFS 2.2,No,£ 260.07,"1, 2, 3, 5, 7, 8, 20, 25, 28, 38, 41, 66, 77, 78, 79 SA/NSA","1, 2, 3, 4, 5, 7, 8, 12, 13, 17, 18, 19, 20, 25, 26, 28, 66, 71",18W wired,Mali-G57 MC2,
Waterproof (2ATM) 20m,No cellular connectivity,,Proprietary OS,,No,,2.13 inches,No,No,No,,"Available. Released 2024, May",,-,,"2024, April",,1000 mAh,N/A,,About 70 EUR,No,"Black, Titanium",Tempered glass,,,,No,"Accelerometer, heart rate, SpO2, blood pressure, barometer, compass",Unspecified,,No,Yes,AMOLED,,,No,No,5.2,52.7 x 44.5 x 14.2 mm (2.07 x 1.75 x 0.56 in),Oukitel,No,Oukitel BT80,410 x 502 pixels (~304 ppi density),N/A,https://fdn2.gsmarena.com/vv/bigpic/oukitel-bt80.jpg,No,No,,,N/A,,,
CDMA 1900,GSM / CDMA / HSPA / LTE,"32 MP, f/2.2, (wide), 1/2.8""",Android 13,,Yes,"LED flash, HDR, panorama","11.0 inches, 350.9 cm2(~74.9% screen-to-body ratio)",,Nano-SIM + Nano-SIM,"GPS, GLONASS, GALILEO, BDS",,"Available. Released 2024, March",,996.7 g (2.20 lb),Mediatek Helio G99 (6 nm),"2024, March",UFS 2.2,Li-Po 20000 mAh,HSDPA 800 / 850 / 900 / 1700(AWS) / 1900 / 2100,,About 280 EUR,"USB Type-C 2.0, OTG","Black, Black/Orange",Corning Gorilla Glass 5,1080p@30fps,,"1440p@30fps, 1080p@30fps",FM radio,"Accelerometer, gyro, proximity, compass",256GB 6GB RAM,,microSDXC (uses shared SIM slot),"Yes, with stereo speakers (4 speakers)","IPS LCD, 500 nits",Octa-core (2x2.2 GHz Cortex-A76 & 6x2.0 GHz Cortex-A55),"48 MP, f/1.8, (wide), 1/2"", PDAF20 MP, f/1.8, (night vision), 1/2.78"", AF, infrared night vision lights5 MP, f/2.2, (macro)",,"Wi-Fi 802.11 a/b/g/n/ac, dual-band","5.1, A2DP, LE",265.1 x 176.7 x 15.1 mm (10.44 x 6.96 x 0.59 in),Oukitel,"HSPA, LTE",Oukitel RT8,"1200 x 1920 pixels, 16:10 ratio (~206 ppi density)",GSM 850 / 900 / 1800 / 1900,https://fdn2.gsmarena.com/vv/bigpic/oukitel-rt8-.jpg,IP68/IP69K dust/water resistant (up to 1.5m for 30 min)MIL-STD-810H compliant,No,,,"1, 2, 3, 4, 5, 7, 8, 12, 13, 17, 18, 19, 20, 25, 26, 28, 34, 38, 39, 40, 41, 66",33W wiredReverse wired,Mali-G57 MC2,
CDMA 800 / 1900,GSM / CDMA / HSPA / LTE,"5 MP, f/2.2, (wide), 1/5.0""",Android 13,,Yes,LED flash,"6.52 inches, 102.6 cm2(~73.9% screen-to-body ratio)",,Nano-SIM + Nano-SIM,"GPS, GLONASS, GALILEO, BDS","13 MP, f/2.2, (wide), 1/3.1"", AF2 MP, (macro)","Available. Released 2024, January",,393.7 g (13.90 oz),Mediatek MT8788 (12 nm),"2024, January 06",UFS 2.1,Li-Po 10600 mAh,HSDPA 850 / 900 / 1700(AWS) / 1900 / 2100,,About 190 EUR,"USB Type-C 2.0, OTG","Black,",Corning Gorilla Glass 5,1080p@30fps,,1080p@30fps,FM radio,"Fingerprint (side-mounted), accelerometer, gyro, proximity, compass",128GB 8GB RAM,,microSDXC (uses shared SIM slot),"Yes (128 dB, 3.5W peak)","IPS LCD, 400 nits",Octa-core (4x2.0 GHz Cortex-A73 & 4x2.0 GHz Cortex-A53),,,"Wi-Fi 802.11 a/b/g/n/ac, dual-band","4.2, A2DP",172.2 x 80.7 x 19.1 mm (6.78 x 3.18 x 0.75 in),Oukitel,"HSPA, LTE",Oukitel WP36,"720 x 1600 pixels, 20:9 ratio (~269 ppi density)",GSM 850 / 900 / 1800 / 1900,https://fdn2.gsmarena.com/vv/bigpic/oukitel-wp36-1.jpg,IP68/IP69K dust/water resistant (up to 1.5m for 30 min)Drop resistant up to 1.5mMIL-STD-810H compliant,No,,,"1, 2, 3, 4, 5, 7, 8, 12, 17, 18, 19, 20, 25, 26, 28, 38, 39, 40, 41, 66",15W wiredReverse wired,Mali-G72 MP3,
Stylus support,No cellular connectivity,"5 MP, f/2.0, AF",Android 13,,No,LED flash,"10.1 inches, 295.8 cm2(~73.8% screen-to-body ratio)",No,No,No,,"Available. Released 2024, March",,553 g (1.22 lb),RK3562 (22 nm),"2024, March",,8000 mAh,N/A,,About 90 EUR,USB Type-C,"Green, Gray, Purple",,Yes,,Yes,No,Accelerometer,64GB 4GB RAM,,microSDXC,"Yes, with stereo speakers","IPS LCD, 330 nits",Quad-core 2.0 GHz Cortex-A53,,No,"Wi-Fi 802.11 a/b/g/n/ac/6, dual-band","5.0, A2DP, LE",246.1 x 162.8 x 9.6 mm (9.69 x 6.41 x 0.38 in),Oukitel,,Oukitel OT6,"800 x 1280 pixels, 16:10 ratio (~149 ppi density)",N/A,https://fdn2.gsmarena.com/vv/bigpic/oukitel-ot6.jpg,eMMC 5.1,Yes,,,N/A,10W wired,Mali-G52 2EE,"2 MP, f/2.8"
CDMA 800 / 1900,GSM / CDMA / HSPA / LTE / 5G,"32 MP, f/2.2, (wide), 1/2.74""",Android 13,,Yes,"LED flash, HDR, panorama","6.6 inches, 104.9 cm2(~71.2% screen-to-body ratio)",,Nano-SIM +eSIM,"GPS, GLONASS, GALILEO, BDS",,"Available. Released 2024, January",,577.5 g (1.27 lb),Mediatek Dimensity 6100+ (6 nm),"2024, January 06",UFS 2.2,Li-Po 22000 mAh,HSDPA 800 / 850 / 900 / 1700(AWS) / 1900 / 2100,,€ 339.99 / $ 238.00 / £ 299.99,"USB Type-C 2.0, OTG",Black,Corning Gorilla Glass 5,1080p@30fps,,"1440p@30fps, 1080p@30fps",FM radio,"Fingerprint (side-mounted), accelerometer, gyro, proximity, compass",256GB 8GB RAM,,No,"Yes (136 dB, 5W peak, 36mm speaker)","IPS LCD, 450 nits",Octa-core (2x2.2 GHz Cortex-A76 & 6x2.0 GHz Cortex-A55),"64 MP, f/1.9, (wide), 1/1.73"", PDAF20 MP, f/2.2, (night vision), 1/2.78"", AF, infrared night vision lights2 MP, f/2.2, (macro)",,"Wi-Fi 802.11 a/b/g/n/ac, dual-band","5.2, A2DP, LE",175.4 x 84 x 27.2 mm (6.91 x 3.31 x 1.07 in),Oukitel,"HSPA, LTE, 5G",Oukitel WP33 Pro,"1080 x 2408 pixels, 20:9 ratio (~400 ppi density)",GSM 850 / 900 / 1800 / 1900,https://fdn2.gsmarena.com/vv/bigpic/oukitel-wp33pro-1.jpg,IP68/IP69K dust/water resistant (up to 1.5m for 30 min)Drop resistant up to 1.5mMIL-STD-810H compliant,No,€ 339.99,"1, 2, 3, 5, 7, 8, 20, 25, 28, 38, 41, 66, 77, 78, 79 SA/NSA","1, 2, 3, 4, 5, 7, 8, 12, 13, 17, 18, 19, 20, 25, 26, 28, 66, 71",33W wired18W reverse wired,Mali-G57 MC2,
Stylus support,GSM / HSPA / LTE,"13 MP, f/2.2, (wide), 1/3.06"", AF",Android 13,,No,"LED flash, panorama, HDR","11.0 inches, 350.9 cm2(~81.2% screen-to-body ratio)",,Nano-SIM + Nano-SIM,"GPS, GLONASS, GALILEO, BDS",,"Available. Released 2024, January",,515 g (1.14 lb),Unisoc T606 (12 nm),"2024, January 06",,Li-Po 8800 mAh,HSDPA 900 / 2100,HDR,About 170 EUR,USB Type-C 2.0,"Gray, Green, Purple",Corning Gorilla Glass 5,720p@30fps,,1080p@30fps,No,Accelerometer,256GB 6GB RAM,,microSDXC (uses shared SIM slot),"Yes, with stereo speakers (4 speakers)","IPS LCD, 350 nits",Octa-core (2x1.6 GHz Cortex-A75 & 6x1.6 GHz Cortex-A55),,,"Wi-Fi 802.11 a/b/g/n/ac, dual-band","5.0, A2DP, LE",256.8 x 168.3 x 7.8 mm (10.11 x 6.63 x 0.31 in),Oukitel,"HSPA, LTE",Oukitel OT8,"1200 x 1920 pixels, 16:10 ratio (~206 ppi density)",GSM 850 / 900 / 1800 / 1900,https://fdn2.gsmarena.com/vv/bigpic/oukitel-ot8.jpg,UFS 2.2,Yes,,,"1, 3, 7, 8, 19, 20, 38, 39, 40, 41",18W wired,Mali-G57 MP1,"8 MP, f/2.2, (wide), 1/4.0"""
CDMA 800 / 1900,GSM / CDMA / HSPA / LTE / 5G,"32 MP, f/2.2, (wide), 1/2.74""",Android 13,UFS 3.1,Yes,"LED flash, HDR, panorama","6.78 inches, 109.2 cm2(~73.6% screen-to-body ratio)",,Nano-SIM +eSIM,"GPS (L1+L5), GLONASS, GALILEO, BDS",,"Available. Released 2023, November 11",,413.8 g (14.60 oz),Mediatek Dimensity 8050 (6 nm),"2023, October","Back display:AMOLED, 1.8 inches, 390 x 450 pixels, 500 nits, 341 ppi",Li-Po 11000 mAh,HSDPA 800 / 850 / 900 / 1700(AWS) / 1900 / 2100,,About 500 EUR,"USB Type-C 2.0, OTG",Black,Corning Gorilla Glass 5,1080p@30fps,,"4K@30fps, 1080p@30fps",Unspecified,"Fingerprint (side-mounted), accelerometer, gyro, proximity, compass",512GB 12GB RAM,,No,Yes,"IPS LCD, 120Hz, 430 nits",Octa-core (1x3.0 GHz Cortex-A78 & 3x2.6 GHz Cortex-A78 & 4x2.0 GHz Cortex-A55),"108 MP, f/1.9, (wide), 1/1.33"", PDAF20 MP, f/2.0, (night vision), 1/2.78"", AF, infrared night vision lights5 MP, f/2.0, (macro), 1/5.0""",,"Wi-Fi 802.11 a/b/g/n/ac/6, dual-band","5.2, A2DP, LE",177.4 x 83.6 x 19 mm (6.98 x 3.29 x 0.75 in),Oukitel,"HSPA, LTE, 5G",Oukitel WP30 Pro,1080 x 2460 pixels (~396 ppi density),GSM 850 / 900 / 1800 / 1900,https://fdn2.gsmarena.com/vv/bigpic/oukitel-wp30-pro.jpg,IP68/IP69K dust/water resistant (up to 1.5m for 30 min)Drop resistant up to 1.5mMIL-STD-810H compliant,Unspecified,,"1, 2, 3, 5, 7, 8, 12, 20, 25, 28, 34, 38, 39, 40, 41, 48, 66, 71, 77, 78, 79 SA/NSA","1, 2, 3, 4, 5, 7, 8, 12, 13, 17, 18, 19, 20, 25, 26, 28, 34, 38, 39, 40, 41, 66, 71","120W wired, 50% in 15 min, 100% in 50 min",Mali-G77 MC9,
Stylus support,GSM / HSPA / LTE,"8 MP, f/2.2, (wide), 1/4.0""",Android 13,,No,LED flash,"12.0 inches, 409.9 cm2(~84.6% screen-to-body ratio)",,Nano-SIM + Nano-SIM,"GPS, GLONASS, GALILEO, BDS","16 MP, f/2.2, (wide), 1/3.1"", AF2 MP, (macro)","Available. Released 2023, November 11",,560 g (1.23 lb),Mediatek Helio G99 (6 nm),"2023, October",,Li-Po 11000 mAh,HSDPA 850 / 900 / 1700(AWS) / 1900 / 2100,,About 200 EUR,"USB Type-C 2.0, OTG","Gray, Green, Blue",Corning Gorilla Glass 5,1080p@30fps,,1080p@30fps,FM radio,"Accelerometer, gyro, proximity, compass",256GB 12GB RAM,,microSDXC (uses shared SIM slot),"Yes, with stereo speakers (4 speakers)","IPS LCD, 300 nits",Octa-core (2x2.2 GHz Cortex-A76 & 6x2.0 GHz Cortex-A55),,,"Wi-Fi 802.11 b/g/n/ac, dual-band","5.2, A2DP, LE",278.5 x 174 x 7.5 mm (10.96 x 6.85 x 0.30 in),Oukitel,"HSPA, LTE",Oukitel OT5,"1200 x 2000 pixels, 5:3 ratio (~194 ppi density)",GSM 850 / 900 / 1800 / 1900,https://fdn2.gsmarena.com/vv/bigpic/oukitel-ot5-.jpg,UFS,Yes,,,"1, 2, 3, 4, 5, 7, 8, 12, 17, 18, 19, 20, 25, 26, 28, 38, 39, 40, 41, 66",18W wired,Mali-G57 MC2,
IP68/IP69K dust/water resistant (up to 1.5m for 30 min)Drop resistant up to 1mMIL-STD-810H compliant,GSM / HSPA / LTE,"32 MP, f/2.2, (wide), 1/2.8""",Android 13,,Yes,"LED flash, HDR, panorama","10.1 inches, 295.8 cm2(~70.8% screen-to-body ratio)",,Nano-SIM + Nano-SIM,"GPS, GLONASS, GALILEO, BDS",,"Available. Released 2023, September",,1212 g (2.67 lb),Mediatek Dimensity 720 (7 nm),"2023, August",,Li-Po 32000 mAh,HSDPA 850 / 900 / 1700(AWS) / 1900 / 2100,,About 470 EUR,"USB Type-C 2.0, OTG","Black, Blue",,1080p@30fps,,1080p@30fps,FM radio,"Fingerprint (rear-mounted), accelerometer, gyro, proximity, compass",256GB 12GB RAM,,microSDXC (uses shared SIM slot),"Yes, with stereo speakers","IPS LCD, 400 nits",Octa-core (2x2.0 GHz Cortex-A76 & 6x2.0 GHz Cortex-A55),"48 MP, f/1.8, (wide), 1/2"", PDAF20 MP, f/1.8, (night vision), 1/2.78"", AF, infrared night vision lights2 MP, f/2.4, (macro)",,"Wi-Fi 802.11 a/b/g/n/ac, dual-band","5.1, A2DP, LE",249.1 x 167.8 x 19.8 mm (9.81 x 6.61 x 0.78 in),Oukitel,"HSPA, LTE",Oukitel RT7 5G,"1200 x 1920 pixels, 16:10 ratio (~224 ppi density)",GSM 850 / 900 / 1800 / 1900,https://fdn2.gsmarena.com/vv/bigpic/oukitel-rt7-.jpg,UFS 2.2,No,,,"1, 2, 3, 4, 5, 7, 8, 12, 17, 18, 19, 20, 25, 26, 28, 38, 39, 40, 41, 66",33W wiredReverse wired,Mali-G57 MC3,
IP68/IP69K dust/water resistant (up to 1.5m for 30 min)Drop resistant up to 1.5mMIL-STD-810H compliant,GSM / HSPA / LTE,5 MP,Android 13,,Yes,LED flash,"5.93 inches, 90.7 cm2(~67.4% screen-to-body ratio)",,Nano-SIM + Nano-SIM,"GPS, GLONASS, GALILEO, BDS","20 MP, (wide)Secondary unspecified camera","Available. Released 2023, November 01",,297 g (10.48 oz),Unisoc UMS9230,"2023, October",,Li-Po 6300 mAh,HSDPA 850 / 900 / 1700(AWS) / 1900 / 2100,,About 150 EUR,"USB Type-C 2.0, OTG","Gray, Orange, Green",,Yes,,1080p@30fps,Unspecified,,128GB 4GB RAM,,microSDXC (uses shared SIM slot),Yes,IPS LCD,Octa-core 2.0 GHz,,,Yes,Yes,166 x 81.1 x 15.1 mm (6.54 x 3.19 x 0.59 in),Oukitel,"HSPA, LTE",Oukitel WP32,"720 x 1440 pixels, 18:9 ratio (~271 ppi density)",GSM 850 / 900 / 1800 / 1900,https://fdn2.gsmarena.com/vv/bigpic/oukitel-wp32-.jpg,,Unspecified,,,"1, 2, 3, 4, 5, 7, 8, 12, 17, 28, 19, 25, 26, 28, 66",,Mali-G57 MP1,
IP68/IP69K dust/water resistant (up to 1.5m for 30 min)Drop resistant up to 1.5mMIL-STD-810H compliant,GSM / HSPA / LTE,"5 MP, f/2.2, (wide)",Android 13,,Yes,LED flash,"6.52 inches, 102.6 cm2",,Nano-SIM + Nano-SIM,"GPS, GLONASS, GALILEO, BDS",,Available. Released 2023,,-,Unisoc T606 (12 nm),2023,,Li-Po 10600 mAh,HSDPA 850 / 900 / 1700(AWS) / 1900 / 2100,,About 130 EUR,"USB Type-C 2.0, OTG","Black, Orange, Green",,Yes,,1080p@30fps,Unspecified,"Fingerprint (rear-mounted), accelerometer, compass",128GB 8GB RAM,,microSDXC (uses shared SIM slot),Yes,"IPS LCD, 400 nits (typ)",Octa-core (2x1.6 GHz Cortex-A75 & 6x1.6 GHz Cortex-A55),"13 MP, (wide), PDAF2 MP, f/2.2, (macro)Third unspecified camera",,Yes,"5.0, A2DP, LE",-,Oukitel,"HSPA, LTE",Oukitel WP23Pro,"720 x 1600 pixels, 20:9 ratio (~269 ppi density)",GSM 850 / 900 / 1800 / 1900,https://fdn2.gsmarena.com/vv/bigpic/oukitel-wp23pro.jpg,,Unspecified,,,LTE,Reverse wired,Mali-G57 MP1,
IP68/IP69K dust/water resistant (up to 1.5m for 30 min)Drop resistant up to 1.5mMIL-STD-810H compliant,GSM / HSPA / LTE,16 MP,Android 13,,Yes,"LED flash, panorama","6.8 inches, 109.8 cm2",,Nano-SIM + Nano-SIM,"GPS, GLONASS, GALILEO, BDS",,"Available. Released 2023, September",,-,Mediatek Helio G99 (6 nm),"2023, September",,Li-Po 8500 mAh,HSDPA 850 / 900 / 1700(AWS) / 1900 / 2100,,About 280 EUR,"USB Type-C 2.0, OTG","Blue, Camo, Camouflage",,Yes,,"4K@30fps, 1080p@30fps",Unspecified,Unspecified,256GB 12GB RAM,,microSDXC (uses shared SIM slot),Yes,"IPS LCD, 120Hz",Octa-core (2x2.2 GHz Cortex-A76 & 6x2.0 GHz Cortex-A55),"64 MP, (wide), PDAF20 MP, (night vision), 4 infrared night vision lights2 MP, (macro)",,Yes,Yes,-,Oukitel,"HSPA, LTE",Oukitel WP27,1080 x 2460 pixels (~395 ppi density),GSM 850 / 900 / 1800 / 1900,https://fdn2.gsmarena.com/vv/bigpic/oukitel-wp27.jpg,,Unspecified,,,"1, 2, 3, 4, 5, 7, 8, 12, 13, 17, 18, 19, 20, 25, 26, 28, 38, 40, 41, 66",,Mali-G57 MC2,
Waterproof (1ATM)IP68 dust/water resistant,No cellular connectivity,,Proprietary OS,,No,,1.43 inches,No,No,No,,"Available. Released 2024, January",,76 g (2.68 oz),,"2024, January 15",,Li-Po 400 mAh,N/A,,About 100 EUR,No,"Silver, Gray",,,,,No,"Accelerometer, heart rate, SpO2",,,No,Yes,"AMOLED, 600 nits",,,No,No,5.2,51.2 x 51.2 x 13 mm (2.02 x 2.02 x 0.51 in),Oukitel,No,Oukitel BT50,466 x 466 pixels (~326 ppi density),N/A,https://fdn2.gsmarena.com/vv/bigpic/oukitel-bt50.jpg,No,No,,,N/A,,,
Waterproof (5ATM)IP68/IP69K dust/water resistant (up to 10m)MIL-STD-810H compliant,No cellular connectivity,,Proprietary OS,,No,,1.43 inches,No,No,No,,"Available. Released 2023, September",,-,,"2023, September",,Li-Ion 410 mAh,N/A,,About 80 EUR,No,"Black, Orange",,,,,No,"Accelerometer, heart rate, SpO2",,,No,Yes,AMOLED,,,No,No,Yes,48.7 x 48.7 x 12.6 mm (1.92 x 1.92 x 0.50 in),Oukitel,No,Oukitel BT10,466 x 466 pixels (~326 ppi density),N/A,https://fdn2.gsmarena.com/vv/bigpic/oukitel-bt10-.jpg,No,No,,,N/A,,,
Waterproof (5ATM)IP68/IP69K dust/water resistant (up to 50m)MIL-STD-810H compliant,No cellular connectivity,,Proprietary OS,,No,,1.96 inches,No,No,No,,"Available. Released 2023, August",,-,,"2023, August",,Li-Ion 350 mAh,N/A,,About 80 EUR,No,Black,,,,,No,"Accelerometer, heart rate, SpO2",,,No,Yes,AMOLED,,,No,No,"5.2, A2DP, LE",-,Oukitel,No,Oukitel BT20,410 x 502 pixels (~331 ppi density),N/A,https://fdn2.gsmarena.com/vv/bigpic/oukitel-bt20-.jpg,No,No,,,N/A,,,
IP68/IP69K dust/water resistant (up to 1.5m for 30 min)Drop resistant up to 1.5mMIL-STD-810H compliant,GSM / HSPA / LTE,5 MP,Android 13,,No,LED flash,"6.52 inches, 102.6 cm2",,Nano-SIM + Nano-SIM,"GPS, GLONASS, GALILEO, BDS","48 MP, (wide)2 MP, (macro)","Available. Released 2023, July",,-,,"2023, July",,Li-Po 10600 mAh,HSDPA 850 / 900 / 1700(AWS) / 1900 / 2100,,About 200 EUR,USB Type-C 2.0,"Black, Orange, Green",Corning Gorilla Glass,Yes,,1080p@30fps,Unspecified,Unspecified,256GB 8GB RAM,,microSDXC (uses shared SIM slot),Yes,IPS LCD,,,,Yes,Yes,-,Oukitel,"HSPA, LTE",Oukitel WP28,"720 x 1600 pixels, 20:9 ratio (~269 ppi density)",GSM 850 / 900 / 1800 / 1900,https://fdn2.gsmarena.com/vv/bigpic/oukitel-wp28-.jpg,,Unspecified,,,LTE,18W wired,,
IP68/IP69K dust/water resistant (up to 1.5m for 30 min)Drop resistant up to 1.5mMIL-STD-810H compliantFlashlight (1200 lumens),GSM / HSPA / LTE,16 MP,Android 13,,Yes,LED flash,"6.58 inches, 104.3 cm2",,Nano-SIM + Nano-SIM,"GPS, GLONASS, GALILEO, BDS",,"Available. Released 2023, June",,-,Mediatek MT6779 Helio P90 (12 nm),"2023, June",,Li-Po 10000 mAh,HSDPA 850 / 900 / 1700(AWS) / 1900 / 2100,,About 280 EUR,"USB Type-C 2.0, OTG",Black,,Yes,,1080p@30fps,Unspecified,Fingerprint (side-mounted); unspecified sensors,256GB 16GB RAM,,microSDXC (uses shared SIM slot),Yes,"IPS LCD, 480 nits",Octa-core (2x2.2 GHz Cortex-A75 & 6x2.0 GHz Cortex-A55),"48 MP, f/1.8, (wide), PDAF20 MP, (night vision), 4 infrared night vision lights2 MP, (macro)",,Yes,"5.0, A2DP, LE",-,Oukitel,"HSPA, LTE",Oukitel WP26,"1080 x 2408 pixels, 20:9 ratio (~401 ppi density)",GSM 850 / 900 / 1800 / 1900,https://fdn2.gsmarena.com/vv/bigpic/oukitel-wp26-.jpg,,Unspecified,,,LTE,,PowerVR GM9446,
IP68/IP69K dust/water resistant (up to 1.5m for 30 min)Drop resistant up to 1.5mMIL-STD-810H compliant,GSM / HSPA / LTE,"16 MP, f/2.0, (wide), AF",Android 13,,No,LED flash,"10.1 inches, 295.8 cm2(~70.8% screen-to-body ratio)",,Nano-SIM + Nano-SIM,"GPS, GLONASS, GALILEO, BDS",,"Available. Released 2023, July",,1030 g (2.27 lb),Mediatek MT8788 (12 nm),"2023, July",,Li-Po 20000 mAh,HSDPA 850 / 900 / 1700(AWS) / 1900 / 2100,,About 350 EUR,"USB Type-C 2.0, OTG","Black, Orange",,720p@30fps,,1080p@30fps,Unspecified,"Accelerometer, gyro, proximity, compass",256GB 8GB RAM,,microSDXC (uses shared SIM slot),"Yes, with stereo speakers","IPS LCD, 350 nits",Octa-core (4x2.0 GHz Cortex-A73 & 4x2.0 GHz Cortex-A53),,,"Wi-Fi 802.11 a/b/g/n/ac, dual-band","4.2, A2DP",249.1 x 167.8 x 17.3 mm (9.81 x 6.61 x 0.68 in),Oukitel,"HSPA, LTE",Oukitel RT6,"1200 x 1920 pixels, 16:10 ratio (~224 ppi density)",GSM 850 / 900 / 1800 / 1900,https://fdn2.gsmarena.com/vv/bigpic/oukitel-rt6-.jpg,UFS 2.1,Unspecified,,,"1, 2, 3, 4, 5, 7, 8, 12, 17, 18, 19, 20, 25, 26, 28, 38, 39, 40, 41, 66",33W wiredReverse wired,Mali-G72 MP3,"16 MP, f/2.2, (wide)"
24-bit/192kHz Hi-Res audio,GSM / HSPA / LTE,"8 MP, f/2.0, (wide)",Android 13,,No,"LED flash, HDR, panorama","10.51 inches, 320.3 cm2",,Nano-SIM + Nano-SIM,"GPS, GLONASS, GALILEO, BDS","16 MP, f/2.2, (wide), 1/3.1""2 MP, (macro)","Available. Released 2023, June",,509 g (1.12 lb),Unisoc Tiger T616 (12 nm),"2023, June",,Li-Po 8250 mAh,HSDPA 850 / 900 / 1700(AWS) / 1900 / 2100,,About 220 EUR,"USB Type-C 2.0, OTG","Gray, Silver, Blue",,1080p@30fps,,1080p@30fps,Unspecified,Unspecified,256GB 8GB RAM,,microSDXC (uses shared SIM slot),"Yes, with stereo speakers (4 speakers)",IPS LCD,Octa-core (2x2.0 GHz Cortex-A75 & 6x1.8 GHz Cortex-A55),,,Yes,Yes,7.4 mm thickness,Oukitel,"HSPA, LTE",Oukitel OKT3,"1200 x 1920 pixels, 16:10 ratio (~215 ppi density)",GSM 850 / 900 / 1800 / 1900,https://fdn2.gsmarena.com/vv/bigpic/oukitel-okt3-1.jpg,,Yes,,,LTE,Reverse wired,Mali-G57 MP1,
IP68/IP69K dust/water resistant (up to 1.5m for 30 min)Drop resistant up to 1.5mMIL-STD-810G compliantStylus support,GSM / HSPA / LTE,"16 MP, f/2.2, (wide), 1/3.1"", AF",Android,,No,LED flash,"10.1 inches, 295.8 cm2(~69.3% screen-to-body ratio)",,Nano-SIM + Nano-SIM,"GPS, GLONASS, GALILEO, BDS",,"Available. Released 2023, May",,860 g (1.90 lb),Mediatek MT8788 (12 nm),"2023, May",,Li-Po 10000 mAh,HSDPA 850 / 900 / 1700(AWS) / 1900 / 2100,,About 270 EUR,"USB Type-C 2.0, OTG","Black, Orange",,Yes,,1080p@30fps,Unspecified,"Accelerometer, gyro, compass",256GB 14GB RAM,,microSDXC,"Yes, with stereo speakers","IPS LCD, 400 nits",Octa-core (4x2.0 GHz Cortex-A73 & 4x2.0 GHz Cortex-A53),,,"Wi-Fi 802.11 a/b/g/n/ac, dual-band","4.2, A2DP",251.2 x 170 x 14.2 mm (9.89 x 6.69 x 0.56 in),Oukitel,"HSPA, LTE",Oukitel RT5,"1200 x 1920 pixels, 16:10 ratio (~224 ppi density)",GSM 850 / 900 / 1800 / 1900,https://fdn2.gsmarena.com/vv/bigpic/oukitel-rt5-.jpg,,Unspecified,,,"1, 2, 3, 4, 5, 7, 8, 12, 17, 18, 19, 20, 25, 26, 28, 38, 39, 40, 41, 66",18W wiredReverse wired,Mali-G72 MP3,"16 MP, f/2.0, (wide), 1/2.8"""
IP68/IP69K dust/water resistant (up to 1.5m for 30 min)Drop resistant up to 1.5mMIL-STD-810H compliant,GSM / HSPA / LTE,"5 MP, f/2.2",Android 13,,Yes,LED flash,"6.52 inches, 102.6 cm2",,Nano-SIM + Nano-SIM,"GPS, GLONASS, GALILEO, BDS","13 MP, (wide), PDAF2 MP, f/2.2, (macro)","Available. Released 2023, April",,-,Mediatek MT6765 Helio P35 (12 nm),"2023, April",,Li-Po 10600 mAh,HSDPA 850 / 900 / 1700(AWS) / 1900 / 2100,,About 160 EUR,"USB Type-C 2.0, OTG","Black, Orange, Green",,Yes,,1080p@30fps,Unspecified,"Fingerprint (rear-mounted), accelerometer, compass",64GB 4GB RAM,,microSDXC (uses shared SIM slot),Yes,"IPS LCD, 400 nits",Octa-core (4x2.35 GHz Cortex-A53 & 4x1.8 GHz Cortex-A53),,,Yes,"5.0, A2DP, LE",-,Oukitel,"HSPA, LTE",Oukitel WP23,"720 x 1600 pixels, 20:9 ratio (~269 ppi density)",GSM 850 / 900 / 1800 / 1900,https://fdn2.gsmarena.com/vv/bigpic/oukitel-wp23.jpg,,Unspecified,,,LTE,Reverse wired,PowerVR GE8320,
IP68/IP69K dust/water resistant (up to 1.5m for 30 min)Drop resistant up to 1.5mMIL-STD-810H compliant,GSM / HSPA / LTE,16 MP,Android 13,,Yes,Dual-LED flash,"6.58 inches, 104.3 cm2",,Nano-SIM + Nano-SIM,"GPS, GLONASS, GALILEO, BDS",,"Available. Released 2023, March",,-,Mediatek MT6779 Helio P90 (12 nm),"2023, March",,Li-Po 10000 mAh,HSDPA 850 / 900 / 1700(AWS) / 1900 / 2100,,About 240 EUR,"USB Type-C 2.0, OTG",Black,,Yes,,"4K@30fps, 1080p@30fps",Wireless FM radio,"Fingerprint (side-mounted), accelerometer, proximity",256GB 8GB RAM,,microSDXC (uses shared SIM slot),"Yes (125 dB, 4W peak, 36mm speaker)","IPS LCD, 480 nits",Octa-core (2x2.2 GHz Cortex-A75 & 6x2.0 GHz Cortex-A55),"48 MP, f/1.8, (wide), PDAF20 MP, (night vision), infrared night vision lights2 MP, (macro)",,Yes,"5.0, A2DP, LE",-,Oukitel,"HSPA, LTE",Oukitel WP22,"1080 x 2408 pixels, 20:9 ratio (~401 ppi density)",GSM 850 / 900 / 1800 / 1900,https://fdn2.gsmarena.com/vv/bigpic/oukitel-wp22-.jpg,,Unspecified,,,LTE,Reverse wired,PowerVR GM9446,
IP68/IP69K dust/water resistant (up to 1.5m for 30 min)Drop resistant up to 1.5mMIL-STD-810H compliant,GSM / HSPA / LTE,20 MP,Android 13,,Yes,LED flash,"6.78 inches, 109.2 cm2",,Nano-SIM + Nano-SIM,"GPS, GLONASS, GALILEO, BDS",,"Available. Released 2023, March",,-,Mediatek Helio G99 (6 nm),"2023, March",,Li-Po 9800 mAh,HSDPA 850 / 900 / 1700(AWS) / 1900 / 2100,,About 470 EUR,"USB Type-C 2.0, OTG",Black,,Yes,,1080p@30fps,Unspecified,Unspecified,256GB 12GB RAM,,microSDXC (uses shared SIM slot),Yes,"IPS LCD, 120Hz",Octa-core (2x2.2 GHz Cortex-A76 & 6x2.0 GHz Cortex-A55),"64 MP, f/1.9, (wide), PDAF20 MP, (night vision), 3 infrared night vision lights5 MP, (thermal camera), 256×192 pixels",,Yes,"5.2, A2DP, LE",-,Oukitel,"HSPA, LTE",Oukitel WP21 Ultra,1080 x 2460 pixels (~396 ppi density),GSM 850 / 900 / 1800 / 1900,https://fdn2.gsmarena.com/vv/bigpic/oukitel-wp21-ultra-1.jpg,UFS 2.2,Unspecified,,,LTE,"66W wired, 50% in 25 min",Mali-G57 MC2,
HSDPA 900 / 2100,GSM / HSPA / LTE,"5 MP, f/2.2, (wide), 1/5.0""",Android 13,,No,"Dual-LED flash, panorama","6.56 inches, 103.4 cm2(~83.7% screen-to-body ratio)",,Nano-SIM + Nano-SIM,"GPS, GLONASS, GALILEO, BDS","13 MP, f/2.2, (wide), 1/3.0"", AFSecondary unspecified camera","Available. Released 2023, September",,199 g (7.02 oz),Unisoc T606 (12 nm),"2023, September",eMMC,Li-Po 5150 mAh,HSDPA 850 / 1700(AWS) / 1900 / 2100,,About 110 EUR,"USB Type-C 2.0, OTG","Black, Green, Light Blue",,720p@30fps,,1080p@30fps,Unspecified,"Fingerprint (side-mounted), accelerometer, proximity",128GB 4GB RAM,,microSDXC (dedicated slot),Yes,"IPS LCD, 400 nits",Octa-core (2x1.6 GHz Cortex-A75 & 6x1.6 GHz Cortex-A55),,,"Wi-Fi 802.11 a/b/g/n/ac, dual-band","5.1, A2DP, LE",163.8 x 75.4 x 9.2 mm (6.45 x 2.97 x 0.36 in),Oukitel,"HSPA, LTE",Oukitel C36,"720 x 1612 pixels, 20:9 ratio (~269 ppi density)",GSM 850 / 900 / 1800 / 1900,https://fdn2.gsmarena.com/vv/bigpic/oukitel-c36.jpg,"1, 3, 5, 7, 8, 19, 20, 38, 40, 41",Yes,,,"1, 2, 3, 4, 5, 7, 8, 12, 17, 19, 20, 25, 26, 28, 66",10W wired,Mali-G57 MP1,
HSDPA 900 / 2100,GSM / HSPA / LTE,8 MP,Android 13,,No,"Dual-LED flash, panorama","6.56 inches, 103.9 cm2(~84.1% screen-to-body ratio)",,Nano-SIM + Nano-SIM,"GPS, GLONASS, GALILEO, BDS","50 MP, (wide), AFSecondary unspecified camera","Available. Released 2023, August",,199 g (7.02 oz),Unisoc Tiger T616 (12 nm),"2023, August",eMMC,Li-Po 5150 mAh,HSDPA 850 / 1700(AWS) / 1900 / 2100,,About 190 EUR,"USB Type-C 2.0, OTG","Black, Green, Light Blue",,Yes,,1080p@30fps,Unspecified,"Fingerprint (side-mounted), accelerometer, proximity",256GB 12GB RAM,,microSDXC (dedicated slot),Yes,"IPS LCD, 400 nits",Octa-core (2x2.0 GHz Cortex-A75 & 6x1.8 GHz Cortex-A55),,,"Wi-Fi 802.11 a/b/g/n/ac, dual-band","5.1, A2DP, LE",163.8 x 75.4 x 9.2 mm (6.45 x 2.97 x 0.36 in),Oukitel,"HSPA, LTE",Oukitel C35,"720 x 1600 pixels, 20:9 ratio (~267 ppi density)",GSM 850 / 900 / 1800 / 1900,https://fdn2.gsmarena.com/vv/bigpic/oukitel-c35-1.jpg,"1, 3, 5, 7, 8, 19, 20, 38, 40, 41",Yes,,,"1, 2, 3, 4, 5, 7, 8, 12, 17, 19, 20, 25, 26, 28, 66",10W wired,Mali-G57 MP1,
,GSM / HSPA / LTE,"48 MP, f/1.8, (wide), AF",Android 13,,No,LED flash,"3.5 inches, 33.8 cm2",,Nano-SIM + Nano-SIM,"GPS, GLONASS, GALILEO",,"Available. Released 2023, March",,-,Mediatek MT8788 (12 nm),"2023, March",,Li-Ion 3050 mAh,HSDPA 850 / 1900 / 2100,,About 140 EUR,Yes,"Black, Brown",,Yes,Leather back,1080p@30fps,Unspecified,Unspecified,128GB 8GB RAM,,microSDXC,Yes,"IPS LCD, 400 nits",Octa-core (4x2.0 GHz Cortex-A73 & 4x2.0 GHz Cortex-A53),,,Yes,Yes,-,Oukitel,"HSPA, LTE",Oukitel K16,"720 x 1280 pixels, 16:9 ratio (~420 ppi density)",GSM 850 / 900 / 1800 / 1900,https://fdn2.gsmarena.com/vv/bigpic/oukitel-k16.jpg,,Unspecified,,,LTE,,,"8 MP, f/2.0"
,GSM / HSPA / LTE,5 MP,Android 13,,No,"LED flash, panorama","6.8 inches, 111.6 cm2",,Nano-SIM + Nano-SIM,"GPS, GLONASS, GALILEO, BDS",,"Available. Released 2023, May",,210 g (7.41 oz),Unisoc T606 (12 nm),"2023, May",,Li-Po 5150 mAh,HSDPA 850 / 900 / 2100,,About 160 EUR,USB Type-C 2.0,"Gray, Blue, Orange",,Yes,,1080p@30fps,Unspecified,Fingerprint (rear-mounted); unspecified sensors,256GB 8GB RAM,,microSDXC (dedicated slot),Yes,"IPS LCD, 450 nits",Octa-core (2x1.6 GHz Cortex-A75 & 6x1.6 GHz Cortex-A55),"50 MP, (wide), AFOther unspecified cameras",,Yes,"5.0, A2DP, LE",9.8 mm thickness,Oukitel,"HSPA, LTE",Oukitel C33,"720 x 1600 pixels, 20:9 ratio (~258 ppi density)",GSM 850 / 900 / 1800 / 1900,https://fdn2.gsmarena.com/vv/bigpic/oukitel-c33-.jpg,,Yes,,,LTE,,Mali-G57 MP1,
,GSM / HSPA / LTE,"5 MP, f/2.2",Android 12,,No,"LED flash, panorama","6.52 inches, 102.6 cm2",,Nano-SIM + Nano-SIM,"GPS, GLONASS, GALILEO, BDS",,"Available. Released 2023, January",,198 g (6.98 oz),Unisoc T606 (12 nm),"2023, January",,Li-Po 5150 mAh,HSDPA 850 / 900 / 2100,,About 150 EUR,USB Type-C 2.0,"Blue, Purple, Black",,Yes,,1080p@30fps,Unspecified,Fingerprint (side-mounted); unspecified sensors,128GB 8GB RAM,,microSDXC (uses shared SIM slot),Yes,"IPS LCD, 440 nits",Octa-core (2x1.6 GHz Cortex-A75 & 6x1.6 GHz Cortex-A55),"20 MP, f/1.8, (wide), AFOther unspecified cameras",,Yes,Yes,9.2 mm thickness,Oukitel,"HSPA, LTE",Oukitel C32,"720 x 1600 pixels, 20:9 ratio (~269 ppi density)",GSM 850 / 900 / 1800 / 1900,https://fdn2.gsmarena.com/vv/bigpic/oukitel-c32.jpg,,Yes,,,LTE,,Mali-G57 MP1,
,GSM / HSPA / LTE,5 MP,Android 12,,No,LED flash,"6.52 inches, 102.6 cm2",,Nano-SIM + Nano-SIM,"GPS, GLONASS, GALILEO, BDS",,"Available. Released 2022, December",,212 g (7.48 oz),Mediatek MT6762 Helio P22 (12 nm),"2022, December",,Li-Po 5150 mAh,HSDPA 850 / 900 / 2100,,About 110 EUR,USB Type-C 2.0,"Blue, Purple, Black",,Yes,,1080p@30fps,Unspecified,Fingerprint (rear-mounted); unspecified sensors,64GB 4GB RAM,,microSDXC (dedicated slot),Yes,"IPS LCD, 400 nits",Octa-core 2.0 GHz Cortex-A53,"13 MP, (wide), AFOther unspecified cameras",,Yes,Yes,9.5 mm thickness,Oukitel,"HSPA, LTE",Oukitel C31 Pro,"720 x 1600 pixels, 20:9 ratio (~269 ppi density)",GSM 850 / 900 / 1800 / 1900,https://fdn2.gsmarena.com/vv/bigpic/oukitel-c31-pro.jpg,,Yes,,,LTE,,PowerVR GE8320,
,GSM / HSPA / LTE,5 MP,Android 12,,No,LED flash,"6.52 inches, 102.6 cm2",,Nano-SIM + Nano-SIM,"GPS, GLONASS, GALILEO, BDS",,"Available. Released 2022, August",,207 g (7.30 oz),Mediatek MT6761 Helio A22 (12 nm),"2022, August",,Li-Po 5150 mAh,HSDPA 850 / 900 / 2100,,About 110 EUR,USB Type-C 2.0,"Blue, Purple, Black",,Yes,,1080p@30fps,Unspecified,Fingerprint (rear-mounted); unspecified sensors,16GB 3GB RAM,,microSDXC (dedicated slot),Yes,"IPS LCD, 400 nits",Quad-core 2.0 GHz Cortex-A53,"13 MP, (wide), AFOther unspecified cameras",,Yes,Yes,9.5 mm thickness,Oukitel,"HSPA, LTE",Oukitel C31,"720 x 1600 pixels, 20:9 ratio (~269 ppi density)",GSM 850 / 900 / 1800 / 1900,https://fdn2.gsmarena.com/vv/bigpic/oukitel-c31-.jpg,,Yes,,,LTE,,PowerVR GE8320,
IP68/IP69K dust/water resistant (up to 1.5m for 30 min)Drop resistant up to 1.5mMIL-STD-810H compliant,GSM / HSPA / LTE,5 MP,Android 12,,No,LED flash,"5.93 inches, 90.7 cm2(~67.2% screen-to-body ratio)",,Nano-SIM + Nano-SIM,"GPS, GLONASS, GALILEO, BDS","20 MP, (wide), AFSecondary unspecified camera","Available. Released 2022, June",,297 g (10.48 oz),Mediatek MT6761 Helio A22 (12 nm),"2022, June",,Li-Po 6300 mAh,HSDPA 900 / 2100,,About 140 EUR,Yes,"Black, Orange, Green",,Yes,,1080p@30fps,Unspecified,Unspecified,32GB 4GB RAM,,microSDXC (uses shared SIM slot),Yes,IPS LCD,Quad-core 2.0 GHz Cortex-A53,,,Yes,Yes,166.2 x 81.2 x 15.5 mm (6.54 x 3.20 x 0.61 in),Oukitel,"HSPA, LTE",Oukitel WP20,"720 x 1440 pixels, 18:9 ratio (~271 ppi density)",GSM 850 / 900 / 1800 / 1900,https://fdn2.gsmarena.com/vv/bigpic/oukitel-wp20-.jpg,,Unspecified,,,"1, 3, 7, 8, 19, 20",,PowerVR GE8320,
HSDPA 900 / 2100,GSM / HSPA / LTE,16 MP,Android 12,,Yes,"LED flash, panorama","6.78 inches, 109.2 cm2",,Nano-SIM + Nano-SIM,"GPS, GLONASS, GALILEO, BDS",,"Available. Released 2022, July",,-,Mediatek MT6785V/CD Helio G95 (12 nm),"2022, June",,Li-Po 21000 mAh,HSDPA 850 / 900 / 1700(AWS) / 1900 / 2100,,About 380 EUR,"USB Type-C 2.0, OTG","Blue, Camo, Camouflage",,Yes,,"4K@30fps, 1080p@30fps",Unspecified,Unspecified,256GB 8GB RAM,,microSDXC (dedicated slot),Yes,"IPS LCD, 90Hz",Octa-core (2x2.05 GHz Cortex-A76 & 6x2.0 GHz Cortex-A55),"64 MP, f/1.8, (wide), PDAF20 MP, f/2.0, (night vision), 4 infrared night vision lights2 MP, f/2.4, (macro)",,Yes,Yes,-,Oukitel,"HSPA, LTE",Oukitel WP19,1080 x 2460 pixels (~396 ppi density),GSM 850 / 900 / 1800 / 1900,https://fdn2.gsmarena.com/vv/bigpic/oukitel-wp19-.jpg,IP68/IP69K dust/water resistant (up to 1.5m for 30 min)Drop resistant up to 1.5mMIL-STD-810H compliant,Unspecified,,,LTE,33W wired,Mali-G76 MC4,
IP68/IP69K dust/water resistant (up to 1.5m for 30 min)Drop resistant up to 1.5mMIL-STD-810 compliant,GSM / HSPA / LTE,16 MP,Android 11,,Yes,"LED flash, panorama","6.78 inches, 111.0 cm2",,Nano-SIM + Nano-SIM,"GPS, GLONASS, GALILEO, BDS",,"Available. Released 2021, October",,-,Mediatek MT6785V/CD Helio G95 (12 nm),"2021, October",,Li-Po 8300 mAh,HSDPA 850 / 900 / 1700(AWS) / 1900 / 2100,,About 240 EUR,"USB Type-C 2.0, OTG","Blue, Camo, Camouflage",,Yes,,"4K@30fps, 1080p@30fps",Unspecified,Unspecified,128GB 8GB RAM,,microSDXC,Yes,"IPS LCD, 90Hz",Octa-core (2x2.05 GHz Cortex-A76 & 6x2.0 GHz Cortex-A55),"64 MP, f/1.8, (wide), PDAF20 MP, f/2.0, (night vision), 4 infrared night vision lights2 MP, f/2.4, (macro)",,Yes,Yes,-,Oukitel,"HSPA, LTE",Oukitel WP17,"1080 x 2400 pixels, 20:9 ratio (~388 ppi density)",GSM 850 / 900 / 1800 / 1900,https://fdn2.gsmarena.com/vv/bigpic/oukitel-wp17-.jpg,,Unspecified,,,"1, 2, 3, 4, 5, 7, 8, 12, 13, 17, 18, 19, 20, 25, 26, 28, 66",,Mali-G76 MC4,
IP68/IP69K dust/water resistant (up to 1.5m for 30 min)Drop resistant up to 1.5mMIL-STD-810G compliant,GSM / HSPA / LTE,5 MP,Android 12,,No,LED flash,"5.93 inches, 90.7 cm2",,Nano-SIM + Nano-SIM,"GPS, GLONASS, GALILEO, BDS","13 MP, (wide), AFSecondary unspecified camera","Available. Released 2022, October",,-,Mediatek MT6762 Helio P22 (12 nm),"2022, October",,Li-Po 12500 mAh,HSDPA 850 / 900 / 1700(AWS) / 1900 / 2100,,About 190 EUR,Yes,Orange,,Yes,,1080p@30fps,Unspecified,"Fingerprint (rear-mounted), accelerometer, compass",64GB 4GB RAM,,microSDXC (uses shared SIM slot),Yes,IPS LCD,Octa-core 2.0 GHz Cortex-A53,,,Yes,Yes,-,Oukitel,"HSPA, LTE",Oukitel WP18 Pro,"720 x 1440 pixels, 18:9 ratio (~271 ppi density)",GSM 850 / 900 / 1800 / 1900,https://fdn2.gsmarena.com/vv/bigpic/oukitel-wp18-pro.jpg,,Unspecified,,,"1, 2, 3, 4, 5, 7, 8, 12, 17, 18, 19, 20, 25, 26, 28, 66",18W wired,PowerVR GE8320,
IP68/IP69K dust/water resistant (up to 1.5m for 30 min)Drop resistant up to 1.5mMIL-STD-810H compliant,GSM / HSPA / LTE,"8 MP, f/2.2, (wide), 1/4.0""",Android 12,,No,LED flash,"8.0 inches, 185.6 cm2",,Nano-SIM + Nano-SIM,"GPS, GLONASS, GALILEO, BDS","16 MP, f/1.8, (wide), 1/2.53"", AF0.3 MP, (macro)","Available. Released 2022, December",,-,Mediatek MT6762 Helio P22 (12 nm),"2022, December",,Li-Po 5150 mAh,HSDPA 850 / 900 / 1700(AWS) / 1900 / 2100,,About 200 EUR,"USB Type-C 2.0, OTG","Gray, Green, Orange",,Yes,,1080p@30fps,Unspecified,"Accelerometer, compass",64GB 4GB RAM,,microSDXC (uses shared SIM slot),"Yes, with stereo speakers","IPS LCD, 400 nits",Octa-core 2.0 GHz Cortex-A53,,,Yes,Yes,-,Oukitel,"HSPA, LTE",Oukitel RT3,"800 x 1280 pixels, 16:10 ratio (~189 ppi density)",GSM 850 / 900 / 1800 / 1900,https://fdn2.gsmarena.com/vv/bigpic/oukitel-rt3.jpg,,Unspecified,,,"1, 2, 3, 4, 5, 7, 8, 12, 17, 18, 19, 20, 25, 26, 28, 38, 39, 40, 41, 66",WiredReverse wired,PowerVR GE8320,
IP68/IP69K dust/water resistant (up to 1.5m for 30 min)Drop resistant up to 1.5mMIL-STD-810H compliant,GSM / HSPA / LTE,16 MP,Android 12,,No,LED flash,"10.1 inches, 295.8 cm2",,Nano-SIM + Nano-SIM,"GPS, GLONASS, GALILEO",,"Available. Released 2022, September",,-,Mediatek MT8788 (12 nm),"2022, September",,Li-Po 20000 mAh,HSDPA 850 / 900 / 1700(AWS) / 1900 / 2100,,About 350 EUR,"USB Type-C 2.0, OTG","Black, Orange",,Yes,,1080p@30fps,Unspecified,Unspecified,128GB 8GB RAM,,microSDXC (uses shared SIM slot),"Yes, with stereo speakers","IPS LCD, 350 nits",Octa-core (4x2.0 GHz Cortex-A73 & 4x2.0 GHz Cortex-A53),,,"Wi-Fi 802.11 a/b/g/n/ac, dual-band","4.2, A2DP",-,Oukitel,"HSPA, LTE",Oukitel RT2,"1200 x 1920 pixels, 16:10 ratio (~224 ppi density)",GSM 850 / 900 / 1800 / 1900,https://fdn2.gsmarena.com/vv/bigpic/oukitel-rt2.jpg,,Unspecified,,,LTE,33W wiredReverse wired,Mali-G72 MP3,16 MP
IP68/IP69K dust/water resistant (up to 1.5m for 30 min)Drop resistant up to 1.5mMIL-STD-810G compliantStylus support,GSM / HSPA / LTE,16 MP,Android 11,,No,"LED flash, panorama","10.1 inches, 295.8 cm2",,Nano-SIM + Nano-SIM,"GPS, GLONASS, GALILEO, BDS",,"Available. Released 2021, December",,-,Mediatek MT8768WA Helio P22 (12 nm),"2021, November",,Li-Po 10000 mAh,HSDPA 900 / 2100,,About 220 EUR,Yes,"Black, Orange",,Yes,,1080p@30fps,Unspecified,Unspecified,64GB 4GB RAM,,microSDXC (uses shared SIM slot),Yes,IPS LCD,Octa-core 2.0 GHz Cortex-A53,,,Yes,Yes,-,Oukitel,"HSPA, LTE",Oukitel RT1,"1200 x 1920 pixels, 16:10 ratio (~224 ppi density)",GSM 850 / 900 / 1800 / 1900,https://fdn2.gsmarena.com/vv/bigpic/oukitel-rt1.jpg,24-bit/192kHz Hi-Res audio,Unspecified,,,"1, 3, 7, 8, 19, 20",,PowerVR GE8320,16 MP
