,Features,CPU,Stand-by,4G bands,Single_1,Alert types,Loudspeaker,Bluetooth,Games,OS,SAR EU,Stand-by_1,_2,Price,_3,3.5mm jack,Keyboard,SIM,Single,Weight,Chipset,Call records,Status,WLAN,Infrared port,Talk time_1,2G bands,Battery (old),Browser,Resolution,Talk time,Card slot,Speed,NFC,Announced,Video_1,Technology,_1,SAR,Brand,GPU,Model Image,Size,Model Name,Music play,Messaging,Colors,Type,Phonebook,GPRS,Dimensions,Internal,USB,EDGE,Positioning,Radio,3G bands,Models,Video,Type_1,_4,Sensors,Java
Secondary external display,LED flash,,Up to 240 h,,,,Yes,"2.1, A2DP, EDR",Yes,,,,MP3/eAAC+/WMA/WAV playerMP4/WMV/H.263 playerOrganizerDocument viewerVoice memo/dialPredictive text input,About 160 EUR,,No,,Yes,"3.15 MP, AF",102 g (3.60 oz),Qualcomm QSC6270,Yes,Discontinued,No,,,GSM 850 / 900 / 1800 / 1900,,,"240 x 400 pixels, 5:3 ratio (~155 ppi density)",Up to 3 h,microSDHC (dedicated slot),HSPA,No,"2013, November. Released 2013, November",,GSM / HSPA,No,,Pantech,,https://fdn2.gsmarena.com/vv/bigpic/pantech-breeze-4.jpg,"3.0 inches, 25.6 cm2(~45.3% screen-to-body ratio)",Pantech Breeze IV,,"SMS, MMS, Email, IM",Black,"TFT, 256K colors","Yes, Photocall",,106.4 x 53.1 x 17.5 mm (4.19 x 2.09 x 0.69 in),256MB 128MB RAM,microUSB,,No,No,HSDPA 850 / 1900 / 2100,,Yes,"Li-Ion 1030 mAh, removable",,,Yes
GSM 900 / 1800 / 1900,"LED flash, HDR",Quad-core 1.5 GHz Krait,Up to 450 h,LTE 800,2 MP,,Yes,"4.0, A2DP, EDR, LE",,"Android 4.1.2 (Jelly Bean), Flux UX UI",0.72 W/kg (head),,T-DMB TV tuner,,,Yes,,Micro-SIM,"13 MP, AF",210.5 g (7.41 oz),Qualcomm APQ8064 Snapdragon S4 Pro,,Discontinued,"Wi-Fi 802.11 a/b/g/n, dual-band, Wi-Fi Direct, DLNA, hotspot",,,CDMA 800 / 1900,,,"1080 x 1920 pixels, 16:9 ratio (~373 ppi density)",Up to 16 h 40 min,microSDXC (dedicated slot),"HSPA, LTE, EV-DO Rev. A",Yes,"2013, January. Released 2013, February",1080p@30fps,GSM / CDMA / HSPA / EVDO / LTE,CDMA2000 1xEV-DO,,Pantech,Adreno 320,https://fdn2.gsmarena.com/vv/bigpic/pantech-vega-no-6.jpg,"5.9 inches, 96.0 cm2(~72.7% screen-to-body ratio)",Pantech Vega No 6,,,"Black, White",Natural IPS Pro LCD,,,158.6 x 83.2 x 9.9 mm (6.24 x 3.28 x 0.39 in),32GB 2GB RAM,"microUSB 2.0, OTG",,GPS,No,HSDPA 2100,,1080p@30fps,"Li-Ion 3140 mAh, removable",,"Accelerometer, proximity, compass",
,"LED flash, HDR",Dual-core 1.5 GHz Krait,Up to 430 h,"2, 4, 5, 17",2 MP,,"Yes, with stereo speakers","4.0, A2DP",,Android 4.0.4 (Ice Cream Sandwich),,,,About 370 EUR,,Yes,,Micro-SIM,"12.6 MP, AF",135 g (4.76 oz),Qualcomm MSM8960 Snapdragon S4 Plus,,Discontinued,"Wi-Fi 802.11 a/b/g/n, dual-band, DLNA, hotspot",,,GSM 850 / 900 / 1800 / 1900,Endurance rating 48h,,"720 x 1280 pixels, 16:9 ratio (~306 ppi density)",Up to 10 h,microSDHC (dedicated slot),"HSPA, LTE",Yes,"2013, January. Released 2013, January",,GSM / HSPA / LTE,,,Pantech,Adreno 225,https://fdn2.gsmarena.com/vv/bigpic/pantech-discover.jpg,"4.8 inches, 63.5 cm2(~69.0% screen-to-body ratio)",Pantech Discover,,,Gray,TFT,,,134.2 x 68.6 x 9.1 mm (5.28 x 2.70 x 0.36 in),"16GB (13GB user available), 1GB RAM",microUSB 2.0,,GPS,No,HSDPA 850 / 1900 / 2100,,1080p@30fps,"Li-Ion 2100 mAh, removable",,"Accelerometer, proximity, compass",
GSM 850 / 900 / 1800 / 1900,LED flash,Quad-core 1.5 GHz Krait,,LTE 800,2 MP,,Yes,"4.0, A2DP",,"Android 4.0.4 (Ice Cream Sandwich), upgradable to 4.1 (Jelly Bean)",,,T-DMB TV tunerMP4/H.264/WMV/DviX/XviD playerMP3/WMA/WAV/eAAC+ playerDocument viewer/editor,About 550 EUR,,Yes,,Micro-SIM,"13 MP, AF",168.5 g (5.93 oz),Qualcomm APQ8064 Snapdragon S4 Pro,,Discontinued,"Wi-Fi 802.11 a/b/g/n, dual-band, DLNA, hotspot",,,CDMA 800 / 1900,,,"720 x 1280 pixels, 16:9 ratio (~277 ppi density)",Up to 14 h 30 min,microSDHC (dedicated slot),"HSPA, LTE, EV-DO Rev. A",Yes,"2012, October. Released 2012, October",,GSM / CDMA / HSPA / EVDO / LTE,CDMA2000 1xEV-DO,,Pantech,Adreno 320,https://fdn2.gsmarena.com/vv/bigpic/pantech-vega-r3.jpg,"5.3 inches, 77.4 cm2(~72.0% screen-to-body ratio)",Pantech Vega R3 IM-A850L,,,"Black, White",Natural IPS Pro LCD,,,144.7 x 74.3 x 10 mm (5.70 x 2.93 x 0.39 in),16GB 2GB RAM,"microUSB 2.0, OTG",,GPS,No,HSDPA 2100,IM-A850S,1080p@30fps,"Li-Ion 2600 mAh, removable",,"Accelerometer, gyro, proximity, compass",
MP4/WMV/H.264 playerMP3/WAV/eAAC+ playerPhoto/video editorDocument viewer,"LED flash, HDR, panorama",Dual-core 1.5 GHz Krait,Up to 430 h,"4, 17",2 MP,,Yes,"4.0, A2DP",,"Android 4.0.4 (Ice Cream Sandwich), upgradable to 4.1.2 (Jelly Bean)",,,,About 230 EUR,,Yes,,Micro-SIM,"8 MP, AF",132 g (4.66 oz),Qualcomm MSM8960 Snapdragon S4 Plus,,Discontinued,"Wi-Fi 802.11 a/b/g/n, dual-band, DLNA, hotspot",,,GSM 850 / 900 / 1800 / 1900,,,"540 x 960 pixels, 16:9 ratio (~256 ppi density)",Up to 10 h,"microSDHC (dedicated slot), 8 GB included","HSPA, LTE",No,"2012, September. Released 2012, September",,GSM / HSPA / LTE,,0.66 W/kg (head)     1.02 W/kg (body),Pantech,Adreno 225,https://fdn2.gsmarena.com/vv/bigpic/pantech-flex.jpg,"4.3 inches, 51.0 cm2(~58.5% screen-to-body ratio)",Pantech Flex  P8010,Up to 21 h,,Gray,Super AMOLED Advanced,,,129.8 x 67.1 x 7.9 mm (5.11 x 2.64 x 0.31 in),8GB 1GB RAM,microUSB 2.0,,GPS,No,HSDPA 850 / 1900 / 2100,,1080p@30fps,"Li-Ion 1830 mAh, removable",,"Accelerometer, proximity, compass",
No,,,Up to 250 h,,,,Yes,"2.1, A2DP, EDR",Yes + downloadable,,,,,,,Yes,QWERTY,Mini-SIM,3.15 MP,128 g (4.52 oz),Qualcomm QSC 6270,Yes,Discontinued,No,,,GSM 850 / 900 / 1800 / 1900,,,"240 x 320 pixels, 4:3 ratio (~125 ppi density)",Up to 3 h,microSDHC (dedicated slot),HSPA,,"2012, July. Released 2012, July",,GSM / HSPA,SNS applicationsMP4/H.264/WMV playerMP3/WMA/WAV/eAAC+ playerDocument viewerOrganizerVoice memo/dialPredictive text input,,Pantech,,https://fdn2.gsmarena.com/vv/bigpic/pantech-renue.jpg,"3.2 inches, 31.7 cm2(~50.8% screen-to-body ratio)",Pantech Renue,,"SMS(threaded view), MMS, Email, IM",Black,"TFT, 256K colors","Yes, Photocall",,99 x 63 x 12 mm (3.90 x 2.48 x 0.47 in),185MB 256MB RAM,microUSB 2.0,,"GPS, A-GPS",No,HSDPA 850 / 1900,,320p,Removable Li-Ion 1000 mAh battery,,"Accelerometer, proximity",No
MP4/H.264/WMV playerMP3/WMA/WAV/eAAC+ playerDocument viewerOrganizerVoice memo/dial/commandsPredictive text input,,Dual-core 1.2 GHz,Up to 533 h,13,Yes,,Yes,"4.0, A2DP",,Android 4.0 (Ice Cream Sandwich),,,,,,Yes,QWERTY,Mini-SIM,"5 MP, AF",173 g (6.10 oz),,,Discontinued,"Wi-Fi 802.11 b/g/n, Wi-Fi Direct, DLNA, hotspot",,,CDMA 800 / 1900,,,"480 x 800 pixels, 5:3 ratio (~246 ppi density)",Up to 8 h 10 min,microSDHC (dedicated slot),"EV-DO Rev.A 3.1 Mbps, LTE",,"2012, July. Released 2012, August",,CDMA / EVDO / LTE,,0.63 W/kg (head)     0.89 W/kg (body),Pantech,,https://fdn2.gsmarena.com/vv/bigpic/pantech-marauder.jpg,"3.8 inches, 41.1 cm2(~49.0% screen-to-body ratio)",Pantech Marauder,,,Black,"TFT, 256K colors",,,129 x 65 x 12 mm (5.08 x 2.56 x 0.47 in),4GB 1GB RAM,microUSB 2.0,,"GPS, A-GPS",No,CDMA2000 1xEV-DO,,720p,Removable Li-Ion 1680 mAh battery,,"Accelerometer, proximity, compass",
Touchless UX UI,LED flash,Dual-core 1.5 GHz Krait,,LTE 800,2 MP,,Yes,"4.0, A2DP",,Android 4.0 (Ice Cream Sandwich),,,,About 340 EUR,,Yes,,Mini-SIM,"8 MP, AF",134.1 g (4.73 oz),Qualcomm MSM8960 Snapdragon S4 Plus,,Discontinued,"Wi-Fi 802.11 a/b/g/n, dual-band, DLNA, hotspot",,,CDMA 800 / 1900,,,"720 x 1280 pixels, 16:9 ratio (~306 ppi density)",,microSDHC (dedicated slot),"HSPA, LTE",,"2012, May. Released 2012, May",,CDMA / HSPA / LTE,T-DMB TV tunerMP4/H.264/WMV/DviX/XviD playerMP3/WMA/WAV/eAAC+ playerDocument viewer/editorOrganizerVoice memo/dial/commandsPredictive text input,,Pantech,Adreno 225,https://fdn2.gsmarena.com/vv/bigpic/pantech-vega-racer-2.jpg,"4.8 inches, 63.5 cm2(~69.6% screen-to-body ratio)",Pantech Vega Racer 2 IM-A830L,,,"Black, White",Super IPS LCD,,,132.4 x 68.9 x 9.4 mm (5.21 x 2.71 x 0.37 in),16GB 1GB RAM,microUSB 2.0 (MHL TV-out),,"GPS, A-GPS",No,HSDPA 2100,,1080p@30fps,Removable Li-Ion 2020 mAh battery,,"Accelerometer, gyro, proximity, compass",
Touchless UX UI,LED flash,Dual-core 1.5 GHz,Up to 174 h,LTE 800,Yes,,Yes,"3.0, A2DP",,Android 2.3 (Gingerbread),0.64 W/kg (head),,,About 230 EUR,,Yes,,Mini-SIM,"8 MP, AF",136.2 g (4.80 oz),,,Discontinued,"Wi-Fi 802.11 a/b/g/n, dual-band, DLNA, hotspot",,,CDMA 800 / 1900,,,"800 x 1280 pixels, 16:10 ratio (~335 ppi density)",Up to 6 h 25 min,microSDHC (dedicated slot),"HSPA, LTE",Yes,"2012, January. Released 2012, January",,CDMA / HSPA / LTE,T-DMB TV tunerMP4/H.264/WMV/DviX/XviD playerMP3/WMA/WAV/eAAC+ playerDocument viewer/editorOrganizerVoice memo/dial/commandsPredictive text input,,Pantech,,https://fdn2.gsmarena.com/vv/bigpic/Pantech-Vega-LTE-EX.jpg,"4.5 inches, 58.7 cm2(~62.5% screen-to-body ratio)",Pantech Vega LTE EX IM-A820L,,,"Black, White",Super IPS LCD,,,134.5 x 69.8 x 9.7 mm (5.30 x 2.75 x 0.38 in),16GB 1GB RAM,microUSB 2.0 (MHL TV-out),,"GPS, A-GPS",No,HSDPA 2100,,1080p@30fps,Removable Li-Ion 1830 mAh battery,,"Accelerometer, gyro, proximity, compass",
MP4/WMV/H.264 playerMP3/WAV/eAAC+ playerOrganizerPhoto/video editorDocument viewerVoice memo/dialPredictive text input,LED flash,Dual-core 1.5 GHz Scorpion,Up to 240 h,"4, 17",VGA,,Yes,"3.0, A2DP",,"Android 2.3.5 (Gingerbread), upgradable to 4.0 (Ice Cream Sandwich)",,,,About 270 EUR,,Yes,,Micro-SIM,"5 MP, AF",122.5 g (4.30 oz),Qualcomm MSM8660 Snapdragon S3,,Discontinued,"Wi-Fi 802.11 b/g/n, hotspot",,,GSM 850 / 900 / 1800 / 1900,Endurance rating 31h,,"480 x 800 pixels, 5:3 ratio (~233 ppi density)",Up to 4 h 30 min,microSDHC (dedicated slot),"HSPA, LTE",,"2012, January. Released 2012, January",,GSM / HSPA / LTE,,,Pantech,Adreno 220,https://fdn2.gsmarena.com/vv/bigpic/pantech-burst.jpg,"4.0 inches, 45.5 cm2(~57.6% screen-to-body ratio)",Pantech Burst,,,"Titanium, Ruby Red","Super AMOLED, 256K colors",,,126.5 x 62.5 x 11.4 mm (4.98 x 2.46 x 0.45 in),16GB 1GB RAM,microUSB 2.0,,"GPS, A-GPS",No,HSDPA 850 / 1900 / 2100,,720p@30fps,Removable Li-Ion 1650 mAh battery,,"Accelerometer, proximity, compass",
IP57 dust/water resistant (up to 1m. and 30 min),LED flash,Dual-core 1.5 GHz Scorpion,Up to 600 h,17,2 MP,,Yes,"3.0, A2DP, EDR",,Android 4.0 (Ice Cream Sandwich),,,,About 220 EUR,,Yes,,Micro-SIM,"5 MP, AF",469.8 g (1.03 lb),Qualcomm APQ8060 Snapdragon S3,,Discontinued,"Wi-Fi 802.11 a/b/g/n, dual-band, hotspot",,,GSM 850 / 900 / 1800 / 1900,,,"768 x 1024 pixels, 4:3 ratio (~160 ppi density)",Up to 12 h,microSDHC (dedicated slot),"HSPA, LTE",,"2012, January. Released 2012, January",,GSM / HSPA / LTE,HDMI portMP3/WAV/WMA/eAAC+ playerMP4/H.264 playerOrganizerDocument viewerPredictive text input,,Pantech,Adreno 220,https://fdn2.gsmarena.com/vv/bigpic/pantech-element.jpg,"8.0 inches, 198.2 cm2(~60.1% screen-to-body ratio)",Pantech Element,,,Black,TFT,,,212.3 x 155.4 x 10.7 mm (8.36 x 6.12 x 0.42 in),16GB 1GB RAM,microUSB 2.0,,"GPS, A-GPS",No,HSDPA 850 / 1900 / 2100,,720p,Non-removable Li-Ion 6400 mAh battery,,"Accelerometer, gyro, compass",
No,,,Up to 342 h,,,,Yes,"3.0, A2DP",Yes,,,,,,,Yes,,Mini-SIM,3.15 MP,91 g (3.21 oz),,Yes,Discontinued,No,,,CDMA 800 / 1900,,,"240 x 400 pixels, 5:3 ratio (~146 ppi density)",Up to 5 h,"microSDHC (dedicated slot), 2 GB included","EV-DO Rev.0, 153.2 Kbps",,"2011, October. Released 2011, October",,CDMA / CDMA2000,MP3/WAV/WMA/eAAC+ playerMP4/H.264 playerOrganizerVoice memoPredictive text input,1.32 W/kg (head)     0.78 W/kg (body),Pantech,,https://fdn2.gsmarena.com/vv/bigpic/pantech-hotshot.jpg,"3.2 inches, 29.1 cm2(~40.8% screen-to-body ratio)",Pantech Hotshot,,"SMS, MMS, Email, IM","Black, Red","TFT, 256K colors","1000, Photocall",,119 x 60 x 9 mm (4.69 x 2.36 x 0.35 in),,microUSB 2.0,,"GPS, A-GPS, VZ Navigator",No,CDMA2000 1x,,Yes,Removable Li-Ion 1000 mAh battery,,Proximity,No
No,,,Up to 250 h,,,,Yes,"2.1, A2DP",Yes,,,,,,,No,QWERTY,Mini-SIM,2 MP,94 g (3.32 oz),,Yes,Discontinued,No,,,GSM 850 / 900 / 1800 / 1900,,,"320 x 240 pixels, 4:3 ratio (~167 ppi density)",Up to 3 h,microSDHC (dedicated slot),HSPA,,"2011, October. Released 2011, October",,GSM / HSPA,MP3/WAV/eAAC+/WMA playerMP4/H.263/WMV playerOrganizerVoice memoPredictive text input,,Pantech,,https://fdn2.gsmarena.com/vv/bigpic/pantech-link-ii.jpg,"2.4 inches, 17.8 cm2(~25.7% screen-to-body ratio)",Pantech Link II,,"SMS, MMS, Email, IM",Black,"TFT, 256K colors","1000 entries, Photocall",,114 x 61 x 10 mm (4.49 x 2.40 x 0.39 in),200MB,2.0,,"GPS, A-GPS",No,HSDPA 850 / 1900,,Yes,Removable Li-Ion 1000 mAh battery,,,Yes
No,,,Up to 250 h,,,,Yes,"2.1, A2DP, EDR",,Android 2.3 (Gingerbread),,,,About 280 EUR,,Yes,,Mini-SIM,"5 MP, AF",132.1 g (4.66 oz),,,Discontinued,"Wi-Fi 802.11 b/g, hotspot",,,GSM 850 / 900 / 1800 / 1900,,,"600 x 800 pixels, 4:3 ratio (~250 ppi density)",Up to 3 h,"microSDHC (dedicated slot), 2 GB included",HSPA 21.1/5.76 Mbps,,"2011, October. Released 2011, December",,GSM / HSPA,MP3/WAV/eAAC+ playerMP4/H.264 playerOrganizerVoice memoPredictive text input,,Pantech,,https://fdn2.gsmarena.com/vv/bigpic/pantech-pocket.jpg,"4.0 inches, 49.5 cm2(~55.4% screen-to-body ratio)",Pantech Pocket P9060,,,Black,TFT,,,114.7 x 78 x 11.3 mm (4.52 x 3.07 x 0.44 in),600MB,2.0,,"GPS, A-GPS",No,HSDPA 850 / 1900 / 2100,,720p,Removable Li-Ion 1650 mAh battery,,"Accelerometer, proximity, compass",
GSM 850 / 900 / 1800 / 1900,,,Up to 322 h,,,,Yes,"3.0, A2DP",Yes,,,,No,,2.5 mm audio jack,No,QWERTY,Mini-SIM,2 MP,116 g (4.09 oz),,Yes,Discontinued,No,,,CDMA 800 / 1900,,,"320 x 240 pixels, 4:3 ratio (~167 ppi density)",Up to 4 h 54 min,microSDHC (dedicated slot),"EV-DO Rev.0, 153.2 Kbps",,"2011, October. Released 2011, October",,GSM / CDMA / UMTS / CDMA2000,UMTS 2100,1.15 W/kg (head)     1.17 W/kg (body),Pantech,,https://fdn2.gsmarena.com/vv/bigpic/pantech-jest-ii.jpg,"2.4 inches, 17.8 cm2(~28.8% screen-to-body ratio)",Pantech Jest II,,"SMS, MMS, Email, IM",Black,"TFT, 256K colors","1000 entries, Photocall",,94 x 66 x 15 mm (3.70 x 2.60 x 0.59 in),,microUSB,,"GPS, VZ Navigator",No,CDMA2000 1x,,Yes,Removable Li-Ion 950 mAh battery,SNS integrationMP3/WAV/WMA/eAAC+ playerMP4/H.263 playerOrganizerVoice memo/dial/commandsPredictive text input,,No
No,,230 MHz,Up to 250 h,,,,Yes,"2.0, A2DP, EDR",Yes,,,,,About 200 EUR,,No,QWERTY,Mini-SIM,2 MP,127 g (4.48 oz),Qualcomm QSC6270,Yes,Discontinued,No,,,GSM 850 / 900 / 1800 / 1900,,,"240 x 320 pixels, 4:3 ratio (~143 ppi density)",Up to 3 h,microSDHC (dedicated slot),HSPA 3.6/0.384 Mbps,,"2011, July. Released 2011, July",,GSM / HSPA,MP3/WAV/WMA playerMP4/H.263 playerOrganizerVoice memo/dialPredictive text input,0.49 W/kg (head)     0.59 W/kg (body),Pantech,,https://fdn2.gsmarena.com/vv/bigpic/samsung-pantech-pursuit-ii.jpg,"2.8 inches, 24.3 cm2(~39.4% screen-to-body ratio)",Pantech Pursuit II,,"SMS, MMS, Email, IM","Pink, green, black","TFT, 256K colors","Yes, Photocall",,101 x 61 x 15 mm (3.98 x 2.40 x 0.59 in),217MB,2.0,,"GPS, A-GPS",No,HSDPA 850 / 1900,,Yes,Removable Li-Ion 1000 mAh battery,,,No
MP3/WAV/WMA/eAAC+ playerMP4/WMV/H.264 playerOrganizerVoice memoPredictive text input (Swype),,1.0 GHz,Up to 303 h,13,VGA,,Yes,"3.0, A2DP",,Android 2.3 (Gingerbread),,,,,,Yes,,Mini-SIM,"5 MP, AF",138 g (4.87 oz),,,Discontinued,"Wi-Fi 802.11 b/g/n, DLNA, hotspot",,,CDMA 800 / 1900,,,"480 x 800 pixels, 5:3 ratio (~233 ppi density)",Up to 5 h 47 min,"microSDHC (dedicated slot), 8 GB included","EV-DO Rev.A 3.1 Mbps, LTE",,"2011, July. Released 2011, September",,CDMA / EVDO / LTE,,1.46 W/kg (head)     0.77 W/kg (body),Pantech,,https://fdn2.gsmarena.com/vv/bigpic/Pantech-Breakout.jpg,"4.0 inches, 45.5 cm2(~56.0% screen-to-body ratio)",Pantech Breakout,,,Black,"TFT, 256K colors",,,127 x 64 x 12 mm (5.0 x 2.52 x 0.47 in),1GB 512MB RAM,microUSB 2.0,,"GPS, A-GPS, VZ Navigator",No,CDMA2000 1xEV-DO,,720p,Removable Li-Ion 1500 mAh battery,,"Accelerometer, proximity",
Secondary external display,,,Up to 336 h,,,,Yes,Yes,Yes,,,,MP3/eAAC+/WMA/WAV playerMP4/WMV/H.263 playerOrganizerVoice memoPredictive text input,About 150 EUR,,No,,Mini-SIM,1.3 MP,102 g (3.60 oz),,Yes,Discontinued,No,,,GSM 850 / 900 / 1800 / 1900,,,"240 x 320 pixels, 4:3 ratio (~182 ppi density)",Up to 5 h,microSDHC (dedicated slot),HSPA 3.6/0.384 Mbps,,"2011, July. Released 2011, July",,GSM / HSPA,No,,Pantech,,https://fdn2.gsmarena.com/vv/bigpic/pantech-breeze-iii.jpg,"2.2 inches, 15.0 cm2(~29.7% screen-to-body ratio)",Pantech Breeze III,,"SMS, MMS, Email, IM",Black/Silver,"TFT,  256K colors","1000 entries, Photocall",,99 x 51 x 19 mm (3.90 x 2.01 x 0.75 in),80MB,microUSB,,No,No,HSDPA 850 / 1900,,Yes,Removable Li-Ion 920 mAh battery,,,"Yes, MIDP 2.0"
DMB TV tunerTV-outDivX/XviD/MP3/WAV/eAAC+ playerMP4/H.264 playerOrganizerVoice memo/dialPredictive text input,,1.0 GHz Scorpion,Up to 260 h,,Yes,,Yes,"2.1, A2DP",,Android 2.2 (Froyo),0.93 W/kg (head),,,About 200 EUR,,Yes,,Mini-SIM,"5 MP, AF",119.8 g (4.20 oz),Qualcomm MSM8255 Snapdragon S2,,Discontinued,"Wi-Fi 802.11 b/g/n, DLNA, hotspot",,,GSM 850 / 900 / 1800 / 1900,,HTML,"480 x 800 pixels, 5:3 ratio (~233 ppi density)",Up to 5 h 30 min,"microSDHC (dedicated slot), 8 GB included",HSPA,,"2010, December. Released 2011, Q2",,GSM / HSPA,,,Pantech,Adreno 205,https://fdn2.gsmarena.com/vv/bigpic/Pantech-Vega-X.jpg,"4.0 inches, 45.5 cm2(~58.2% screen-to-body ratio)",Pantech Vega Xpress IM-A720L,,,"Black, White, Red",TFT,,,122.5 x 63.9 x 10.8 mm (4.82 x 2.52 x 0.43 in),512MB DDR2 RAM,2.0,,"GPS, A-GPS",No,HSDPA 2100,,Yes,Removable Li-Po 1500 mAh battery,,Accelerometer,
No,LED flash,,Up to 314 h,,,,Yes,Yes,Yes,,,,,,,No,,Mini-SIM,3.15 MP,104.4 g (3.67 oz),,Yes,Discontinued,No,,,GSM 900 / 1800 / 1900,,"WAP 2.0/xHTML, HTML","240 x 400 pixels, 5:3 ratio (~155 ppi density)",Up to 3 h,microSD (dedicated slot),,,"2010, November. Released 2010, November",,GSM,T-DMB TV tunerMP3/AAC playerMP4/H.263 playerOrganizerVoice memoPredictive text input,,Pantech,,https://fdn2.gsmarena.com/vv/bigpic/pantech-s902.jpg,"3.0 inches, 25.6 cm2(~47.0% screen-to-body ratio)",Pantech S902,,"SMS, MMS, Email","Gold, White, Black","TFT,  256K colors","Yes, Photocall",Yes,105.2 x 51.8 x 12.9 mm (4.14 x 2.04 x 0.51 in),,Proprietary,Yes,No,No,,,Yes,Removable Li-Ion battery,,,"Yes, MIDP 2.0"
,,,Up to 324 h,,,,Yes,"2.1, A2DP",Yes,,,,,,,Yes,,Mini-SIM,3.15 MP,122 g (4.30 oz),,Yes,Discontinued,No,,,CDMA 800 / 1900,,"WAP 2.0/xHTML, HTML","240 x 400 pixels, 5:3 ratio (~155 ppi density)",Up to 5 h 20 min,microSDHC (dedicated slot),"EV-DO Rev.0, 153.2 Kbps",,"2010, October. Released 2010, November",,CDMA / EVDO,MP3/WAV playerMP4/H.263 playerOrganizerVoice memo/dial/commandsPredictive text input,1.25 W/kg (head)     0.61 W/kg (body),Pantech,,https://fdn2.gsmarena.com/vv/bigpic/pantech-crux.jpg,"3.0 inches, 25.6 cm2(~40.5% screen-to-body ratio)",Pantech Crux,,"SMS, MMS, Email",Gray,"TFT resistive touchscreen, 256K colors","1000, Photocall",,109 x 58 x 13 mm (4.29 x 2.28 x 0.51 in),,2.0,,"GPS, A-GPS, VZ Navigator",No,CDMA2000 1xEV-DO,,Yes,Removable Li-Ion battery,,,No
,,,Up to 336 h,,,,"Yes, with stereo speakers","2.0, A2DP, EDR",Yes,,,,,,,No,QWERTY,Mini-SIM,3.15 MP,115 g (4.06 oz),,Yes,Discontinued,No,,,GSM 850 / 900 / 1800 / 1900,,"WAP 2.0/xHTML, HTML","480 x 800 pixels, 5:3 ratio (~301 ppi density)",Up to 5 h,microSDHC (dedicated slot),HSPA 3.6/0.384 Mbps,,"2010, October. Released 2010, October",,GSM / HSPA,SNS integrationMP3/WAV/WMA playerMP4/H.263 playerMusic ID recognitionOrganizerVoice memo/dialPredictive text input,0.74 W/kg (head)     0.93 W/kg (body),Pantech,,https://fdn2.gsmarena.com/vv/bigpic/Pantech-Laser.jpg,"3.1 inches, 27.4 cm2(~41.5% screen-to-body ratio)",Pantech Laser P9050,,"SMS, MMS, Email, IM",Gray/Blue,"AMOLED resistive touchscreen, 256K colors","1000 entries, Photocall",,113.8 x 57.9 x 10 mm (4.48 x 2.28 x 0.39 in),,microUSB 2.0,,"GPS, A-GPS",,HSDPA 850 / 1900,,Yes,Removable Li-Ion 1000 mAh battery,,,"Yes, MIDP 2.0"
GSM 850 / 900 / 1800 / 1900 - SIM 2,,,Up to 450 h,,,,Yes,"2.0, A2DP",Yes,,,,MP3/eAAC+ playerMP4/H.263 playerOrganizerVoice memoPredictive text input,,,No,,Dual SIM (Mini-SIM),3.15 MP,99 g (3.49 oz),,Yes,Discontinued,No,,,GSM 850 / 900 / 1800 / 1900 - SIM 1,,WAP 2.0/xHTML,"240 x 400 pixels, 5:3 ratio (~155 ppi density)",Up to 4 h 30 min,microSDHC (dedicated slot),,,"2010, August. Released 2010, Q3",,GSM,No,,Pantech,,https://fdn2.gsmarena.com/vv/bigpic/pantech-p4000.jpg,"3.0 inches, 25.6 cm2(~40.9% screen-to-body ratio)",Pantech P4000,,"SMS, MMS, Email","Black Glossy/Black SF, Titan/Ivory, Ivory/Red","TFT,  256K colors","Yes, Photocall",Class 10,110 x 57 x 12.5 mm (4.33 x 2.24 x 0.49 in),30MB,2.0,Class 10,No,"Stereo FM radio, RDS",,,Yes,Removable Li-Po 1000 mAh battery,,,"Yes, MIDP 2.0"
GSM 900 / 1800 - SIM 2,,,Up to 600 h,,,,Yes,"2.0, A2DP",Yes,,,,MP3/eAAC+ playerMP4/H.263 playerOrganizerVoice memoPredictive text input,,,Yes,,Dual SIM (Mini-SIM),1.3 MP,75 g (2.65 oz),,Yes,Discontinued,No,,,GSM 900 / 1800 - SIM 1,,WAP 2.0/xHTML,128 x 160 pixels (~114 ppi density),Up to 4 h 30 min,microSDHC (dedicated slot),,,"2010, August. Released 2010, Q3",,GSM,No,,Pantech,,https://fdn2.gsmarena.com/vv/bigpic/pantech-p1000.jpg,"1.8 inches, 10.2 cm2(~19.8% screen-to-body ratio)",Pantech P1000,,"SMS, MMS","Black, Silver, Pink, Ivory-Brown","TFT,  256K colors","Yes, Photocall",Class 10,97 x 53 x 14.9 mm (3.82 x 2.09 x 0.59 in),,2.0,No,No,"Stereo FM radio, RDS",,,No,Removable Li-Po 1100 mAh battery,,,"Yes, MIDP 2.0"
No,,600 MHz ARM 11,Up to 270 h,,,,Yes,"2.1, A2DP",,Android 2.1 (Eclair),,,,,,Yes,,Mini-SIM,"5 MP, AF",106.2 g (3.74 oz),Qualcomm MSM7227 Snapdragon S1,,Discontinued,Wi-Fi 802.11 b/g,,,GSM 850 / 900 / 1800 / 1900,,HTML,"480 x 800 pixels, 5:3 ratio (~292 ppi density)",Up to 4 h 20 min,microSDHC (dedicated slot),HSPA 7.2/0.384 Mbps,,"2010, July. Released 2010, July",,GSM / HSPA,DMB TV tunerMP3/eAAC+ playerMP4/H.263 playerOrganizerVoice memo/dialPredictive text input,,Pantech,Adreno 200,https://fdn2.gsmarena.com/vv/bigpic/Pantech-A630K.jpg,"3.2 inches, 29.1 cm2(~46.0% screen-to-body ratio)",Pantech SKY Izar IM-A630K,,,"Black, White","TFT,  256K colors",,,114.4 x 55.4 x 13.4 mm (4.50 x 2.18 x 0.53 in),4GB,2.0,,"GPS, A-GPS",No,HSDPA 2100,,Yes,Removable Li-Po 1100 mAh battery,,Accelerometer,
No,,,Up to 358 h,,,,Yes,"2.1, A2DP, EDR",Yes,,,,SNS applicationsMP3 playerMP4/H.263 playerOrganizerVoice memo/dial/commandsPredictive text input,,,No,QWERTY,Mini-SIM,2 MP,116 g (4.09 oz),,Yes,Discontinued,No,,,CDMA 800 / 1900,,,"320 x 320 pixels, 1:1 ratio (~174 ppi density)",Up to 4 h 36 min,microSDHC (dedicated slot),,,"2010, June. Released 2010, June",,CDMA,2.5 mm audio jack,0.89 W/kg (head)     0.27 W/kg (body),Pantech,,https://fdn2.gsmarena.com/vv/bigpic/pantech-jest.jpg,"2.6 inches, 21.8 cm2(~36.2% screen-to-body ratio)",Pantech Jest,,"SMS, MMS, Email, IM",Black,"TFT, 256K colors","1000 entries, Photocall",No,94 x 64 x 15 mm (3.70 x 2.52 x 0.59 in),975MB,microUSB,No,No,No,,,Yes,Removable Li-Ion 920 mAh battery,,,No
No,,,Up to 250 h,,,,Yes,"2.0, A2DP",Yes,,,,,,,No,QWERTY,Mini-SIM,1.3 MP,91 g (3.21 oz),,Yes,Discontinued,No,,,GSM 850 / 900 / 1800 / 1900,,,"320 x 240 pixels, 4:3 ratio (~167 ppi density)",Up to 3 h,microSDHC (dedicated slot),HSPA,,"2010, March. Released 2010, April",,GSM / HSPA,MP3/WAV/AAC playerMP4/H.263 playerOrganizerVoice memoPredictive text input,,Pantech,,https://fdn2.gsmarena.com/vv/bigpic/pantech-link.jpg,"2.4 inches, 17.8 cm2(~25.4% screen-to-body ratio)",Pantech Link,,"SMS, MMS, Email, IM",Black,"TFT, 256K colors","1000 entries, Photocall",,115.2 x 60.9 x 9.9 mm (4.54 x 2.40 x 0.39 in),,2.0,,"GPS, A-GPS",No,HSDPA 850 / 1900,,320p@15fps,Removable Li-Ion 930 mAh battery,,,Yes
No,,,Up to 360 h,,,,"Yes, with stereo speakers","2.0, A2DP",Yes,,,,,About 180 EUR,,No,QWERTY,Mini-SIM,2 MP,99.2 g (3.49 oz),,Yes,Discontinued,No,,,GSM 850 / 900 / 1800 / 1900,,"WAP 2.0/xHTML, HTML","240 x 400 pixels, 5:3 ratio (~146 ppi density)",Up to 5 h,microSDHC (dedicated slot),HSPA 7.2/2 Mbps,,"2010, June. Released 2010, June 20",,GSM / HSPA,MP3/WAV/WMA playerMP4/H.263 playerOrganizer,,Pantech,,https://fdn2.gsmarena.com/vv/bigpic/pantech-ease.jpg,"3.2 inches, 29.1 cm2(~44.2% screen-to-body ratio)",Pantech Ease,,"SMS, MMS, Email, IM",Black/Gray,"TFT, 256K colors","Yes, Photocall",,113.8 x 57.9 x 14.2 mm (4.48 x 2.28 x 0.56 in),50MB,2.0,,"GPS, A-GPS",No,HSDPA 850 / 1900,,Yes,Removable Li-Ion 1000 mAh battery,,,"Yes, MIDP 2.0"
No,,,Up to 360 h,,,,Yes,"2.0, A2DP, EDR",Yes,,,,,,,No,QWERTY,Mini-SIM,2 MP,129.8 g (4.55 oz),,Yes,Discontinued,No,,,GSM 850 / 900 / 1800 / 1900,,"WAP 2.0/xHTML, HTML","240 x 320 pixels, 4:3 ratio (~143 ppi density)",Up to 5 h,microSDHC (dedicated slot),HSPA 3.6/0.384 Mbps,,"2010, May. Released 2010, June",,GSM / HSPA,MP3/WAV/WMA playerMP4/H.263 playerMusic ID recognitionShake controlOrganizerVoice memoPredictive text input,,Pantech,,https://fdn2.gsmarena.com/vv/bigpic/pantech-pursuit.jpg,"2.8 inches, 24.3 cm2(~40.8% screen-to-body ratio)",Pantech Pursuit,,"SMS, MMS, Email, IM","Blue, Green","TFT resistive touchscreen, 256K colors","Yes, Photocall",,93.2 x 63.8 x 14.7 mm (3.67 x 2.51 x 0.58 in),50MB,2.0,,A-GPS only; AT&T Navigator,No,HSDPA 850 / 1900,,Yes,Removable Li-Ion 930 mAh battery,,,"Yes, MIDP 2.0"
Secondary display,,,Up to 336 h,,,,Yes,"2.0, A2DP",Yes,,,,MP4/H.264 playerMP3/e-AAC+/WAV playerVoice dial/memoPredictive text input,About 170 EUR,,No,QWERTY,Mini-SIM,2 MP,125 g (4.41 oz),,"30 received, dialed and missed calls",Discontinued,No,,,GSM 850 / 900 / 1800 / 1900,,WAP 2.0 / xHTML,"400 x 240 pixels, 5:3 ratio (~179 ppi density)",Up to 5 h,microSDHC (dedicated slot),HSPA 3.6/0.384 Mbps,,"2009, November. Released 2009, November",,GSM / HSPA,No,,Pantech,,https://fdn2.gsmarena.com/vv/bigpic/pantech-impact-ofic.jpg,"2.6 inches, 19.2 cm2(~34.9% screen-to-body ratio)",Pantech Impact,,"SMS, MMS, Email, IM","Black, Pink","TFT, 256K colors","1000 entries, Photocall",,106 x 52 x 17.8 mm (4.17 x 2.05 x 0.70 in),80MB,microUSB 2.0,,A-GPS only; AT&T Navigator,No,HSDPA 850 / 1900 / 2100,,320p@15fps,Removable Li-Ion 950 mAh battery,,,"Yes, MIDP 2.1"
No,,,Up to 244 h (2G) / - (3G),,,,Yes,"2.0, A2DP",Yes,,,,,About 170 EUR,,No,QWERTY,Mini-SIM,1.3 MP,112 g (3.95 oz),,Yes,Discontinued,No,,,GSM 850 / 900 / 1800 / 1900,,WAP 2.0/xHTML,"320 x 240 pixels, 4:3 ratio (~182 ppi density)",Up to 3 h (2G) / - (3G),microSDHC (dedicated slot),HSPA 3.6/0.384 Mbps,,"2009, October. Released 2009, October",,GSM / HSPA,MP4/H.264 playerMP3/eAAC+/WMA playerOrganizerVoice memo/dialPredictive text input,,Pantech,,https://fdn2.gsmarena.com/vv/bigpic/pantech-c790-reveal.jpg,"2.2 inches, 2.2, 15.0 cm2(~25.2% screen-to-body ratio)",Pantech C790 Reveal,,"SMS, MMS, Email, IM","Red, Blue","TFT, 256K colors","1000 entries, Photocall",,99 x 60 x 14.8 mm (3.90 x 2.36 x 0.58 in),80MB,2.0,,AT&T A-GPS only,"Stereo FM radio, RDS",HSDPA 850 / 1900 / 2100,,320p@15fps,Removable Li-Ion 950 mAh battery,,,"Yes, MIDP 2.0"
Dual slide design,,528 MHz,249 h,,,,Yes,"2.0, A2DP",,Microsoft Windows Mobile 6.1 Standard,,,AT&T NavigatorMP3/MP4 playerVoice memo,About 210 EUR,,No,QWERTY,Mini-SIM,2 MP,122 g (4.30 oz),,,Discontinued,No,,,GSM 850 / 900 / 1800 / 1900,,"WAP 2.0/xHTML, HTML","240 x 320 pixels, 4:3 ratio (~167 ppi density)",3 h,microSDHC (dedicated slot),HSPA 3.6/0.384 Mbps,,"2009, February. Released 2009, February",,GSM / HSPA,No,,Pantech,,https://fdn2.gsmarena.com/vv/bigpic/pantech-matrix-pro.jpg,"2.4 inches, 17.8 cm2(~33.2% screen-to-body ratio)",Pantech Matrix Pro,,,Steel Blue,"TFT, 256K colors",,,105.9 x 50.8 x 21.6 mm (4.17 x 2.0 x 0.85 in),"128MB RAM, 256MB ROM",Proprietary,,"GPS, A-GPS",No,HSDPA 850 / 1900 / 2100,,Yes,Removable Li-Po 1320 mAh battery,,,
Jog Wheel,,,Up to 240 h,,,,Yes,"1.2, A2DP",Yes,,,,AT&T NavigatorMP3/MP4 playerVoice memoPredictive text input,About 100 EUR,,No,QWERTY,Mini-SIM,1.3 MP,91 g (3.21 oz),,"30 dialed, 30 received, 30 missed calls",Discontinued,No,,,GSM 850 / 900 / 1800 / 1900,,"WAP 2.0/xHTML, HTML",220 x 176 pixels (~128 ppi density),Up to 3 h,No,,,"2008, October. Released 2008, October",,GSM,No,,Pantech,,https://fdn2.gsmarena.com/vv/bigpic/pantech-slate.jpg,"2.2 inches, 15.2 cm2(~22.2% screen-to-body ratio)",Pantech Slate,,"SMS, MMS, Email",Black,"TFT, 256K colors","1000 contacts, Photo call",Class 10,107 x 64 x 10 mm (4.21 x 2.52 x 0.39 in),20MB,2.0,Class 10,GPS,No,,,Yes,Removable Li-Ion 950 mAh battery,,,"Yes, MIDP 2.0"
Dual slide design,,,,,,,Yes,"1.2, A2DP",Yes,,,,Full QWERTY keyboard,About 150 EUR,AT&T NavigatorMP3/MP4 playerVoice memo,No,,Mini-SIM,1.3 MP,132 g (4.66 oz),,"30 dialed, 30 received, 30 missed calls",Discontinued,No,,,GSM 850 / 900 / 1800 / 1900,,"WAP 2.0/xHTML, HTML","240 x 320 pixels, 4:3 ratio",,microSD (dedicated slot),HSPA 3.6/0.384 Mbps,,"2008, October. Released 2008, October",,GSM / HSPA,No,,Pantech,,https://fdn2.gsmarena.com/vv/bigpic/pantech-matrix.jpg,,Pantech Matrix,,"SMS, MMS, Email, Instant Messaging","Gray, Blue","TFT, 256K colors","1000 contacts, Photo call",,102 x 50 x 20 mm (4.02 x 1.97 x 0.79 in),,Proprietary,,GPS,No,HSDPA 850 / 1900,,Yes,Removable Li-Po battery,,,"Yes, MIDP 2.0"
Dual slide design,,Marvell PXA270 416 MHz,Up to 240 h,,,"Vibration; Downloadable polyphonic, MP3, WMA, WAV ringtones",Yes,"1.2, A2DP",,Windows Mobile 6 Standard,,,Pocket OfficeVoice memoMP3/AAC/AAC+/WMA/OGG/AMR playerWMV/MP4 playerFile manager,About 110 EUR,,Yes,QWERTY,Mini-SIM,1.3 MP,110 g (3.88 oz),,,Discontinued,No,,,GSM 850 / 900 / 1800 / 1900,,"WAP 2.0/xHTML, HTML (PocketIE)","240 x 320 pixels, 4:3 ratio (~182 ppi density)",Up to 3 h,microSD (dedicated slot),HSPA,,"2007, October. Released 2007, October",,GSM / HSPA,No,,Pantech,,https://fdn2.gsmarena.com/vv/bigpic/pantech_duo.jpg,"2.2 inches, 15.0 cm2(~29.4% screen-to-body ratio)",Pantech Duo,,,Black,"TFT, 256K colors",,,102 x 50 x 19.9 mm (4.02 x 1.97 x 0.78 in),"64MB RAM, 128MB ROM",1.1,,No,No,HSDPA 850 / 1900,,No,Removable Li-Po 1320 mAh battery,,,
Video telephonyMP3/AAC/AAC+/AAC++ playerFile managerPhoto editing,,,,,VGA videocall camera,"Vibration; Downloadable polyphonic, MP3 ringtones",Yes,1.1,No,,,,,,,No,,Mini-SIM,1.3 MP,92 g (3.25 oz),,"20 dialed, 20 received, 20 missed calls",Discontinued,No,,,GSM 900 / 1800 / 1900,,WAP 2.0/xHTML,176 x 220 pixels (~148 ppi density),,microSD (dedicated slot),"Yes, 384 kbps",,"2006, November",,GSM / UMTS,,,Pantech,,https://fdn2.gsmarena.com/vv/bigpic/pantech-u4000.gif,"1.9 inches, 11.4 cm2(~27.8% screen-to-body ratio)",Pantech U-4000,,"SMS, MMS, Email, Instant Messaging",Silver black,"TFT, 260K colors",Yes,,95 x 43 x 16.5 mm (3.74 x 1.69 x 0.65 in),30MB,2.0,,No,No,UMTS 2100,,Yes,Removable Li-Ion 820 mAh battery,,,"Yes, MIDP 2.0"
Second external 65K colors CSTN display (96 x 96 pixels),,,Up to 240 h,,,"Vibration; Downloadable polyphonic, MP3 ringtones",No,No,Yes,,,,MP3 playerPredictive text inputOrganizerVoice memo,,,No,,Mini-SIM,VGA,80 g (2.82 oz),,"20 dialed, 20 received, 20 missed calls",Discontinued,No,Yes,,GSM 900 / 1800 / 1900,,WAP 2.0/xHTML,"128 x 128 pixels, 1:1 ratio",Up to 4 h,No,,,"2006, Q3",,GSM,No,,Pantech,,https://fdn2.gsmarena.com/vv/bigpic/pantech-pg3300.gif,,Pantech PG-3300,,"SMS, EMS, MMS","Black, Pink","TFT, 256K colors","800 entries, Photo call",Class 10,82.5 x 41.5 x 18.5 mm (3.25 x 1.63 x 0.73 in),14MB,Proprietary,No,No,No,,,Yes,Removable Li-Ion 710 mAh battery,,,"Yes, MIDP 2.0"
"Audio player MP3, AAC, AAC+, SMF (MIDI)Video MP4, H.263 PlayerFile managerPhoto editingFlight modePC Sync",,,Up to 340 h,,VGA videocall camera,"Vibration; Downloadable polyphonic, MP3 ringtones",Yes,Yes,No,,,,,,,No,,Mini-SIM,1.3 MP,92 g (3.25 oz),,"20 dialed, 20 received, 20 missed calls",Cancelled,No,,,GSM 900 / 1800 / 1900,,WAP 2.0,176 x 220 pixels (~148 ppi density),Up to 4 h,microSD (dedicated slot),"Yes, 384 kbps",,"2006, June",,GSM / UMTS,,,Pantech,,https://fdn2.gsmarena.com/vv/bigpic/pantech-pu5000.gif,"1.9 inches, 11.4 cm2(~26.0% screen-to-body ratio)",Pantech PU-5000,,"SMS, MMS, Email, Instant Messaging",Silver black,"TFT, 260K colors",Yes,,95.7 x 45.6 x 21.6 mm (3.77 x 1.80 x 0.85 in),30MB,Proprietary,,No,No,UMTS 2100,,Yes,Removable Li-Ion 720 mAh battery,,,"Yes, MIDP 2.0"
No,,,Up to 210 h,,,"Vibration; Downloadable polyphonic, MP3 ringtones",Yes,No,No,,,,,,,No,,Mini-SIM,VGA,83.4 g (2.93 oz),,"20 dialed, 20 received, 20 missed calls",Cancelled,No,,,GSM 900 / 1800 / 1900,,WAP 2.0,"128 x 128 pixels, 1:1 ratio (~121 ppi density)",Up to 2 h 10 min,No,,,"2006, June",,GSM,Video playerMotion JPEG recorderOrganizerPC Sync,,Pantech,,https://fdn2.gsmarena.com/vv/bigpic/pantech-pg1600.gif,"1.5 inches, 7.3 cm2(~18.6% screen-to-body ratio)",Pantech PG-1600,,"SMS, MMS",Silver black,"STN, 65K colors",Yes,Class 10,89.8 x 43.5 x 18.6 mm (3.54 x 1.71 x 0.73 in),128MB 32MB RAM,No,No,No,"Stereo FM radio, RDS",,,No,Removable Li-Ion 720 mAh battery,,,"Yes, MIDP 2.0"
GSM 850 / 1800 / 1900 - US version,,,Up to 110 h,,,"Vibration; Downloadable polyphonic, MP3 ringtones","Yes, with stereo speakers",1.1,No,,,,No,,"Audio player MP3, MIDI, i-melody",No,,Mini-SIM,VGA,88 g (3.10 oz),,"20 dialed, 20 received, 20 missed calls",Cancelled,No,,,GSM 900 / 1800 / 1900,,WAP 2.0,"120 x 160 pixels, 4:3 ratio (~111 ppi density)",Up to 2.5 h,microSD (dedicated slot),,,"2006, June",,GSM,"Second external 1.06-inch CSTN display, 65K colors (96 x 96 pixels)",,Pantech,,https://fdn2.gsmarena.com/vv/bigpic/pantech-pg1800.gif,"1.8 inches, 10.0 cm2(~22.8% screen-to-body ratio)",Pantech PG-1800,,"SMS, MMS, Email, Instant Messaging",Silver black,"TFT, 260K colors",Yes,Class 10,95.5 x 46 x 18.5 mm (3.76 x 1.81 x 0.73 in),256MB 64MB RAM,1.1,No,No,No,,,Yes,Removable Li-Ion 720 mAh battery,,,Yes
No,,,,,,Vibration; Downloadable polyphonic ringtones,No,No,No,,,,,,,No,,Mini-SIM,,75.2 g (2.65 oz),,"10 dialed, 10 received, 10 missed calls",Cancelled,No,,,GSM 900 / 1800 / 1900,,WAP,,,No,,,"2006, June",,GSM,"Document viewer (Word, Excel, PowerPoint, PDF)Voice schedulerFatness checkerPC syncOrganizer",,Pantech,,https://fdn2.gsmarena.com/vv/bigpic/pantech-pg1300.gif,1.5 inches,Pantech PG-1300,,"SMS, MMS",Black,"CSTN, 65K colors",Yes,Class 10,89.9 x 44 x 18.9 mm (3.54 x 1.73 x 0.74 in),128MB 64MB RAM,No,No,No,No,,,,Removable Li-Ion 720 mAh battery,,,"Yes, MIDP 2.0"
No,LED flash,,Up to 220 h,,,"Vibration; Downloadable polyphonic, MP3 ringtones",Yes,"2.0, A2DP",Yes,,,,,,,No,,Mini-SIM,2 MP,92 g (3.25 oz),,"20 dialed, 20 received, 20 missed calls",Cancelled,No,Yes,,GSM 900 / 1800 / 1900,,WAP 2.0,176 x 220 pixels (~148 ppi density),Up to 4 h 20 min,microSD (dedicated slot),,,"2006, Q2",,GSM,"MP3/AAC/AAC+/MP4 playerDocument viewer (Word, Excel, PowerPoint, PDF)Photo editingPictbridgeFlight modePC syncVoice memoOrganizer",,Pantech,,https://fdn2.gsmarena.com/vv/bigpic/pantech-pg3900.gif,"1.9 inches, 11.4 cm2(~30.1% screen-to-body ratio)",Pantech PG-3900,,"SMS, EMS, MMS, Email",Silver black,"TFT, 260K colors",Yes,Class 10,90 x 42 x 16.9 mm (3.54 x 1.65 x 0.67 in),64MB,Proprietary,No,No,No,,,Yes,Removable Li-Ion 570 mAh battery,,,"Yes, MIDP 2.0"
,,,Up to 160 h,,,"Vibration; Polyphonic(64), MP3 ringtones",No,No,Yes,,,,MP3 playerPredictive text inputOrganizerVoice memo,,,No,,Mini-SIM,VGA,80 g (2.82 oz),,"20 dialed, 20 received, 20 missed calls",Cancelled,No,,,GSM 900 / 1800,,WAP 2.0/xHTML,"128 x 128 pixels, 1:1 ratio (~113 ppi density)",Up to 2 h 30 min,microSD (dedicated slot),,,"2006, May",,GSM,No,,Pantech,,https://fdn2.gsmarena.com/vv/bigpic/pantech-pg1900.gif,"1.6 inches, 28 x 28 mm, 8.3 cm2(~18.4% screen-to-body ratio)",Pantech PG-1900,,"SMS, MMS, Email",Silver black,"STN, 65K colors","800 x 8 fields, Photo call",Class 10,103 x 43.5 x 13.5 mm (4.06 x 1.71 x 0.53 in),,1.1,No,No,FM radio,,,Yes,Removable Li-Ion 720 mAh battery,,,"Yes, MIDP 2.0"
Second external 65K colors CSTN display (96 x 96 pixels),,,Up to 210 h,,,"Vibration; Polyphonic(64), MP3 ringtones",No,1.2,Yes,,,,Text To SpeechMP3 playerPredictive text inputOrganizerVoice memo,,,No,,Mini-SIM,1.3 MP,80 g (2.82 oz),,"20 dialed, 20 received, 20 missed calls",Discontinued,No,,,GSM 900 / 1800 / 1900,,WAP 2.0/xHTML,176 x 220 pixels (~141 ppi density),Up to 3 h 30 min,microSD (dedicated slot),,,"2006, May",,GSM,No,,Pantech,,https://fdn2.gsmarena.com/vv/bigpic/pantech-pg2800.gif,"2.0 inches, 12.6 cm2(~31.1% screen-to-body ratio)",Pantech PG-2800,,"SMS, EMS, MMS, Email","Black, Silver","TFT, 256K colors","800 entries, Photo call",Class 10,90 x 45 x 18.5 mm (3.54 x 1.77 x 0.73 in),24MB,Proprietary,No,No,No,,,Yes,Removable Li-Ion 800 mAh battery,,Fingerprint (front-mounted),"Yes, MIDP 2.0"
,,,Up to 180 h,,,"Vibration; Polyphonic(64), MP3 ringtones",Yes,"2.0, A2DP",Yes,,,,MP3 playerTouch wheel sensorOrganizerVoice memoPhoto EditorVideo EditorFatness Checker,,,No,,Mini-SIM,1.3 MP,94.2 g (3.32 oz),,"20 dialed, 20 received, 20 missed calls",Discontinued,No,,,GSM 900 / 1800 / 1900,,WAP 2.0/xHTML,176 x 220 pixels,Up to 4 h 30 min,microSD (dedicated slot),,,"2006, February",,GSM,No,,Pantech,,https://fdn2.gsmarena.com/vv/bigpic/pantech-pg3600v.gif,,Pantech PG-3600V,,"SMS, MMS, Email","Black, Pink","TFT, 256K colors",Yes,Class 10,102.3 x 46.6 x 17.9 mm (4.03 x 1.83 x 0.70 in),32MB,Proprietary,No,No,No,,,Yes,Removable Li-Ion 800 mAh battery,,,"Yes, MIDP 2.0"
,LED flash,,Up to 230 h,,,"Vibration; Polyphonic(64), MP3 ringtones",No,2.0,Yes,,,Up to 160 h,MP3 playerPredictive text inputOrganizerVoice memo,,,No,,Mini-SIM,1.3 MP,75 g (2.65 oz),,"20 dialed, 20 received, 20 missed calls",Discontinued,No,,Up to 3 h 20 min,GSM 900 / 1800 / 1900,,WAP 2.0/xHTML,176 x 220 pixels,Up to 4 h 30 min,microSD (dedicated slot),,,"2005, Q4",,GSM,No,,Pantech,,https://fdn2.gsmarena.com/vv/bigpic/pantech-pg3600.gif,,Pantech PG-3600,,"SMS, EMS, MMS, Email",Black,"TFT, 256K colors","800 entries, Photo call",Class 10,94.9 x 43.2 x 16.8 mm (3.74 x 1.70 x 0.66 in),22MB,Proprietary,No,No,No,,,Yes,Removable Li-Po 800 mAh battery,,,"Yes, MIDP 2.0"
Second external 65K colors TFT display (96 x 128 pixels),LED flash,,Up to 230 h,,,"Vibration; Polyphonic(64), MP3 ringtones",No,2.0,Yes,,,,MP3 playerPredictive text inputOrganizerVoice memo,,,No,,Mini-SIM,1.3 MP,75 g (2.65 oz),,"20 dialed, 20 received, 20 missed calls",Discontinued,No,,,GSM 900 / 1800 / 1900,,WAP 2.0/xHTML,176 x 220 pixels,Up to 4 h 30 min,microSD (dedicated slot),,,"2005, Q4",,GSM,No,,Pantech,,https://fdn2.gsmarena.com/vv/bigpic/pantech-pg3500.gif,,Pantech PG-3500,,"SMS, EMS, MMS",Black,"TFT, 256K colors","800 entries, Photo call",Class 10,92.7 x 45 x 16.4 mm (3.65 x 1.77 x 0.65 in),22MB,Proprietary,No,No,No,,,Yes,Removable Li-Po 800 mAh battery,,,"Yes, MIDP 2.0"
No,,,Up to 190 h,,,"Vibration; Polyphonic(64), MP3 ringtones",No,No,Yes,,,,,,,No,,Mini-SIM,,75 g (2.65 oz),,"10 dialed, 10 received, 10 missed calls",Discontinued,No,,,GSM 900 / 1800 / 1900,,WAP 2.0/xHTML,128 x 160 pixels,Up to 4 h,No,,,"2005, Q3",,GSM,Predictive text inputOrganizerVoice memo,,Pantech,,https://fdn2.gsmarena.com/vv/bigpic/pantech-pg1500.gif,,Pantech PG-1500,,"SMS, EMS, MMS",Black,"CSTN, 65K colors","800 entries, Photo call",Class 10,90.7 x 44.6 x 15.9 mm (3.57 x 1.76 x 0.63 in),2.2MB,Proprietary,No,No,No,,,,Removable Li-Ion 790 mAh battery,,,"Yes, MIDP 2.0"
No,LED flash,,Up to 200 h,,,"Vibration; Polyphonic(64), MP3 ringtones",No,1.2,Yes,,,,,,,No,,Mini-SIM,2 MP,106 g (3.74 oz),,"10 dialed, 10 received, 10 missed calls",Discontinued,No,Yes,,GSM 900 / 1800 / 1900,,WAP 2.0/xHTML,"320 x 240 pixels, 4:3 ratio (~200 ppi density)",Up to 3 h 30 min,RS-MMC,,,"2005, Q4",,GSM,MP3/AAC/MP4 playerPredictive text inputOrganizerVoice memo,,Pantech,,https://fdn2.gsmarena.com/vv/bigpic/pantech-pg8000.gif,"2.0 inches, 40 x 30 mm, 12.4 cm2(~24.0% screen-to-body ratio)",Pantech PG-8000,,"SMS, EMS, MMS, Email",Black,"TFT, 256K colors","800 entries, Photo call",Class 10,99.8 x 51.8 x 16.1 mm (3.93 x 2.04 x 0.63 in),8.4MB,,No,No,FM radio,,,Yes,Removable Li-Ion 820 mAh battery,,,"Yes, MIDP 2.0"
"Second external TFT display, 65K colors (96 x 128 pixels)Fingerprint identification",LED flash,,Up to 160 h,,,"Vibration; Polyphonic(64), MP3 ringtones",No,"1.2, A2DP",Yes,,,Up to 230 h,Voice recognitionMP3/AAC/AAC+/AMR playerPredictive text inputOrganizer,,,No,,Mini-SIM,2 MP,92 g (3.25 oz),,"20 dialed, 20 received, 20 missed calls",Discontinued,No,,Up to 3 h 30 min,GSM 900 / 1800 / 1900,,WAP 2.0/xHTML,176 x 220 pixels (~148 ppi density),Up to 3 h,microSD (dedicated slot),,,"2006, February",,GSM,No,,Pantech,,https://fdn2.gsmarena.com/vv/bigpic/pantech-pg6200.gif,"1.9 inches, 30 x 37 mm, 11.4 cm2(~30.0% screen-to-body ratio)",Pantech PG-6200,,"SMS, EMS, MMS, Email","Silver black, Black","TFT, 256K colors","800 x 10 fields, Photo call",Class 10,87 x 43.6 x 20.9 mm (3.43 x 1.72 x 0.82 in),,Proprietary,No,No,FM radio,,,320p,Removable Li-Ion 570 mAh battery,,,"Yes, MIDP 2.0"
No,LED flash,,Up to 200 h,,,"Vibration; Polyphonic(64), MP3 ringtones",No,1.2,Yes,,,,,,,No,,Mini-SIM,2 MP,115 g (4.06 oz),,"10 dialed, 10 received, 10 missed calls",Discontinued,No,Yes,,GSM 900 / 1800 / 1900,,WAP 2.0/xHTML,176 x 220 pixels,Up to 3 h 30 min,RS-MMC,,,"2005, Q3",,GSM,Predictive text input (iTAP)Bio-rhythmStopwatchCalculatorVoice memo,,Pantech,,https://fdn2.gsmarena.com/vv/bigpic/pantech-pg6100.gif,,Pantech PG-6100,,"SMS, EMS, MMS, Email, Instant Messaging",Silver,"TFT, 256K colors","1000 entries, Photo call",Class 10,82 x 47.5 x 25 mm (3.23 x 1.87 x 0.98 in),,Proprietary,No,No,FM radio,,,Yes,Removable Li-Ion battery,,,"Yes, MIDP 2.0"
No,,,Up to 240 h,,,"Vibration; Polyphonic(64), MP3 ringtones",No,No,Yes,,,,,,,No,,Mini-SIM,VGA,75 g (2.65 oz),,"10 dialed, 10 received, 10 missed calls",Discontinued,No,,,GSM 900 / 1800 / 1900,,WAP 2.0/xHTML,"128 x 128 pixels, 1:1 ratio",Up to 4 h,No,,,"2005, Q3",,GSM,Predictive text inputOrganizerVoice memo,,Pantech,,https://fdn2.gsmarena.com/vv/bigpic/pantech-pg1400.gif,,Pantech PG-1400,,"SMS, EMS, MMS, Email","Black, Silver","CSTN, 65K colors","800 x 6 fields, Photo call",Class 10,103 x 42.5 x 12.8 mm (4.06 x 1.67 x 0.50 in),3MB,Proprietary,No,No,FM radio,,,Yes,Removable Li-Ion 720 mAh battery,,,"Yes, MIDP 2.0"
Second external 65K colors CSTN display (96 x 64 pixels),,,Up to 270 h,,,"Vibration; Polyphonic(64), MP3 ringtones",No,No,Yes,,,,Predictive text inputOrganizerVoice memo,,,No,,Mini-SIM,VGA,91.5 g (3.21 oz),,"10 dialed, 10 received, 10 missed calls",Discontinued,No,,,GSM 900 / 1800 / 1900,,WAP 2.0/xHTML,128 x 160 pixels,Up to 3 h 50 min,No,,,"2005, Q2",,GSM,No,,Pantech,,https://fdn2.gsmarena.com/vv/bigpic/pantech-pg1200.gif,,Pantech PG-1200,,"SMS, EMS, MMS","Dark Blue, Silver","CSTN, 65K colors","800 x 6 fields, Photo call, 10 Groups",Class 10,90 x 45.5 x 23.3 mm (3.54 x 1.79 x 0.92 in),,Proprietary,No,No,No,,,Yes,Removable Li-Ion 700 mAh battery,,,"Yes, MIDP 2.0"
Second external 256K colors TFT display (96 x 64 pixels),LED flash,,Up to 160 h,,,"Vibration; Polyphonic(64), MP3 ringtones",No,No,Yes,,,,Predictive text inputOrganizerVoice memo,,,No,,Mini-SIM,VGA,70 g (2.47 oz),,"10 dialed, 10 received, 10 missed calls",Discontinued,No,,,GSM 900 / 1800 / 1900,,WAP 2.0/xHTML,"128 x 128 pixels, 1:1 ratio",Up to 2 h 20 min,No,,,"2005, Q2",,GSM,No,,Pantech,,https://fdn2.gsmarena.com/vv/bigpic/pantech-pg3200.gif,,Pantech PG-3200,,"SMS, EMS, MMS","Black, Silver, Navy, Red","TFT, 256K colors","800 x 6 fields, Photo call, 10 Groups",Class 10,70 x 43 x 18 mm (2.76 x 1.69 x 0.71 in),3.5MB,Proprietary,No,No,No,,,No,Removable Li-Ion 760 mAh battery,,,"Yes, MIDP 2.0"
Second external mono display (96 x 64 pixels),,,Up to 150 h,,,Vibration; Polyphonic(16) ringtones,No,No,Yes,,,,Predictive text inputOrganizer,,,No,,Mini-SIM,,80 g (2.82 oz),,"10 dialed, 10 received, 10 missed calls",Discontinued,No,,,GSM 900 / 1800 / 1900,,WAP 2.0/xHTML,128 x 160 pixels,Up to 3 h,No,,,"2005, Q2",,GSM,No,,Pantech,,https://fdn2.gsmarena.com/vv/bigpic/pantech-pg1000s.gif,,Pantech PG-1000s,,"SMS, EMS, MMS","Black, Blue, Silver","TFT, 65K colors",500 entries,Class 8,82 x 42 x 23.3 mm (3.23 x 1.65 x 0.92 in),,Proprietary,No,No,No,,,,Removable Li-Ion 670 mAh battery,,,No
Second external 256K colors TFT display (128 x 160 pixels),LED flash,,Up to 150 h,,,"Vibration; Polyphonic(64), MP3 ringtones",No,No,Yes + downloadable,,,,Predictive text inputOrganizerStopwatchVoice memo,,,No,,Mini-SIM,1.3 MP,83 g (2.93 oz),,"10 dialed, 10 received, 10 missed calls",Discontinued,No,Yes,,GSM 900 / 1800 / 1900,,WAP 2.0/xHTML,128 x 160 pixels,Up to 3 h,No,,,"2005, Q1",,GSM,No,,Pantech,,https://fdn2.gsmarena.com/vv/bigpic/pantech-gf500.gif,,Pantech GF500,,"SMS, EMS, MMS",2 - Silver Blue and Silver Black,"TFT, 256K colors","800 entries, Photo call",Class 10,89 x 46 x 22 mm (3.50 x 1.81 x 0.87 in),8.4MB,,No,No,No,,,Yes,Removable Li-Ion battery,,,"Yes, MIDP 2.0"
No,LED flash,,Up to 200 h,,,"Vibration; Polyphonic(64), MP3 ringtones",No,No,Yes + downloadable,,,,,,,No,,Mini-SIM,1.3 MP,99 g (3.49 oz),,"10 dialed, 10 received, 10 missed calls",Discontinued,No,Yes,,GSM 900 / 1800,,WAP 2.0/xHTML,128 x 160 pixels,Up to 3 h 20 min,No,,,"2005, Q1",,GSM,Predictive text inputOrganizerStopwatchVoice memo,,Pantech,,https://fdn2.gsmarena.com/vv/bigpic/pantech-pg3000.gif,,Pantech PG3000,,"SMS, EMS, MMS","Black, Silver","TFT, 256K colors","800 x 8 fields, Photo call",Class 10,87 x 42 x 22 mm (3.43 x 1.65 x 0.87 in),8.4MB,,No,No,No,,,Yes,Removable Li-Ion 850 mAh battery,,,"Yes, MIDP 2.0"
Second external 65K colors STN display  (96 x 64 pixels),,,Up to 300 h,,,Vibration; Polyphonic(64) ringtones,No,No,Yes,,,,3D sound,,Predictive text inputOrganizerStopwatchVoice memo,No,,Mini-SIM,,85 g (3.00 oz),,"10 dialed, 10 received, 10 missed calls",Discontinued,No,,,GSM 900 / 1800,,WAP 1.2.1,"128 x 128 pixels, 1:1 ratio",Up to 2 h 30 min,No,,,"2005, Q1",,GSM,No,,Pantech,,https://fdn2.gsmarena.com/vv/bigpic/pthgf100.gif,,Pantech GF100,,"SMS, EMS, MMS",,"STN, 65K colors",1000 entries,Class 10,82 x 44 x 22.5 mm (3.23 x 1.73 x 0.89 in),1.8MB,,No,No,No,,,,Removable Li-Ion 680 mAh battery,,,Yes
Second external 256K colors TFT display  (128 x 160 pixels),,,Up to 200 h,,,Vibration; Polyphonic(64) ringtones,No,No,Yes,,,,Predictive text inputOrganizerStopwatchVoice memo,,,No,,Mini-SIM,VGA,85 g (3.00 oz),,"10 dialed, 10 received, 10 missed calls",Discontinued,No,,,GSM 900 / 1800,,WAP 1.2.1,128 x 160 pixels,Up to 3 h 30 min,No,,,"2004, Q4",,GSM,No,,Pantech,,https://fdn2.gsmarena.com/vv/bigpic/pthg670.gif,,Pantech G670,,"SMS, EMS, MMS",Gray,"TFT, 256K colors","1000 entries, Photo call",Class 10,80 x 40 x 21 mm (3.15 x 1.57 x 0.83 in),1.8MB,,No,No,No,,,Yes,Removable Li-Ion battery,,Thermometer,Yes
External 256K colors TFT (128 x 160 pixels)ScreensaverDownloadable logos,LED flash,,Up to 90 h,,,Vibration; Downloadable polyphonic ringtones,No,No,Yes,,,,Predictive text inputVoice memo(max 30 sec)OrganizerStopwatch,,,No,,Mini-SIM,1.3 MP,82 g (2.89 oz),,"20 dialed, 20 received, 20 missed calls",Discontinued,No,,,GSM 900 / 1800,,WAP 1.2.1,128 x 160 pixels,Up to 3 h,No,,,"2004, Q2",,GSM,No,,Pantech,,https://fdn2.gsmarena.com/vv/bigpic/pthgi100.gif,,Pantech GI100,,"SMS, EMS, MMS","B.Silver, P.Silver","TFT, 256K colors","800 entries, Photo call",Class 10,82 x 40 x 22 mm (3.23 x 1.57 x 0.87 in),13.5MB,,No,No,No,,,Yes,Removable Li-Ion 780 mAh battery,,Fingerprint (front-mounted),"Yes, MIDP 1.0"
External 256K colors TFT (128 x 160 pixels)Downloadable logos,LED flash,,Up to 200 h,,,Vibration; Downloadable polyphonic ringtones,"Yes, with stereo speakers",No,Yes,,,,Predictive text inputVoice memoOrganizer,,,No,,Mini-SIM,VGA,85 g (3.00 oz),,"10 dialed, 10 received, 10 missed calls",Discontinued,No,Yes,,GSM 900 / 1800 / 1900,,WAP 1.2.1,128 x 160 pixels,Up to 3 h 30 min,No,,,"2004, Q2",,GSM,No,,Pantech,,https://fdn2.gsmarena.com/vv/bigpic/pthgf200.gif,,Pantech GF200,,"SMS, EMS, MMS",,"TFT, 256K colors","800 entries, Photo call",Class 10,81 x 42 x 22 mm (3.19 x 1.65 x 0.87 in),8.4MB,,No,No,No,,,Yes,Removable Li-Ion 820 mAh battery,,,Yes
No,,,Up to 145 h,,,Vibration; Polyphonic(16) ringtones,No,No,"Smokey, Rabbit Escape",,,,,,,No,,Mini-SIM,,72 g (2.54 oz),,"20 dialed, 20 received, 20 missed calls",Discontinued,No,Yes,,GSM 900 / 1800,,WAP 1.2.1,"128 x 128 pixels, 1.5 inches, 1:1 ratio (~113 ppi density)",Up to 3 h 20 min,No,,,"2004, Q2",,GSM,Predictive text inputVoice memoOrganizerStopwatch,,Pantech,,https://fdn2.gsmarena.com/vv/bigpic/pthgb300.gif,"1.6 inches, 28 x 30 mm, 8.3 cm2(~18.1% screen-to-body ratio)",Pantech GB300,,"SMS, MMS","Blue, Silver, Red","STN, 65K colors",800 entries,Class 10,99 x 46 x 18 mm (3.90 x 1.81 x 0.71 in),2MB,,No,No,No,,,,Removable Li-Ion 850 mAh battery,,,"Yes, MIDP 1.0"
Second external B/W display  (96 x 64 pixels),,,Up to 150 h,,,Vibration; Polyphonic(40) ringtones,No,No,Yes,,,,Predictive text inputOrganizerStopwatchVoice memo,,,No,,Mini-SIM,VGA,80 g (2.82 oz),,"10 dialed, 10 received, 10 missed calls",Discontinued,No,,,GSM 900 / 1800 / 1900,,WAP 1.2.1,128 x 160 pixels,Up to 3 h,No,,,"2004, Q4",,GSM,No,,Pantech,,https://fdn2.gsmarena.com/vv/bigpic/pthgb200.gif,,Pantech GB200,,"SMS, EMS, MMS",Gray,"STN, 65K colors",800 entries,Class 10,80 x 40 x 20 mm (3.15 x 1.57 x 0.79 in),2.8MB,,No,No,No,,,Yes,Removable Li-Ion 680 mAh battery,,,Yes
No,,,Up to 150 h,,,Vibration; Polyphonic(16) ringtones,No,No,Yes,,,,,,,No,,Mini-SIM,,80 g (2.82 oz),,"10 dialed, 10 received, 10 missed calls",Discontinued,No,,,GSM 900 / 1800,,WAP 1.2.1,"128 x 128 pixels, 1:1 ratio",Up to 3 h,No,,,"2004, Q2",,GSM,Predictive text inputOrganizerStopwatch,,Pantech,,https://fdn2.gsmarena.com/vv/bigpic/pthgb100.gif,,Pantech GB100,,"SMS, EMS",,"CSTN, 65K colors",300 entries,Class 10,80 x 42 x 21 mm (3.15 x 1.65 x 0.83 in),750 KB,,No,No,No,,,,Removable Li-Ion 640 mAh battery,,,No
External 256K colors TFT (128 x 160 pixels)Downloadable logos,,,Up to 200 h,,,Vibration; Downloadable polyphonic ringtones,No,No,Yes,,,,Predictive text inputOrganizerStop watch,,,No,,Mini-SIM,VGA,80 g (2.82 oz),,"10 dialed, 10 received, 10 missed calls",Discontinued,No,,,GSM 900 / 1800,,WAP 1.2.1,128 x 160 pixels,Up to 4 h,No,,,2004,,GSM,No,,Pantech,,https://fdn2.gsmarena.com/vv/bigpic/pthg900.gif,,Pantech G900,,"SMS, EMS, MMS","Orange Yellow, European Silver","TFT, 256K colors",800 entries,Class 10,80 x 40 x 20 mm (3.15 x 1.57 x 0.79 in),,,No,No,No,,,No,Removable Li-Ion battery,,,No
External 256K colors TFT(96 x 64 pixels)Downloadable logos,LED flash,,Up to 150 h,,,Vibration; Downloadable polyphonic ringtones,No,No,Yes,,,,Predictive text inputOrganizerStop watch,,,No,,Mini-SIM,VGA,87 g (3.07 oz),,"10 dialed, 10 received, 10 missed calls",Discontinued,No,,,GSM 900 / 1800,,WAP 1.2.1,128 x 143 pixels,Up to 3 h,No,,,2004,,GSM,No,,Pantech,,https://fdn2.gsmarena.com/vv/bigpic/pthg600.gif,,Pantech G600,,"SMS, EMS, MMS","Wine Red, European Silver","TFT, 256K colors",500,Class 10,87.3 x 46.5 x 22 mm (3.44 x 1.83 x 0.87 in),,,No,No,No,,,No,Removable Li-Ion battery,,,No
External 256K colors TFT(128 x 128 pixels),LED flash,,Up to 200 h,,,Vibration; Downloadable polyphonic ringtones,No,1.1,Yes,,,,Predictive text inputOrganizerStop watchPC-Sync,,,No,,Mini-SIM,VGA,85 g (3.00 oz),,"10 dialed, 10 received, 10 missed calls",Discontinued,No,,,GSM 900 / 1800 / 1900,,WAP 1.2.1,128 x 160 pixels,Up to 3 h,No,,,2004,,GSM,No,,Pantech,,https://fdn2.gsmarena.com/vv/bigpic/pthg800.gif,,Pantech G800,,"SMS, EMS, MMS","Silver, White, Deep Blue","TFT, 256K colors",800,Class 10,85 x 41 x 22 mm (3.35 x 1.61 x 0.87 in),,,No,No,No,,,No,Removable Li-Ion 760 mAh battery,,,Yes
7 colors indicator,,,Up to 180 h,,,"Vibration; Polyphonic(16) ringtones, composer",No,No,Yes,,,,Predictive text inputOrganizerStop watch,,,No,,Mini-SIM,,79 g (2.79 oz),,"10 dialed, 10 received, 10 missed calls",Discontinued,No,,,GSM 900 / 1800 / 1900,,WAP 1.2.1,128 x 160 pixels,Up to 3 h,No,,,2004,,GSM,No,,Pantech,,https://fdn2.gsmarena.com/vv/bigpic/pthg700.gif,,Pantech G700,,"SMS, EMS",Silver,"TFT, 65K colors",200,Class 10,80 x 42 x 22.8 mm (3.15 x 1.65 x 0.90 in),,,No,No,No,,,,Removable Li-Ion battery,,,No
GSM 900 / 1900 - Pantech G510,LED flash,,Up to 200 h,,,Vibration; Downloadable polyphonic ringtones,No,No,Smokey,,,,No,,Predictive text inputOrganizerStop watchVoice memoPC-Sync,No,,Mini-SIM,VGA,90 g (3.17 oz),,"10 dialed, 10 received, 10 missed calls",Discontinued,No,,,GSM 900 / 1800,,WAP 1.2.1,"128 x 160 pixels, 8 lines",Up to 3 h 30 min,No,,,2004,,GSM,External 256K colors TFT(128 x 128 pixels),,Pantech,,https://fdn2.gsmarena.com/vv/bigpic/pthg500.gif,,Pantech G500,,"SMS, EMS, MMS","Red, Silver, Pearl White","TFT, 256K colors","500 entries, contact groups, Photo call",Class 8,85 x 41 x 22 mm (3.35 x 1.61 x 0.87 in),2.5MB,,No,No,No,,,No,Removable Li-Ion battery,,,No
GSM 900 / 1900 - Pantech G310,,,Up to 150 h,,,Vibration; Polyphonic(40) ringtones,No,No,Yes,,,,No,,Predictive text inputOrganizerStop watchVoice memoPC-Sync,No,,Mini-SIM,,75 g (2.65 oz),,"10 dialed, 10 received, 10 missed calls",Discontinued,No,,,GSM 900 / 1800,,WAP 1.2.1,"128 x 128 pixels, 1:1 ratio",Up to 3 h,No,,,2003,,GSM,External B&W LCD (96 x 64 pixels),,Pantech,,https://fdn2.gsmarena.com/vv/bigpic/pthg300.gif,,Pantech G300,,"SMS, EMS, MMS","Red, Silver, Light blue, Violet","TFT, 256K colors",800,Class 10,76 x 40 x 23.5 mm (2.99 x 1.57 x 0.93 in),,,No,No,No,,,,Removable Li-Ion battery,,,No
External B&W LCD (96 x 48 pixels),,,Up to 150 h,,,Vibration; Polyphonic(32) ringtones,No,No,Yes,,,,Predictive text inputOrganizerStop watch,,,No,,Mini-SIM,,80 g (2.82 oz),,"10 dialed, 10 received, 10 missed calls",Discontinued,No,,,GSM 900 / 1800,,WAP 1.2.1,128 x 160 pixels,Up to 3 h,No,,,2003,,GSM,No,,Pantech,,https://fdn2.gsmarena.com/vv/bigpic/pthg200.gif,,Pantech G200,,"SMS, EMS, MMS","Blue, Silver, Black","TFT, 65K colors",1000,Class 10,83.5 x 46 x 20.5 mm (3.29 x 1.81 x 0.81 in),,,No,No,No,,,,Removable Li-Ion battery,,,Yes
External B&W LCD (96 x 48 pixels),,,Up to 150 h,,,Vibration; Polyphonic(40) ringtones,No,No,Yes,,,,Predictive text inputOrganizerStop watch,,,No,,Mini-SIM,,80 g (2.82 oz),,"10 dialed, 10 received, 10 missed calls",Discontinued,No,,,GSM 900 / 1800,,WAP 1.2.1,128 x 143 pixels,Up to 3 h,No,,,2003,,GSM,No,,Pantech,,https://fdn2.gsmarena.com/vv/bigpic/pthq80.gif,,Pantech Q80,,SMS,Silver,"TFT, 65K colors",Yes,Class 10,83.5 x 46 x 21 mm (3.29 x 1.81 x 0.83 in),,,No,No,No,,,,Removable Li-Ion battery,,,No
