,CPU,Features,4G bands,Single_1,Stand-by,OS,Loudspeaker,Bluetooth,Games,3.5mm jack,SIM,Single,Weight,Chipset,Call records,Status,WLAN,2G bands,Features_1,Resolution,Talk time,Card slot,Speed,NFC,Announced,Video_1,Technology,_1,Brand,GPU,Model Image,Size,Model Name,Messaging,Colors,Type,Phonebook,GPRS,Dimensions,Internal,USB,EDGE,Positioning,Radio,3G bands,Charging,Video,Type_1,Sensors,Java
HSDPA 900 / 1900 / 2100 - L600B,Quad-core 1.0 GHz Cortex-A53,LED flash,"2, 4, 5, 7, 17 - L600A",5 MP,Up to 180 h (3G),Android 5.1 (Lollipop),Yes,"4.0, A2DP",,Yes,Dual SIM,"8 MP, AF",187.6 g (6.63 oz),Mediatek MT6735 (28 nm),,Discontinued,"Wi-Fi 802.11 b/g/n, hotspot",GSM 850 / 900 / 1800 / 1900 - SIM 1 & SIM 2,,"720 x 1280 pixels, 16:9 ratio (~245 ppi density)",Up to 5 h 30 min (3G),microSDXC,"HSPA 42.2/5.76 Mbps, LTE Cat4 150/50 Mbps",No,"2016, August. Released 2016, December",,GSM / HSPA / LTE,"1, 3, 7, 8, 20 - L600B",Posh,Mali-T720,https://fdn2.gsmarena.com/vv/bigpic/posh-l600.jpg,"6.0 inches, 99.2 cm2(~71.8% screen-to-body ratio)",Posh Memo Pro LTE L600,,"Black, White",IPS LCD,,,161.5 x 85.6 x 7.9 mm (6.36 x 3.37 x 0.31 in),16GB 1GB RAM,microUSB 2.0,,GPS,FM radio,HSDPA 850 / 1700 / 2100 - L600A,,1080p@30fps,Li-Po 2700 mAh battery,Accelerometer,
,Quad-core 1.3 GHz Cortex-A7,LED flash,,2 MP,Up to 176 h (3G),Android 6.0 (Marshmallow),Yes,"4.1, A2DP, LE",,Yes,Dual SIM,5 MP,275 g (9.70 oz),Mediatek MT8321 (28 nm),,Discontinued,Wi-Fi 802.11 b/g/n,GSM 850 / 900 / 1800 / 1900 - SIM 1 & SIM 2,,"600 x 1024 pixels, 16:9 ratio (~170 ppi density)",Up to 5 h (3G),microSDXC,HSPA,No,"2016, September. Released 2017, January",,GSM / HSPA,,Posh,Mali-400,https://fdn2.gsmarena.com/vv/bigpic/posh-x700.jpg,"7.0 inches, 137.9 cm2(~66.5% screen-to-body ratio)",Posh Equal Plus X700,,"Black, Silver, Rose Gold",IPS LCD,,,192.1 x 107.9 x 9.9 mm (7.56 x 4.25 x 0.39 in),16GB 1GB RAM,microUSB 2.0,,GPS,FM radio,HSDPA 850 / 1900 / 2100,,Yes,Li-Po 2650 mAh battery,Accelerometer,
eMMC 5.0,Quad-core 1.25 GHz Cortex-A53,LED flash,"2, 3, 4, 7, 17, 12, 20",2 MP,Up to 180 h (3G),Android 6.0 (Marshmallow),Yes,"4.1, A2DP, LE",,Yes,Dual SIM,"8 MP, AF",177 g (6.24 oz),Mediatek MT6737 (28 nm),,Discontinued,Wi-Fi 802.11 b/g/n,GSM 850 / 900 / 1800 / 1900 - SIM 1 & SIM 2,,"720 x 1280 pixels, 16:9 ratio (~267 ppi density)",Up to 5 h 30 min (3G),microSDXC,"HSPA 42.2/5.76 Mbps, LTE Cat4 150/50 Mbps",No,"2016, August. Released 2016, December",,GSM / HSPA / LTE,,Posh,Mali-T720,https://fdn2.gsmarena.com/vv/bigpic/posh-um-l550.jpg,"5.5 inches, 83.4 cm2(~71.4% screen-to-body ratio)",Posh Ultra Max LTE L550,,"Black, Gold, White",IPS LCD,,,152.1 x 76.8 x 7.3 mm (5.99 x 3.02 x 0.29 in),16GB 1GB RAM,microUSB 2.0,,GPS,FM radio,HSDPA 850 / 1900 / 2100,,1080p@30fps,Li-Po 2700 mAh battery,"Accelerometer, proximity",
,Quad-core 1.0 GHz Cortex-A53,"LED flash, HDR, panorama","2, 4, 7, 17",5 MP,,Android 6.0 (Marshmallow),Yes,"4.0, A2DP, EDR",,Yes,"Dual SIM (Micro-SIM, dual stand-by)","8 MP, AF",130 g (4.59 oz),Mediatek MT6735P (28 nm),,Discontinued,"Wi-Fi 802.11 b/g/n, Wi-Fi Direct",GSM 850 / 900 / 1800 / 1900 - SIM 1 & SIM 2,,"720 x 1280 pixels, 16:9 ratio (~294 ppi density)",,microSDHC,"HSPA 21.1/5.76 Mbps, LTE Cat4 150/50 Mbps",No,"2015, November. Released 2016, April",,GSM / HSPA / LTE,,Posh,Mali-T720MP2,https://fdn2.gsmarena.com/vv/bigpic/posh-Kick_Pro_LTE_L520.jpg,"5.0 inches, 68.9 cm2(~67.6% screen-to-body ratio)",Posh Kick Pro LTE L520,,"White, Gold, Gray",IPS LCD,,,142.5 x 71.5 x 8.6 mm (5.61 x 2.81 x 0.34 in),8GB 1GB RAM,microUSB 2.0,,GPS,No,HSDPA 850 / 1700(AWS) / 1900 / 2100,,1080p@30fps,"Li-Ion 2000 mAh, removable","Accelerometer, proximity",
,Octa-core 1.3 GHz Cortex-A53,"Dual-LED flash, panorama, HDR","2, 4, 7, 17","13 MP, f/2.2, 1/3"", AF",Up to 400 h (2G) / Up to 300 h (3G),Android 5.1 (Lollipop),Yes,"4.0, A2DP, EDR",,Yes,"Dual SIM (Micro-SIM, dual stand-by)","13 MP, f/2.2, 1/3.1"", 1.12µm, AF",133 g (4.69 oz),Mediatek MT6753 (28 nm),,Discontinued,"Wi-Fi 802.11 b/g/n, Wi-Fi Direct, hotspot",GSM 850 / 900 / 1800 / 1900 - SIM 1 & SIM 2,,"720 x 1280 pixels, 16:9 ratio (~294 ppi density)",Up to 10 h (2G) / Up to 8 h (3G),microSDHC,"HSPA 21.1/5.76 Mbps, LTE Cat4 150/50 Mbps",No,"2016, February. Released 2016, April",,GSM / HSPA / LTE,,Posh,Mali-400,https://fdn2.gsmarena.com/vv/bigpic/posh-Optima_LTE_L530.jpg,"5.0 inches, 68.9 cm2(~69.2% screen-to-body ratio)",Posh Optima LTE L530,,"Black, Gold",IPS LCD,,,143.5 x 69.4 x 8 mm (5.65 x 2.73 x 0.31 in),16GB 2GB RAM,"microUSB 2.0, OTG",,GPS,No,HSDPA 850 / 1900 / 2100,,1080p@30fps,"Li-Po 3000 mAh, non-removable","Accelerometer, proximity, compass",
,Quad-core 1.3 GHz Cortex-A7,"LED flash, HDR, panorama",,2 MP,Up to 700 h (2G) / Up to 250 h (3G),Android 5.1 (Lollipop),Yes,"4.0, A2DP, EDR",,Yes,"Dual SIM (Micro-SIM/ Mini-SIM, dual stand-by)","8 MP, AF",115 g (4.06 oz),Mediatek MT6580A (28 nm),,Discontinued,"Wi-Fi 802.11 b/g/n, Wi-Fi Direct, DLNA, hotspot",GSM 850 / 900 / 1800 / 1900 - SIM 1 & SIM 2,,"720 x 1280 pixels, 16:9 ratio (~267 ppi density)",Up to 22 h (2G) / Up to 12 h (3G),microSDHC,HSPA 21.1/5.76 Mbps,No,"2015, November. Released 2016, January",,GSM / HSPA,,Posh,Mali-400MP2,https://fdn2.gsmarena.com/vv/bigpic/posh-Icon_HD_X551.jpg,"5.5 inches, 83.4 cm2(~68.9% screen-to-body ratio)",Posh Icon HD X551,,"Dark Grey, White, Gold, Rose Gold, Silver",IPS LCD,,,153.2 x 79 x 8.2 mm (6.03 x 3.11 x 0.32 in),16GB 1GB RAM,microUSB 2.0,,GPS,FM radio,HSDPA 850 / 1900 / 2100,,1080p@30fps,"Li-Po 2100 mAh, removable","Accelerometer, proximity, compass",
,Quad-core 1.0 GHz Cortex-A53,"LED flash, panorama, HDR","2, 3, 4, 7, 17","5 MP, f/2.2, 1/5.0"", 1.12µm",Up to 600 h (2G) / Up to 300 h (3G),Android 5.1 (Lollipop),Yes,"4.0, A2DP, LE",,Yes,"Dual SIM (Micro-SIM, dual stand-by)","8 MP, f/2.4, 1/4.0"", 1.12µm, AF",167.5 g (5.93 oz),Mediatek MT6735P (28 nm),,Discontinued,"Wi-Fi 802.11 b/g/n, Wi-Fi Direct, hotspot",GSM 850 / 900 / 1800 / 1900 - SIM 1 & SIM 2,,"720 x 1280 pixels, 16:9 ratio (~294 ppi density)",Up to 16 h (2G) / Up to 12 h (3G),microSDXC,"HSPA 21.1/5.76 Mbps, LTE Cat4 150/50 Mbps",No,"2016, March. Released 2016, May",,GSM / HSPA / LTE,,Posh,Mali-T720MP2,https://fdn2.gsmarena.com/vv/bigpic/posh-Volt_LTE_L540.jpg,"5.0 inches, 68.9 cm2(~66.6% screen-to-body ratio)",Posh Volt LTE L540,,"Grey, Gold, Rose Gold",IPS LCD,,,143.8 x 72 x 10 mm (5.66 x 2.83 x 0.39 in),16GB 3GB RAM,microUSB 2.0,,GPS,FM radio,HSDPA 850 / 1900 / 2100,10W wired,1080p@30fps,"Li-Po 4000 mAh, non-removable","Accelerometer, proximity",
,Octa-core 1.3 GHz Cortex-A53,"LED flash, panorama, HDR","2, 3, 4, 7, 17","8 MP, f/2.2, 1/4.0"", 1.12µm",Up to 600 h (2G) / Up to 400 h (3G),Android 5.1 (Lollipop),Yes,"4.1, A2DP, LE",,Yes,"Dual SIM (Micro-SIM, dual stand-by)","13 MP, f/2.4, 1/3.1"", 1.12µm, AF",230 g (8.11 oz),Mediatek MT6753 (28 nm),,Discontinued,"Wi-Fi 802.11 b/g/n, Wi-Fi Direct, hotspot",GSM 850 / 900 / 1800 / 1900 - SIM 1 & SIM 2,,"1280 x 1920 pixels, 3:2 ratio (~358 ppi density)",Up to 16 h (2G) / Up to 8 h (3G),No,"HSPA 42.2/5.76 Mbps, LTE Cat4 150/50 Mbps",No,"2016, March. Released 2016, June",,GSM / HSPA / LTE,,Posh,Mali-T760MP2,https://fdn2.gsmarena.com/vv/bigpic/posh-Volt_Max_LTE_L640.jpg,"6.44 inches, 123.5 cm2(~78.6% screen-to-body ratio)",Posh Volt Max LTE L640,,"Grey, Gold, Rose Gold",IPS LCD,,,176 x 89.3 x 8.1 mm (6.93 x 3.52 x 0.32 in),"32GB 3GB RAM, 64GB 3GB RAM","microUSB 2.0, OTG",,GPS,No,HSDPA 850 / 1900 / 2100,10W wired,1080p@30fps,"Li-Po 6000 mAh, non-removable","Accelerometer, proximity, compass",
,Quad-core 1.0 GHz Cortex-A53,"LED flash, HDR, panorama","2, 4, 7, 17",2 MP,Up to 900 h (2G) / Up to 800 h (3G),Android 5.1 (Lollipop),Yes,"4.0, A2DP, LE",,Yes,"Dual SIM (Micro-SIM/ Mini-SIM, dual stand-by)","5 MP, AF",248 g (5.22 oz),Mediatek MT8735P,,Discontinued,"Wi-Fi 802.11 a/b/g/n, hotspot",GSM 850 / 900 / 1800 / 1900 - SIM 1 & SIM 2,,"720 x 1280 pixels, 16:9 ratio (~211 ppi density)",Up to 24 h (2G) / Up to 15 h (3G),microSDHC,"HSPA 42.2/11.5 Mbps, LTE Cat4 150/50 Mbps",No,"2016, February. Released 2016, March",,GSM / HSPA / LTE,,Posh,Mali-T720MP2,https://fdn2.gsmarena.com/vv/bigpic/posh-Equal_Pro_LTE_L700.jpg,"6.95 inches, 133.2 cm2(~68.3% screen-to-body ratio)",Posh Equal Pro LTE L700,,"Black, White, Blue",IPS LCD,,,192 x 101.6 x 8.4 mm (7.56 x 4.0 x 0.33 in),16GB 1GB RAM,"microUSB 2.0, OTG",,GPS,FM radio,HSDPA 850 / 1900 / 2100,,1080p@30fps,"Li-Po 2800 mAh, non-removable","Accelerometer, compass",
HSDPA 850 / 2100 - C353B,1.0 GHz,,,VGA,Up to 260 h (2G) / Up to 220 h (3G),Android 4.4.2 (KitKat),"Yes, with stereo speakers","2.1, EDR",,Yes,"Dual SIM (Mini-SIM, dual stand-by)",VGA,96.1 g (3.39 oz),Spreadtrum SC7715,,Discontinued,"Wi-Fi 802.11 b/g/n, hotspot",GSM 850 / 900 / 1800 / 1900 - SIM 1 & SIM 2,,"320 x 480 pixels, 3:2 ratio (~165 ppi density)",Up to 5 h 30 min (2G) / Up to 5 h (3G),microSDHC,HSPA 21.1/5.76 Mbps,No,"2015, May. Released 2015, August",,GSM / HSPA,,Posh,,https://fdn2.gsmarena.com/vv/bigpic/posh-plus-c353.jpg,"3.5 inches, 36.5 cm2(~49.9% screen-to-body ratio)",Posh Primo Plus C353,,"Black, White, Blue, Pink, Yellow",TFT,,,116 x 63 x 10.4 mm (4.57 x 2.48 x 0.41 in),512MB 256MB RAM,microUSB 2.0,,No,FM radio,HSDPA 850 / 1900 - C353A,,Yes,Li-Po 1300 mAh battery,Accelerometer,
HSDPA 850 / 2100 - X511B,Quad-core 1.3 GHz Cortex-A7,"LED flash, panorama, HDR",,VGA,Up to 400 h (2G) / Up to 240 h (3G),Android 4.4.2 (KitKat),"Yes, with stereo speakers","4.0, A2DP, EDR",,Yes,"Dual SIM (Mini-SIM/ Micro-SIM, dual stand-by)","5 MP, AF",160 g (5.64 oz),Mediatek MT6582M (28 nm),,Discontinued,"Wi-Fi 802.11 b/g/n, Wi-Fi Direct, DLNA, hotspot",GSM 850 / 900 / 1800 / 1900 - SIM 1 & SIM 2,,"540 x 960 pixels, 16:9 ratio (~220 ppi density)",Up to 5 h (2G) / Up to 4 h (3G),microSDHC,HSPA 21.1/5.76 Mbps,No,"2015, May. Released 2015, August",,GSM / HSPA,,Posh,Mali-400MP2,https://fdn2.gsmarena.com/vv/bigpic/posh-kick-x511.jpg,"5.0 inches, 68.9 cm2(~66.2% screen-to-body ratio)",Posh Kick X511,,"Black, White, Gold, Blue",IPS LCD,,,144.5 x 72 x 8.1 mm (5.69 x 2.83 x 0.32 in),8GB 1GB RAM,microUSB 2.0,,GPS,FM radio,HSDPA 850 / 1900 - X511A,,1080p@30fps,Li-Po 1600 mAh battery,"Accelerometer, proximity",
HSDPA 850 / 1900 / 2100 - X410B,Dual-core 1.0 GHz Cortex-A7,"LED flash, panorama, HDR",,VGA,Up to 400 h (2G) / Up to 240 h (3G),Android 4.4.2 (KitKat),"Yes, with stereo speakers","4.0, A2DP, EDR",,Yes,"Dual SIM (Mini-SIM/ Micro-SIM, dual stand-by)",2 MP,119 g (4.20 oz),Mediatek MT6572M (28 nm),,Discontinued,"Wi-Fi 802.11 b/g/n, Wi-Fi Direct, DLNA, hotspot",GSM 850 / 900 / 1800 / 1900 - SIM 1 & SIM 2,,"480 x 800 pixels, 5:3 ratio (~233 ppi density)",Up to 5 h (2G) / Up to 3 h (3G),microSDHC,HSPA 21.1/5.76 Mbps,No,"2015, May. Released 2015, August",,GSM / HSPA,,Posh,Mali-400,https://fdn2.gsmarena.com/vv/bigpic/posh-kick-lite-s410.jpg,"4.0 inches, 45.5 cm2(~58.2% screen-to-body ratio)",Posh Kick Lite S410,,"Black, White, Pink, Blue",IPS LCD,,,123.3 x 63.5 x 12.2 mm (4.85 x 2.5 x 0.48 in),4GB 512MB RAM,microUSB 2.0,,GPS,FM radio,HSDPA 850 / 1700(AWS) / 1900 - S410A,,720p@30fps,Li-Po 1450 mAh battery,Accelerometer,
HSDPA 850 / 1900 / 2100 - X510B,Dual-core 1.0 GHz Cortex-A7,"LED flash, panorama, HDR",,VGA,Up to 260 h (2G) / Up to 220 h (3G),Android 4.4.2 (KitKat),"Yes, with stereo speakers","4.0, A2DP, EDR",,Yes,"Dual SIM (Mini-SIM, dual stand-by)",5 MP,115.2 g (4.06 oz),Mediatek MT6572M (28 nm),,Discontinued,"Wi-Fi 802.11 b/g/n, Wi-Fi Direct, DLNA, hotspot",GSM 850 / 900 / 1800 / 1900 - SIM 1 & SIM 2,,"480 x 854 pixels, 16:9 ratio (~196 ppi density)",Up to 5 h 30 min (2G) / Up to 5 h (3G),microSDHC,HSPA 21.1/5.76 Mbps,No,"2015, May. Released 2015, October",,GSM / HSPA,,Posh,Mali-400,https://fdn2.gsmarena.com/vv/bigpic/posh-icon-s510.jpg,"5.0 inches, 68.9 cm2(~68.8% screen-to-body ratio)",Posh Icon S510,,"Gold, White, Black",IPS LCD,,,142 x 70.5 x 8.5 mm (5.59 x 2.78 x 0.33 in),4GB 512MB RAM,microUSB 2.0,,GPS,FM radio,HSDPA 850 / 1700(AWS) / 1900 - S510A,,1080p@30fps,Li-Po 1800 mAh battery,Accelerometer,
,Octa-core 1.4 GHz Cortex-A7,"Dual-LED flash, panorama, HDR",,5 MP,Up to 400 h (2G) / Up to 240 h (3G),Android 4.4.2 (KitKat),"Yes, with stereo speakers","4.0, A2DP, EDR",,Yes,"Dual SIM (Mini-SIM/ Micro-SIM, dual stand-by)","13 MP, AF",140 g (4.94 oz),Mediatek MT6592M (28 nm),,Discontinued,"Wi-Fi 802.11 b/g/n, Wi-Fi Direct, DLNA, hotspot",GSM 850 / 900 / 1800 / 1900 - SIM 1 & SIM 2,LED flash,"720 x 1280 pixels, 16:9 ratio (~267 ppi density)",Up to 4 h (2G) / Up to 5 h (3G),microSDXC,HSPA 21.1/5.76 Mbps,No,"2015, July. Released 2015, July",,GSM / HSPA,,Posh,Mali-450MP4,https://fdn2.gsmarena.com/vv/bigpic/posh-e550-.jpg,"5.5 inches, 83.4 cm2(~70.8% screen-to-body ratio)",Posh Titan Max HD E550,,"Black, White, Gold",IPS LCD,,,151 x 78 x 7.9 mm (5.94 x 3.07 x 0.31 in),8GB 1GB RAM,microUSB 2.0,,GPS,FM radio,HSDPA 850 / 1700(AWS) / 1900 / 2100 - E550A,,1080p@30fps,Li-Po 2400 mAh battery,"Accelerometer, proximity, compass",
HSDPA 850 / 1900 / 2100 - L500B,Quad-core 1.2 GHz Cortex-A53,"LED flash, panorama","2, 4, 7, 17",2 MP,Up to 400 h (2G) / Up to 200 h (3G),Android 4.4.4 (KitKat),"Yes, with stereo speakers","4.0, A2DP, EDR",,Yes,"Dual SIM (Micro-SIM, dual stand-by)","8 MP, AF",129 g (4.55 oz),Qualcomm MSM8916 Snapdragon 410 (28 nm),,Discontinued,"Wi-Fi 802.11 b/g/n, Wi-Fi Direct, DLNA, hotspot",GSM 850 / 900 / 1800 / 1900 - SIM 1 & SIM 2,,"720 x 1280 pixels, 16:9 ratio (~294 ppi density)",Up to 4 h (2G) / Up to 4 h (3G),microSDXC,"HSPA 21.1/5.76 Mbps, LTE",No,"2015, July. Released 2015, July",,GSM / HSPA / LTE,eMMC 4.5,Posh,Adreno 306,https://fdn2.gsmarena.com/vv/bigpic/posh-l500-.jpg,"5.0 inches, 68.9 cm2(~66.0% screen-to-body ratio)",Posh Ultra 5.0 LTE L500,,"Black, White",IPS LCD,,,143 x 73 x 8.4 mm (5.63 x 2.87 x 0.33 in),8GB 1GB RAM,microUSB 2.0,,GPS,FM radio,HSDPA 850 / 1700(AWS) / 1900 - L500A,,720p@30fps,Li-Po 2230 mAh battery,"Accelerometer, proximity, compass",
HSDPA 850 / 1900 / 2100 - S240B,Dual-core 1.0 GHz Cortex-A7,Panorama,,1 MP,Up to 200 h (2G) / Up to 180 h (3G),Android 4.4.2 (KitKat),"Yes, with stereo speakers","4.0, A2DP, EDR",,Yes,Mini-SIM,2 MP,52.7 g (1.87 oz),Mediatek MT6572 (28 nm),,Discontinued,"Wi-Fi 802.11 b/g/n, Wi-Fi Direct, DLNA, hotspot",GSM 850 / 900 / 1800 / 1900,,240 x 432 pixels (~202 ppi density),Up to 7 h (2G) / Up to 4 h (3G),microSDHC (dedicated slot),HSPA 21.1/5.76 Mbps,No,"2015, July. Released 2015, July",,GSM / HSPA,,Posh,Mali-400,https://fdn2.gsmarena.com/vv/bigpic/posh-s240-.jpg,"2.45 inches, 16.4 cm2(~38.3% screen-to-body ratio)",Posh Micro X S240,,"Black, White, Blue, Pink","TFT, 256K colors",,,89.8 x 47.8 x 11.7 mm (3.54 x 1.88 x 0.46 in),4GB 512MB RAM,microUSB 2.0,,GPS,FM radio,HSDPA 850 / 1700(AWS) / 1900 - S240A,,720p@30fps,"Li-Po 650 mAh, removable",Accelerometer,
HSDPA 850 / 1900 / 2100 - E600B,Octa-core 1.7 GHz Cortex-A7,"Dual-LED flash, panorama, HDR",,"5 MP, AF",Up to 710 h (2G) / Up to 610 h (3G),Android 4.4.2 (KitKat),"Yes, with stereo speakers","4.0, A2DP, EDR",,Yes,"Dual SIM (Mini-SIM/ Micro-SIM, dual stand-by)","13 MP, AF",172 g (6.07 oz),Mediatek MT6592 (28 nm),,Discontinued,"Wi-Fi 802.11 b/g/n, Wi-Fi Direct, DLNA, hotspot",GSM 850 / 900 / 1800 / 1900 - SIM 1 & SIM 2,,"720 x 1280 pixels, 16:9 ratio (~245 ppi density)",Up to 24 h (2G) / Up to 12 h (3G),microSDXC,HSPA 21.1/5.76 Mbps,No,"2014, November. Released 2015, April",,GSM / HSPA,,Posh,Mali-450MP4,https://fdn2.gsmarena.com/vv/bigpic/posh-e600.jpg,"6.0 inches, 99.2 cm2(~71.3% screen-to-body ratio)",Posh Titan Max HD E600,,"Black, White, Gold",IPS LCD,,,165.8 x 84 x 8.9 mm (6.53 x 3.31 x 0.35 in),8GB 1GB RAM,microUSB 2.0,,GPS,FM radio,HSDPA 850 / 1700 / 1900 - E600A,,1080p@30fps,Li-Po 3000 mAh battery,"Accelerometer, proximity, compass",
HSDPA 850 / 1900 / 2100 - E500B,Octa-core 1.3 GHz Cortex-A7,"LED flash, panorama, HDR",,5 MP,Up to 600 h (2G) / Up to 520 h (3G),Android 4.4.2 (KitKat),"Yes, with stereo speakers","4.0, A2DP, EDR",,Yes,"Dual SIM (Mini-SIM/ Micro-SIM, dual stand-by)","13 MP, AF",125 g (4.41 oz),Mediatek MT6592M (28 nm),,Discontinued,"Wi-Fi 802.11 b/g/n, Wi-Fi Direct, DLNA, hotspot",GSM 850 / 900 / 1800 / 1900 - SIM 1 & SIM 2,,"720 x 1280 pixels, 16:9 ratio (~294 ppi density)",Up to 18 h (2G) / Up to 9 h (3G),microSDXC,HSPA 21.1/5.76 Mbps,No,"2014, July. Released 2014, September",,GSM / HSPA,,Posh,Mali-450MP4,https://fdn2.gsmarena.com/vv/bigpic/posh-e500.jpg,"5.0 inches, 68.9 cm2(~68.8% screen-to-body ratio)",Posh Titan HD E500,,"Black, White, Blue, Pink, Yellow, Orange, Green",IPS LCD,,,141.5 x 70.8 x 8 mm (5.57 x 2.79 x 0.31 in),8GB 1GB RAM,microUSB 2.0,,GPS,FM radio,HSDPA 850 / 1700 / 1900 - E500A,,1080p@30fps,Li-Po 2100 mAh battery,"Accelerometer, proximity, compass",
HSDPA 850 / 1900 / 2100 - S700B,Dual-core 1.3 GHz Cortex-A7,"LED flash, panorama, HDR",,1.3 MP,Up to 300 h (3G),Android 4.4.2 (KitKat),Yes,"4.0, A2DP",,Yes,"Dual SIM (Mini-SIM/ Micro-SIM, dual stand-by)",5 MP,244 g (8.61 oz),Mediatek MT8312 (28 nm),,Discontinued,"Wi-Fi 802.11 b/g/n, Wi-Fi Direct, DLNA, hotspot",GSM 850 / 900 / 1800 / 1900 - SIM 1 & SIM 2,,"600 x 1024 pixels, 16:9 ratio (~170 ppi density)",Up to 10 h (3G),microSDXC,HSPA 21.1/5.76 Mbps,No,"2014, August. Released 2014, September",,GSM / HSPA,,Posh,Mali-400,https://fdn2.gsmarena.com/vv/bigpic/posh-s700.jpg,"7.0 inches, 137.9 cm2(~69.0% screen-to-body ratio)",Posh Equal S700,,"Black, White",TFT,,,193.9 x 103 x 8.9 mm (7.63 x 4.06 x 0.35 in),4GB 512MB RAM,microUSB 2.0,,"GPS, GLONASS",FM radio,HSDPA 850 / 1700 / 1900 - S700A,,1080p@30fps,"Li-Ion 2600 mAh, non-removable","Accelerometer, compass",
,Quad-core 1.3 GHz Cortex-A7,HDR,,1.3 MP,Up to 250 h (3G),Android 4.4 (KitKat),"Yes, with stereo speakers","4.0, A2DP, EDR",,Yes,No,5 MP,231 g (8.15 oz),Mediatek MT8127 (28 nm),,Discontinued,"Wi-Fi 802.11 b/g/n, Wi-Fi Direct, DLNA, hotspot",N/A,,"600 x 1024 pixels, 16:9 ratio (~170 ppi density)",,microSDHC (dedicated slot),,No,"2014, September. Released 2014, December",,No cellular connectivity,,Posh,Mali-450MP4,https://fdn2.gsmarena.com/vv/bigpic/posh-w700.jpg,"7.0 inches, 137.9 cm2(~65.9% screen-to-body ratio)",Posh Equal Lite W700,,White,TFT,,No,192 x 109 x 9.8 mm (7.56 x 4.29 x 0.39 in),8GB 512MB RAM,microUSB 2.0,No,GPS,FM radio,,,1080p@30fps,"Li-Po 2100 mAh, non-removable",Accelerometer,
HSDPA 850 / 2100 - S580B,Dual-core 1.0 GHz Cortex-A7,"LED flash, panorama, HDR",,1.3 MP,Up to 800 h (2G) / Up to 750 h (3G),Android 4.4 (KitKat),"Yes, with stereo speakers","2.1, EDR",,Yes,"Dual SIM (Mini-SIM, dual stand-by)",8 MP,175 g (6.17 oz),Mediatek MT6572M (28 nm),,Discontinued,"Wi-Fi 802.11 b/g/n, Wi-Fi Direct, DLNA, hotspot",GSM 850 / 900 / 1800 / 1900 - SIM 1 & SIM 2,,"480 x 800 pixels, 5:3 ratio (~159 ppi density)",Up to 24 h (2G) / Up to 14 h (3G),microSDHC,HSPA 21.1/5.76 Mbps,No,"2014, June. Released 2014, August",,GSM / HSPA,,Posh,Mali-400,https://fdn2.gsmarena.com/vv/bigpic/posh-s580.jpg,"5.88 inches, 98.4 cm2(~65.7% screen-to-body ratio)",Posh Memo S580,,"Black, White",TFT,,,165.5 x 90.5 x 9.7 mm (6.52 x 3.56 x 0.38 in),4GB 512MB RAM,microUSB 2.0,,"GPS, GLONASS","Stereo FM radio, RDS",HSDPA 850 / 1900 - S580A,,720p@30fps,Li-Ion 2500 mAh battery,"Accelerometer, proximity",
HSDPA 850 / 2100 - X550B,Quad-core 1.3 GHz Cortex-A7,"LED flash, panorama, HDR",,1.3 MP,Up to 650 h (2G) / Up to 600 h (3G),Android 4.4.2 (KitKat),"Yes, with stereo speakers","3.0, EDR",,Yes,"Dual SIM (Mini-SIM, dual stand-by)","8 MP, AF",194 g (6.84 oz),Mediatek MT6582M (28 nm),,Discontinued,Wi-Fi 802.11 b/g/n,GSM 850 / 900 / 1800 / 1900 - SIM 1 & SIM 2,,"540 x 960 pixels, 16:9 ratio (~200 ppi density)",Up to 23 h (2G) / Up to 13 h (3G),microSDHC,HSPA 21.1/5.76 Mbps,No,"2014, July. Released 2014, September",,GSM / HSPA,,Posh,Mali-400MP2,https://fdn2.gsmarena.com/vv/bigpic/posh-x550.jpg,"5.5 inches, 83.4 cm2(~68.9% screen-to-body ratio)",Posh Orion Max X550,,"Black, White, Blue",IPS LCD,,,156.3 x 77.4 x 9.6 mm (6.15 x 3.05 x 0.38 in),4GB 1GB RAM,microUSB 2.0,,"GPS, GLONASS","Stereo FM radio, RDS",HSDPA 850 / 1900 - X550A,,720p,Li-Ion 2500 mAh battery,"Accelerometer, proximity",
HSDPA 850 / 2100 - X500B,Quad-core 1.3 GHz Cortex-A7,"LED flash, panorama, HDR",,"1.3 MP, AF",Up to 550 h (2G) / Up to 500 h (3G),Android 4.4 (KitKat),"Yes, with stereo speakers","4.0, A2DP, EDR",,Yes,"Dual SIM (Mini-SIM, dual stand-by)",8 MP,168 g (5.93 oz),Mediatek MT6582M (28 nm),,Discontinued,"Wi-Fi 802.11 b/g/n, Wi-Fi Direct, DLNA, hotspot",GSM 850 / 900 / 1800 / 1900 - SIM 1 & SIM 2,,"480 x 854 pixels, 16:9 ratio (~196 ppi density)",Up to 20 h (2G) / Up to 10 h (3G),microSDHC,HSPA 21.1/5.76 Mbps,No,"2014, January. Released 2014, April",,GSM / HSPA,,Posh,Mali-400MP2,https://fdn2.gsmarena.com/vv/bigpic/posh-x500.jpg,"5.0 inches, 68.9 cm2(~65.2% screen-to-body ratio)",Posh Orion Pro X500,,"Black, White, Blue, Pink",IPS LCD,,,144 x 73.4 x 9.7 mm (5.67 x 2.89 x 0.38 in),4GB 1GB RAM,microUSB 2.0,,GPS,FM radio,HSDPA 850 / 1900 - X500A,,720p@30fps,Li-Ion 1800 mAh battery,"Accelerometer, proximity",
HSDPA 850 / 1900 / 2100 - X510B,Quad-core 1.3 GHz Cortex-A7,"LED flash, HDR, panorama",,1.3 MP,Up to 800 h (2G) / Up to 680 h (3G),Android 4.4.2 (KitKat),"Yes, with stereo speakers","4.0, A2DP, EDR, LE, aptX",,Yes,"Dual SIM (Mini-SIM/ Micro-SIM, dual stand-by)","8 MP, AF",155 g (5.47 oz),Mediatek MT6582M (28 nm),,Discontinued,Wi-Fi 802.11 b/g/n,GSM 850 / 900 / 1800 / 1900 - SIM 1 & SIM 2,,"480 x 854 pixels, 16:9 ratio (~196 ppi density)",Up to 24 h (2G) / Up to 14 h (3G),microSDHC,HSPA 21.1/5.76 Mbps,No,"2014, September. Released 2015, January",,GSM / HSPA,,Posh,Mali-400MP2,https://fdn2.gsmarena.com/vv/bigpic/posh-x510.jpg,"5.0 inches, 68.9 cm2(~66.2% screen-to-body ratio)",Posh Revel Pro X510,,"Black, White, Blue, Pink, Yellow, Silver",TFT,,,142.5 x 73 x 9.4 mm (5.61 x 2.87 x 0.37 in),4GB 512MB RAM,"microUSB 2.0, OTG",,"GPS, GLONASS","Stereo FM radio, RDS",HSDPA 850 / 1700 / 1900 - X510A,,720p@30fps,Li-Po 2100 mAh battery,"Accelerometer, proximity",
HSDPA 850 / 2100 - S500B,Quad-core 1.0 GHz Cortex-A7,"LED flash, HDR, panorama",,1.3 MP,Up to 600 h (2G) / Up to 550 h (3G),Android 4.4.2 (KitKat),"Yes, with stereo speakers","2.1, EDR",,Yes,"Dual SIM (Mini-SIM, dual stand-by)",8 MP,160 g (5.64 oz),Mediatek MT6572M (28 nm),,Discontinued,"Wi-Fi 802.11 b/g/n, Wi-Fi Direct, DLNA, hotspot",GSM 850 / 900 / 1800 / 1900 - SIM 1 & SIM 2,,"480 x 854 pixels, 16:9 ratio (~196 ppi density)",Up to 22 h (2G) / Up to 12 h (3G),microSDHC,HSPA 21.1/5.76 Mbps,No,"2014, June. Released 2014, August",,GSM / HSPA,,Posh,Mali-400,https://fdn2.gsmarena.com/vv/bigpic/posh-s500.jpg,"5.0 inches, 68.9 cm2(~64.2% screen-to-body ratio)",Posh Revel S500,,"Black, White, Blue, Green",TFT,,,147 x 73 x 9.6 mm (5.79 x 2.87 x 0.38 in),4GB 512MB RAM,microUSB 2.0,,"GPS, GLONASS","Stereo FM radio, RDS",HSDPA 850 / 1900 - S500A,,720p@30fps,Li-Ion 1800 mAh battery,"Accelerometer, proximity",
,Dual-core 1.0 GHz Cortex-A7,"LED flash, HDR, panorama",,VGA,Up to 600 h (2G) / Up to 550 h (3G),Android 4.2.2 (Jelly Bean),"Yes, with stereo speakers","2.1, EDR",,Yes,"Dual SIM (Mini-SIM, dual stand-by)","5 MP, AF",150 g (5.29 oz),Mediatek MT6572M (28 nm),,Discontinued,"Wi-Fi 802.11 b/g/n, Wi-Fi Direct, DLNA, hotspot",GSM 850 / 900 / 1800 / 1900 - SIM 1 & SIM 2,,"540 x 960 pixels, 16:9 ratio (~245 ppi density)",Up to 22 h (2G) / Up to 12 h (3G),microSDHC,HSPA 21.1/5.76 Mbps,No,"2014, January. Released 2014, April",,GSM / HSPA,,Posh,Mali-400,https://fdn2.gsmarena.com/vv/bigpic/posh-s450.jpg,"4.5 inches, 55.8 cm2",Posh Orion S450,,"Black, White",IPS LCD,,,-,4GB 512MB RAM,microUSB 2.0,,"GPS, GLONASS","Stereo FM radio, RDS",HSDPA 850 / 1900,,720p@30fps,Li-Ion 2000 mAh battery,"Accelerometer, proximity",
HSDPA 850 / 2100 - S400B,Dual-core 1.0 GHz Cortex-A7,"HDR, panorama",,1.3 MP,Up to 450 h (2G) / Up to 350 h (3G),Android 4.2.2 (Jelly Bean),"Yes, with stereo speakers","2.1, A2DP, EDR",,Yes,"Dual SIM (Mini-SIM, dual stand-by)",5 MP,119 g (4.20 oz),Mediatek MT6572M (28 nm),,Discontinued,"Wi-Fi 802.11 b/g/n, hotspot",GSM 850 / 900 / 1800 / 1900 - SIM 1 & SIM 2,,"480 x 800 pixels, 5:3 ratio (~233 ppi density)",Up to 18 h (2G) / Up to 12 h (3G),microSDHC,HSPA 21.1/5.76 Mbps,No,"2014, May. Released 2014, July",,GSM / HSPA,,Posh,Mali-400,https://fdn2.gsmarena.com/vv/bigpic/posh-s400.jpg,"4.0 inches, 45.5 cm2(~56.6% screen-to-body ratio)",Posh Pegasus 4G S400,,"Black, White, Blue, Green",TFT,,,126.8 x 63.5 x 9.9 mm (4.99 x 2.5 x 0.39 in),4GB 512MB RAM,microUSB 2.0,,No,FM radio,HSDPA 850 / 1900 - S400A,,720p@30fps,Li-Po 1450 mAh battery,Accelerometer,
HSDPA 850 / 2100 - S350B,Dual-core 1.0 GHz Cortex-A7,"HDR, panorama",,1.3 MP,Up to 450 h (2G) / Up to 380 h (3G),Android 4.4.2 (KitKat),"Yes, with stereo speakers","2.1, A2DP, EDR",,Yes,"Dual SIM (Mini-SIM, dual stand-by)",5 MP,107 g (3.77 oz),Mediatek MT6572M (28 nm),,Discontinued,"Wi-Fi 802.11 b/g/n, hotspot",GSM 850 / 900 / 1800 / 1900 - SIM 1 & SIM 2,,"320 x 480 pixels, 3:2 ratio (~165 ppi density)",Up to 18 h (2G) / Up to 10 h (3G),microSDHC,HSPA 21.1/5.76 Mbps,No,"2014, July. Released 2014, September",,GSM / HSPA,,Posh,Mali-400,https://fdn2.gsmarena.com/vv/bigpic/posh-s350.jpg,"3.5 inches, 36.5 cm2(~49.7% screen-to-body ratio)",Posh Orion Mini S350,,"Black, White, Blue, Green",TFT,,,118 x 62.2 x 10.5 mm (4.65 x 2.45 x 0.41 in),512MB 256MB RAM,microUSB 2.0,,No,FM radio,HSDPA 850 / 1900 - S350A,,720p@30fps,Li-Po 1200 mAh battery,Accelerometer,
,1.0 GHz Cortex-A7,,,1.3 MP,Up to 400 h,Android 4.4.2 (KitKat),"Yes, with stereo speakers","2.1, EDR",,Yes,"Dual SIM (Mini-SIM/ Micro-SIM, dual stand-by)",1.3 MP,100 g (3.53 oz),Spreadtrum SC6815,,Discontinued,"Wi-Fi 802.11 b/g/n, hotspot",GSM 850 / 900 / 1800 / 1900 - SIM 1 & SIM 2,,"320 x 480 pixels, 3:2 ratio (~165 ppi density)",Up to 16 h,microSDHC,,No,"2014, June. Released 2014, August",,GSM,,Posh,Mali-400,https://fdn2.gsmarena.com/vv/bigpic/posh-c351.jpg,"3.5 inches, 36.5 cm2(~51.0% screen-to-body ratio)",Posh Pegasus Plus C351,,"Black, White, Blue, Red",TFT,,Yes,116 x 61.6 x 11.3 mm (4.57 x 2.43 x 0.44 in),512MB 256MB RAM,microUSB 2.0,Yes,No,FM radio,,,480p@30fps,Li-Ion 1100 mAh battery,Accelerometer,
No,360 MHz,,,,Up to 250 h,,Yes,"2.1, A2DP, EDR",No,Yes,"Dual SIM (Mini-SIM, dual stand-by)",VGA,75 g (2.65 oz),Mediatek MT6260,Yes,Discontinued,No,GSM 850 / 900 / 1800 / 1900 - SIM 1 & SIM 2 - A100,,128 x 160 pixels (~116 ppi density),Up to 8 h,microSDHC,,No,"2014, February. Released 2014, March",,GSM,MP3/WAV/AAC+Photo/video viewer,Posh,No,https://fdn2.gsmarena.com/vv/bigpic/posh-a100.jpg,"1.77 inches, 9.9 cm2(~19.3% screen-to-body ratio)",Posh Lynx A100,"SMS, MMS","Black, White, Silver, Red, Blue","TFT, 65K colors",Yes,Yes,112.5 x 45.5 x 14 mm (4.43 x 1.79 x 0.55 in),32MB 32MB RAM,microUSB 2.0,No,No,FM radio,,,Yes,Li-Ion 800 mAh battery,,No
