,CPU,Features,4G bands,Single_1,Stand-by,OS,Loudspeaker,Bluetooth,Games,Price,3.5mm jack,SIM,Single,Weight,Chipset,Call records,Status,WLAN,Infrared port,2G bands,Features_1,Resolution,Talk time,Card slot,Speed,NFC,Announced,Video_1,Technology,_1,Brand,Protection,GPU,Model Image,Size,Model Name,Messaging,Colors,Type,Phonebook,GPRS,Dimensions,Internal,USB,EDGE,Positioning,Radio,3G bands,Charging,Models,Video,Type_1,Sensors,Java
eMMC 5.1,Octa-core (4x2.0 GHz Cortex-A53 & 4x1.0 GHz Cortex-A53),"LED flash, panorama, HDR","1, 3, 5, 40, 41","16 MP, f/2.2, 26mm (wide), 1/3.06"", 1.0µm",,"Android 7 (Nougat), Amigo OS 4",Yes,"4.0, A2DP",,About 27500 INR,Yes,Nano-SIM + Micro-SIM,"13 MP, f/2.0, 1/3.1"", 1.12µm, PDAF",182 g (6.42 oz),Mediatek MT6755 Helio P10 (28 nm),,Discontinued,"Wi-Fi 802.11 a/b/g/n, Wi-Fi Direct",,GSM 850 / 900 / 1800 / 1900 - SIM 1 & SIM 2,,"1080 x 1920 pixels, 16:9 ratio (~401 ppi density)",,microSDXC (uses shared SIM slot),"HSPA 42.2/5.76 Mbps, LTE (2CA) Cat6 300/50 Mbps",No,"2017, June. Released 2017, July",,GSM / HSPA / LTE,,QMobile,Corning Gorilla Glass (unspecified version),Mali-T860MP2,https://fdn2.gsmarena.com/vv/bigpic/QMobile_Noir_A1.jpg,"5.5 inches, 83.4 cm2(~70.6% screen-to-body ratio)",QMobile Noir A1,,"Black, Gray, Gold",IPS LCD,,,154.5 x 76.5 x 8.3 mm (6.08 x 3.01 x 0.33 in),64GB 4GB RAM,"microUSB 2.0, OTG",,GPS,FM radio,HSDPA 850 / 900 / 1900 / 2100,10W wired,Noir A1,1080p@30fps,"Li-Ion 4010 mAh, non-removable","Fingerprint (front-mounted), accelerometer, gyro, proximity, compass",
eMMC 5.1,Octa-core (4x2.0 GHz Cortex-A53 & 4x1.0 GHz Cortex-A53),"LED flash, HDR, panorama","3, 5","8 MP, f/2.2",,Android 7.0 (Nougat),Yes,"4.0, A2DP",,About 15500 INR,Yes,Hybrid Dual SIM,"13 MP, f/2.2, AF",-,Mediatek MT6755 Helio P10 (28 nm),,Discontinued,"Wi-Fi 802.11 b/g/n, Wi-Fi Direct",,GSM 850 / 900 / 1800 / 1900 - SIM 1 & SIM 2,,"720 x 1280 pixels, 16:9 ratio (~282 ppi density)",,microSDXC (uses shared SIM slot),"HSPA, LTE",No,"2017, June. Released 2017, June",,GSM / HSPA / LTE,,QMobile,,Mali-T860MP2,https://fdn2.gsmarena.com/vv/bigpic/QMobile_Noir_E2-.jpg,"5.2 inches, 74.5 cm2(~69.2% screen-to-body ratio)",QMobile Noir E2,,Gold,IPS LCD,,,148.7 x 72.4 x 9.1 mm (5.85 x 2.85 x 0.36 in),16GB 3GB RAM,microUSB 2.0,,GPS,FM radio,HSDPA 850 / 2100,,E2 Noir,1080p@30fps,"Li-Po 4000 mAh, removable","Fingerprint (front-mounted), accelerometer, proximity, compass",
eMMC 5.0,Quad-core 1.4 GHz Cortex-A53,"LED flash, HDR, panorama","3, 5, 40, 41",8 MP,,Android 6.0 (Marshmallow),Yes,"4.0, A2DP",,About 18000 INR,Yes,"Hybrid Dual SIM (Micro-SIM, dual stand-by)","13 MP, PDAF",175 g (6.17 oz),Mediatek MT6737T (28 nm),,Discontinued,"Wi-Fi 802.11 b/g/n, Wi-Fi Direct",,GSM 850 / 900 / 1800 / 1900 - SIM 1 & SIM 2,,"720 x 1280 pixels, 16:9 ratio (~267 ppi density)",,microSDXC (uses shared SIM slot),"HSPA 42.2/11.5 Mbps, LTE Cat4 150/50 Mbps",No,"2017, May. Released 2017, May",,GSM / HSPA / LTE,,QMobile,Corning Gorilla Glass 3,Mali-T720,https://fdn2.gsmarena.com/vv/bigpic/QMobile_J7_Pro.jpg,"5.5 inches, 83.4 cm2(~70.7% screen-to-body ratio)",QMobile J7 Pro,,"Gold, Blue",IPS LCD,,,154 x 76.6 x 9.2 mm (6.06 x 3.02 x 0.36 in),32GB 3GB RAM,"microUSB 2.0, OTG",,GPS,FM radio,HSDPA 850 / 1700(AWS) / 1900 / 2100,,,1080p@30fps,"Li-Po 3150 mAh, non-removable","Accelerometer, proximity, compass",
eMMC 5.1,Octa-core (4x2.0 GHz Cortex-A53 & 4x1.0 GHz Cortex-A53),"LED flash, panorama, HDR","3, 5, 40","8 MP, f/2.2, 1/4.0"", 1.12µm",,"Android 6.0 (Marshmallow), Amigo 3.5",Yes,"4.0, A2DP",,About 29500 INR,Yes,"Dual SIM (Micro-SIM, dual stand-by)","13 MP, f/2.0, 1/3.1"", 1.12µm, PDAF",180 g (6.35 oz),Mediatek MT6755 Helio P10 (28 nm),,Discontinued,"Wi-Fi 802.11 b/g/n, Wi-Fi Direct",Yes,GSM 850 / 900 / 1800 / 1900 - SIM 1 & SIM 2,,"1080 x 1920 pixels, 16:9 ratio (~401 ppi density)",,microSDXC (dedicated slot),"HSPA 42.2/5.76 Mbps, LTE (2CA) Cat6 300/50 Mbps",No,"2017, March. Released 2017, March",,GSM / HSPA / LTE,,QMobile,,Mali-T860MP2,https://fdn2.gsmarena.com/vv/bigpic/QMobile_M6.jpg,"5.5 inches, 83.4 cm2(~72.7% screen-to-body ratio)",QMobile M6,,"Gold, Coffee",AMOLED,,,152.3 x 75.3 x 8.2 mm (6.00 x 2.96 x 0.32 in),64GB 4GB RAM,"microUSB 2.0, OTG",,GPS,"FM radio, recording",HSDPA 900 / 1900 / 2100,10W wiredReverse wired,,1080p@30fps,"Li-Po 5000 mAh, non-removable","Fingerprint (front-mounted), accelerometer, gyro, proximity, compass",
eMMC 5.0,Quad-core 1.3 GHz Cortex-A53,"LED flash, HDR, panorama","3, 5, 40","5 MP, f/2.2",,Android 6.0 (Marshmallow),Yes,"4.0, A2DP",,About 16500 INR,Yes,"Dual SIM (Micro-SIM, dual stand-by)","13 MP, f/2.2, AF",184 g (6.49 oz),Mediatek MT6737 (28 nm),,Discontinued,"Wi-Fi 802.11 b/g/n, Wi-Fi Direct",,GSM 850 / 900 / 1800 / 1900 - SIM 1 & SIM 2,,"720 x 1280 pixels, 16:9 ratio (~294 ppi density)",,microSDXC (dedicated slot),"HSPA, LTE",No,"2017, March. Released 2017, March",,GSM / HSPA / LTE,,QMobile,,Mali-T720MP2,https://fdn2.gsmarena.com/vv/bigpic/QMobile_M6_Lite.jpg,"5.0 inches, 68.9 cm2(~67.4% screen-to-body ratio)",QMobile M6 Lite,,Gold,IPS LCD,,,144 x 71 x 10 mm (5.67 x 2.80 x 0.39 in),16GB 3GB RAM,microUSB 2.0,,GPS,FM radio,HSDPA 900 / 2100,,M6 Lite,1080p@30fps,"Li-Po 4000 mAh, removable","Accelerometer, proximity, compass",
eMMC 5.1,Octa-core (4x1.5 GHz Cortex-A53 & 4x1.0 GHz Cortex-A53),"LED flash, HDR, panorama","1, 3, 5, 7, 20, 38, 39, 40, 41",5 MP,,Android 6.0 (Marshmallow),Yes,"4.0, A2DP",,About 18500 INR,Yes,"Dual SIM (Micro-SIM, dual stand-by)","13 MP, AF",162 g (5.71 oz),Mediatek MT6750 (28 nm),,Discontinued,"Wi-Fi 802.11 b/g/n, Wi-Fi Direct",,GSM 850 / 900 / 1800 / 1900 - SIM 1 & SIM 2,,"720 x 1280 pixels, 16:9 ratio (~277 ppi density)",,microSDXC,"HSPA, LTE",No,"2017, January. Released 2017, January",,GSM / HSPA / LTE,,QMobile,,Mali-T860MP2,https://fdn2.gsmarena.com/vv/bigpic/QMobile_KING_KONG_MAX.jpg,"5.3 inches, 77.4 cm2(~71.0% screen-to-body ratio)",QMobile King Kong Max,,Gold,IPS LCD,,,149 x 73.2 x 8.2 mm (5.87 x 2.88 x 0.32 in),32GB 3GB RAM,microUSB 2.0,,GPS,FM radio,HSDPA 900 / 2100,,,1080p@30fps,"Li-Po 4000 mAh, non-removable","Accelerometer, gyro, proximity, compass",
,Quad-core 1.3 GHz Cortex-7,"LED flash, panorama, HDR",,"5 MP, f/2.4",,"Android 6 (Marshmallow), Amigo 3",Yes,"4.0, A2DP",,,Yes,"Dual SIM (Micro-SIM, dual stand-by)","8 MP, f/2.2, 1/4.0"", AF",179 g (6.31 oz),Mediatek MT6580M (28 nm),,Discontinued,"Wi-Fi 802.11 b/g/n, dual-band, Wi-Fi Direct",,GSM 850 / 900 / 1800 / 1900 - SIM 1 & SIM 2,,"720 x 1280 pixels, 16:9 ratio (~294 ppi density)",,microSDXC (dedicated slot),HSPA 21.1/5.76 Mbps,No,"2017, February. Released 2017, February",,GSM / HSPA,,QMobile,,Mali-400MP2,https://fdn2.gsmarena.com/vv/bigpic/QMobile_M350_Pro.jpg,"5.0 inches, 68.9 cm2(~66.7% screen-to-body ratio)",QMobile M350 Pro,,"Black, Gold, White",IPS LCD,,,145.5 x 71 x 9.4 mm (5.73 x 2.80 x 0.37 in),16GB 2GB RAM,microUSB 2.0,,GPS,FM radio,HSDPA 850 / 2100,,"M350, M350 Pro",1080p@30fps,"Li-Ion 5000 mAh, non-removable","Accelerometer, gyro, proximity",
,Quad-core 1.3 GHz Cortex-7,"LED flash, HDR, panorama",,5 MP,,Android 6.0 (Marshmallow),Yes,"4.0, A2DP",,,Yes,"Dual SIM (Micro-SIM, dual stand-by)","8 MP, f/2.0, AF",184 g (6.49 oz),Mediatek MT6580M (28 nm),,Discontinued,"Wi-Fi 802.11 b/g/n, Wi-Fi Direct",,GSM 850 / 900 / 1800 / 1900 - SIM 1 & SIM 2,,"720 x 1280 pixels, 16:9 ratio (~294 ppi density)",,microSDXC (dedicated slot),HSPA,No,"2017, February. Released 2017, February",,GSM / HSPA,,QMobile,,Mali-400MP2,https://fdn2.gsmarena.com/vv/bigpic/QMobile_Energy_X2.jpg,"5.0 inches, 68.9 cm2(~66.0% screen-to-body ratio)",QMobile Energy X2,,"Gold, Silver, Gray",IPS LCD,,,143 x 73 x 9.9 mm (5.63 x 2.87 x 0.39 in),16GB 2GB RAM,"microUSB 2.0, OTG",,GPS,FM radio,HSDPA 850 / 2100,,ENERGY X2,1080p@30fps,"Li-Ion 5000 mAh, non-removable","Accelerometer, proximity",
,Quad-core 1.0 GHz Cortex-A53,LED flash,"3, 5","5 MP, f/2.4",,Android 6.0 (Marshmallow),Yes,"4.0, A2DP",,,Yes,"Dual SIM (Micro-SIM, dual stand-by)","8 MP, f/2.2, AF",-,Mediatek MT6735P (28 nm),,Discontinued,"Wi-Fi 802.11 b/g/n, Wi-Fi Direct",,GSM 850 / 900 / 1800 / 1900 - SIM 1 & SIM 2,,"720 x 1280 pixels, 16:9 ratio (~294 ppi density)",,microSDXC,"HSPA 42.2/11.5 Mbps, LTE Cat4 150/50 Mbps",No,"2017, January. Released 2017, January",,GSM / HSPA / LTE,,QMobile,,Mali-T720MP2,https://fdn2.gsmarena.com/vv/bigpic/QMobile_E1.jpg,"5.0 inches, 68.9 cm2(~66.6% screen-to-body ratio)",QMobile E1,,"Black, Gold",IPS LCD,,,143.8 x 72 x 8.9 mm (5.66 x 2.83 x 0.35 in),16GB 3GB RAM,microUSB 2.0,,GPS,FM radio,HSDPA 850 / 2100,,E1,1080p@30fps,"Li-Po 4000 mAh, removable","Accelerometer, proximity, compass",
,Quad-core 1.3 GHz Cortex-A7,"LED flash, panorama, HDR",,"5 MP, f/2.0",,Android 6.0 (Marshmallow),Yes,"4.0, A2DP",,,Yes,Dual SIM,"8 MP, f/2.0, 1/4.0"", AF",150 g (5.29 oz),Mediatek MT6580 (28 nm),,Discontinued,"Wi-Fi 802.11 b/g/n, dual-band, Wi-Fi Direct",,GSM 850 / 900 / 1800 / 1900 - SIM 1 & SIM 2,,"720 x 1280 pixels, 16:9 ratio (~267 ppi density)",,microSDXC,HSPA 21.1/5.76 Mbps,No,"2016, June. Released 2016, June",,GSM / HSPA,,QMobile,,Mali-400MP2,https://fdn2.gsmarena.com/vv/bigpic/QMobile_S6_Plus.jpg,"5.5 inches, 83.4 cm2(~79.7% screen-to-body ratio)",QMobile Noir S6 Plus,,Gold,IPS LCD,,,144.4 x 72.5 x 8.7 mm (5.69 x 2.85 x 0.34 in),16GB 2GB RAM,microUSB 2.0,,GPS,FM radio,HSDPA 900 / 2100,,"S6, S6S, S6 PLUS",1080p@30fps,"Li-Po 2500 mAh, removable","Fingerprint (rear-mounted), accelerometer, proximity",
,Octa-core 2.2 GHz Cortex-A53,"LED flash, HDR, panorama","3, 5, 40",5 MP,,"Android 6.0 (Marshmallow), Amigo 3.2",Yes,"4.0, A2DP",,,Yes,Dual SIM,"13 MP, AF",183 g (6.46 oz),Mediatek MT6595,,Discontinued,"Wi-Fi 802.11 b/g/n, Wi-Fi Direct",,GSM 850 / 900 / 1800 / 1900 - SIM 1 & SIM 2,,"720 x 1280 pixels, 16:9 ratio (~267 ppi density)",,microSDXC,"HSPA 42.2/5.76 Mbps, LTE (2CA) Cat6 300/50 Mbps",No,"2016, October. Released 2016, October",,GSM / HSPA / LTE,,QMobile,,PowerVR G6200,https://fdn2.gsmarena.com/vv/bigpic/QMobile_J7.jpg,"5.5 inches, 83.4 cm2(~70.5% screen-to-body ratio)",QMobile Noir J7,,Gold,IPS LCD,,,154 x 76.8 x 8.8 mm (6.06 x 3.02 x 0.35 in),32GB 3GB RAM,microUSB 2.0,,GPS,FM radio,HSDPA 900 / 1900 / 2100,,,1080p@30fps,"Li-Ion 3100 mAh, non-removable","Accelerometer, proximity, compass",
,Octa-core 1.3 GHz Cortex-A53,"LED flash, panorama, HDR","1, 3, 7, 20, 38, 39, 40, 41","8 MP, f/2.2",,"Android 6.0 (Marshmallow), Amigo 3.2",Yes,"4.0, A2DP",,,Yes,Nano-SIM + Micro-SIM,"13 MP, f/2.0, 1/3.1"", 1.12µm, PDAF",166 g (5.86 oz),Mediatek MT6753 (28 nm),,Discontinued,"Wi-Fi 802.11 b/g/n, Wi-Fi Direct",,GSM 850 / 900 / 1800 / 1900 - SIM 1 & SIM 2,LED flash,"1080 x 1920 pixels, 16:9 ratio (~401 ppi density)",,microSDXC (uses shared SIM slot),"HSPA 42.2/5.76 Mbps, LTE Cat4 150/50 Mbps",No,"2016, September. Released 2016, September",,GSM / HSPA / LTE,,QMobile,Corning Gorilla Glass 3,Mali-T720MP3,https://fdn2.gsmarena.com/vv/bigpic/QMobile_Noir_Z12_PRO.jpg,"5.5 inches, 83.4 cm2(~71.4% screen-to-body ratio)",QMobile Noir Z12 Pro,,"Mocha Gold, Latte Gold",IPS LCD,,,154.5 x 75.6 x 8.2 mm (6.08 x 2.98 x 0.32 in),32GB 3GB RAM,USB Type-C 2.0,,GPS,FM radio,HSDPA 900 / 1900 / 2100,,Z12 PRO,1080p@30fps,"Li-Po 3150 mAh, non-removable","Fingerprint (rear-mounted), accelerometer, gyro, proximity, compass",
eMMC 5.1,Octa-core (4x1.8 GHz Cortex-A53 & 4x1.0 GHz Cortex-A53),"LED flash, panorama, HDR","1, 3, 7, 20, 38, 39, 40, 41",8 MP,Up to 558 h (3G),"Android 6.0.1 (Marshmallow), Amigo 3.2",Yes,"4.0, A2DP",,,Yes,Nano-SIM + Micro-SIM,"13 MP, f/2.0, PDAF",170 g (6.00 oz),Mediatek MT6755 Helio P10 (28 nm),,Discontinued,"Wi-Fi 802.11 b/g/n, Wi-Fi Direct",,GSM 850 / 900 / 1800 / 1900 - SIM 1 & SIM 2,,"1080 x 1920 pixels, 16:9 ratio (~401 ppi density)",Up to 38 h 30 min (3G),microSDXC (uses shared SIM slot),"HSPA 42.2/5.76 Mbps, LTE (2CA) Cat6 300/50 Mbps",No,"2016, September. Released 2016, September",,GSM / HSPA / LTE,,QMobile,Corning Gorilla Glass,Mali-T860MP2,https://fdn2.gsmarena.com/vv/bigpic/QMobile_Noir_Z14.jpg,"5.5 inches, 83.4 cm2(~72.4% screen-to-body ratio)",QMobile Noir Z14,,"Gold, Silver, Rose Gold",IPS LCD,,,153 x 75.3 x 7.6 mm (6.02 x 2.96 x 0.30 in),32GB 4GB RAM,"USB Type-C 2.0, OTG",,GPS,FM radio,HSDPA 900 / 1900 / 2100,,Z14,1080p@30fps,"Li-Po 3130 mAh, non-removable","Fingerprint (front-mounted), accelerometer, gyro, proximity, compass",
,Quad-core 1.0 GHz Cortex-A53,LED flash,3,5 MP,Up to 666 h (2G) / Up to 571 h (3G),Android 5.1 (Lollipop),Yes,"4.0, A2DP",,,Yes,Dual SIM (Micro-SIM),"8 MP, AF",157.8 g (5.57 oz),Mediatek MT6735P (28 nm),,Discontinued,"Wi-Fi 802.11 b/g/n, hotspot",,GSM 900 / 1800 - SIM 1 & SIM 2,,"720 x 1280 pixels, 16:9 ratio (~294 ppi density)",Up to 17 h (2G) / Up to 7 h (3G),microSDHC (dedicated slot),"HSPA 42.2/11.5 Mbps, LTE Cat4 150/50 Mbps",No,"2016, August. Released 2016, August",,GSM / HSPA / LTE,,QMobile,Asahi Dragontrail Glass,Mali-T720MP2,https://fdn2.gsmarena.com/vv/bigpic/QMobile_Noir_LT680.jpg,"5.0 inches, 68.9 cm2(~66.5% screen-to-body ratio)",QMobile Noir LT680,,"Black, Gold",IPS LCD,,,145 x 71.5 x 9.2 mm (5.71 x 2.81 x 0.36 in),16GB 2GB RAM,microUSB 2.0,,GPS,FM radio,HSDPA 2100,,,1080p@30fps,"Li-Po 4000 mAh, removable","Accelerometer, proximity, compass",
,Quad-core 1.3 GHz Cortex-A53,"LED flash, panorama, HDR","1, 3, 7, 20, 38, 39, 40, 41","5 MP, f/2.2",Up to 240 h (2G) / Up to 267 h (3G),"Android 6.0 (Marshmallow), Amigo 3.1",Yes,"2.0, A2DP",,,Yes,Dual SIM,"13 MP, f/2.2, PDAF",-,Mediatek MT6735 (28 nm),,Discontinued,"Wi-Fi 802.11 b/g/n, Wi-Fi Direct",,GSM 850 / 900 / 1800 / 1900 - SIM 1 & SIM 2,,"720 x 1280 pixels, 16:9 ratio (~294 ppi density)",Up to 28 h (2G) / Up to 11 h (3G),microSDHC (dedicated slot),"HSPA, LTE",No,"2016, July. Released 2016, July",,GSM / HSPA / LTE,,QMobile,,Mali-T720MP2,https://fdn2.gsmarena.com/vv/bigpic/QMobile_Noir_LT700_PRO.jpg,"5.0 inches, 68.9 cm2(~67.3% screen-to-body ratio)",QMobile Noir LT700 Pro,,"Pearl White, Grey",IPS LCD,,,145.3 x 70.5 x 8.5 mm (5.72 x 2.78 x 0.33 in),16GB 3GB RAM,microUSB 2.0,,GPS,FM radio,HSDPA 900 / 1900 / 2100,,"LT700 PRO, LT700",1080p@30fps,"Li-Po 2400 mAh, removable","Accelerometer, proximity, compass",
,Quad-core 1.3 GHz Cortex-A7,"LED flash, panorama, HDR",,"8 MP, f/2.0",Up to 430 h (2G) / Up to 410 h (3G),Android 6.0 (Marshmallow),Yes,"4.0, A2DP",,,Yes,Dual SIM,"8 MP, f/2.0, 1/4.0"", AF",150 g (5.29 oz),Mediatek MT6580 (28 nm),,Discontinued,"Wi-Fi 802.11 b/g/n, Wi-Fi Direct",,GSM 850 / 900 / 1800 / 1900 - SIM 1 & SIM 2,,"720 x 1280 pixels, 16:9 ratio (~294 ppi density)",Up to 12 h (2G) / Up to 10 h (3G),microSDXC,HSPA 21.1/5.76 Mbps,No,"2016, June. Released 2016, June",,GSM / HSPA,,QMobile,,Mali-400MP2,https://fdn2.gsmarena.com/vv/bigpic/QMobile_Noir_S4.jpg,"5.0 inches, 68.9 cm2(~65.8% screen-to-body ratio)",QMobile Noir S4,,Gold,IPS LCD,,,144.4 x 72.5 x 8.7 mm (5.69 x 2.85 x 0.34 in),16GB 2GB RAM,microUSB 2.0,,GPS,FM radio,HSDPA 2100,,,1080p@30fps,"Li-Ion 3000 mAh, removable","Accelerometer, proximity",
,Quad-core 1.3 GHz Cortex-A53,"LED flash, panorama, HDR","1, 3, 7, 20, 38, 39, 40, 41","5 MP, f/2.2",Up to 240 h (2G) / Up to 267 h (3G),"Android 5.1 (Lollipop), Amigo 3.1",Yes,"2.0, A2DP",,,Yes,Dual SIM,"8 MP, f/2.2, PDAF",-,Mediatek MT6735 (28 nm),,Discontinued,"Wi-Fi 802.11 b/g/n, Wi-Fi Direct, hotspot",,GSM 850 / 900 / 1800 / 1900 - SIM 1 & SIM 2,,"720 x 1280 pixels, 16:9 ratio (~294 ppi density)",Up to 28 h (2G) / Up to 11 h (3G),microSDHC,"HSPA, LTE",No,"2016, June. Released 2016, June",,GSM / HSPA / LTE,,QMobile,,Mali-T720MP2,https://fdn2.gsmarena.com/vv/bigpic/QMobile_Noir_LT750.jpg,"5.0 inches, 68.9 cm2(~66.8% screen-to-body ratio)",QMobile Noir LT750,,White/Gold,IPS LCD,,,144.2 x 71.5 x 8.1 mm (5.68 x 2.81 x 0.32 in),16GB 3GB RAM,"microUSB 2.0, OTG",,GPS,FM radio,HSDPA 900 / 1900 / 2100,,,1080p@30fps,"Li-Po 2400 mAh, removable","Accelerometer, proximity, compass",
,Quad-core 1.3 GHz Cortex-A7,"LED flash, panorama, HDR",,2 MP,Up to 336 h (3G),Android 6.0 (Marshmallow),Yes,"4.0, A2DP",,,Yes,Dual SIM,"8 MP, AF",-,Mediatek MT6580 (28 nm),,Discontinued,"Wi-Fi 802.11 b/g/n, Wi-Fi Direct",,GSM 850 / 900 / 1800 / 1900 - SIM 1 & SIM 2,,"720 x 1280 pixels, 16:9 ratio (~294 ppi density)",Up to 23 h (2G) / Up to 20 h (3G),microSDXC,HSPA 21.1/5.76 Mbps,No,"2016, May. Released 2016, May",,GSM / HSPA,,QMobile,,Mali-400MP2,https://fdn2.gsmarena.com/vv/bigpic/QMobile_Noir_i6_Metal_HD.jpg,"5.0 inches, 68.9 cm2(~65.0% screen-to-body ratio)",QMobile Noir i6 Metal HD,,"Gold, Rose Gold, Silver Black",IPS LCD,,,145 x 73.1 x 9.7 mm (5.71 x 2.88 x 0.38 in),16GB 1GB RAM,microUSB 2.0,,GPS,FM radio,HSDPA 900 / 2100,,i6 Metal HD,1080p@30fps,"Li-Ion 2000 mAh, removable","Accelerometer, proximity, compass",
,Quad-core 1.3 GHz Cortex-A53,"LED flash, panorama, HDR","1, 3, 20",5 MP,Up to 240 h (2G) / Up to 267 h (3G),Android 5.1 (Lollipop),Yes,"4.0, A2DP",,,Yes,"Dual SIM (Mini-SIM/ Micro-SIM, dual stand-by)","13 MP, AF",-,Mediatek MT6735 (28 nm),,Discontinued,"Wi-Fi 802.11 b/g/n, hotspot",,GSM 850 / 900 / 1800 / 1900 - SIM 1 & SIM 2,LED flash,"720 x 1280 pixels, 16:9 ratio (~294 ppi density)",Up to 28 h (2G) / Up to 11 h (3G),microSDXC,"HSPA 42.2/5.76 Mbps, LTE Cat4 150/50 Mbps",No,"2016, May. Released 2016, May",,GSM / HSPA / LTE,,QMobile,,Mali-T720MP2,https://fdn2.gsmarena.com/vv/bigpic/QMobile_Noir_A6.jpg,"5.0 inches, 68.9 cm2(~68.2% screen-to-body ratio)",QMobile Noir A6,,"Black, White",IPS LCD,,,143 x 70.7 x 8.6 mm (5.63 x 2.78 x 0.34 in),32GB 3GB RAM,microUSB 2.0,,GPS,FM radio,HSDPA 900 / 2100,,,1080p@30fps,"Li-Ion 2500 mAh, removable","Fingerprint (front-mounted), accelerometer, proximity, compass",
,Octa-core 1.4 GHz Cortex-A7,"Dual-LED dual-tone flash, HDR, panorama",,"13 MP, f/2.2, AF",Up to 430 h (2G) / Up to 410 h (3G),Android 5.1 (Lollipop),Yes,"4.0, A2DP",,,Yes,Dual SIM,"13 MP, f/2.2, AF",133 g (4.69 oz),Mediatek MT6592M (28 nm),,Discontinued,"Wi-Fi 802.11 b/g/n, hotspot",,GSM 900 / 1800 - SIM 1 & SIM 2,LED flash,"720 x 1280 pixels, 16:9 ratio (~294 ppi density)",Up to 12 h (2G) / Up to 10 h (3G),microSDHC (dedicated slot),HSPA 21.1/11.5 Mbps,No,"2016, March. Released 2016, March",,GSM / HSPA,,QMobile,Asahi Dragontrail Glass,Mali-450,https://fdn2.gsmarena.com/vv/bigpic/qmobile-noir-z9-plus.jpg,"5.0 inches, 68.9 cm2(~69.2% screen-to-body ratio)",QMobile Noir S9,,"White, Black",IPS LCD,,,143.5 x 69.4 x 8 mm (5.65 x 2.73 x 0.31 in),16GB 2GB RAM,"microUSB 2.0, OTG",,GPS,Stereo FM radio,HSDPA 2100,,,1080p@30fps,"Li-Po 3000 mAh, non-removable","Fingerprint (rear-mounted), accelerometer, proximity, compass",
,Octa-core 1.3 GHz Cortex-A53,"LED flash, HDR, panorama","1, 3, 7, 20","5 MP, f/2.8",Up to 315 h (2G) / Up to 252 h (3G),"Android 5.1.1 (Lollipop), Amigo 3.1",Yes,"4.0, A2DP",,,Yes,Dual SIM,"13 MP, f/2.0, AF",158 g (5.57 oz),Mediatek MT6753 (28 nm),,Discontinued,"Wi-Fi 802.11 b/g/n, Wi-Fi Direct, hotspot",,GSM 850 / 900 / 1800 / 1900 - SIM 1 & SIM 2,,"720 x 1280 pixels, 16:9 ratio (~267 ppi density)",Up to 21 h (2G) / Up to 9 h (3G),microSDXC (dedicated slot),"HSPA 42.2/5.76 Mbps, LTE Cat4 150/50 Mbps",No,"2016, March. Released 2016, March",,GSM / HSPA / LTE,,QMobile,Corning Gorilla Glass 3,Mali-T720MP3,https://fdn2.gsmarena.com/vv/bigpic/qmobile-noir-z9-plus1.jpg,"5.5 inches, 83.4 cm2(~70.4% screen-to-body ratio)",QMobile Noir Z9 Plus,,"White, Gold, Dark Blue",AMOLED,,,155 x 76.4 x 7.2 mm (6.10 x 3.01 x 0.28 in),16GB 2GB RAM,USB Type-C 2.0,,GPS,FM radio,HSDPA 900 / 1900 / 2100,,,1080p@30fps,"Li-Ion 3150 mAh, removable","Accelerometer, proximity, compass",
,Octa-core 1.3 GHz Cortex-A53,LED flash,LTE,5 MP,,"Android 5.1.1 (Lollipop), Amigo OS 3.1",Yes,"4.0, A2DP",,,Yes,Nano-SIM + Micro-SIM,"13 MP, f/2.0, AF",147 g (5.19 oz),Mediatek MT6753 (28 nm),,Discontinued,"Wi-Fi 802.11 b/g/n, Wi-Fi Direct, hotspot",,GSM 850 / 900 / 1800 / 1900,,"720 x 1280 pixels, 16:9 ratio (~267 ppi density)",,microSDXC (uses shared SIM slot),"HSPA 42.2/11.5 Mbps, LTE Cat4 150/50 Mbps",No,"2016, February. Released 2016, February",,GSM / HSPA / LTE,,QMobile,,Mali-T720MP3,https://fdn2.gsmarena.com/vv/bigpic/qmobile-noir-z12.jpg,"5.5 inches, 83.4 cm2(~73.6% screen-to-body ratio)",QMobile Noir Z12,,Gold,AMOLED,,Yes,151.9 x 74.6 x 6.9 mm (5.98 x 2.94 x 0.27 in),32GB 3GB RAM,USB Type-C 2.0,Yes,GPS,FM radio,HSDPA,,Z12,1080p@30fps,"Li-Ion 3150 mAh, non-removable","Accelerometer, proximity",
,Octa-core 1.3 GHz Cortex-A53,"LED flash, HDR, panorama","1, 3, 20","5 MP, f/2.2",Up to 275 h (3G),"Android 5.1.1 (Lollipop), upgradable to 6.0 (Marshmallow)",Yes,"4.0, A2DP",,,Yes,"Dual SIM (Micro-SIM, dual stand-by)","13 MP, f/2.2, PDAF",141 g (4.97 oz),Mediatek MT6753V,,Discontinued,"Wi-Fi 802.11 b/g/n, Wi-Fi Direct, DLNA, hotspot",,GSM 850 / 900 / 1800 / 1900,LED flash,"1080 x 1920 pixels, 16:9 ratio (~424 ppi density)",Up to 10 h (3G),microSDXC,"HSPA 42.2/11.5 Mbps, LTE Cat4 150/50 Mbps",No,"2015, October. Released 2015, November",1080p@30fps,GSM / HSPA / LTE,,QMobile,Corning Gorilla Glass 3,Mali-T720MP3,https://fdn2.gsmarena.com/vv/bigpic/qmobile-noir-z10.jpg,"5.2 inches, 74.5 cm2(~67.7% screen-to-body ratio)",QMobile Noir Z10,,"Black, White",IPS LCD,,,149.5 x 73.6 x 8.6 mm (5.89 x 2.90 x 0.34 in),16GB 3GB RAM,microUSB 2.0,,GPS,FM radio,HSDPA 900 / 2100,,Z10,1080p@30fps,"Li-Ion 2900 mAh, non-removable","Accelerometer, gyro, proximity, compass",
eMMC 5.0,Octa-core 2.0 GHz Cortex-A53,"Dual-LED dual-tone flash, panorama, HDR","1, 3, 7, 20, 38, 39, 40, 41","8 MP, AF",Up to 437 h (2G) / Up to 500 h (3G),"Android 5.1 (Lollipop), Amigo 3.1","Yes, with stereo speakers","4.0, A2DP, EDR",,About 400 EUR,Yes,"Dual SIM (Micro-SIM, dual stand-by)","24 MP, 1/2.3"", PDAF, OIS",210 g (7.41 oz),Mediatek MT6795 Helio X10 (28 nm),,Discontinued,"Wi-Fi 802.11 a/b/g/n/ac, dual-band, Wi-Fi Direct, hotspot",,GSM 850 / 900 / 1800 / 1900 - SIM 1 & SIM 2,,"1440 x 2560 pixels, 16:9 ratio (~490 ppi density)",Up to 39 h (2G) / Up to 20 h (3G),microSDXC,"HSPA 42.2/5.76 Mbps, LTE Cat4 150/50 Mbps",Yes,"2015, November. Released 2015, November",,GSM / HSPA / LTE,24-bit/192kHz audio,QMobile,,PowerVR G6200,https://fdn2.gsmarena.com/vv/bigpic/qmobile-noir-e8.jpg,"6.0 inches, 99.2 cm2(~73.5% screen-to-body ratio)",QMobile Noir E8,,"Black, Gold",AMOLED,,,164 x 82.3 x 9.6 mm (6.46 x 3.24 x 0.38 in),64GB 3GB RAM,"microUSB 2.0, OTG",,GPS,"FM radio, recording",HSDPA 900 / 1900 / 2100,,,4K@30fps,"Li-Po 3500 mAh, non-removable","Fingerprint (rear-mounted), accelerometer, gyro, proximity, compass",
,Quad-core 1.3 GHz Cortex-A7,"LED flash, HDR, panorama",,5 MP,Up to 336 h (2G) / Up to 336 h (3G),Android 5.1 (Lollipop),Yes,"4.0, A2DP",,,Yes,"Dual SIM (Micro-SIM, dual stand-by)","8 MP, AF",-,Mediatek MT6580 (28 nm),,Discontinued,"Wi-Fi 802.11 b/g/n, Wi-Fi Direct, hotspot",,GSM 850 / 900 / 1800 / 1900 - SIM 1 & SIM 2,,"720 x 1280 pixels, 16:9 ratio (~294 ppi density)",Up to 23 h (2G) / Up to 20 h (3G),microSDHC,HSPA 21.1/5.76 Mbps,No,"2015, November. Released 2015, November",,GSM / HSPA,,QMobile,,Mali-400MP2,https://fdn2.gsmarena.com/vv/bigpic/qmobile-noir-s2.jpg,"5.0 inches, 68.9 cm2(~68.1% screen-to-body ratio)",QMobile Noir S2,,Black,IPS LCD,,,142.5 x 71 x 9.3 mm (5.61 x 2.80 x 0.37 in),8GB 1GB RAM,microUSB 2.0,,GPS,FM radio,HSDPA 900 / 2100,,S2,1080p@30fps,"Li-Ion 2000 mAh, removable","Accelerometer, proximity, compass",
,Quad-core 1.3 GHz Cortex-A7,"LED flash, panorama, HDR",,8 MP,Up to 750 h (2G) / Up to 675 h (3G),Android 5.0 (Lollipop),Yes,"4.0, A2DP",,About 130 EUR,Yes,"Dual SIM (Micro-SIM, dual stand-by)","8 MP, AF",-,Mediatek MT6582 (28 nm),,Discontinued,"Wi-Fi 802.11 b/g/n, Wi-Fi Direct, hotspot",,GSM 850 / 900 / 1800 / 1900 - SIM 1 & SIM 2,LED flash,"720 x 1280 pixels, 16:9 ratio (~306 ppi density)",Up to 24 h (2G) / Up to 12 h (3G),microSDXC,HSPA 21.1/5.76 Mbps,No,"2015, August. Released 2015, August",,GSM / HSPA,,QMobile,Corning Gorilla Glass 3,Mali-400MP2,https://fdn2.gsmarena.com/vv/bigpic/qmobile-noir-s5.jpg,"4.8 inches, 63.5 cm2(~65.9% screen-to-body ratio)",QMobile Noir S5,,Black/White,AMOLED,,,141 x 68.4 x 7.5 mm (5.55 x 2.69 x 0.30 in),8GB 1GB RAM,microUSB 2.0,,GPS,FM radio,HSDPA 900 / 2100,,,1080p@30fps,Li-Ion 2300 mAh battery,"Accelerometer, proximity, gravity",
,Quad-core 1.3 GHz Cortex-A7,LED flash,,5 MP,Up to 374 h (3G),Android 5.0 (Lollipop),Yes,"4.0, A2DP",,,Yes,"Dual SIM (Micro-SIM, dual stand-by)","8 MP, AF",-,Mediatek MT6582 (28 nm),,Discontinued,"Wi-Fi 802.11 b/g/n, hotspot",,GSM 850 / 900 / 1800 / 1900 - SIM 1 & SIM 2,,"720 x 1280 pixels, 16:9 ratio (~294 ppi density)",Up to 9 h (3G),microSDXC,HSPA 21.1/5.76 Mbps,No,"2015, July. Released 2015, July",,GSM / HSPA,,QMobile,Corning Gorilla Glass 3,Mali-400MP2,https://fdn2.gsmarena.com/vv/bigpic/qmobile-linq-l15.jpg,"5.0 inches, 68.9 cm2(~67.9% screen-to-body ratio)",QMobile Linq L15,,Black,IPS LCD,,,143 x 71 x 8.5 mm (5.63 x 2.80 x 0.33 in),8GB 1GB RAM,microUSB 2.0,,GPS,FM radio,HSDPA 900 / 2100,,,720p@30fps,Li-Ion 2800 mAh battery,"Accelerometer, proximity",
eMMC 4.5,Quad-core 1.2 GHz Cortex-A53,"LED flash, HDR, panorama","3, 5, 20",5 MP,Up to 345 h (3G),Android 5.0 (Lollipop),Yes,"4.0, A2DP",,About 230 EUR,Yes,Nano-SIM,"8 MP, AF",97 g (3.42 oz),Qualcomm MSM8916 Snapdragon 410 (28 nm),,Discontinued,"Wi-Fi 802.11 b/g/n, hotspot",,GSM 850 / 900 / 1800 / 1900,,"720 x 1280 pixels, 16:9 ratio (~306 ppi density)",Up to 8 h (3G),No,"HSPA 21.1/5.76 Mbps, LTE Cat4 150/50 Mbps",No,"2015, July. Released 2015, July",1080p@30fps,GSM / HSPA / LTE,,QMobile,Corning Gorilla Glass 3,Adreno 306,https://fdn2.gsmarena.com/vv/bigpic/qmobile-noir-z9.jpg,"4.8 inches, 63.5 cm2(~66.2% screen-to-body ratio)",QMobile Noir Z9,,Black,AMOLED,,,141 x 68 x 5.1 mm (5.55 x 2.68 x 0.20 in),16GB 2GB RAM,"microUSB 2.0, OTG",,GPS,Stereo FM radio,HSDPA 850 / 1700(AWS) / 1900 / 2100,,,1080p@30fps,"Li-Po 2000 mAh, non-removable","Accelerometer, proximity",
,Quad-core 1.3 GHz Cortex-A7,LED flash,,2 MP,Up to 160 h (3G),"Android 5.1 (Lollipop), upgradable to 6.0 (Marshmallow)",Yes,"4.0, A2DP",,About 100 EUR,Yes,Dual SIM,"5 MP, AF",138 g (4.87 oz),Mediatek MT6582 (28 nm),,Discontinued,"Wi-Fi 802.11 b/g/n, hotspot",,GSM 850 / 900 / 1800 / 1900 - SIM 1 & SIM 2,,"480 x 854 pixels, 16:9 ratio (~245 ppi density)",Up to 8 h (3G),microSDXC,HSPA 42.2/11.5 Mbps,No,"2015, July. Released 2015, July",,GSM / HSPA,,QMobile,,Mali-400MP2,https://fdn2.gsmarena.com/vv/bigpic/qmobile-a1.jpg,"4.5 inches, 44.2 cm2(~50.0% screen-to-body ratio)",QMobile A1,,Black,IPS LCD,,,132 x 67 x 9.2 mm (5.20 x 2.64 x 0.36 in),8GB 1GB RAM,microUSB 2.0,,GPS,Stereo FM radio,HSDPA 850 / 2100,,,1080p@30fps,Li-Ion 1700 mAh battery,"Accelerometer, gyro, proximity, compass",
,Quad-core 1.3 GHz Cortex-A7,LED flash,,5 MP,Up to 200 h (3G),Android 5.0 (Lollipop),Yes,"4.0, LE",,About 100 EUR,Yes,Dual SIM,"5 MP, AF",152 g (5.36 oz),Mediatek MT6582M (28 nm),,Discontinued,"Wi-Fi 802.11 b/g/n, hotspot",,GSM 850 / 900 / 1800 / 1900 - SIM 1 & SIM 2,,"480 x 854 pixels, 16:9 ratio (~196 ppi density)",Up to 10 h (3G),microSDXC,HSPA 42.2/11.5 Mbps,No,"2015, July. Released 2015, July",,GSM / HSPA,,QMobile,,Mali-400MP2,https://fdn2.gsmarena.com/vv/bigpic/qmobile-noir-s1.jpg,"5.0 inches, 68.9 cm2(~67.1% screen-to-body ratio)",QMobile Noir S1,,Black,IPS LCD,,,143 x 71.8 x 8.9 mm (5.63 x 2.83 x 0.35 in),8GB 1GB RAM,microUSB 2.0,,A-GPS only,FM radio,HSDPA 850 / 2100,,S1,720p,"Li-Ion 2000 mAh, removable","Accelerometer, proximity",
No,,LED flash,,,,,Yes,2.0,Downloadable,About 20 EUR,Yes,Dual SIM,Yes,-,,Yes,Discontinued,No,,GSM 900 / 1800 - SIM 1 & SIM 2,,"240 x 320 pixels, 4:3 ratio (~167 ppi density)",,microSDHC,,No,"2015, June. Released 2015, June",,GSM,MP4/H.263 playerOrganizerVoice memo,QMobile,,,https://fdn2.gsmarena.com/vv/bigpic/qmobile-power3.jpg,"2.4 inches, 17.8 cm2(~27.8% screen-to-body ratio)",QMobile Power3,"SMS, MMS",Black,"TFT, 65K colors",Yes,Yes,124.5 x 51.5 x 13.5 mm (4.90 x 2.03 x 0.53 in),32MB 32MB RAM,microUSB 2.0,No,No,FM radio,,,,Yes,Li-Ion 2500 mAh battery,No,No
,1.0 GHz,LED flash,,VGA,Up to 155 h (3G),Android 4.4.2 (KitKat),Yes,"4.0, A2DP",,About 50 EUR,Yes,Dual SIM,VGA,-,Spreadtrum 7715,,Discontinued,"Wi-Fi 802.11 b/g/n, hotspot",,GSM 900 / 1800 - SIM 1 & SIM 2,,"480 x 800 pixels, 5:3 ratio (~233 ppi density)",Up to 4 h 30 min (3G),microSDHC,HSPA 21.1/5.76 Mbps,No,"2015, June. Released 2015, June",,GSM / HSPA,,QMobile,,,https://fdn2.gsmarena.com/vv/bigpic/qmobile-bolt-t50.jpg,"4.0 inches, 45.5 cm2(~56.9% screen-to-body ratio)",QMobile T50 Bolt,,Black,"TFT, 256K colors",,,124 x 64.5 x 11.2 mm (4.88 x 2.54 x 0.44 in),4GB 512MB RAM,microUSB 2.0,,A-GPS only,FM radio,HSDPA 900 / 2100,,,Yes,Li-Ion 1200 mAh battery,Accelerometer,
,Quad-core 1.2 GHz,LED flash,,VGA,Up to 279 h,Android 4.4.2 (KitKat),Yes,"4.0, A2DP",,About 60 EUR,Yes,Dual SIM,2 MP,-,Spreadtrum 7731,,Discontinued,"Wi-Fi 802.11 b/g/n, hotspot",,GSM 900 / 1800 - SIM 1 & SIM 2,,"480 x 800 pixels, 5:3 ratio (~233 ppi density)",Up to 5 h,microSDHC,HSPA 21.1/5.76 Mbps,No,"2015, June. Released 2015, June",,GSM / HSPA,,QMobile,,,https://fdn2.gsmarena.com/vv/bigpic/qmobile-t200.jpg,"4.0 inches, 45.5 cm2(~56.9% screen-to-body ratio)",QMobile T200 Bolt,,Black,TFT,,,124 x 64.5 x 11.2 mm (4.88 x 2.54 x 0.44 in),4GB 512MB RAM,microUSB 2.0,,A-GPS only,FM radio,HSDPA 900 / 2100,,,Yes,Li-Ion 1450 mAh battery,Accelerometer,
,Octa-core 1.5 GHz Cortex-A53,"LED flash, HDR, panorama","1, 3, 7",5 MP,,Android 4.4.2 (KitKat),Yes,"4.0, A2DP",,About 200 EUR,Yes,Dual SIM,13 MP,-,Mediatek MT6752M,,Discontinued,"Wi-Fi 802.11 b/g/n, hotspot",,GSM 850 / 900 / 1800 / 1900 - SIM 1 & SIM 2,,"720 x 1280 pixels, 16:9 ratio (~294 ppi density)",,microSDHC,"HSPA 21.1/5.76 Mbps, LTE",No,"2015, June. Released 2015, June",,GSM / HSPA / LTE,,QMobile,,Mali-T760MP2,https://fdn2.gsmarena.com/vv/bigpic/qmobile-x950.jpg,"5.0 inches, 68.9 cm2(~72.9% screen-to-body ratio)",QMobile Noir X950,,Black,Super AMOLED,,,139 x 68 x 5.9 mm (5.47 x 2.68 x 0.23 in),16GB 2GB RAM,"microUSB 2.0, OTG",,GPS,Stereo FM radio,HSDPA 900 / 2100,,,720p@30fps,Li-Ion 2500 mAh battery,"Accelerometer, proximity, compass",
,Quad-core 1.3 GHz Cortex-A7,,,2 MP,,Android 4.4 (KitKat),Yes,"4.0, A2DP",,About 120 EUR,Yes,Nano-SIM,"5 MP, AF",-,Mediatek MT8382 (28 nm),,Discontinued,"Wi-Fi 802.11 b/g/n, hotspot",,GSM 850 / 900 / 1800 / 1900,,"768 x 1024 pixels, 4:3 ratio (~163 ppi density)",,microSDHC (dedicated slot),HSPA 42.2/11.5 Mbps,No,"2015, May. Released 2015, May",,GSM / HSPA,,QMobile,,Mali-400MP2,https://fdn2.gsmarena.com/vv/bigpic/qtab-v10.jpg,"7.85 inches, 190.8 cm2",QMobile QTab V10,,Black,IPS LCD,,,-,8GB 1GB RAM,"microUSB 2.0, OTG",,GPS,"Stereo FM radio, RDS",HSDPA 850 / 900 / 1900 / 2100,,,720p@30fps,Li-Ion 4700 mAh battery,"Accelerometer, compass",
MP4/H.263 playerOrganizerVoice memo,,,,VGA,,,Yes,2.0,Downloadable,About 40 EUR,Yes,Dual SIM,2 MP,-,,Yes,Discontinued,Wi-Fi 802.11 b/g/n,,GSM 850 / 900 / 1800 / 1900 - SIM 1 & SIM 2,,"240 x 320 pixels, 4:3 ratio (~143 ppi density)",,microSDHC,HSPA 7.2/5.76 Mbps,No,"2015, May. Released 2015, May",,GSM / HSPA,,QMobile,,,https://fdn2.gsmarena.com/vv/bigpic/qmobile-explorer-3g.jpg,"2.8 inches, 24.3 cm2(~33.1% screen-to-body ratio)",QMobile Explorer 3G,"SMS(threaded view), MMS, Email, IM",Black,"TFT, 65K colors",Yes,,131 x 56 x 12.4 mm (5.16 x 2.20 x 0.49 in),128MB 64MB RAM,microUSB 2.0,,No,FM radio,HSDPA 850 / 900 / 1900 / 2100,,,320p@15fps,Li-Ion 1450 mAh battery,No,No
,Quad-core 1.3 GHz Cortex-A7,LED flash,,2 MP,Up to 360 h (2G) / Up to 360 h (3G),Android 5.0 (Lollipop),"Yes, with stereo speakers","4.0, A2DP",,About 100 EUR,Yes,"Dual SIM (Mini-SIM/ Micro-SIM, dual stand-by)","8 MP, AF",151 g (5.33 oz),Mediatek MT6582M (28 nm),,Discontinued,"Wi-Fi 802.11 b/g/n, Wi-Fi Direct, hotspot",,GSM 850 / 900 / 1800 / 1900 - SIM 1 & SIM 2,,"480 x 800 pixels, 5:3 ratio (~199 ppi density)",Up to 16 h 30 min (2G) / Up to 15 h 30 min (3G),microSDHC,HSPA 21.1/5.76 Mbps,No,"2015, May. Released 2015, May",,GSM / HSPA,,QMobile,,Mali-400MP2,https://fdn2.gsmarena.com/vv/bigpic/qmobile-i8.jpg,"4.7 inches, 62.9 cm2(~63.2% screen-to-body ratio)",QMobile Noir i8,,Black,IPS LCD,,,139 x 71.6 x 8.8 mm (5.47 x 2.82 x 0.35 in),8GB 1GB RAM,"microUSB 2.0, OTG",,GPS,FM radio,HSDPA 900 / 2100,,,Yes,Li-Ion 2120 mAh battery,"Accelerometer, proximity",
,Quad-core 1.3 GHz Cortex-A7,"LED flash, panorama",,2 MP,Up to 162 h (2G) / Up to 108 h (3G),Android 4.4.2 (KitKat),Yes,"4.0, A2DP",,About 160 EUR,Yes,Dual SIM,"5 MP, AF",150 g (5.29 oz),Mediatek MT6582M (28 nm),,Discontinued,"Wi-Fi 802.11 b/g/n, hotspot",,GSM 850 / 900 / 1800 / 1900 - SIM 1 & SIM 2,LED flash,"480 x 854 pixels, 16:9 ratio (~196 ppi density)",Up to 13 h 30 min (2G) / Up to 9 h 30 min (3G),microSDHC,HSPA 21.1/5.76 Mbps,No,"2015, May. Released 2015, May",,GSM / HSPA,,QMobile,,Mali-400MP2,https://fdn2.gsmarena.com/vv/bigpic/qmobile-x450.jpg,"5.0 inches, 68.9 cm2(~64.9% screen-to-body ratio)",QMobile Noir X450,,Black,TFT,,,142.8 x 74.3 x 8.6 mm (5.62 x 2.93 x 0.34 in),8GB 1GB RAM,microUSB 2.0,,GPS,FM radio,HSDPA 900 / 2100,,,1080p@30fps,Li-Ion 1950 mAh battery,"Accelerometer, proximity, compass",
eMMC 4.5,Quad-core 1.2 GHz Cortex-A53,"LED flash, HDR, panorama","3, 5, 20",5 MP,Up to 710 h (2G) / Up to 660 h (3G),Android 4.4.2 (KitKat),Yes,"4.0, A2DP",,About 180 EUR,Yes,Dual SIM,"13 MP, AF",-,Qualcomm MSM8916 Snapdragon 410 (28 nm),,Discontinued,"Wi-Fi 802.11 a/b/g/n, dual-band, Wi-Fi Direct, hotspot",,GSM 850 / 900 / 1800 / 1900 - SIM 1 & SIM 2,,"720 x 1280 pixels, 16:9 ratio (~267 ppi density)",Up to 28 h (2G) / Up to 17 h (3G),microSDXC,"HSPA 42.2/5.76 Mbps, LTE Cat4 150/50 Mbps",No,"2015, May. Released 2015, May",1080p@30fps,GSM / HSPA / LTE,,QMobile,Corning Gorilla Glass 3,Adreno 306,https://fdn2.gsmarena.com/vv/bigpic/qmobile-z8-plus.jpg,"5.5 inches, 83.4 cm2(~80.7% screen-to-body ratio)",QMobile Noir Z8 Plus,,Black,IPS LCD,,,143.5 x 72 x 7.5 mm (5.65 x 2.83 x 0.30 in),16GB 2GB RAM,"microUSB 2.0, OTG",,GPS,Stereo FM radio,HSDPA 850 / 1700(AWS) / 1900,,,1080p@30fps,"Li-Ion 2820 mAh, removable","Accelerometer, gyro, proximity",
,Quad-core 1.3 GHz Cortex-A7,LED flash,,2 MP,Up to 386 h (2G) / Up to 386 h (3G),Android 4.4.2 (KitKat),Yes,"4.0, A2DP",,About 110 EUR,Yes,Dual SIM,"5 MP, AF",-,Mediatek MT6582V/X,,Discontinued,"Wi-Fi 802.11 b/g/n, hotspot",,GSM 850 / 900 / 1800 / 1900 - SIM 1 & SIM 2,,"480 x 854 pixels, 16:9 ratio (~218 ppi density)",Up to 16 h 30 min (2G) / Up to 11 h (3G),microSDHC,HSPA 21.1/5.76 Mbps,No,"2015, April. Released 2015, April",,GSM / HSPA,,QMobile,,Mali-400MP2,https://fdn2.gsmarena.com/vv/bigpic/qmobile-x350.jpg,"4.5 inches, 55.8 cm2(~64.3% screen-to-body ratio)",QMobile Noir X350,,Black,"TFT, 256K colors",,,131.5 x 66 x 8.5 mm (5.18 x 2.60 x 0.33 in),8GB 1GB RAM,microUSB 2.0,,A-GPS only,FM radio,HSDPA 900 / 2100,,,Yes,Li-Po 1800 mAh battery,"Accelerometer, proximity, compass",
eMMC 4.5,Quad-core 1.2 GHz Cortex-A7,"LED flash, panorama","39, 40, 41",5 MP,,Android 4.4.2 (KitKat),Yes,"4.0, A2DP",,About 160 EUR,Yes,Dual SIM,"8 MP, AF",-,Qualcomm MSM8926 Snapdragon 400 (28 nm),,Discontinued,"Wi-Fi 802.11 b/g/n, Wi-Fi Direct, hotspot",,GSM 850 / 900 / 1800 / 1900 - SIM 1 & SIM 2,LED flash,"720 x 1280 pixels, 16:9 ratio (~294 ppi density)",,microSDHC,"HSPA, LTE",No,"2015, March. Released 2015, March",,GSM / HSPA / LTE,,QMobile,,Adreno 305,https://fdn2.gsmarena.com/vv/bigpic/qmobile-lt600.jpg,"5.0 inches, 68.9 cm2(~68.2% screen-to-body ratio)",QMobile Noir LT600,,Black,TFT,,,143 x 70.7 x 6.9 mm (5.63 x 2.78 x 0.27 in),8GB 1GB RAM,microUSB 2.0,,GPS,FM radio,HSDPA 900 / 2100,,,720p@30fps,Li-Ion 2000 mAh battery,"Accelerometer, proximity, compass",
,Quad-core 1.3 GHz Cortex-A7,"LED flash, panorama",,2 MP,Up to 1090 h (2G) / Up to 1090 h (3G),Android 4.4.2 (KitKat),Yes,"4.0, A2DP",,About 160 EUR,Yes,Dual SIM,"8 MP, AF",180 g (6.35 oz),Mediatek MT6582 (28 nm),,Discontinued,"Wi-Fi 802.11 b/g/n, hotspot",,GSM 850 / 900 / 1800 / 1900 - SIM 1 & SIM 2,,"720 x 1280 pixels, 16:9 ratio (~294 ppi density)",Up to 52 h (2G) / Up to 33 h (3G),microSDHC,HSPA 21.1/5.76 Mbps,No,"2015, March. Released 2015, March",,GSM / HSPA,,QMobile,,Mali-400MP2,https://fdn2.gsmarena.com/vv/bigpic/qmobile-m300.jpg,"5.0 inches, 68.9 cm2(~66.7% screen-to-body ratio)",QMobile Noir M300,,Black,IPS LCD,,,144.5 x 71.5 x 10.4 mm (5.69 x 2.81 x 0.41 in),8GB 1GB RAM,"microUSB 2.0, OTG",,GPS,FM radio,HSDPA 900 / 2100,,,720p@30fps,Li-Ion 5000 mAh battery,"Accelerometer, proximity, compass",
eMMC 4.5,Quad-core 1.2 GHz Cortex-A7,LED flash,,VGA,,Microsoft Windows Phone 8.1,Yes,"4.0, A2DP",,About 60 EUR,Yes,Dual SIM,"5 MP, AF",-,Qualcomm MSM8212 Snapdragon 200 (28 nm),,Discontinued,"Wi-Fi 802.11 b/g/n, hotspot",,GSM 850 / 900 / 1800 / 1900 - SIM 1 & SIM 2,,"480 x 800 pixels, 5:3 ratio (~233 ppi density)",,microSDHC,HSPA 21.1/5.76 Mbps,No,"2015, March. Released 2015, March",,GSM / HSPA,,QMobile,,Adreno 302,https://fdn2.gsmarena.com/vv/bigpic/qmobile-w1.jpg,"4.0 inches, 45.5 cm2(~56.5% screen-to-body ratio)",QMobile W1,,Black,TFT,,,126 x 64 x 10.5 mm (4.96 x 2.52 x 0.41 in),4GB 512MB RAM,microUSB 2.0,,A-GPS only,FM radio,HSDPA 900 / 2100,,,720p@30fps,Li-Ion 1950 mAh battery,"Accelerometer, proximity",
eMMC 4.5,Quad-core 1.2 GHz Cortex-A53,"LED flash, HDR, panorama","3, 5, 20",5 MP,Up to 700 h (2G) / Up to 650 h (3G),Android 4.4.2 (KitKat),Yes,"4.0, A2DP",,About 170 EUR,Yes,Dual SIM,"13 MP, AF",120 g (4.23 oz),Qualcomm MSM8916 Snapdragon 410 (28 nm),,Discontinued,"Wi-Fi 802.11 a/b/g/n, dual-band, Wi-Fi Direct, hotspot",,GSM 850 / 900 / 1800 / 1900 - SIM 1 & SIM 2,,"720 x 1280 pixels, 16:9 ratio (~294 ppi density)",Up to 26 h (2G) / Up to 15 h (3G),microSDXC,"HSPA 42.2/5.76 Mbps, LTE Cat4 150/50 Mbps",No,"2015, March. Released 2015, March",1080p@30fps,GSM / HSPA / LTE,,QMobile,Corning Gorilla Glass 3,Adreno 306,https://fdn2.gsmarena.com/vv/bigpic/qmobile-z8.jpg,"5.0 inches, 68.9 cm2(~66.7% screen-to-body ratio)",QMobile Noir Z8,,Black,IPS LCD,,,143.5 x 72 x 7.5 mm (5.65 x 2.83 x 0.30 in),16GB 2GB RAM,"microUSB 2.0, OTG",,GPS,Stereo FM radio,HSDPA 850 / 1700(AWS) / 1900,,,1080p@30fps,"Li-Ion 2400 mAh, removable","Accelerometer, gyro, proximity",
,Quad-core 1.2 GHz Cortex-A7,"LED flash, HDR, panorama",,5 MP,Up to 220 h,Android 4.2 (Jelly Bean),Yes,"4.0, A2DP",,About 220 EUR,Yes,Dual SIM,"13 MP, AF",158 g (5.29 oz),Mediatek MT6589 (28 nm),,Discontinued,"Wi-Fi 802.11 b/g/n, hotspot",,GSM 850 / 900 / 1800 / 1900 - SIM 1 & SIM 2,,"720 x 1280 pixels, 16:9 ratio (~294 ppi density)",Up to 8 h,microSDHC,HSPA 21.1/5.76 Mbps,No,"2015, February. Released 2015, February",720p,GSM / HSPA,,QMobile,,PowerVR SGX544,https://fdn2.gsmarena.com/vv/bigpic/qmobile-noir-a750.jpg,"5.0 inches, 68.9 cm2(~64.6% screen-to-body ratio)",QMobile Noir A750,,Black,IPS LCD,,,144.5 x 73.8 x 8.9 mm (5.69 x 2.91 x 0.35 in),16GB 1GB RAM,"microUSB 2.0, OTG",,GPS,FM radio,HSDPA 900 / 2100,,,1080p@30fps,Li-Ion 2000 mAh battery,"Accelerometer, proximity",
,Quad-core 1.3 GHz Cortex-A7,"LED flash, panorama, HDR",,VGA,Up to 390 h (2G) / Up to 320 h (3G),Android 4.4.2 (KitKat),Yes,"4.0, A2DP",,About 90 EUR,Yes,Dual SIM,5 MP,-,Mediatek MT6582 (28 nm),,Discontinued,"Wi-Fi 802.11 b/g/n, hotspot",,GSM 850 / 900 / 1800 / 1900 - SIM 1 & SIM 2,,"480 x 640 pixels, 4:3 ratio (~200 ppi density)",Up to 16 h (2G) / Up to 7 h (3G),microSDHC,HSPA 21.1/5.76 Mbps,No,"2015, February. Released 2015, February",,GSM / HSPA,,QMobile,,Mali-400MP2,https://fdn2.gsmarena.com/vv/bigpic/qmobile-linq-x70.jpg,"4.0 inches, 49.5 cm2(~61.4% screen-to-body ratio)",QMobile Linq X70,,Black,"IPS LCD, 256K colors",,,128 x 63 x 9 mm (5.04 x 2.48 x 0.35 in),8GB 1GB RAM,microUSB 2.0,,GPS,FM radio,HSDPA 900 / 2100,,,1080p@30fps,Li-Ion 1500 mAh battery,"Accelerometer, proximity",
,Octa-core 1.7 GHz Cortex-A7,"LED flash, panorama, HDR",,5 MP,,Android 4.4.2 (KitKat),Yes,"4.0, A2DP",,About 210 EUR,Yes,Micro-SIM,"8 MP, AF",97.7 g (3.46 oz),Mediatek MT6592 (28 nm),,Discontinued,"Wi-Fi 802.11 b/g/n, hotspot",,GSM 850 / 900 / 1800 / 1900,,"720 x 1280 pixels, 16:9 ratio (~306 ppi density)",,No,HSPA 42.2/5.76 Mbps,No,"2015, February. Released 2015, February",,GSM / HSPA,,QMobile,,Mali-450MP4,https://fdn2.gsmarena.com/vv/bigpic/qmobile-noir-z7.jpg,"4.8 inches, 63.5 cm2(~67.4% screen-to-body ratio)",QMobile Noir Z7,,Black,AMOLED,,,139.8 x 67.4 x 5.2 mm (5.50 x 2.65 x 0.20 in),16GB 1GB RAM,"microUSB 2.0, OTG",,GPS,Stereo FM radio,HSDPA 900 / 2100,,,1080p@30fps,"Li-Ion 2050 mAh, non-removable","Accelerometer, gyro, proximity, compass",
,Quad-core 1.2 GHz Cortex-A7,LED flash,,2 MP,,Android 4.4.2 (KitKat),Yes,"4.0, A2DP",,About 120 EUR,Yes,Dual SIM,"8 MP, AF",-,Qualcomm MSM8252,,Discontinued,"Wi-Fi 802.11 b/g/n, hotspot",,GSM 850 / 900 / 1800 / 1900 - SIM 1 & SIM 2,,"720 x 1280 pixels, 16:9 ratio (~294 ppi density)",,microSDHC,HSPA 21.1/5.76 Mbps,No,"2015, February. Released 2015, February",,GSM / HSPA,,QMobile,,,https://fdn2.gsmarena.com/vv/bigpic/qmobile-l10.jpg,"5.0 inches, 68.9 cm2(~63.5% screen-to-body ratio)",QMobile Linq L10,,Black,IPS LCD,,,146.2 x 74.2 x 8.8 mm (5.76 x 2.92 x 0.35 in),8GB 1GB RAM,microUSB 2.0,,GPS,FM radio,HSDPA 900 / 2100,,,720p@30fps,Li-Ion 2000 mAh battery,"Accelerometer, proximity, compass",
,Quad-core 1.7 GHz,"LED flash, HDR","3, 5, 20",5 MP,Up to 162 h (2G) / Up to 162 h (3G),Android 4.4.2 (KitKat),Yes,"4.0, A2DP",,About 150 EUR,Yes,Micro-SIM,"8 MP, AF",119 g (4.20 oz),Nvidia Tegra 4i,,Discontinued,"Wi-Fi 802.11 b/g/n, Wi-Fi Direct, hotspot",,GSM 850 / 900 / 1800 / 1900,,"720 x 1280 pixels, 16:9 ratio (~312 ppi density)",Up to 14 h 50 min (2G) / Up to 8 h 40 min (3G),microSDHC (dedicated slot),"HSPA, LTE Cat3 100/50 Mbps",No,"2015, February. Released 2015, February",,GSM / HSPA / LTE,,QMobile,Corning Gorilla Glass 2,ULP GeForce,https://fdn2.gsmarena.com/vv/bigpic/qmobile-lt250.jpg,"4.7 inches, 60.9 cm2(~64.4% screen-to-body ratio)",QMobile Noir LT250,,Black,IPS LCD,,,140.1 x 67.5 x 8.8 mm (5.52 x 2.66 x 0.35 in),4GB 1GB RAM,"microUSB 2.0, OTG",,GPS,FM radio,HSDPA 900 / 1900 / 2100,,,1080p@30fps,Li-Ion 2000 mAh battery,"Accelerometer, proximity, compass",
,Quad-core 1.3 GHz Cortex-A7,LED flash,"1, 3, 7",2 MP,,Android 4.4.2 (KitKat),Yes,"4.0, A2DP",,About 120 EUR,Yes,Dual SIM,"5 MP, AF",-,Mediatek MT6590,,Discontinued,"Wi-Fi 802.11 b/g/n, Wi-Fi Direct, hotspot",,GSM 850 / 900 / 1800 / 1900 - SIM 1 & SIM 2,,"480 x 854 pixels, 16:9 ratio (~208 ppi density)",,microSDHC,"HSPA, LTE",No,"2015, February. Released 2015, February",,GSM / HSPA / LTE,,QMobile,,,https://fdn2.gsmarena.com/vv/bigpic/qmobile-lt150.jpg,"4.7 inches, 60.9 cm2(~64.6% screen-to-body ratio)",QMobile Noir LT150,,Black,TFT,,,137.5 x 68.5 x 8.9 mm (5.41 x 2.70 x 0.35 in),8GB 1GB RAM,microUSB 2.0,,GPS,FM radio,HSDPA 900 / 2100,,,720p@30fps,Li-Ion 1800 mAh battery,"Accelerometer, proximity",
,Octa-core 1.4 GHz Cortex-A7,"LED flash, HDR, panorama",,2 MP,,Android 4.2.2 (Jelly Bean),Yes,"4.0, A2DP",,About 150 EUR,Yes,Dual SIM,"8 MP, AF",-,Mediatek MT6592M (28 nm),,Discontinued,"Wi-Fi 802.11 b/g/n, hotspot",,GSM 850 / 900 / 1800 / 1900 - SIM 1 & SIM 2,,"720 x 1280 pixels, 16:9 ratio (~294 ppi density)",,microSDHC,HSPA 21.1/5.76 Mbps,No,"2015, February. Released 2015, February",,GSM / HSPA,,QMobile,,Mali-450MP4,https://fdn2.gsmarena.com/vv/bigpic/qmobile-x600.jpg,"5.0 inches, 68.9 cm2",QMobile Noir X600,,Black,TFT,,,8.3 mm thickness,16GB 2GB RAM,"microUSB 2.0, OTG",,GPS,Stereo FM radio,HSDPA 900 / 2100,,,1080p@30fps,Li-Ion 1800 mAh battery,"Accelerometer, proximity",
,Octa-core 1.4 GHz Cortex-A7,"LED flash, HDR, panorama",,2 MP,,Android 4.2.2 (Jelly Bean),Yes,"4.0, A2DP",,About 150 EUR,Yes,Dual SIM,"8 MP, AF",-,Mediatek MT6592M (28 nm),,Discontinued,"Wi-Fi 802.11 b/g/n, hotspot",,GSM 850 / 900 / 1800 / 1900 - SIM 1 & SIM 2,,"720 x 1280 pixels, 16:9 ratio (~294 ppi density)",,microSDHC,HSPA 21.1/5.76 Mbps,No,"2015, February. Released 2015, February",,GSM / HSPA,,QMobile,,Mali-450MP4,https://fdn2.gsmarena.com/vv/bigpic/qmobile-x700.jpg,"5.0 inches, 68.9 cm2(~70.3% screen-to-body ratio)",QMobile Noir X700,,Black,IPS LCD,,,140 x 70 x 7.9 mm (5.51 x 2.76 x 0.31 in),8GB 1GB RAM,"microUSB 2.0, OTG",,GPS,Stereo FM radio,HSDPA 900 / 2100,,,1080p@30fps,Li-Ion 1920 mAh battery,"Accelerometer, proximity",
,Octa-core 1.7 GHz Cortex-A7Octa-core 1.4 GHz Cortex-A7,"Dual-LED flash, HDR, panorama",,5 MP2 MP,,Android 4.2.2 (Jelly Bean),Yes,"4.0, A2DP",,About 160 EUR,Yes,Dual SIM,"13 MP, AF8 MP, AF",-,Mediatek MT6592 (28 nm)Mediatek MT6592M (28 nm),,Discontinued,"Wi-Fi 802.11 b/g/n, hotspot",,GSM 850 / 900 / 1800 / 1900 - SIM 1 & SIM 2,,"720 x 1280 pixels, 16:9 ratio (~294 ppi density)",,microSDHC,HSPA 21.1/5.76 Mbps,No,"2015, February. Released 2015, February",,GSM / HSPA,,QMobile,,Mali-450MP4,https://fdn2.gsmarena.com/vv/bigpic/qmobile-x900.jpg,"5.0 inches, 68.9 cm2(~68.8% screen-to-body ratio)",QMobile Noir X900,,Black,IPS LCD,,,141.5 x 70.8 x 7.8 mm (5.57 x 2.79 x 0.31 in),"8GB 1GB RAM, 16GB 2GB RAM","microUSB 2.0, OTG",,GPS,Stereo FM radio,HSDPA 900 / 2100,,,1080p@30fps,Li-Ion 2100 mAh battery,"Accelerometer, proximity",
,Quad-core 1.3 GHz Cortex-A7,LED flash,,VGA,,Android 4.4.2 (KitKat),Yes,"4.0, A2DP",,About 90 EUR,Yes,Dual SIM,"5 MP, AF",-,Mediatek MT6582 (28 nm),,Discontinued,"Wi-Fi 802.11 b/g/n, hotspot",,GSM 850 / 900 / 1800 / 1900 - SIM 1 & SIM 2,,"480 x 800 pixels, 5:3 ratio (~233 ppi density)",,microSDHC,HSPA 21.1/5.76 Mbps,No,"2015, January. Released 2015, January",,GSM / HSPA,,QMobile,,Mali-400MP2,https://fdn2.gsmarena.com/vv/bigpic/qmobile-x60.jpg,"4.0 inches, 45.5 cm2(~57.6% screen-to-body ratio)",QMobile Noir X60,,Black,IPS LCD,,,125 x 63.2 x 9 mm (4.92 x 2.49 x 0.35 in),4GB 512MB RAM,microUSB 2.0,,A-GPS only,FM radio,HSDPA 900 / 2100,,,Yes,Li-Ion 1500 mAh battery,Accelerometer,
,Dual-core 1.3 GHz Cortex-A7,LED flash,,VGA,,Android 4.4.2 (KitKat),Yes,"4.0, A2DP",,About 80 EUR,Yes,Dual SIM,5 MP,-,Mediatek MT6572 (28 nm),,Discontinued,"Wi-Fi 802.11 b/g/n, hotspot",,GSM 850 / 900 / 1800 / 1900 - SIM 1 & SIM 2,,"480 x 800 pixels, 5:3 ratio (~233 ppi density)",,microSDHC,HSPA 21.1/5.76 Mbps,No,"2015, January. Released 2015, January",,GSM / HSPA,,QMobile,,Mali-400,https://fdn2.gsmarena.com/vv/bigpic/qmobile-x80.jpg,"4.0 inches, 45.5 cm2(~57.5% screen-to-body ratio)",QMobile Noir X80,,Black,IPS LCD,,,124.1 x 63.8 x 9.9 mm (4.89 x 2.51 x 0.39 in),4GB 512MB RAM,microUSB 2.0,,GPS,FM radio,HSDPA 900 / 2100,,,Yes,Li-Ion 1500 mAh battery,"Accelerometer, proximity, compass",
,Dual-core 1.3 GHz Cortex-A7,LED flash,,VGA,,Android 4.4.2 (KitKat),Yes,"4.0, A2DP",,About 80 EUR,Yes,Dual SIM,"5 MP, AF",-,Mediatek MT6572A,,Discontinued,"Wi-Fi 802.11 b/g/n, hotspot",,GSM 850 / 900 / 1800 / 1900 - SIM 1 & SIM 2,,"480 x 854 pixels, 16:9 ratio (~196 ppi density)",,microSDHC,HSPA 21.1/5.76 Mbps,No,"2015, January. Released 2015, January",,GSM / HSPA,,QMobile,,Mali-400,https://fdn2.gsmarena.com/vv/bigpic/qmobile-x90.jpg,"5.0 inches, 68.9 cm2",QMobile Noir X90,,Black,TFT,,,9.3 mm thickness,8GB 1GB RAM,microUSB 2.0,,A-GPS only,FM radio,HSDPA 900 / 2100,,,Yes,Li-Ion 1800 mAh battery,Accelerometer,
,Quad-core 1.3 GHz Cortex-A7,LED flash,,2 MP,,Android 4.4.2 (KitKat),Yes,"4.0, A2DP",,About 120 EUR,Yes,Dual SIM,8 MP,-,Mediatek MT6582 (28 nm),,Discontinued,"Wi-Fi 802.11 b/g/n, hotspot",,GSM 850 / 900 / 1800 / 1900 - SIM 1 & SIM 2,,"720 x 1280 pixels, 16:9 ratio (~312 ppi density)",,microSDHC,HSPA 21.1/5.76 Mbps,No,"2015, January. Released 2015, January",,GSM / HSPA,,QMobile,,Mali-400MP2,https://fdn2.gsmarena.com/vv/bigpic/qmobile-x550.jpg,"4.7 inches, 60.9 cm2(~63.3% screen-to-body ratio)",QMobile Noir X550,,Black,IPS LCD,,,139.1 x 69.2 x 7.9 mm (5.48 x 2.72 x 0.31 in),8GB 1GB RAM,microUSB 2.0,,A-GPS only,FM radio,HSDPA 900 / 2100,,,Yes,Li-Ion 1800 mAh battery,Accelerometer,
,Quad-core 1.3 GHz Cortex-A7,Dual-LED flash,,2 MP,,Android 4.4.2 (KitKat),Yes,"4.0, A2DP",,About 110 EUR,Yes,Dual SIM,"8 MP, AF",-,Mediatek MT6582M (28 nm),,Discontinued,"Wi-Fi 802.11 b/g/n, hotspot",,GSM 850 / 900 / 1800 / 1900 - SIM 1 & SIM 2,,"480 x 854 pixels, 16:9 ratio (~218 ppi density)",,microSDHC,HSPA 21.1/5.76 Mbps,No,"2014, December. Released 2014, December",,GSM / HSPA,,QMobile,,Mali-400MP2,https://fdn2.gsmarena.com/vv/bigpic/qmobile-linq-x300.jpg,"4.5 inches, 55.8 cm2(~63.5% screen-to-body ratio)",QMobile Linq X300,,Black,IPS LCD,,,136 x 64.6 x 9 mm (5.35 x 2.54 x 0.35 in),8GB 1GB RAM,microUSB 2.0,,GPS,FM radio,HSDPA 900 / 2100,,,720p,Li-Ion 1800 mAh battery,"Accelerometer, proximity, compass",
,Quad-core 1.3 GHz Cortex-A7,LED flash,,VGA,,Android 4.4.2 (KitKat),Yes,"4.0, A2DP",,About 100 EUR,Yes,Dual SIM,5 MP,-,Mediatek MT6582 (28 nm),,Discontinued,"Wi-Fi 802.11 b/g/n, hotspot",,GSM 850 / 900 / 1800 / 1900 - SIM 1 & SIM 2,,"480 x 854 pixels, 16:9 ratio (~218 ppi density)",,microSDHC,HSPA 21.1/5.76 Mbps,No,"2014, December. Released 2014, December",,GSM / HSPA,,QMobile,,Mali-400MP2,https://fdn2.gsmarena.com/vv/bigpic/qmobile-x100.jpg,"4.5 inches, 55.8 cm2(~67.8% screen-to-body ratio)",QMobile Linq X100,,Black,TFT,,,128 x 64.3 x 9.5 mm (5.04 x 2.53 x 0.37 in),8GB 1GB RAM,microUSB 2.0,,GPS,FM radio,HSDPA 900 / 2100,,,Yes,Li-Ion 1700 mAh battery,"Accelerometer, proximity, compass",
,Dual-core 1.0 GHz Cortex-A7,LED flash,,VGA,,Android 4.4.2 (KitKat),Yes,"4.0, A2DP",,About 60 EUR,Yes,Dual SIM,3.15 MP,-,Mediatek MT6572 (28 nm),,Discontinued,"Wi-Fi 802.11 b/g/n, hotspot",,GSM 850 / 900 / 1800 / 1900 - SIM 1 & SIM 2,,"480 x 800 pixels, 5:3 ratio (~233 ppi density)",,microSDHC,HSPA 21.1/5.76 Mbps,No,"2014, December. Released 2014, December",,GSM / HSPA,,QMobile,,Mali-400,https://fdn2.gsmarena.com/vv/bigpic/qmobile-x35.jpg,"4.0 inches, 45.5 cm2(~57.5% screen-to-body ratio)",QMobile Noir X35,,Black,TFT,,,124.8 x 63.5 x 10.5 mm (4.91 x 2.5 x 0.41 in),4GB 512MB RAM,microUSB 2.0,,A-GPS only,FM radio,HSDPA 900 / 2100,,,Yes,Li-Ion 1450 mAh battery,Accelerometer,
,Quad-core 1.3 GHz Cortex-A7,"LED flash, panorama",,2 MP,Up to 230 h (2G) / Up to 230 h (3G),Android 4.4.2 (KitKat),Yes,"4.0, A2DP",,About 90 EUR,Yes,Dual SIM,"8 MP, AF",-,Mediatek MT6582 (28 nm),,Discontinued,"Wi-Fi 802.11 b/g/n, hotspot",,GSM 850 / 900 / 1800 / 1900 - SIM 1 & SIM 2,,"480 x 854 pixels, 16:9 ratio (~218 ppi density)",Up to 16 h (2G) / Up to 10 h (3G),microSDHC,HSPA 21.1/5.76 Mbps,No,"2014, November. Released 2014, November",,GSM / HSPA,,QMobile,,Mali-400MP2,https://fdn2.gsmarena.com/vv/bigpic/qmobile-x400.jpg,"4.5 inches, 55.8 cm2(~65.5% screen-to-body ratio)",QMobile Noir X400,,Black,TFT,,,131 x 65 x 7.8 mm (5.16 x 2.56 x 0.31 in),8GB 1GB RAM,microUSB 2.0,,A-GPS only,FM radio,HSDPA 900 / 2100,,,720p@30fps,Li-Ion 1800 mAh battery,"Accelerometer, proximity, compass",
,Quad-core 1.3 GHz Cortex-A7,LED flash,,2 MP,,Android 4.4.2 (KitKat),Yes,"4.0, A2DP",,About 100 EUR,Yes,Dual SIM,"8 MP, AF",-,Mediatek MT6582 (28 nm),,Discontinued,"Wi-Fi 802.11 b/g/n, hotspot",,GSM 850 / 900 / 1800 / 1900 - SIM 1 & SIM 2,,"720 x 1280 pixels, 16:9 ratio (~312 ppi density)",,microSDHC,HSPA 21.1/5.76 Mbps,No,"2014, November. Released 2014, November",,GSM / HSPA,,QMobile,,Mali-400MP2,https://fdn2.gsmarena.com/vv/bigpic/qmobile-x500.jpg,"4.7 inches, 60.9 cm2(~65.0% screen-to-body ratio)",QMobile Noir X500,,Black,IPS LCD,,,137.8 x 68 x 8.8 mm (5.43 x 2.68 x 0.35 in),8GB 1GB RAM,microUSB 2.0,,A-GPS only,FM radio,HSDPA 900 / 2100,,,Yes,Li-Ion 1700 mAh battery,Accelerometer,
No,,,,,,,Yes,2.0,Downloadable,About 20 EUR,Yes,Dual SIM,Yes,-,,Yes,Discontinued,No,,GSM 900 / 1800 - SIM 1 & SIM 2,,"240 x 320 pixels, 4:3 ratio (~167 ppi density)",,microSDHC,,No,"2014, September. Released 2014, September",,GSM,QAppsMP4/H.263 playerOrganizerVoice memo,QMobile,,,https://fdn2.gsmarena.com/vv/bigpic/qmobile-m800.jpg,"2.4 inches, 17.8 cm2(~25.4% screen-to-body ratio)",QMobile M800,SMS,Black,"TFT, 65K colors",Yes,No,126.5 x 55.6 x 13.3 mm (4.98 x 2.19 x 0.52 in),64MB 64MB RAM,microUSB 2.0,No,No,FM radio,,,,Yes,Li-Ion 1800 mAh battery,No,No
,Quad-core 1.3 GHz Cortex-A7,LED flash,,2 MP,,"Android 4.2 (Jelly Bean), upgradable to 4.4 (KitKat)",Yes,"4.0, A2DP",,About 120 EUR,Yes,Dual SIM,"5 MP, AF",-,Mediatek MT6582M (28 nm),,Discontinued,"Wi-Fi 802.11 b/g/n, hotspot",,GSM 850 / 900 / 1800 / 1900 - SIM 1 & SIM 2,,"540 x 960 pixels, 16:9 ratio (~245 ppi density)",,microSDHC,HSPA 21.1/5.76 Mbps,No,"2014, September. Released 2014, September",,GSM / HSPA,,QMobile,,Mali-400MP2,https://fdn2.gsmarena.com/vv/bigpic/qmobile-noir-i7.jpg,"4.5 inches, 55.8 cm2(~59.9% screen-to-body ratio)",QMobile Noir i7,,Black,IPS LCD,,,137 x 68 x 8.8 mm (5.39 x 2.68 x 0.35 in),8GB 1GB RAM,microUSB 2.0,,GPS,FM radio,HSDPA 900 / 2100,,,720p@30fps,Li-Ion 1700 mAh battery,Accelerometer,
,Quad-core 1.3 GHz Cortex-A7,"LED flash, panorama",,2 MP,Up to 555 h (2G) / Up to 555 h (3G),"Android 4.2 (Jelly Bean), upgradable to 4.4.2 (KitKat)",Yes,"4.0, A2DP",,About 120 EUR,Yes,Dual SIM,"8 MP, AF",-,Mediatek MT6582 (28 nm),,Discontinued,"Wi-Fi 802.11 b/g/n, hotspot",,GSM 850 / 900 / 1800 / 1900 - SIM 1 & SIM 2,,"480 x 854 pixels, 16:9 ratio (~196 ppi density)",Up to 31 h 30 min (2G) / Up to 24 h (3G),microSDHC,HSPA 21.1/5.76 Mbps,No,"2014, September. Released 2014, September",,GSM / HSPA,,QMobile,,Mali-400MP2,https://fdn2.gsmarena.com/vv/bigpic/qmobile-m90.jpg,"5.0 inches, 68.9 cm2(~66.4% screen-to-body ratio)",QMobile Noir M90,,,TFT,,,144 x 72 x 10.5 mm (5.67 x 2.83 x 0.41 in),8GB 1GB RAM,microUSB 2.0,,GPS,FM radio,HSDPA 900 / 2100,,,720p@30fps,Li-Ion 4200 mAh battery,"Accelerometer, proximity, compass",
,Octa-core 1.4 GHz Cortex-A7,"LED flash, HDR, panorama",,2 MP,,Android 4.2.2 (Jelly Bean),Yes,"4.0, A2DP",,About 110 EUR,Yes,Dual SIM,"8 MP, AF",-,Mediatek MT6592M (28 nm),,Discontinued,"Wi-Fi 802.11 b/g/n, hotspot",,GSM 850 / 900 / 1800 / 1900 - SIM 1 & SIM 2,,"720 x 1280 pixels, 16:9 ratio (~312 ppi density)",,microSDHC,HSPA 21.1/5.76 Mbps,No,"2014, September. Released 2014, September",,GSM / HSPA,,QMobile,,Mali-450MP4,https://fdn2.gsmarena.com/vv/bigpic/qmobile-x800.jpg,"4.7 inches, 60.9 cm2(~64.9% screen-to-body ratio)",QMobile Noir X800,,Black,IPS LCD,,,138 x 68 x 7.6 mm (5.43 x 2.68 x 0.30 in),"8GB 1GB RAM, 16GB 2GB RAM","microUSB 2.0, OTG",,GPS,Stereo FM radio,HSDPA 900 / 2100,,,1080p@30fps,Li-Ion 2000 mAh battery,"Accelerometer, proximity",
No,,,,,,,Yes,2.0,Downloadable,About 20 EUR,Yes,Dual SIM,Yes,-,,Yes,Discontinued,No,,GSM 900 / 1800 - SIM 1 & SIM 2,,"240 x 320 pixels, 4:3 ratio (~167 ppi density)",,microSDHC,,No,"2014, August. Released 2014, August",,GSM,QAppsMP4/H.263 playerOrganizerVoice memo,QMobile,,,https://fdn2.gsmarena.com/vv/bigpic/qmobile-b100.jpg,"2.4 inches, 17.8 cm2(~31.5% screen-to-body ratio)",QMobile B100TV,SMS,Black,"TFT, 65K colors",Yes,No,114 x 49.6 x 13.2 mm (4.49 x 1.95 x 0.52 in),32MB 8MB RAM,microUSB 2.0,No,No,Wireless FM radio (no wired headphones required),,,,Yes,Li-Ion 1000 mAh battery,No,No
,Dual-core 1.0 GHz Cortex-A7,LED flash,,VGA,,Android 4.2 (Jelly Bean),Yes,"4.0, A2DP",,About 60 EUR,Yes,Dual SIM,3.15 MP,-,Mediatek MT6572M (28 nm),,Discontinued,"Wi-Fi 802.11 b/g/n, hotspot",,GSM 850 / 900 / 1800 / 1900 - SIM 1 & SIM 2,,"480 x 800 pixels, 5:3 ratio (~235 ppi density)",,microSDHC,,No,"2014, August. Released 2014, August",,GSM,,QMobile,,Mali-400,https://fdn2.gsmarena.com/vv/bigpic/qmobile-noir-a115.jpg,"3.97 inches, 3.97, 44.9 cm2(~55.6% screen-to-body ratio)",QMobile Noir A115 ATV,,Black,TFT,,Class 12,125 x 64.5 x 12.1 mm (4.92 x 2.54 x 0.48 in),512MB 512MB RAM,microUSB 2.0,Class 12,GPS,FM radio,,,,480p,Li-Ion 1700 mAh battery,"Accelerometer, proximity, compass",
,Quad-core 1.3 GHz Cortex-A7,LED flash,,2 MP,,Android 4.4.2 (KitKat),Yes,"4.0, A2DP",,About 120 EUR,Yes,Dual SIM,"8 MP, AF",-,Mediatek MT6582M (28 nm),,Discontinued,"Wi-Fi 802.11 b/g/n, hotspot",,GSM 850 / 900 / 1800 / 1900 - SIM 1 & SIM 2,,"540 x 960 pixels, 16:9 ratio (~220 ppi density)",,microSDHC,HSPA 21.1/5.76 Mbps,No,"2014, August. Released 2014, August",,GSM / HSPA,,QMobile,,Mali-400MP2,https://fdn2.gsmarena.com/vv/bigpic/qmobile-i10.jpg,"5.0 inches, 68.9 cm2(~64.2% screen-to-body ratio)",QMobile Noir i10,,Black,IPS LCD,,,147 x 73 x 8.8 mm (5.79 x 2.87 x 0.35 in),8GB 1GB RAM,"microUSB 2.0, OTG",,GPS,FM radio,HSDPA 900 / 2100,,i10,720p@30fps,Li-Ion 1700 mAh battery,Accelerometer,
No,,LED flash,,,,,Yes,2.0,Downloadable,About 30 EUR,Yes,Dual SIM,Yes,-,,Yes,Discontinued,No,,GSM 900 / 1800 - SIM 1 & SIM 2,,"240 x 320 pixels, 4:3 ratio (~125 ppi density)",,microSDHC,,No,"2014, July. Released 2014, July",,GSM,QAppsMP4/H.263 playerOrganizerVoice memo,QMobile,,,https://fdn2.gsmarena.com/vv/bigpic/qmobile-b800.jpg,"3.2 inches, 31.7 cm2(~43.2% screen-to-body ratio)",QMobile B800,"SMS, MMS",Black,"TFT, 65K colors",Yes,Yes,127.9 x 57.4 x 10.9 mm (5.04 x 2.26 x 0.43 in),128MB 64MB RAM,microUSB 2.0,Yes,No,FM radio,,,,Yes,Li-Ion 1200 mAh battery,No,No
,Dual-core 1.3 GHz Cortex-A7,"LED flash, panorama",,VGA,,Android 4.4 (KitKat),Yes,"4.0, A2DP",,About 90 EUR,Yes,Dual SIM,5 MP,-,Mediatek MT6572 (28 nm),,Discontinued,"Wi-Fi 802.11 b/g/n, hotspot",,GSM 850 / 900 / 1800 / 1900 - SIM 1 & SIM 2,,"480 x 800 pixels, 5:3 ratio (~233 ppi density)",,microSDHC,HSPA 21.1/5.76 Mbps,No,"2014, July. Released 2014, July",,GSM / HSPA,,QMobile,,Mali-400,https://fdn2.gsmarena.com/vv/bigpic/qmobile-noir-a8i.jpg,"4.0 inches, 45.5 cm2(~56.1% screen-to-body ratio)",QMobile Noir A8i,,Black,TFT,,,126 x 64.4 x 11.2 mm (4.96 x 2.54 x 0.44 in),4GB 512MB RAM,microUSB 2.0,,A-GPS only,"FM radio, recording",HSDPA 900 / 2100,,,720p,Li-Ion 1600 mAh battery,"Accelerometer, proximity, compass",
eMMC 4.5,Quad-core 2.3 GHz Krait 400,LED flash,,8 MP,,Android 4.2 (Jelly Bean),Yes,"4.0, A2DP",,About 310 EUR,Yes,Micro-SIM,"16 MP, AF",150 g (5.29 oz),Qualcomm MSM8274 Snapdragon 800 (28 nm),,Discontinued,"Wi-Fi 802.11 b/g/n, Wi-Fi Direct, hotspot",,GSM 850 / 900 / 1800 / 1900,,"1080 x 1920 pixels, 16:9 ratio (~401 ppi density)",,No,HSPA 21.1/5.76 Mbps,No,"2014, July. Released 2014, July",,GSM / HSPA,,QMobile,Corning Gorilla Glass 3,Adreno 330,https://fdn2.gsmarena.com/vv/bigpic/qmobile-noir-z5.jpg,"5.5 inches, 83.4 cm2(~73.8% screen-to-body ratio)",QMobile Noir Z5,,Black,IPS LCD,,,150.6 x 75 x 9.5 mm (5.93 x 2.95 x 0.37 in),16GB 2GB RAM,"microUSB 2.0, OTG",,GPS,Stereo FM radio,HSDPA 850 / 1900 / 2100,,,Yes,"Li-Po 2500 mAh, non-removable","Accelerometer, gyro, proximity, compass",
,Quad-core 1.3 GHz Cortex-A7,"LED flash, panorama",,5 MP,,Android 4.2 (Jelly Bean),"Yes, with stereo speakers","4.0, A2DP",,About 160 EUR,Yes,Dual SIM,"13 MP, AF",-,Mediatek MT6582 (28 nm),,Discontinued,"Wi-Fi 802.11 b/g/n, hotspot",,GSM 850 / 900 / 1800 / 1900 - SIM 1 & SIM 2,,"720 x 1280 pixels, 16:9 ratio (~294 ppi density)",,No,HSPA 21.1/5.76 Mbps,No,"2014, July. Released 2014, July",,GSM / HSPA,,QMobile,,Mali-400MP2,https://fdn2.gsmarena.com/vv/bigpic/qmobile-i12.jpg,"5.0 inches, 68.9 cm2(~69.3% screen-to-body ratio)",QMobile Noir i12,,Black,IPS LCD,,,143 x 69.5 x 6.9 mm (5.63 x 2.74 x 0.27 in),16GB 2GB RAM,"microUSB 2.0, OTG",,GPS,FM radio,HSDPA 900 / 2100,,,1080p@30fps,Li-Ion 2000 mAh battery,"Accelerometer, proximity, compass",
,Octa-core 1.7 GHz Cortex-A7,"LED flash, HDR, panorama",,5 MP,Up to 490 h (2G) / Up to 490 h (3G),Android 4.2 (Jelly Bean),Yes,"4.0, A2DP, EDR",,About 200 EUR,Yes,Micro-SIM,"13 MP, AF",133 g (4.69 oz),Mediatek MT6592 (28 nm),,Discontinued,"Wi-Fi 802.11 b/g/n, Wi-Fi Direct, hotspot",,GSM 850 / 900 / 1800 / 1900,,"1080 x 1920 pixels, 16:9 ratio (~441 ppi density)",Up to 27 h (2G) / Up to 11 h (3G),microSDXC (dedicated slot),HSPA 21.1/5.76 Mbps,No,"2014, July. Released 2014, July",,GSM / HSPA,,QMobile,Corning Gorilla Glass 3,Mali-450MP4,https://fdn2.gsmarena.com/vv/bigpic/qmobile-z6.jpg,"5.0 inches, 68.9 cm2(~67.7% screen-to-body ratio)",QMobile Noir Z6,,Black,Super AMOLED,,,145.1 x 70.2 x 5.6 mm (5.71 x 2.76 x 0.22 in),16GB 2GB RAM,"microUSB 2.0, OTG",,GPS,Stereo FM radio,HSDPA 850 / 1900 / 2100,,,1080p@30fps,"Li-Ion 2300 mAh, non-removable","Accelerometer, gyro, proximity, compass",
,Quad-core 1.2 GHz Cortex-A7,,,2 MP,,Android 4.2 (Jelly Bean),Yes,"4.0, A2DP",,About 160 EUR,Yes,Micro-SIM,"5 MP, AF",-,Mediatek MT8389W,,Discontinued,"Wi-Fi 802.11 b/g/n, hotspot",,GSM 850 / 900 / 1800 / 1900,,"768 x 1024 pixels, 4:3 ratio (~160 ppi density)",,microSDHC (dedicated slot),HSPA 42.2/11.5 Mbps,No,"2014, June. Released 2014, June",,GSM / HSPA,,QMobile,,PowerVR SGX544,https://fdn2.gsmarena.com/vv/bigpic/qtab-x50.jpg,"8.0 inches, 198.2 cm2",QMobile QTab X50,,"Black, White",IPS LCD,,,-,16GB 1GB RAM,"microUSB 2.0, OTG",,GPS,"Stereo FM radio, RDS",HSDPA 850 / 900 / 1900 / 2100,,,480p@24fps,Li-Ion 4500 mAh battery,"Accelerometer, compass",
,Dual-core 1.0 GHz Cortex-A7,LED flash,,VGA,,Android 4.2 (Jelly Bean),Yes,"4.0, A2DP",,About 80 EUR,Yes,Dual SIM (dual stand-by),"5 MP, AF",-,Mediatek MT6572M (28 nm),,Discontinued,"Wi-Fi 802.11 b/g/n, hotspot",,GSM 850 / 900 / 1800 / 1900 - SIM 1 & SIM 2,,"480 x 800 pixels, 5:3 ratio (~233 ppi density)",,microSDHC,HSPA 21.1/5.76 Mbps,No,"2014, May. Released 2014, May",,GSM / HSPA,,QMobile,,Mali-400,https://fdn2.gsmarena.com/vv/bigpic/qmobile-noir-a120.jpg,"4.0 inches, 45.5 cm2(~56.1% screen-to-body ratio)",QMobile Noir A120,,"Black, Blue, Pink, White","TFT, 256K colors",,,127.5 x 63.7 x 10.4 mm (5.02 x 2.51 x 0.41 in),4GB 512MB RAM,microUSB 2.0,,GPS,FM radio,HSDPA 900 / 2100,,,Yes,Li-Ion 1500 mAh battery,"Accelerometer, proximity, compass",
No,,LED flash,,,,,Yes,2.0,Downloadable,About 30 EUR,Yes,Dual SIM,2 MP,-,,Yes,Discontinued,No,,GSM 900 / 1800 - SIM 1 & SIM 2,,"240 x 320 pixels, 4:3 ratio (~154 ppi density)",,microSDHC,,No,"2014, May. Released 2014, May",,GSM,QAppsMP4/H.263 playerOrganizerVoice memo,QMobile,,,https://fdn2.gsmarena.com/vv/bigpic/qmobile-e990-sirocco-edition.jpg,"2.6 inches, 20.9 cm2(~31.0% screen-to-body ratio)",QMobile E990 Sirocco Edition,SMS,"Black, Golden","TFT, 65K colors",Yes,Yes,128 x 52.8 x 7.4 mm (5.04 x 2.08 x 0.29 in),64MB 128MB RAM,microUSB 2.0,Yes,No,FM radio,,,,320p@15fps,Li-Ion 1000 mAh battery,No,No
,Dual-core 1.0 GHz Cortex-A7,,,VGA,,Android 4.2 (Jelly Bean),Yes,"4.0, A2DP",,About 60 EUR,Yes,Dual SIM,2 MP,-,Mediatek MT6572 (28 nm),,Discontinued,"Wi-Fi 802.11 b/g/n, hotspot",,GSM 850 / 900 / 1800 / 1900 - SIM 1 & SIM 2,,"320 x 480 pixels, 3:2 ratio (~165 ppi density)",,microSDHC,,No,"2014, May. Released 2014, May",,GSM,,QMobile,,Mali-400,https://fdn2.gsmarena.com/vv/bigpic/qmobile-noir-a110.jpg,"3.5 inches, 36.5 cm2(~49.9% screen-to-body ratio)",QMobile Noir A110,,"Black, Blue, Pink, White",TFT,,Class 12,117 x 62.5 x 11 mm (4.61 x 2.46 x 0.43 in),512MB 512MB RAM,microUSB 2.0,Class 12,GPS,FM radio,,,,Yes,Li-Ion 1300 mAh battery,"Accelerometer, proximity, compass",
,Quad-core 1.3 GHz Cortex-A7,"LED flash, HDR, panorama",,2 MP,Up to 260 h (2G) / Up to 260 h (3G),"Android 4.2 (Jelly Bean), upgradable to 4.4 (KitKat)",Yes,"4.0, A2DP",,About 130 EUR,Yes,Dual SIM,"8 MP, AF",167 g (5.89 oz),Mediatek MT6582 (28 nm),,Discontinued,"Wi-Fi 802.11 b/g/n, hotspot",,GSM 850 / 900 / 1800 / 1900 - SIM 1 & SIM 2,,"720 x 1280 pixels, 16:9 ratio (~294 ppi density)",Up to 16 h (2G) / Up to 10 h 30 min (3G),microSDHC,HSPA 21.1/5.76 Mbps,No,"2014, May. Released 2014, May",,GSM / HSPA,,QMobile,,Mali-400MP2,https://fdn2.gsmarena.com/vv/bigpic/qmobile-noir-i9.jpg,"5.0 inches, 68.9 cm2(~63.8% screen-to-body ratio)",QMobile Noir i9,,Black,IPS LCD,,,146 x 74 x 9.3 mm (5.75 x 2.91 x 0.37 in),4GB 1GB RAM,"microUSB 2.0, OTG",,GPS,FM radio,HSDPA 900 / 1900 / 2100,,,1080p@30fps,Li-Ion 2000 mAh battery,"Accelerometer, proximity, compass",
,Quad-core 1.3 GHz Cortex-A7,LED flash,,2 MP,Up to 386 h (2G) / Up to 386 h (3G),"Android 4.2 (Jelly Bean), upgradable to 4.4 (KitKat)",Yes,"4.0, A2DP",,About 120 EUR,Yes,Dual SIM (dual stand-by),"5 MP, AF",88.2 g (3.10 oz),Mediatek MT6582 (28 nm),,Discontinued,"Wi-Fi 802.11 b/g/n, hotspot",,GSM 850 / 900 / 1800 / 1900 - SIM 1 & SIM 2,,"480 x 854 pixels, 16:9 ratio (~218 ppi density)",Up to 16 h 30 min (2G) / Up to 11 h (3G),microSDHC,HSPA 21.1/5.76 Mbps,No,"2014, May. Released 2014, May",,GSM / HSPA,,QMobile,,Mali-400MP2,https://fdn2.gsmarena.com/vv/bigpic/qmobile-noir-i6.jpg,"4.5 inches, 55.8 cm2(~62.2% screen-to-body ratio)",QMobile Noir i6,,Black,TFT,,,135 x 66.5 x 9.1 mm (5.31 x 2.62 x 0.36 in),8GB 1GB RAM,microUSB 2.0,,A-GPS only,"FM radio, recording",HSDPA 900 / 2100,,,Yes,Li-Po 1800 mAh battery,"Accelerometer, proximity, compass",
,Dual-core 1.0 GHz Cortex-A7,LED flash,,VGA,,Android 4.2 (Jelly Bean),Yes,"4.0, A2DP",,About 80 EUR,Yes,Dual SIM,"3.15 MP, AF",-,Mediatek MT6572 (28 nm),,Discontinued,"Wi-Fi 802.11 b/g/n, hotspot",,GSM 850 / 900 / 1800 / 1900 - SIM 1 & SIM 2,,"480 x 854 pixels, 16:9 ratio (~218 ppi density)",,microSDHC,HSPA 21.1/5.76 Mbps,No,"2014, May. Released 2014, May",,GSM / HSPA,,QMobile,,Mali-400,https://fdn2.gsmarena.com/vv/bigpic/qmobile-noir-a75.jpg,"4.5 inches, 55.8 cm2(~61.7% screen-to-body ratio)",QMobile Noir A75,,Black,TFT,,,135 x 67 x 10 mm (5.31 x 2.64 x 0.39 in),4GB 512MB RAM,microUSB 2.0,,A-GPS only,FM radio,HSDPA 900 / 2100,,,Yes,Li-Ion 1500 mAh battery,"Accelerometer, proximity, compass",
,Quad-core 1.3 GHz Cortex-A7,LED flash,,VGA,,Android 4.4.2 (KitKat),Yes,"4.0, A2DP",,About 80 EUR,Yes,Dual SIM,5 MP,-,Mediatek MT6582M (28 nm),,Discontinued,"Wi-Fi 802.11 b/g/n, hotspot",,GSM 850 / 900 / 1800 / 1900 - SIM 1 & SIM 2,,"480 x 854 pixels, 16:9 ratio (~218 ppi density)",,microSDHC,HSPA 21.1/5.76 Mbps,No,"2014, May. Released 2014, May",,GSM / HSPA,,QMobile,,Mali-400MP2,https://fdn2.gsmarena.com/vv/bigpic/qmobile-i5i.jpg,"4.5 inches, 55.8 cm2(~62.9% screen-to-body ratio)",QMobile Noir i5i,,Black,TFT,,,133.5 x 66.5 x 9.8 mm (5.26 x 2.62 x 0.39 in),4GB 1GB RAM,microUSB 2.0,,A-GPS only,FM radio,HSDPA 900 / 2100,,,Yes,Li-Ion 1700 mAh battery,Accelerometer,
,Quad-core 1.3 GHz Cortex-A7,LED flash,,2 MP,,"Android 4.2 (Jelly Bean), upgradable to 4.4 (KitKat)",Yes,"4.0, A2DP",,About 80 EUR,Yes,Dual SIM,"5 MP, AF",-,Mediatek MT6582M (28 nm),,Discontinued,"Wi-Fi 802.11 b/g/n, hotspot",,GSM 850 / 900 / 1800 / 1900 - SIM 1 & SIM 2,,"480 x 800 pixels, 5:3 ratio (~199 ppi density)",,microSDHC,HSPA,No,"2014, May. Released 2014, May",,GSM / HSPA,,QMobile,,Mali-400MP2,https://fdn2.gsmarena.com/vv/bigpic/qmobile-i5.jpg,"4.7 inches, 62.9 cm2(~63.5% screen-to-body ratio)",QMobile Noir i5,,Black,IPS LCD,,,138.5 x 71.5 x 9.5 mm (5.45 x 2.81 x 0.37 in),4GB 512MB RAM,"microUSB 2.0, OTG",,GPS,FM radio,HSDPA 900 / 2100,,,480p@30fps,Li-Ion 2000 mAh battery,"Accelerometer, proximity, compass",
,Quad-core 1.3 GHz Cortex-A7,LED flash,,2 MP,,"Android 4.2 (Jelly Bean), upgradable to 4.4 (KitKat)",Yes,"4.0, A2DP",,About 140 EUR,Yes,Dual SIM,"8 MP, AF",-,Mediatek MT6582 (28 nm),,Discontinued,"Wi-Fi 802.11 b/g/n, hotspot",,GSM 850 / 900 / 1800 / 1900 - SIM 1 & SIM 2,,"540 x 960 pixels, 16:9 ratio (~245 ppi density)",,microSDHC,HSPA 21.1/5.76 Mbps,No,"2014, April. Released 2014, April",,GSM / HSPA,,QMobile,,Mali-400MP2,https://fdn2.gsmarena.com/vv/bigpic/qmobile-noir-a550.jpg,"4.5 inches, 55.8 cm2(~64.1% screen-to-body ratio)",QMobile Noir A550,,Black,IPS LCD,,,132 x 66 x 8.9 mm (5.20 x 2.60 x 0.35 in),4GB 1GB RAM,"microUSB 2.0, OTG",,GPS,FM radio,HSDPA 900 / 2100,,,Yes,Li-Ion 1700 mAh battery,"Accelerometer, proximity, compass",
,Quad-core 1.2 GHz Cortex-A7,"Dual-LED flash, HDR",,5 MP,Up to 220 h (3G),Android 4.2 (Jelly Bean),Yes,"4.0, A2DP",,About 180 EUR,Yes,Dual SIM,"12 MP, AF",220 g (7.76 oz),Mediatek MT6589 (28 nm),,Discontinued,"Wi-Fi 802.11 b/g/n, hotspot",,GSM 850 / 900 / 1800 / 1900 - SIM 1 & SIM 2,,"720 x 1280 pixels, 16:9 ratio (~258 ppi density)",Up to 8 h (3G),No,HSPA 21.1/5.76 Mbps,No,"2014, January. Released 2014, January",,GSM / HSPA,,QMobile,,PowerVR SGX544,https://fdn2.gsmarena.com/vv/bigpic/qmobile-noir-v4.jpg,"5.7 inches, 89.6 cm2(~67.4% screen-to-body ratio)",QMobile Noir V4,,Black,IPS LCD,,,161 x 82.5 x 9.3 mm (6.34 x 3.25 x 0.37 in),16GB 1GB RAM,"microUSB 2.0, OTG",,GPS,FM radio,HSDPA 900 / 2100,,,1080p@30fps,Li-Ion 2600 mAh battery,"Accelerometer, proximity, compass",
,Quad-core 1.5 GHz Cortex-A7,"LED flash, panorama",,5 MP,,Android 4.2 (Jelly Bean),Yes,"4.0, A2DP",,About 200 EUR,Yes,Micro-SIM,"13 MP, AF",-,Mediatek MT6589T (28 nm),,Discontinued,"Wi-Fi 802.11 b/g/n, Wi-Fi Direct, hotspot",,GSM 850 / 900 / 1800 / 1900,,"1080 x 1920 pixels, 16:9 ratio (~441 ppi density)",,No,HSPA 21.1/5.76 Mbps,No,"2013, October. Released 2013, October",,GSM / HSPA,,QMobile,Corning Gorilla Glass 3,PowerVR SGX544,https://fdn2.gsmarena.com/vv/bigpic/qmobile-noir-z4.jpg,"5.0 inches, 68.9 cm2(~69.4% screen-to-body ratio)",QMobile Noir Z4,,Black,IPS LCD,,,144 x 69 x 7.7 mm (5.67 x 2.72 x 0.30 in),32GB 2GB RAM,microUSB 2.0,,GPS,Stereo FM radio,HSDPA 900 / 2100,,,1080p@30fps,Li-Ion 2000 mAh battery,"Accelerometer, gyro, proximity, compass",
,Quad-core 1.5 GHz Cortex-A7,LED flash,,5 MP,,Android 4.2 (Jelly Bean),Yes,"4.0, A2DP",,About 210 EUR,Yes,Micro-SIM,"8 MP, AF",135 g (4.76 oz),Mediatek MT6589 (28 nm),,Discontinued,"Wi-Fi 802.11 b/g/n, Wi-Fi Direct, hotspot",,GSM 850 / 900 / 1800 / 1900,,"720 x 1280 pixels, 16:9 ratio (~306 ppi density)",,No,HSPA 21.1/5.76 Mbps,No,"2013, September. Released 2013, September",,GSM / HSPA,,QMobile,Corning Gorilla Glass 2,PowerVR SGX544,https://fdn2.gsmarena.com/vv/bigpic/qmobile-noir-z3.jpg,"4.8 inches, 63.5 cm2(~67.2% screen-to-body ratio)",QMobile Noir Z3,,Black,Super AMOLED,,,137 x 69 x 6.9 mm (5.39 x 2.72 x 0.27 in),16GB 1GB RAM,microUSB 2.0,,GPS,Stereo FM radio,HSDPA 900 / 2100,,,1080p@30fps,Li-Ion 2000 mAh battery,"Accelerometer, proximity, compass",
,Dual-core 1.2 GHz Cortex-A9,LED flash,,VGA,Up to 225 h (3G),Android 4.1 (Jelly Bean),Yes,"4.0, A2DP",,About 150 EUR,Yes,Dual SIM (dual stand-by),5 MP,-,Mediatek MT6577T (40 nm),,Discontinued,"Wi-Fi 802.11 b/g/n, hotspot",,GSM 900 / 1800 - SIM 1 & SIM 2,,"480 x 800 pixels, 5:3 ratio (~187 ppi density)",Up to 4 h 30 min (3G),microSDHC,HSPA 21.1/5.76 Mbps,No,"2013, July. Released 2013, July",,GSM / HSPA,,QMobile,,PowerVR SGX531,https://fdn2.gsmarena.com/vv/bigpic/qmobile-noir-a15-3d.jpg,"5.0 inches, 71.2 cm2(~62.9% screen-to-body ratio)",QMobile Noir A15 3D,,Black,3D,,,147 x 77 x 11.8 mm (5.79 x 3.03 x 0.46 in),4GB 512MB RAM,microUSB 2.0,,GPS,Stereo FM radio,HSDPA 900 / 2100,,,480p@30fps,Li-Ion 2200 mAh battery,"Accelerometer, proximity, compass",
,Quad-core 1.2 GHz Cortex-A7,LED flash,,1 MP,,Android 4.1 (Jelly Bean),Yes,"4.0, A2DP",,About 120 EUR,Yes,Dual SIM,8 MP,-,Mediatek MT6589W,,Discontinued,"Wi-Fi 802.11 b/g/n, Wi-Fi Direct, hotspot",,GSM 850 / 900 / 1800 / 1900 - SIM 1 & SIM 2,,"720 x 1280 pixels, 16:9 ratio (~316 ppi density)",,microSDHC,HSPA 21.1/5.76 Mbps,No,"2013, July. Released 2013, July",,GSM / HSPA,,QMobile,,PowerVR SGX544,https://fdn2.gsmarena.com/vv/bigpic/qmobile-noir-a950.jpg,"4.65 inches, 59.6 cm2(~68.4% screen-to-body ratio)",QMobile Noir A950,,Black,Super AMOLED+,,,130 x 67 x 8.6 mm (5.12 x 2.64 x 0.34 in),4GB 1GB RAM,microUSB 2.0,,GPS,Stereo FM radio,HSDPA 900 / 2100,,,720p,Li-Ion 2100 mAh battery,"Accelerometer, proximity, compass",
,Quad-core 1.2 GHz Cortex-A7,LED flash,,VGA,,Android 4.2 (Jelly Bean),Yes,"4.0, A2DP",,About 130 EUR,Yes,Dual SIM (dual stand-by),5 MP,-,Mediatek MT6589M (28 nm),,Discontinued,"Wi-Fi 802.11 b/g/n, hotspot",,GSM 850 / 900 / 1800 / 1900 - SIM 1 & SIM 2,,"480 x 854 pixels, 16:9 ratio (~218 ppi density)",,microSDHC,HSPA 21.1/5.76 Mbps,No,"2013, July. Released 2013, July",,GSM / HSPA,,QMobile,,PowerVR SGX544,https://fdn2.gsmarena.com/vv/bigpic/qmobile-noir-a500.jpg,"4.5 inches, 55.8 cm2(~61.2% screen-to-body ratio)",QMobile Noir A500,,Black,"TFT, 256K colors",,,136 x 67 x 9.6 mm (5.35 x 2.64 x 0.38 in),4GB 512MB RAM,microUSB 2.0,,GPS,Stereo FM radio,HSDPA 900 / 2100,,,Yes,Li-Ion 1800 mAh battery,"Accelerometer, proximity, compass",
