Features,,CPU,Single_1,Stand-by,Alert types,Loudspeaker,Bluetooth,Games,SAR EU,OS,Stand-by_1,_2,Price,_3,3.5mm jack,SIM,Single,Weight,Call records,Status,WLAN,Infrared port,Talk time_1,2G bands,Browser,Resolution,Talk time,Card slot,Alarm,Speed,Announced,Video_1,Technology,_1,Clock,Brand,Protection,Model Image,Size,Model Name,Music play,Messaging,Colors,Type,Phonebook,GPRS,Dimensions,Internal,USB,EDGE,Positioning,Radio,3G bands,Video,Type_1,_4,Sensors,Java
LED flash,"Integrated solar cell with charge indicatorBike Tracker, Run Tracker, PedometerPUMA services",,VGA,Up to 350 h,,Yes,"2.1, A2DP",Yes,,,,,About 400 EUR,,Yes,Mini-SIM,3.15 MP,115 g (4.06 oz),"20 dialed, 20 received, 20 missed calls",Discontinued,No,,,GSM 900 / 1800 / 1900,"WAP 2.0/xHTML, HTML","240 x 320 pixels, 4:3 ratio (~143 ppi density)",Up to 5 h (2G) / Up to 4 h (3G),"microSDHC (dedicated slot), 2 GB included",,HSPA 7.2/2 Mbps,"2010, February. Released 2010, August",,GSM / HSPA,,,Sagem,,https://fdn2.gsmarena.com/vv/bigpic/sagem-puma-phone.jpg,"2.8 inches, 24.3 cm2(~42.5% screen-to-body ratio)",Sagem Puma Phone,Up to 24 h,"SMS, MMS, Email, IM",Black,"TFT resistive touchscreen, 256K colors",Yes,,102 x 56 x 13 mm (4.02 x 2.20 x 0.51 in),,2.0,,"GPS, A-GPS","Stereo FM radio, RDS",HSDPA 900 / 2100,Yes,Removable Li-Ion 880 mAh battery,,"Accelerometer, compass","Yes, MIDP 2.0"
,No,,,Up to 250 h,,No,Yes,Yes,,,,,,,No,Mini-SIM,1.3 MP,95 g (3.35 oz),"20 dialed, 20 received, 20 missed calls",Discontinued,No,,,GSM 900 / 1800 / 1900,WAP 2.0/xHTML,176 x 220 pixels (~141 ppi density),Up to 3 h 30 min,microSD (dedicated slot),,,"2008, September. Released 2008, October",,GSM,MP3/AAC playerPredictive text inputOrganizer,,Sagem,,https://fdn2.gsmarena.com/vv/bigpic/sagem-my421z.jpg,"2.0 inches, 12.6 cm2(~28.2% screen-to-body ratio)",Sagem my421z,,"SMS, EMS, MMS","Black, Silver, Pink","TFT, 256K colors",Yes,Yes,97 x 46 x 14 mm (3.82 x 1.81 x 0.55 in),,Proprietary,No,No,No,,Yes,Removable Li-Ion battery,,,"Yes, MIDP 2.0"
,No,,,Up to 220 h,Vibration; Polyphonic ringtones,Yes,Yes,Yes,,,,,,,No,Mini-SIM,1.3 MP,81 g (2.86 oz),"20 dialed, 20 received, 20 missed calls",Discontinued,No,,,GSM 900 / 1800 / 1900,WAP 2.0/xHTML,"120 x 160 pixels, 4:3 ratio",Up to 3 h,microSD (dedicated slot),,,"2008, February. Released 2008, April",,GSM,MP3 playerPredictive text inputOrganizerVoice memo,,Sagem,,https://fdn2.gsmarena.com/vv/bigpic/sagem-rg.jpg,,Sagem Roland Garros,,"SMS, MMS",Black,"TFT, 65K colors",Yes,Yes,106.9 x 46.3 x 10.9 mm (4.21 x 1.82 x 0.43 in),13MB,Proprietary,No,No,No,,No,Removable Li-Ion battery,,,"Yes, MIDP 2.0"
,"spin-and-rotate displayexternal 65K TFT display, 72 x 96 pixel resolution",,,,Vibration; Polyphonic ringtones,Yes,"1.1, A2DP",Yes,,,,DVB-H receiver-decoderMP3 playerPredictive text inputOrganizerVoice memo,,,No,Mini-SIM,2 MP,-,"20 dialed, 20 received, 20 missed calls",Discontinued,No,,,GSM 900 / 1800 / 1900,WAP 2.0/xHTML,"240 x 320 pixels, 4:3 ratio",Up to 5 h,microSD (dedicated slot),,,"2008, February. Released 2008, April",,GSM,No,,Sagem,,https://fdn2.gsmarena.com/vv/bigpic/mymobile-tv.jpg,,Sagem myMobileTV 2,,"SMS, MMS, Email",Black,"TFT, 256K colors",Yes,Yes,-,25MB,Proprietary,No,No,No,,Yes,Removable Li-Ion battery,,,"Yes, MIDP 2.0"
,External monochrome display,,,Up to 210 h,,Yes,Yes,Yes,,,,MP3 playerOrganizerPredictive text input,,,No,Mini-SIM,VGA,87 g (3.07 oz),"20 dialed, 20 received, 20 missed calls",Discontinued,No,,,GSM 900 / 1800 / 1900,WAP 2.0/xHTML,128 x 160 pixels,Up to 3 h,microSD (dedicated slot),,,"2008, February. Released 2008",,GSM,No,,Sagem,,https://fdn2.gsmarena.com/vv/bigpic/sagem-my411c-oxbow.jpg,,Sagem my411C Oxbow,,"SMS, MMS",,"CSTN, 65K colors",Yes,Yes,91 x 46 x 16.5 mm (3.58 x 1.81 x 0.65 in),10MB,Proprietary,No,No,No,,Yes,Removable Li-Ion battery,,,No
,Music playerPredictive text inputOrganizer,,VGA videocall camera,Up to 300 h,Vibration; Polyphonic ringtones,Yes,"2.0, A2DP",Yes,,,,,,,No,Mini-SIM,2 MP,95 g (3.35 oz),"20 dialed, 20 received, 20 missed calls",Discontinued,No,,,GSM 900 / 1800 / 1900,WAP 2.0/xHTML,"320 x 240 pixels, 4:3 ratio (~200 ppi density)",Up to 4 h 30 min,microSD (dedicated slot),,HSPA 3.6/0.384 Mbps,"2008, February. Released 2008",,GSM / HSPA,,,Sagem,,https://fdn2.gsmarena.com/vv/bigpic/sagem-my855c.jpg,"2.0 inches, 12.4 cm2(~26.3% screen-to-body ratio)",Sagem my855c,,"SMS, MMS, Instant Messaging",,"TFT, 256K colors",Yes,,96 x 49 x 16 mm (3.78 x 1.93 x 0.63 in),,Proprietary,,No,No,HSDPA 2100,Yes,Removable Li-Ion battery,,,"Yes, MIDP 2.0"
,MP3 playerOrganizerVoice memoPredictive text input,,VGA videocall camera,Up to 280 h,,Yes,1.2,Yes,,,,,,,No,Mini-SIM,1.3 MP,105 g (3.70 oz),"30 dialed, 30 received, 30 missed calls",Cancelled,No,,,GSM 900 / 1800,WAP 2.0/xHTML,176 x 220 pixels,Up to 5 h,microSDHC (dedicated slot),,"Yes, 384 kbps","2007, October",,GSM / UMTS,,,Sagem,,https://fdn2.gsmarena.com/vv/bigpic/sagem-my810x.jpg,,Sagem my810x,,"SMS, MMS",Black,"TFT, 256K colors",1000 entries,,104 x 48 x 16 mm (4.09 x 1.89 x 0.63 in),,1.1,,No,No,UMTS 2100,Yes,Removable Li-Ion battery,,,"Yes, MIDP 2.0"
LED flash,Music playerPredictive text inputOrganizer,,VGA videocall camera,Up to 300 h,Vibration; Polyphonic ringtones,Yes,Yes,Yes,,,,,,,No,Mini-SIM,3.15 MP,95 g (3.35 oz),"20 dialed, 20 received, 20 missed calls",Discontinued,No,,,GSM 900 / 1800 / 1900,WAP 2.0/xHTML,"320 x 240 pixels, 4:3 ratio (~167 ppi density)",Up to 4 h 30 min,microSD (dedicated slot),,HSPA 3.6/0.384 Mbps,"2008, February. Released 2008",,GSM / HSPA,,,Sagem,,https://fdn2.gsmarena.com/vv/bigpic/sagem-my750x.jpg,"2.4 inches, 17.8 cm2(~34.4% screen-to-body ratio)",Sagem my750x,,"SMS, MMS, Instant Messaging","Violet, Green, Red, Blue, Orange","TFT, 256K colors",Yes,,108 x 48 x 11 mm (4.25 x 1.89 x 0.43 in),,Proprietary,,No,"Stereo FM radio, RDS",HSDPA 2100,Yes,Removable Li-Ion battery,,,"Yes, MIDP 2.0"
,No,,,Up to 200 h,Vibration; Polyphonic ringtones,"Yes, with stereo speakers",Yes,Yes,,,,,,,No,Mini-SIM,3.15 MP,90 g (3.17 oz),"20 dialed, 20 received, 20 missed calls",Discontinued,No,,,GSM 900 / 1800 / 1900,WAP 2.0/xHTML,176 x 220 pixels (~141 ppi density),Up to 3 h,microSD (dedicated slot),,,"2008, February. Released 2008, May",,GSM,Music playerPredictive text inputOrganizer,,Sagem,,https://fdn2.gsmarena.com/vv/bigpic/sagem-my721x.jpg,"2.0 inches, 12.6 cm2(~23.4% screen-to-body ratio)",Sagem my721x,,"SMS, MMS, Instant Messaging","Black, Silver","TFT, 256K colors",Yes,Class 10,112 x 48 x 9.8 mm (4.41 x 1.89 x 0.39 in),,Proprietary,No,No,"Stereo FM radio, RDS",,Yes,Removable Li-Ion battery,,,"Yes, MIDP 2.0"
,Mirror effect,,,Up to 200 h,Vibration; Polyphonic ringtones,Yes,Yes,Yes,,,,Music playerPredictive text inputOrganizer,,,No,Mini-SIM,3.15 MP,125 g (4.41 oz),"20 dialed, 20 received, 20 missed calls",Discontinued,No,,,GSM 900 / 1800 / 1900,WAP 2.0/xHTML,176 x 220 pixels (~128 ppi density),Up to 3 h,microSD (dedicated slot),,,"2008, February. Released 2008",,GSM,No,,Sagem,,https://fdn2.gsmarena.com/vv/bigpic/sagem-my721z.jpg,"2.2 inches, 15.2 cm2(~27.6% screen-to-body ratio)",Sagem my721z,,"SMS, MMS, Instant Messaging",Silver,"TFT, 256K colors",Yes,Yes,106 x 52 x 12 mm (4.17 x 2.05 x 0.47 in),,Proprietary,No,No,"Stereo FM radio, RDS",,Yes,Removable Li-Ion battery,,,"Yes, MIDP 2.0"
,No,,,Up to 200 h,Vibration; Polyphonic(32) ringtones,No,Yes,Yes,,,,,,,No,Mini-SIM,1.3 MP,90 g (3.17 oz),"20 dialed, 20 received, 20 missed calls",Discontinued,No,,,GSM 900 / 1800 / 1900,WAP 2.0/xHTML,128 x 160 pixels (~108 ppi density),Up to 3 h,microSD (dedicated slot),,,"2008, July",,GSM,MP3/AAC playerPredictive text inputOrganizer,,Sagem,,https://fdn2.gsmarena.com/vv/bigpic/sagem-my521x.jpg,"1.9 inches, 11.4 cm2(~23.1% screen-to-body ratio)",Sagem my521x,,"SMS, EMS, MMS","Black,Silver","TFT, 65K colors",Yes,Yes,107 x 46 x 10 mm (4.21 x 1.81 x 0.39 in),10MB,Proprietary,No,No,No,,Yes,Removable Li-Ion battery,,,"Yes, MIDP 2.0"
,No,,,Up to 240 h,Vibration; Polyphonic ringtones,Yes,Yes,Yes,,,,,,,No,Mini-SIM,3.15 MP,95 g (3.35 oz),"20 dialed, 20 received, 20 missed calls",Discontinued,Wi-Fi 802.11b/g,,,GSM 900 / 1800 / 1900,WAP 2.0/xHTML,176 x 220 pixels (~141 ppi density),Up to 4 h 30 min,microSD (dedicated slot),,,"2008, February. Released 2008",,GSM,Music playerBarcode readerPredictive text inputOrganizer,,Sagem,,https://fdn2.gsmarena.com/vv/bigpic/sagem-my519x.jpg,"2.0 inches, 12.6 cm2(~24.3% screen-to-body ratio)",Sagem my519x,,"SMS, MMS, Instant Messaging","Violet, Green, Pink","TFT, 256K colors",Yes,Yes,108 x 48 x 11 mm (4.25 x 1.89 x 0.43 in),,Proprietary,Class 10,No,"Stereo FM radio, RDS",,Yes,Removable Li-Ion battery,,,"Yes, MIDP 2.0"
,Glossy effect,,,Up to 220 h,Vibration; Polyphonic ringtones,Yes,Yes,Yes,,,,Music playerPredictive text inputOrganizer,,,No,Mini-SIM,1.3 MP,81 g (2.86 oz),"20 dialed, 20 received, 20 missed calls",Discontinued,No,,,GSM 900 / 1800,WAP 2.0/xHTML,128 x 160 pixels (~114 ppi density),Up to 3 h 40 min,microSD (dedicated slot),,,"2008, February. Released 2008",,GSM,No,,Sagem,,https://fdn2.gsmarena.com/vv/bigpic/sagem-my421x.jpg,"1.8 inches, 10.2 cm2(~20.3% screen-to-body ratio)",Sagem my421x,,"SMS, MMS",Black,"CSTN, 65K colors",Yes,Yes,107 x 47 x 10 mm (4.21 x 1.85 x 0.39 in),,Proprietary,No,No,"Stereo FM radio, RDS",,Yes,Removable Li-Ion battery,,,"Yes, MIDP 2.0"
,Metallic cover with mirror effect,,,Up to 370 h,Vibration; Polyphonic ringtones,Yes,Yes,Yes,,,,Music playerPredictive text inputOrganizer,,,No,Mini-SIM,VGA,95 g (3.35 oz),"20 dialed, 20 received, 20 missed calls",Discontinued,Wi-Fi 802.11b/g,,,GSM 900 / 1800,WAP 2.0/xHTML,128 x 160 pixels (~114 ppi density),Up to 4 h,No,,,"2008, February",,GSM,No,,Sagem,,https://fdn2.gsmarena.com/vv/bigpic/sagem-my419x.jpg,"1.8 inches, 10.2 cm2(~20.9% screen-to-body ratio)",Sagem my429x,,"SMS, MMS",Silver,"CSTN, 65K colors",Yes,Yes,106 x 46 x 15 mm (4.17 x 1.81 x 0.59 in),,Proprietary,No,No,No,,Yes,Removable Li-Ion battery,,,"Yes, MIDP 2.0"
,Metallic cover with mirror effect,,,Up to 370 h,Vibration; Polyphonic ringtones,Yes,Yes,Yes,,,,Music playerPredictive text inputOrganizer,,,No,Mini-SIM,VGA,95 g (3.35 oz),"20 dialed, 20 received, 20 missed calls",Discontinued,Wi-Fi 802.11b/g,,,GSM 900 / 1800,WAP 2.0/xHTML,128 x 160 pixels (~114 ppi density),Up to 4 h,No,,,"2008, February",,GSM,No,,Sagem,,https://fdn2.gsmarena.com/vv/bigpic/sagem-my419x-new.jpg,"1.8 inches, 10.2 cm2(~20.9% screen-to-body ratio)",Sagem my419x,,"SMS, MMS",Silver,"TFT, 65K colors",Yes,Yes,106 x 46 x 15 mm (4.17 x 1.81 x 0.59 in),,Proprietary,No,No,No,,Yes,Removable Li-Ion battery,,,"Yes, MIDP 2.0"
,No,,,Up to 300 h,,Yes,Yes,Yes,,,,,About 600 EUR,,No,Mini-SIM,"5 MP, AF",115 g (4.06 oz),Yes,Discontinued,Wi-Fi 802.11 b/g,,,GSM 850 / 900 / 1800 / 1900,"WAP 2.0/xHTML, HTML (Opera)","240 x 400 pixels, 5:3 ratio (~167 ppi density)",Up to 4 h,microSD (dedicated slot),,,"2008, October. Released 2008, October",,GSM,MP3/eAAC+ playerMP4/H.263 playerOrganizerVoice memo/dialPredictive text input,,Sagem,Scratch-resistant glass,https://fdn2.gsmarena.com/vv/bigpic/Sagem-Porsche-P9522.jpg,"2.8 inches, 22.3 cm2(~40.7% screen-to-body ratio)",Sagem P9522 Porsche,,"SMS, MMS, Email",Black,"AMOLED resistive touchscreen, 256K colors",1000 contacts,Class 10,112 x 49 x 12 mm (4.41 x 1.93 x 0.47 in),,Proprietary,Class 10,"GPS, A-GPS","Stereo FM radio, RDS",,Yes,Removable Li-Ion battery,,Fingerprint (front-mounted),"Yes, MIDP 2.0"
LED flash,Secondary external display,,,Up to 240 h,,Yes,"1.2, A2DP",Yes,,,,MP3/eAAC+ playerMP4/H.263 playerOrganizerVoice memo/dialPredictive text input,About 1200 EUR,,No,Mini-SIM,"3.15 MP, AF",139 g (4.90 oz),Yes,Discontinued,No,,,GSM 850 / 900 / 1800 / 1900,WAP 2.0/xHTML,"240 x 320 pixels, 4:3 ratio (~182 ppi density)",Up to 3 h 30 min,microSD (dedicated slot),,,"2008, October. Released 2008, December",,GSM,No,,Sagem,,https://fdn2.gsmarena.com/vv/bigpic/Sagem-Porsche-P9521.jpg,"2.2 inches, 15.0 cm2(~33.9% screen-to-body ratio)",Sagem P9521 Porsche,Up to 7 h,"SMS, MMS, Email",Black,"AMOLED, 256K colors",1000 contacts,Class 10,91.5 x 48.3 x 17.8 mm (3.60 x 1.90 x 0.70 in),22MB,1.1,Class 10,No,No,,Yes,Removable Li-Ion battery,,Fingerprint (front-mounted),"Yes, MIDP 2.0"
,Secondary external displayDedicated music keys,,,Up to 300 h,,Yes,Yes,Yes,,,,MP3/MP4 playerOrganizerVoice memoPredictive text input,,,No,Mini-SIM,2 MP,95 g (3.35 oz),"20 dialed, 20 received, 20 missed calls",Discontinued,No,,,GSM 900 / 1800 / 1900,WAP 2.0/xHTML,"240 x 320 pixels, 4:3 ratio (~200 ppi density)",Up to 4 h,microSD (dedicated slot),,"Yes, 384 kbps","2008, August. Released 2008, Q4",,GSM / UMTS,No,,Sagem,,https://fdn2.gsmarena.com/vv/bigpic/sagem-my730c.jpg,"2.0 inches, 12.4 cm2(~26.3% screen-to-body ratio)",Sagem my730c,,"SMS, MMS",Black,"TFT, 256K colors","1000 contacts, Photocall",,96 x 49 x 16 mm (3.78 x 1.93 x 0.63 in),54MB,miniUSB,,No,No,UMTS 2100,Yes,Removable Li-Ion 920 mAh battery,,,"Yes, MIDP 2.0"
,Mirror effect,,,Up to 200 h,Vibration; Polyphonic ringtones,Yes,Yes,Yes,,,,Music playerPredictive text inputOrganizer,,,No,Mini-SIM,VGA,87 g (3.07 oz),"20 dialed, 20 received, 20 missed calls",Discontinued,No,,,GSM 900 / 1800 / 1900,WAP 2.0/xHTML,128 x 160 pixels (~114 ppi density),Up to 3 h,microSD (dedicated slot),,,"2008, February",,GSM,No,,Sagem,,https://fdn2.gsmarena.com/vv/bigpic/sagem-my411c.jpg,"1.8 inches, 10.2 cm2(~24.4% screen-to-body ratio)",Sagem my411c,,"SMS, MMS","Black, Pink","CSTN, 65K colors",Yes,Yes,91 x 46 x 16 mm (3.58 x 1.81 x 0.63 in),,Proprietary,No,No,No,,Yes,Removable Li-Ion battery,,,"Yes, MIDP 2.0"
,No,,,Up to 220 h,Vibration; Polyphonic ringtones,Yes,Yes,Yes,,,,,,,No,Mini-SIM,,87 g (3.07 oz),"20 dialed, 20 received, 20 missed calls",Discontinued,No,,,GSM 900 / 1800 / 1900,WAP 2.0/xHTML,128 x 160 pixels (~114 ppi density),Up to 3 h 40 min,No,,,"2008, February. Released 2008",,GSM,Predictive text inputOrganizer,,Sagem,,https://fdn2.gsmarena.com/vv/bigpic/sagem-my312x.jpg,"1.8 inches, 10.2 cm2(~19.5% screen-to-body ratio)",Sagem my312x,,"SMS, MMS",Black,"TFT, 65K colors",Yes,Yes,109 x 48 x 11 mm (4.29 x 1.89 x 0.43 in),,Proprietary,No,No,No,,,Removable Li-Ion battery,,,"Yes, MIDP 2.0"
,No,,,Up to 450 h,Vibration; Polyphonic ringtones,Yes,No,Yes,,,,,,,No,Mini-SIM,,75 g (2.65 oz),"20 dialed, 20 received, 20 missed calls",Discontinued,No,,,GSM 900 / 1800,No,128 x 160 pixels (~114 ppi density),Up to 6 h,No,,,"2008, February. Released 2008",,GSM,Predictive text inputOrganizer,,Sagem,,https://fdn2.gsmarena.com/vv/bigpic/sagem-my231x.jpg,"1.8 inches, 10.2 cm2(~20.9% screen-to-body ratio)",Sagem my234x,,SMS,Black,"CSTN, 65K colors",Yes,No,106 x 46 x 12 mm (4.17 x 1.81 x 0.47 in),,Proprietary,No,No,FM radio,,,Removable Li-Ion battery,,,No
,No,,,Up to 450 h,Vibration; Polyphonic ringtones,Yes,Yes,Yes,,,,,,,No,Mini-SIM,,75 g (2.65 oz),"20 dialed, 20 received, 20 missed calls",Discontinued,No,,,GSM 900 / 1800,No,128 x 160 pixels (~114 ppi density),Up to 6 h,No,,,"2008, February. Released 2008",,GSM,Predictive text inputOrganizer,,Sagem,,https://fdn2.gsmarena.com/vv/bigpic/sagem-my231x.jpg,"1.8 inches, 10.2 cm2(~20.9% screen-to-body ratio)",Sagem my231x,,SMS,Black,"CSTN, 65K colors",Yes,No,106 x 46 x 12 mm (4.17 x 1.81 x 0.47 in),,Proprietary,No,No,No,,,Removable Li-Ion battery,,,No
,No,,,Up to 240 h,Vibration; Polyphonic ringtones,Yes,No,mySUDOKU,,,,,,,No,Mini-SIM,,65 g (2.29 oz),"20 dialed, 20 received, 20 missed calls",Discontinued,No,,,GSM 900 / 1800,No,128 x 160 pixels (~114 ppi density),Up to 3 h,No,,,"2008, February. Released 2008",,GSM,Predictive text inputOrganizer,,Sagem,,https://fdn2.gsmarena.com/vv/bigpic/sagem-my230x.jpg,"1.8 inches, 10.2 cm2(~20.9% screen-to-body ratio)",Sagem my230x,,SMS,,"CSTN, 65K colors",Yes,No,106 x 46 x 10 mm (4.17 x 1.81 x 0.39 in),,Proprietary,No,No,No,,,Removable Li-Ion battery,,,No
,No,,,Up to 240 h,,No,No,Yes,,,,,,,No,Mini-SIM,,65 g (2.29 oz),"20 dialed, 20 received, 20 missed calls",Discontinued,No,,,GSM 900 / 1800,No,"128 x 128 pixels, 1:1 ratio",Up to 3 h,No,,,"2008, February. Released 2008",,GSM,OrganizerPredictive text input,,Sagem,,https://fdn2.gsmarena.com/vv/bigpic/sagem-my226x.jpg,", 26 x 28 mm",Sagem my226x,,SMS,Black,"CSTN, 65K colors","Yes, up to 250 entries",No,103 x 46 x 11 mm (4.06 x 1.81 x 0.43 in),,Proprietary,No,No,No,,,Removable Li-Ion 670 mAh battery,,,No
,No,,,Up to 240 h,Vibration; Polyphonic(32) ringtones,Yes,No,Yes,,,,,About 60 EUR,,No,Mini-SIM,,65 g (2.29 oz),"20 dialed, 20 received, 20 missed calls",Discontinued,No,,,GSM 900 / 1800,No,"128 x 128 pixels, 1:1 ratio (~121 ppi density)",Up to 3 h,No,,,"2008, February",,GSM,Predictive text inputOrganizer,,Sagem,,https://fdn2.gsmarena.com/vv/bigpic/sagem-my220x.jpg,"1.5 inches, 7.3 cm2(~14.4% screen-to-body ratio)",Sagem my220x,,SMS,"Chrome, Bronze, Red","CSTN, 65K colors",Yes,No,107 x 47 x 10 mm (4.21 x 1.85 x 0.39 in),,Proprietary,No,No,No,,,Removable Li-Ion battery,,,No
,"Second external TFT, 256K colors display (96 x 64 pixels)",,VGA videocall camera,Up to 300 h,Vibration; Downloadable polyphonic ringtones,No,"2.0, A2DP",Yes,,,,,,,No,Mini-SIM,2 MP,115 g (4.06 oz),"20 dialed, 20 received, 20 missed calls",Discontinued,No,,,GSM 900 / 1800 / 1900,WAP 2.0/xHTML,"240 x 320 pixels, 4:3 ratio (~211 ppi density)",Up to 5 h,miniSD,,"Yes, 384 kbps","2007, March. Released 2008, February",,GSM / UMTS,Video telephony & streamingMP3/AAC playerPredictive text inputOrganizerVoice memo,,Sagem,,https://fdn2.gsmarena.com/vv/bigpic/sagem-my901c.gif,"1.9 inches, 11.2 cm2(~27.6% screen-to-body ratio)",Sagem my901C,,"SMS, EMS, MMS, Email","Black, Dark Blue, Dark Red","TFT, 256K colors",Yes,,90 x 45 x 23.5 mm (3.54 x 1.77 x 0.93 in),,Proprietary,,No,No,UMTS 2100,Yes,Removable Li-Ion battery,,,"Yes, MIDP 2.0"
,"Second external TFT, 256K colors display (96 x 64 pixels)",,VGA videocall camera,,Vibration; Downloadable polyphonic ringtones,No,Yes,Yes,,,,,,,No,Mini-SIM,2 MP,115 g (4.06 oz),"20 dialed, 20 received, 20 missed calls",Cancelled,No,,,GSM 900 / 1800 / 1900,WAP 2.0/xHTML,"240 x 320 pixels, 4:3 ratio",,miniSD,,"Yes, 384 kbps","2006, March",,GSM / UMTS,Video telephony & streamingMP3/AAC playerPredictive text inputOrganizerVoice memo,,Sagem,,https://fdn2.gsmarena.com/vv/bigpic/sagem-my900c.gif,,Sagem my900C,,"SMS, EMS, MMS, Email",,"TFT, 256K colors",Yes,,90 x 45 x 23.5 mm (3.54 x 1.77 x 0.93 in),,Proprietary,,No,No,UMTS 2100,Yes,Removable Li-Ion battery,,,"Yes, MIDP 2.0"
,Second external mono display (96 x 64 pixels),,VGA videocall camera,Up to 300 h,Vibration; Downloadable polyphonic ringtones,No,"2.0, A2DP",Yes,,,,,About 250 EUR,,No,Mini-SIM,2 MP,95 g (3.35 oz),"20 dialed, 20 received, 20 missed calls",Discontinued,No,,,GSM 900 / 1800 / 1900,WAP 2.0/xHTML,"240 x 320 pixels, 4:3 ratio (~200 ppi density)",Up to 3 h 30 min,microSD (dedicated slot),,"Yes, 384 kbps","2006, March",,GSM / UMTS,Video telephony & streamingMP3/AAC/AAC+/eAAC+ playerPredictive text inputOrganizerVoice memo,,Sagem,,https://fdn2.gsmarena.com/vv/bigpic/sagem-my850c.gif,"2.0 inches, 12.4 cm2(~26.3% screen-to-body ratio)",Sagem my850C,,"SMS, EMS, MMS, Email",Black,"TFT, 256K colors",Yes,,96 x 49 x 16 mm (3.78 x 1.93 x 0.63 in),64MB,1.0,,No,No,UMTS 2100,Yes,Removable Li-Ion battery,,,"Yes, MIDP 2.0"
,Video telephony & streamingMP3/AAC playerPredictive text inputOrganizerVoice memo,,VGA videocall camera,,Vibration; Downloadable polyphonic ringtones,No,Yes,2,,,,,About 190 EUR,,No,Mini-SIM,1.3 MP,99 g (3.49 oz),"20 dialed, 20 received, 20 missed calls",Discontinued,No,,,GSM 900 / 1800 / 1900,WAP 2.0/xHTML,176 x 220 pixels,,miniSD,,"Yes, 384 kbps","2006, March",,GSM / UMTS,,,Sagem,,https://fdn2.gsmarena.com/vv/bigpic/sagem-my800x.gif,,Sagem my800X,,"SMS, EMS, MMS, Email","Silver, Black","TFT, 256K colors",Yes,,110 x 47 x 16 mm (4.33 x 1.85 x 0.63 in),16MB,1.0,,No,No,UMTS 2100,Yes,Removable Li-Ion 1000 mAh battery,,,"Yes, MIDP 2.0"
,No,,,Up to 350 h,Vibration; Downloadable polyphonic ringtones,No,"1.2, A2DP",Yes,,,,MP3/AAC/AAC+/eAAC/Wave playerGraphic equalizerSyncMLPredictive text inputOrganizer,,,No,Mini-SIM,1.3 MP,95 g (3.35 oz),"20 dialed, 20 received, 20 missed calls",Discontinued,No,,,GSM 850 / 900 / 1800 / 1900,WAP 2.0/xHTML,176 x 220 pixels,Up to 5 h,miniSD,,,"2006, February",,GSM,3D sound,,Sagem,,https://fdn2.gsmarena.com/vv/bigpic/sagem-my700x.gif,,Sagem my700X,,"SMS, EMS, MMS, Email","Silver, Choco, White","TFT, 256K colors",Yes,Class 10,"106 x 46 x 15 mm, 73 cc (4.17 x 1.81 x 0.59 in)",32MB,Proprietary,Class 10,No,FM radio,,Yes,Removable Li-Ion battery,,,"Yes, MIDP 2.0"
,MP3/AAC playerPredictive text inputOrganizerVoice memo,,Videocall camera,Up to 350 h,"Vibration; Downloadable polyphonic, MP3 ringtones",No,Yes,Yes,,,,,,,No,Mini-SIM,VGA,99 g (3.49 oz),"20 dialed, 20 received, 20 missed calls",Discontinued,No,,,GSM 900 / 1800,WAP 2.0/xHTML,176 x 220 pixels (~157 ppi density),Up to 4 h,miniSD,,"Yes, 384 kbps","2006, September",,GSM / UMTS,,,Sagem,,https://fdn2.gsmarena.com/vv/bigpic/sagem-my600x.gif,"1.8 inches, 10.2 cm2(~19.3% screen-to-body ratio)",Sagem my600X,,"SMS, MMS, Email",White,"TFT, 256K colors",Yes,,110 x 48 x 16 mm (4.33 x 1.89 x 0.63 in),16MB,Proprietary,,No,No,UMTS 2100,Yes,Removable Li-Ion battery,,,"Yes, MIDP 2.0"
,Video telephonyMP3/AAC playerPredictive text inputOrganizerVoice memo,,CIF videocall camera,Up to 350 h,Vibration; Downloadable polyphonic ringtones,No,Yes,Yes,,,,,,,No,Mini-SIM,VGA,100 g (3.53 oz),"20 dialed, 20 received, 20 missed calls",Discontinued,No,,,GSM 900 / 1800,WAP 2.0/xHTML,176 x 220 pixels (~148 ppi density),Up to 2 h 40 min,miniSD,,"Yes, 384 kbps","2006, October",,GSM / UMTS,,,Sagem,,https://fdn2.gsmarena.com/vv/bigpic/sagem-my600v.gif,"1.9 inches, 11.4 cm2(~21.5% screen-to-body ratio)",Sagem my600V,,"SMS, MMS, Email",Black,"TFT, 256K colors",1000 entries,,110 x 48 x 16 mm (4.33 x 1.89 x 0.63 in),16MB,Proprietary,,No,No,UMTS 2100,Yes,Removable Li-Ion 1000 mAh battery,,,"Yes, MIDP 2.0"
,No,,,Up to 200 h,Vibration; Downloadable polyphonic ringtones,No,Yes,Yes,,,,,About 140 EUR,,No,Mini-SIM,1.3 MP,90 g (3.17 oz),"20 dialed, 20 received, 20 missed calls",Discontinued,No,,,GSM 900 / 1800 / 1900,WAP 2.0/xHTML,128 x 160 pixels (~108 ppi density),Up to 3 h,microSD (dedicated slot),,,"2007, September",,GSM,MP3/AAC playerPredictive text inputOrganizer,,Sagem,,https://fdn2.gsmarena.com/vv/bigpic/sagem-my511x.gif,"1.9 inches, 11.4 cm2(~23.1% screen-to-body ratio)",Sagem my511X,,"SMS, EMS,MMS","Black, Blue","TFT, 65K colors",Yes,Class 10,107 x 46 x 10 mm (4.21 x 1.81 x 0.39 in),32MB,miniUSB,No,No,No,,Yes,Removable Li-Ion battery,,,"Yes, MIDP 2.0"
,No,,,Up to 250 h,Vibration; Downloadable polyphonic ringtones,No,Yes,Yes,,,,,,,No,Mini-SIM,1.3 MP,90 g (3.17 oz),"20 dialed, 20 received, 20 missed calls",Discontinued,No,,,GSM 900 / 1800 / 1900,WAP 2.0/xHTML,176 x 220 pixels (~148 ppi density),Up to 3 h 30 min,miniSD,,,"2006, March",,GSM,MP3/AAC playerPredictive text inputOrganizer,,Sagem,,https://fdn2.gsmarena.com/vv/bigpic/sagem-my501x.gif,"1.9 inches, 11.4 cm2(~24.7% screen-to-body ratio)",Sagem my501X,,"SMS, EMS,MMS","Black, Silver, White","TFT, 256K colors",Yes,Class 10,100 x 46 x 16.5 mm (3.94 x 1.81 x 0.65 in),32MB,miniUSB,No,No,No,,Yes,Removable Li-Ion battery,,,"Yes, MIDP 2.0"
,"Second external OLED, 256 colors displayDownloadable wallpapers",,,Up to 250 h,"Vibration; Downloadable polyphonic, Hi-Fi ringtones",No,Yes,Yes,,,,MP3/AAC playerPredictive text inputCalculatorCurrency converterSyncML,About 140 EUR,,No,Mini-SIM,1.3 MP,99 g (3.49 oz),"20 received, dialed and missed calls",Discontinued,No,,,GSM 900 / 1800,WAP 1.2,128 x 160 pixels (~114 ppi density),Up to 3 h 30 min,microSD (dedicated slot),,,"2006, August",,GSM,No,,Sagem,,https://fdn2.gsmarena.com/vv/bigpic/sagem-my501c.gif,"1.8 inches, 10.2 cm2(~24.6% screen-to-body ratio)",Sagem my501C,,"SMS, MMS, Email","Silver, Red","CSTN, 65K colors",Yes,Yes,93 x 44.6 x 23.6 mm (3.66 x 1.76 x 0.93 in),32MB,Proprietary,No,No,No,,Yes,Removable Li-Ion battery,,,Yes
,No,,,Up to 350 h,Vibration; Downloadable polyphonic ringtones,No,No,Yes,,,,,,,No,Mini-SIM,1.3 MP,90 g (3.17 oz),"20 dialed, 20 received, 20 missed calls",Discontinued,No,,,GSM 900 / 1800 / 1900,WAP 2.0/xHTML,176 x 220 pixels,Up to 4 h,miniSD,,,"2006, March",,GSM,MP3/AAC playerPredictive text inputOrganizer,,Sagem,,https://fdn2.gsmarena.com/vv/bigpic/sagem-my500x.gif,,Sagem my500X,,"SMS, EMS,MMS",,"TFT, 256K colors",Yes,Class 10,100 x 46 x 16.5 mm (3.94 x 1.81 x 0.65 in),32MB,Proprietary,No,No,No,,Yes,Removable Li-Ion 850 mAh battery,,,"Yes, MIDP 2.0"
,Mirror effect on display and keypad,,,Up to 240 h,Vibration; Downloadable polyphonic ringtones,No,1.2,Yes,,,,MP3/AAC playerPredictive text inputOrganizer,About 110 EUR,,No,Mini-SIM,VGA,85 g (3.00 oz),"20 dialed, 20 received, 20 missed calls",Discontinued,No,,,GSM 900 / 1800 / 1900,WAP 2.0/xHTML,128 x 160 pixels,Up to 4 h,microSD (dedicated slot),,,"2007, May",,GSM,No,,Sagem,,https://fdn2.gsmarena.com/vv/bigpic/sagem-my411x.gif,,Sagem my411X,,"SMS, EMS, MMS",Black,"CSTN, 65K colors","12 fields, Photo call",Class 10,103.2 x 45.2 x 14.2 mm (4.06 x 1.78 x 0.56 in),,No,No,No,No,,Yes,Removable Li-Ion battery,,,"Yes, MIDP 2.0"
,No,,,Up to 300 h,Vibration; Downloadable polyphonic ringtones,No,No,2,,,,,,,No,Mini-SIM,VGA,90 g (3.17 oz),"20 dialed, 20 received, 20 missed calls",Discontinued,No,,,GSM 900 / 1800 / 1900,WAP 2.0/xHTML,128 x 160 pixels,Up to 3 h,No,,,"2006, March",,GSM,MP3 playerPredictive text inputCalculatorDiary assistantVoice memoCurrency converter,,Sagem,,https://fdn2.gsmarena.com/vv/bigpic/sagem-my405x.gif,,Sagem my405X,,"SMS, EMS, MMS","Silver, Black","TFT, 65K colors",Yes,Class 10,105 x 46 x 15.5 mm (4.13 x 1.81 x 0.61 in),64MB,miniUSB 1.1,No,No,No,,No,Removable Li-Ion battery,,,"Yes, MIDP 2.0"
,200 SMS messages,,,Up to 300 h,Vibration; Downloadable polyphonic ringtones,No,1.2,Yes,,,,MP3/AAC playerPredictive text inputOrganizer,,,No,Mini-SIM,VGA,85 g (3.00 oz),"20 dialed, 20 received, 20 missed calls",Discontinued,No,Yes,,GSM 900 / 1800 / 1900,WAP 2.0/xHTML,128 x 160 pixels,Up to 4 h,No,,,"2006, Q1",,GSM,No,,Sagem,,https://fdn2.gsmarena.com/vv/bigpic/sagem-my401x.gif,,Sagem my401X,,"SMS, EMS, MMS",Silver,"CSTN, 65K colors","12 fields, Photo call",Class 10,105 x 46 x 14 mm (4.13 x 1.81 x 0.55 in),3.2MB,No,No,No,No,,Yes,Removable Li-Ion battery,,,"Yes, MIDP 2.0"
,No,,,Up to 240 h,Vibration; Downloadable polyphonic ringtones,No,1.2,Yes,,,,,,,No,Mini-SIM,VGA,90 g (3.17 oz),"20 dialed, 20 received, 20 missed calls",Discontinued,No,,,GSM 900 / 1800 / 1900,WAP 2.0/xHTML,128 x 160 pixels,Up to 3 h 30 min,microSD (dedicated slot),,,"2007, July",,GSM,MP3/AAC playerPredictive text inputOrganizer,,Sagem,,https://fdn2.gsmarena.com/vv/bigpic/sagem-my401z.gif,,Sagem my401Z,,"SMS, EMS, MMS",Silver,"CSTN, 65K colors","12 fields, Photo call",Class 10,90 x 46 x 21 mm (3.54 x 1.81 x 0.83 in),37MB,No,No,No,No,,Yes,Removable Li-Ion battery,,,"Yes, MIDP 2.0"
,No,,,Up to 250 h,"Vibration; Downloadable polyphonic, MP3 ringtones",No,1.2,Yes,,,,,About 120 EUR,,No,Mini-SIM,VGA,82 g (2.89 oz),"20 dialed, 20 received, 20 missed calls",Discontinued,No,,,GSM 900 / 1800 / 1900,WAP 2.0/xHTML,128 x 160 pixels,Up to 3 h 30 min,microSD (dedicated slot),,,"2007, March",,GSM,MP3/AAC playerPredictive text inputOrganizer,,Sagem,,https://fdn2.gsmarena.com/vv/bigpic/sagem-my401c.gif,,Sagem my401C,,"SMS, EMS, MMS","Silver, Red, Blue/White, Red/White","CSTN, 65K colors","12 fields, Photo call",Class 10,86 x 43.3 x 18.5 mm (3.39 x 1.70 x 0.73 in),,miniUSB 1.1,No,No,No,,Yes,Removable Li-Ion battery,,,"Yes, MIDP 2.0"
,No,,,Up to 350 h,Vibration; Downloadable polyphonic ringtones,No,No,Yes,,,,,,,No,Mini-SIM,VGA,85 g (3.00 oz),"20 dialed, 20 received, 20 missed calls",Cancelled,No,Yes,,GSM 900 / 1800,WAP 2.0/xHTML,128 x 160 pixels,Up to 4 h,No,,,"2007, February",,GSM,Predictive text inputOrganizer,,Sagem,,https://fdn2.gsmarena.com/vv/bigpic/sagem-my400v.gif,,Sagem my400V,,"SMS, EMS, MMS",,"CSTN, 65K colors","12 fields, Photo call",Class 10,105 x 46 x 14 mm (4.13 x 1.81 x 0.55 in),,No,No,No,No,,Yes,Removable Li-Ion 850 mAh battery,,,"Yes, MIDP 2.0"
,200 SMS messages,,,Up to 350 h,Vibration; Downloadable polyphonic ringtones,No,No,Yes,,,,Predictive text inputOrganizer,,,No,Mini-SIM,VGA,85 g (3.00 oz),"20 dialed, 20 received, 20 missed calls",Discontinued,No,Yes,,GSM 900 / 1800,WAP 2.0/xHTML,128 x 160 pixels,Up to 4 h,No,,,"2006, Q1",,GSM,No,,Sagem,,https://fdn2.gsmarena.com/vv/bigpic/sagem-my400x.gif,,Sagem my400X,,"SMS, EMS, MMS",Silver,"CSTN, 65K colors","12 fields, Photo call",Class 10,105 x 46 x 14 mm (4.13 x 1.81 x 0.55 in),3.2MB,No,No,No,No,,Yes,Removable Li-Ion 850 mAh battery,,,"Yes, MIDP 2.0"
,"Dust, shock and splash resistant",,,Up to 350 h,Vibration; Downloadable polyphonic ringtones,No,1.2,Yes,,,,OrganizerSyncMLPredictive text input,,,No,Mini-SIM,,88 g (3.10 oz),"20 dialed, 20 received, 20 missed calls",Discontinued,No,Yes,,GSM 900 / 1800 / 1900,WAP 2.0/xHTML,"128 x 128 pixels, 1:1 ratio (~106 ppi density)",Up to 4 h,No,,,"2005, Q4",,GSM,No,,Sagem,,https://fdn2.gsmarena.com/vv/bigpic/sagem-my302x.gif,"1.7 inches, 9.3 cm2(~19.3% screen-to-body ratio)",Sagem my302X,,"SMS, EMS,MMS",Silver,"CSTN, 65K colors",Yes,Class 10,105 x 46 x 14 mm (4.13 x 1.81 x 0.55 in),3.2MB,,No,No,No,,,Removable Li-Ion battery,,,"Yes, MIDP 2.0"
,No,,,Up to 350 h,Vibration; Downloadable polyphonic ringtones,No,1.2,Yes,,,,,,,No,Mini-SIM,,88 g (3.10 oz),"20 dialed, 20 received, 20 missed calls",Discontinued,No,Yes,,GSM 900 / 1800 / 1900,WAP 2.0/xHTML,"128 x 128 pixels, 1:1 ratio (~106 ppi density)",Up to 4 h,No,,,"2005, Q4",,GSM,Predictive text inputOrganizerSyncML,,Sagem,,https://fdn2.gsmarena.com/vv/bigpic/sagem-my301x.gif,"1.7 inches, 9.3 cm2(~19.3% screen-to-body ratio)",Sagem my301X,,"SMS, EMS,MMS",,"CSTN, 65K colors",Yes,Class 10,105 x 46 x 14 mm (4.13 x 1.81 x 0.55 in),3.2MB,,No,No,No,,,Removable Li-Ion battery,,,"Yes, MIDP 2.0"
,No,,,Up to 350 h,Vibration; Downloadable polyphonic ringtones,No,No,Yes,,,,,,,No,Mini-SIM,,88 g (3.10 oz),"20 dialed, 20 received, 20 missed calls",Discontinued,No,Yes,,GSM 900 / 1800,WAP 2.0/xHTML,"128 x 128 pixels, 1:1 ratio (~106 ppi density)",Up to 4 h,No,,,"2005, Q4",,GSM,Predictive text inputOrganizerSyncML,,Sagem,,https://fdn2.gsmarena.com/vv/bigpic/sagem-my300x.gif,"1.7 inches, 9.3 cm2(~19.3% screen-to-body ratio)",Sagem my300X,,"SMS, EMS,MMS","Blue, Silver, Red","CSTN, 65K colors",Yes,Class 10,105 x 46 x 14 mm (4.13 x 1.81 x 0.55 in),3.2MB,,No,No,No,,,Removable Li-Ion 850 mAh battery,,,"Yes, MIDP 2.0"
,No,,,,Vibration; Downloadable polyphonic ringtones,Yes,No,mySudoku,1.25 W/kg (head),,,,About 80 EUR,,No,Mini-SIM,VGA,79 g (2.79 oz),"20 dialed, 20 received, 20 missed calls",Discontinued,No,,,GSM 900 / 1800,WAP 2.0/xHTML,"128 x 128 pixels, 1:1 ratio",,No,,,"2007, March",,GSM,Predictive text inputOrganizer,,Sagem,,https://fdn2.gsmarena.com/vv/bigpic/sagem-my300c.gif,,Sagem my300C,,"SMS, MMS","Black, Silver, Red","CSTN, 65K colors","Yes, Photo call",Class 10,79.2 x 43.5 x 21.7 mm (3.12 x 1.71 x 0.85 in),3MB,Proprietary,No,No,No,,No,Removable Li-Ion battery,,,"Yes, MIDP 2.0"
,No,,,Up to 255 h,"Vibration; Polyphonic(32) ringtones, composer",No,No,2 embedded,,,,,About 80 EUR,,No,Mini-SIM,,69 g (2.43 oz),"20 dialed, 20 received, 20 missed calls",Discontinued,No,,,GSM 900 / 1800,No,"128 x 128 pixels, 1:1 ratio",Up to 3 h 50 min,No,,,"2007, January",,GSM,MP3/iMelody/Midi/AAC playerPredictive text inputOrganizer,,Sagem,,https://fdn2.gsmarena.com/vv/bigpic/sagem-my215x.gif,,Sagem my215x,,SMS,,"CSTN, 65K colors",Yes,No,103 x 44.5 x 15 mm (4.06 x 1.75 x 0.59 in),256MB,Proprietary,No,No,No,,,Removable Li-Ion 680 mAh battery,,,No
,No,,,Up to 255 h,"Vibration; Polyphonic(32) ringtones, composer",No,No,2 embedded,,,,,,,No,Mini-SIM,,69 g (2.43 oz),"20 dialed, 20 received, 20 missed calls",Discontinued,No,,,GSM 900 / 1800,No,"128 x 128 pixels, 1:1 ratio",Up to 3 h 50 min,No,,,"2007, October. Released 2007, October",,GSM,Predictive text inputOrganizer,,Sagem,,https://fdn2.gsmarena.com/vv/bigpic/sagem-my210x.jpg,,Sagem my210x,,SMS,"Black, Blue, White, Green","CSTN, 65K colors",Yes,No,103 x 44.5 x 15.4 mm (4.06 x 1.75 x 0.61 in),,miniUSB,No,No,No,,,Removable Li-Ion battery,,,No
,240 KB shared memory (my201x)470B shared memory (my202x),,,Up to 255h,"Vibration; Polyphonic(8) ringtones, composer",Yes,No,1 embedded,,,,Predictive text inputOrganizer,,,No,Mini-SIM,,76 g (2.68 oz),"20 dialed, 20 received, 20 missed calls",Discontinued,No,,,GSM 900 / 1800,WAP 1.2  (my201x only),101 x 80 pixels,Up to 3 h 50 min,No,,,"2006, February",,GSM,No,,Sagem,,https://fdn2.gsmarena.com/vv/bigpic/sagem-my200x.gif,,Sagem my200x,,"SMS, EMS(my201x only),MMS(my202x only)",,"CSTN, 4096 colors",250 entries,Yes (my202x only),104 x 43 x 15.5 mm (4.09 x 1.69 x 0.61 in),,No,No,No,No,,,Removable Li-Ion battery,,,No
,No,,,Up to 240 h,Vibration; Downloadable polyphonic ringtones,No,No,mySudoku,1.10 W/kg (head),,,,About 70 EUR,,No,Mini-SIM,,85 g (3.00 oz),"20 dialed, 10 received, 10 missed calls",Discontinued,No,,,GSM 900 / 1800,Yes,"128 x 128 pixels, 1:1 ratio",Up to 4 h,No,,,"2007, February",,GSM,Predictive text inputOrganizer,,Sagem,,https://fdn2.gsmarena.com/vv/bigpic/sagem-my200c.gif,,Sagem my200C,,"SMS, EMS, MMS","Black, Red, Silver, White & Pink","CSTN, 65K colors","100 numbers, 15 groups",Yes,74 x 42 x 21 mm (2.91 x 1.65 x 0.83 in),240 KB,,No,No,No,,,Removable Li-Ion 680 mAh battery,,,No
,Blue glow backlight,,,Up to 240 h,"Vibration; Polyphonic(8) ringtones, composer",Yes,No,1 embedded,,,,Predictive text inputOrganizer,About 60 EUR,,No,Mini-SIM,,65 g (2.29 oz),20 redail list,Discontinued,No,,,GSM 900 / 1800,No,101 x 64 pixels (~66 ppi density),Up to 3 h,No,,,"2006, February",,GSM,No,,Sagem,,https://fdn2.gsmarena.com/vv/bigpic/sagem-my150x.jpg,"1.8 inches, 9.5 cm2(~18.8% screen-to-body ratio)",Sagem my150X,,SMS,"Silver/Black, Pink/Black",Monochrome graphics,100 entries,No,107 x 47 x 10 mm (4.21 x 1.85 x 0.39 in),,No,No,No,No,,,Removable Li-Ion battery,,,No
,Backlight keypad amber(my101X) and green (my100X),,,Up to 255 h,"Vibration; Polyphonic(8) ringtones, composer",Yes,No,1 embedded,,,,Predictive text inputOrganizer,,,No,Mini-SIM,,76 g (2.68 oz),20 redail list,Discontinued,No,,,GSM 900 / 1800,No,101 x 64 pixels,Up to 3 h 50 min,No,,,"2006, February",,GSM,No,,Sagem,,https://fdn2.gsmarena.com/vv/bigpic/sagem-my101x.jpg,,Sagem my101X,,SMS,"Black, White",Monochrome graphics,100 entries,No,104.2 x 42.6 x 15.3 mm (4.10 x 1.68 x 0.60 in),,No,No,No,No,,,Removable Li-Ion battery,,,No
,Backlight keypad amber(my101X) and green (my100X),,,Up to 255h,"Vibration; Polyphonic(8) ringtones, composer",Yes,No,1 embedded,,,,Predictive text inputOrganizer,,,No,Mini-SIM,,76 g (2.68 oz),20 redail list,Discontinued,No,,,GSM 900 / 1800,No,101 x 64 pixels,Up to 3 h 50 min,No,,,"2006, February",,GSM,No,,Sagem,,https://fdn2.gsmarena.com/vv/bigpic/sagem-my100x.gif,,Sagem my100X,,SMS,,Monochrome graphics,100 entries,No,104 x 42 x 15.5 mm (4.09 x 1.65 x 0.61 in),,No,No,No,No,,,Removable Li-Ion 720 mAh battery,,,No
,No,,,Up to 166 h,Vibration; Polyphonic(16) ringtones,Yes,No,No,,,,,,,No,Mini-SIM,,90 g (3.17 oz),"20 received, dialed and missed calls",Discontinued,No,,,GSM 900 / 1800 / 1900,WAP,128 x 160 pixels (~121 ppi density),Up to 4 h,No,,,"2005, June",,GSM,Predictive text inputReminder,,Sagem,,https://fdn2.gsmarena.com/vv/bigpic/sagem-vs4.gif,"1.7 inches, 27.3 x 32.6 mm, 9.1 cm2(~17.5% screen-to-body ratio)",Sagem VS4,,SMS,Silver,"CSTN, 65K colors",1000 entries,Class 8,111 x 46.8 x 14.7 mm (4.37 x 1.84 x 0.58 in),4MB,Proprietary,No,No,No,,,Removable Li-Ion 850 mAh battery,,,No
,Second external STN mono display (96 x 55 pixels),,,Up to 240 h,Vibration; Polyphonic(16) ringtones,Yes,No,No,,,,Predictive text inputReminder,,,No,Mini-SIM,,76 g (2.68 oz),"20 received, dialed and missed calls",Discontinued,No,,,GSM 900 / 1800,WAP,128 x 160 pixels,Up to 4 h,No,,,"2005, Q4",,GSM,No,,Sagem,,https://fdn2.gsmarena.com/vv/bigpic/sagem-vs3.gif,,Sagem VS3,,"SMS, MMS",Silver,"CSTN, 65K colors",1000 entries,Class 8,85 x 42 x 23 mm (3.35 x 1.65 x 0.91 in),4MB,Proprietary,No,No,No,,,Removable Li-Ion 730 mAh battery,,,No
,No,,,Up to 300 h,Vibration; Polyphonic(16) ringtones,Yes,No,No,,,,,,,No,Mini-SIM,,125 g (4.41 oz),"20 received, dialed and missed calls",Discontinued,No,,,GSM 900 / 1800 / 1900,,128 x 160 pixels,Up to 4 h,No,,,"2005, Q2",,GSM,Predictive text inputRemainder,,Sagem,,https://fdn2.gsmarena.com/vv/bigpic/sagem-vs2.gif,,Sagem VS2,,"SMS, MMS",Black,"TFT, 65K colors",1000 entries,Class 8,118.7 x 47.5 x 20.3 mm (4.67 x 1.87 x 0.80 in),4MB,Proprietary,No,No,No,,,Removable Li-Ion 920 mAh battery,,,No
,No,,,Up to 300 h,Vibration; Polyphonic(16) ringtones,Yes,No,No,,,,,,,No,Mini-SIM,,125 g (4.41 oz),"20 received, dialed and missed calls",Discontinued,No,,,GSM 900 / 1800 / 1900,,128 x 160 pixels,Up to 4 h,No,,,"2005, Q2",,GSM,Predictive text inputRemainder,,Sagem,,https://fdn2.gsmarena.com/vv/bigpic/sagem-vs1.gif,,Sagem VS1,,"SMS, MMS",Silver,65K colors,1000 entries,Class 8,123.5 x 52.5 x 24.8 mm (4.86 x 2.07 x 0.98 in),4MB,Proprietary,No,No,No,,,Removable Li-Ion 920 mAh battery,,,No
,MP3 playerPredictive text inputCalculatorPhoto editor,,VGA videocall camera,Up to 300 h,Vibration; Downloadable polyphonic ringtones,No,Yes,Yes + downloadable,,,,,,,No,Mini-SIM,1.3 MP,120 g (4.23 oz),"20 dialed, 20 received, 20 missed calls",Discontinued,No,Yes,,GSM 900 / 1800 / 1900,WAP 2.0/xHTML,176 x 220 pixels,Up to 4 h,microSD (dedicated slot),,"Yes, 384 kbps","2005, Q4",,GSM / UMTS,,,Sagem,,https://fdn2.gsmarena.com/vv/bigpic/sagem-myv85.gif,,Sagem MY V-85,,"SMS, EMS, MMS, EMail",Graphite,"TFT, 256K colors","Yes, Photocall",,112 x 20 x 46 mm (4.41 x 0.79 x 1.81 in),8MB,Proprietary,,No,No,UMTS 2100,QCIF,Removable Li-Ion battery,,,"Yes, MIDP 2.0"
LED flash,No,,,Up to 350 h,Vibration; Downloadable polyphonic ringtones,No,1.2,Yes + downloadable,,,,,,,No,Mini-SIM,1.3 MP,104 g (3.67 oz),"20 dialed, 20 received, 20 missed calls",Discontinued,No,Yes,,GSM 900 / 1800 / 1900,WAP 2.0/xHTML,176 x 220 pixels,Up to 4 h,microSD (dedicated slot),,,"2005, July",,GSM,MP3 playerCalculatorPhoto editorVoice memoPredictive text input,,Sagem,,https://fdn2.gsmarena.com/vv/bigpic/sagem-myv76.gif,,Sagem MY V-76,,"SMS, EMS, MMS",Silver,"TFT, 256K colors","Yes, Photocall",Class 10,110 x 19 x 47 mm (4.33 x 0.75 x 1.85 in),8MB,,No,No,No,,Yes,Removable Li-Ion 920 mAh battery,,,"Yes, MIDP 2.0"
,Animated screensaversColor backgroundsDownloadable logos,,,Up to 370 h,"Vibration; Downloadable polyphonic, Hi-Fi ringtones",Yes,No,Yes + downloadable,,,,Predictive text inputOrganizerVoice dial/memoExchangeable cover,,,No,Mini-SIM,VGA,97 g (3.42 oz),"20 dialed, 20 received, 20 missed calls",Discontinued,No,Yes,,GSM 900 / 1800 / 1900,WAP 2.0/xHTML,128 x 160 pixels,Up to 4 h 50 min,No,,,"2004, Q4",,GSM,No,,Sagem,,https://fdn2.gsmarena.com/vv/bigpic/sagem-myv56.gif,,Sagem MY V-56,,"SMS, MMS",Silver,"CSTN, 65K colors","In shared memory, Photo call",Class 10,106 x 19 x 46 mm (4.17 x 0.75 x 1.81 in),4MB,,No,No,No,,No,Removable Li-Ion 920 mAh battery,,,Yes
,Video telephony & streamingMP3/AAC playerPredictive text inputOrganizerVoice memo,,VGA videocall camera,Up to 300 h,Vibration; Downloadable polyphonic ringtones,Yes,Yes,Yes + downloadable,,,,,,,No,Mini-SIM,1.3 MP,119 g (3.84 oz),"20 dialed, 20 received, 20 missed calls",Discontinued,No,Yes,,GSM 900 / 1800 / 1900,WAP 2.0/xHTML,176 x 220 pixels,Up to 4 h,microSD (dedicated slot),,"Yes, 384 kbps","2006, February",,GSM / UMTS,,,Sagem,,https://fdn2.gsmarena.com/vv/bigpic/sagem-myw7.gif,,Sagem myW-7,,"SMS, EMS, MMS, Email",Silver,"TFT, 256K colors",Yes,,"112 x 46 x 20 mm, 93 cc (4.41 x 1.81 x 0.79 in)",6MB,Proprietary,,No,No,UMTS 2100,Yes,Removable Li-Ion 1100 mAh battery,,,"Yes, MIDP 2.0"
,No,,,Up to 350 h,Vibration; Downloadable polyphonic ringtones,Yes,No,Yes,,,,,,,No,Mini-SIM,1.3 MP,125 g (4.41 oz),"20 dialed, 20 received, 20 missed calls",Discontinued,No,Yes,,GSM 900 / 1800 / 1900,WAP 2.0/xHTML,"240 x 320 pixels, 4:3 ratio",Up to 5 h,microSD (dedicated slot),,,"2006, February",,GSM,DVB-H TV receiverMP3 playerPredictive text inputOrganizerVoice memo,,Sagem,,https://fdn2.gsmarena.com/vv/bigpic/sagem-mymobiletv.gif,,Sagem myMobileTV,,"SMS, EMS, MMS, EMail, Instant Messaging",Black,"TFT, 256K colors",Yes,Class 10,"115 x 47 x 20.8 mm, 107 cc (4.53 x 1.85 x 0.82 in)",40MB,Proprietary (optional),No,No,No,,Yes,Removable Li-Ion battery,,,"Yes, MIDP 2.0"
,Downloadable wallpapers,,,Up to 240 h,"Vibration; Downloadable polyphonic, Hi-Fi ringtones",Yes,No,,,,,No,,Predictive text inputCalculatorCurrency converter,No,Mini-SIM,,75 g (2.65 oz),"20 received, dialed and missed calls",Discontinued,No,,,GSM 900 / 1800,WAP 1.2,"101 x 80 pixels, 6 lines",Up to 3 h,No,,,"2005, Q4",,GSM,Message templates,,Sagem,,https://fdn2.gsmarena.com/vv/bigpic/sagem-myc2-3.gif,,Sagem MY C2-3,,"SMS, EMS, MMS",,"CSTN, 4096 colors","255 entries, contact groups",Class 10,"73 x 42 x 21 mm, 70 cc (2.87 x 1.65 x 0.83 in)",240 KB,,No,No,No,,,Removable Li-Ion 700 mAh battery,,,No
,Screensavers and wallpapersDownloadable logos and applications,,,Up to 240 h,"Vibration; Downloadable polyphonic, MP3 ringtones",Yes,No,2,,,,Predictive text inputOrganizer,,,No,Mini-SIM,VGA,85 g (3.00 oz),"20 dialed, 20 received, 20 missed calls",Discontinued,No,,,GSM 900 / 1800 / 1900,WAP 2.0/xHTML,128 x 160 pixels,Up to 3 h,No,,,"2006, February",,GSM,No,,Sagem,,https://fdn2.gsmarena.com/vv/bigpic/sagem-myz5.gif,,Sagem myZ-5,,"SMS, EMS, MMS",,"TFT, 65K colors",Yes,Class 10,85 x 42 x 23 mm (3.35 x 1.65 x 0.91 in),3.7MB,Proprietary,No,No,No,,Yes,Removable Li-Ion battery,,,"Yes, MIDP 2.0"
,Second external display B/W (96 x 64 pixels),,,Up to 240 h,"Vibration; Downloadable polyphonic, MP3 ringtones",No,No,Yes  + downloadable,,,,No,About 110 EUR,Predictive text inputOrganizerPhoto editor,No,Mini-SIM,VGA,85 g (3.00 oz),"20 dialed, 10 received, 10 missed calls",Discontinued,No,,,GSM 900 / 1800,WAP 2.0/xHTML,128 x 160 pixels,Up to 3 h,No,,,"2006, October",,GSM,100 short messages,,Sagem,,https://fdn2.gsmarena.com/vv/bigpic/sagem-myc5-3.gif,,Sagem MY C5-3,,"SMS, EMS, MMS",,"CSTN, 65K colors","500 x 10 fields, Photo call, 15 groups",Yes,82 x 43 x 23 mm (3.23 x 1.69 x 0.91 in),3MB,,No,No,No,,Yes,Removable Li-Ion 700 mAh battery,,,"Yes, MIDP 2.0"
,Second external display (96 x 64 pixels)Downloadable wallpapers,,,Up to 240 h,Vibration; Downloadable polyphonic ringtones,Yes,No,Yes,,,,Predictive text inputOrganizer,,,No,Mini-SIM,,75 g (2.65 oz),"20 received, dialed and missed calls",Discontinued,No,,,GSM 900 / 1800,WAP 1.2,"128  x 128 pixels, 6 lines, 1:1 ratio",Up to 3 h,No,,,"2005, Q1",,GSM,No,,Sagem,,https://fdn2.gsmarena.com/vv/bigpic/samyc3-2.gif,,Sagem MY C3-2,,"SMS, EMS, MMS",,"CSTN, 65K colors",Yes,Yes,"77 x 41 x 22 mm, 70 cc (3.03 x 1.61 x 0.87 in)",,,No,No,No,,,Removable Li-Ion 650 mAh battery,,,"Yes, MIDP 2.0 (MY C3-2j only)"
,Screensavers and wallpapersDownloadable logos and applications,,,Up to 300 h,Vibration; Downloadable polyphonic ringtones,No,No,2,,,,Predictive text inputOrganizer,,,No,Mini-SIM,VGA,85 g (3.00 oz),"20 dialed, 20 received, 20 missed calls",Discontinued,No,,,GSM 900 / 1800,WAP 2.0/xHTML,128 x 160 pixels,Up to 3 h,No,,,"2005, Q1",,GSM,No,,Sagem,,https://fdn2.gsmarena.com/vv/bigpic/sagem-myz55.gif,,Sagem MY Z-55,,"SMS, EMS, MMS",,"CSTN, 65K colors",Yes,Class 10,81 x 41 x 24 mm (3.19 x 1.61 x 0.94 in),3.7MB,Proprietary,No,No,No,,No,Removable Li-Ion battery,,,Yes
,Screensavers and wallpapersDownloadable logos,,,Up to 350 h,"Vibration; Downloadable polyphonic, MP3 ringtones",Yes,1.2,Yes + downloadable,,,,MP3/AAC playerPredictive text inputCalculatorPhoto editorVoice memo,,,No,Mini-SIM,1.3 MP,104 g (3.67 oz),"20 dialed, 10 received, 10 missed calls",Discontinued,No,Yes,,GSM 900 / 1800 / 1900,WAP 2.0/xHTML,176 x 220 pixels (~141 ppi density),Up to 4 h,microSD (dedicated slot),,,"2005, Q1",,GSM,No,,Sagem,,https://fdn2.gsmarena.com/vv/bigpic/sagem-myx6-2.gif,"2.0 inches, 31 x 39 mm, 12.6 cm2(~24.3% screen-to-body ratio)",Sagem MY X6-2,,"SMS, EMS, MMS",,"TFT, 256K colors",1500,Class 10,110 x 47 x 19 mm (4.33 x 1.85 x 0.75 in),10MB,,No,No,No,,Yes,Removable Li-Ion 760 mAh battery,,,"Yes, MIDP 2.0"
,Downloadable screensavers,,,Up to 200 h,Vibration; Downloadable polyphonic ringtones,Yes,No,1 embedded,,,,No,,Predictive text inputCalculatorCurrency converterChangeable covers,No,Mini-SIM,,88 g (3.10 oz),"10 dialed, 10 received, 10 missed calls",Discontinued,No,,,GSM 900 / 1800,WAP 1.2.1,101 x 80 pixels,Up to 3 h 20 min,No,,,"2005, Q1",,GSM,myX2-2m: up to 470 KBmyX2-2: up to 240 KB,,Sagem,,https://fdn2.gsmarena.com/vv/bigpic/samyx2-2.gif,,Sagem MY X2-2,,"SMS, EMS, MMS (myX2-2m only)",,4096 colors,500 x 10 fields,Yes (myX2-2m only),105.6 x 46 x 20 mm (4.16 x 1.81 x 0.79 in),,,No,No,No,,,Removable Li-Ion 680 mAh battery,,,No
,GSM 850 / 1900 - US version,,,Up to 240 h,"Vibration; Polyphonic(16) ringtones, composer",Yes,No,Yes,,,,No,,Exchangeable covers,No,Mini-SIM,,93 g (3.28 oz),"10 dialed, 10 received, 10 missed calls",Discontinued,No,,,GSM 900 / 1800,WAP 1.2.1 (myX1-2w only),"96 x 64 pixels, 3:2 ratio",Up to 3 h,No,,,"2005, Q1",,GSM,Downloadable wallpapers,,Sagem,,https://fdn2.gsmarena.com/vv/bigpic/samyx1-2.gif,,Sagem MY X1-2,,"SMS, EMS(myX1-2w only)",,Monochrome graphics,100 entries,Class 8,106 x 47 x 21 mm (4.17 x 1.85 x 0.83 in),,,No,No,No,,,Removable Li-Ion battery,,,No
,Second external display B/W (96 x 64 pixels),,,Up to 240 h,Vibration; Downloadable polyphonic ringtones,No,No,"Siberian Strike, Gulo's Tale  + downloadable",,,,No,,Predictive text inputOrganizerPhoto editor,No,Mini-SIM,VGA,80 g (2.82 oz),"20 dialed, 10 received, 10 missed calls",Discontinued,No,,,GSM 900 / 1800,WAP 1.2.1,128 x 160 pixels,Up to  3 h,No,,,"2004, Q4",,GSM,100 short messages,,Sagem,,https://fdn2.gsmarena.com/vv/bigpic/samyc5-2.gif,,Sagem MY C5-2,,"SMS, EMS, MMS",,"CSTN, 65K colors","500 x 10 fields, Photo call, 15 groups",Yes,82 x 43 x 23 mm (3.23 x 1.69 x 0.91 in),3.7MB,,No,No,No,,No,Removable Li-Ion 670 mAh battery,,,"Yes, MIDP 2.0"
LED flash,Animated screensaversColor backgrounds,,,Up to 350 h,"Vibration; Downloadable polyphonic, MP3, Hi-Fi ringtones",Yes,1.2,Yes,,,,Video/MP3 playerPredictive text inputOrganizer,,,No,Mini-SIM,1.3 MP,125 g (4.41 oz),"20 dialed, 10 received, 10 missed calls",Discontinued,No,Yes,,GSM 900 / 1800 / 1900,WAP 2.0/xHTML,"240 x 320 pixels, 4:3 ratio (~182 ppi density)",Up to 5 h,miniSD,,,"2004, Q3",,GSM,No,,Sagem,,https://fdn2.gsmarena.com/vv/bigpic/samyx8.gif,"2.2 inches, 34 x 45 mm, 15.0 cm2(~27.7% screen-to-body ratio)",Sagem MY X-8,,"SMS, EMS, MMS",,"TFT, 256K colors","300 entries, Photo call",Class 10,115 x 47 x 20.8 mm (4.53 x 1.85 x 0.82 in),40MB,Proprietary,No,No,No,,Yes,Removable Li-Ion battery,,,"Yes, MIDP 2.0"
,5-way navi keyDownloadable pictures,,,Up to 340 h,Vibration; Downloadable polyphonic ringtones,Yes,No,2 + downloadable,,,,Predictive text inputVideo/media playerOrganizerExchangeable covers,,,No,Mini-SIM,,95 g (3.35 oz),"20 dialed, 10 received, 10 missed calls",Discontinued,No,,,GSM 900 / 1800,WAP,"120 x 160 pixels, 4:3 ratio",Up to 4 h,No,,,"2004, Q3",,GSM,No,,Sagem,,https://fdn2.gsmarena.com/vv/bigpic/samyx4.gif,,Sagem MY X-4,,"SMS, MMS, Instant Messaging",,"TFT, 65K colors","500 x 10 fields, 15 groups, Photo call",Class 10,104 x 46 x 18 mm (4.09 x 1.81 x 0.71 in),3.5MB,Proprietary,No,No,No,,,Removable Li-Ion battery,,,"Yes, MIDP 2.0"
LED flash,Second external display B/W (96 x 64 pixels)WallpapersDownloadable pictures,,,Up to 240 h,"Vibration; Downloadable polyphonic, Hi-Fi ringtones",No,No,Yes,,,,Predictive text inputOrganizerVoice memo,,,No,Mini-SIM,VGA,75 g (2.65 oz),"20 dialed, 10 received, 10 missed calls",Discontinued,No,,,GSM 900 / 1800,WAP 2.0/xHTML,"128 x 128 pixels, 1:1 ratio",Up to 3 h,No,,,"2004, Q4",,GSM,No,,Sagem,,https://fdn2.gsmarena.com/vv/bigpic/sagem-myc4-2.gif,,Sagem MY C4-2,,"SMS, EMS, MMS","Silver , Black","CSTN, 65K colors",Yes,Class 8,77 x 42 x 23 mm (3.03 x 1.65 x 0.91 in),,,No,No,No,,No,Removable Li-Ion 650 mAh battery,,,"Yes, MIDP 2.0"
,WallpapersDownloadable pictures,,,Up to 240 h,"Vibration; Downloadable polyphonic, Hi-Fi ringtones",No,No,2,,,,Predictive text inputOrganizerVoice memo,,,No,Mini-SIM,,92 g (3.25 oz),"20 dialed, 10 received, 10 missed calls",Discontinued,No,,,GSM 900 / 1800,WAP 1.2.1,"128 x 128 pixels, 1:1 ratio",Up to 4 h,No,,,"2004, Q3",,GSM,No,,Sagem,,https://fdn2.gsmarena.com/vv/bigpic/samyc4.gif,,Sagem MY C-4,,"SMS, EMS, MMS",Wine red,"CSTN, 65K colors",In shared memory,Class 10,90 x 44.5 x 23 mm (3.54 x 1.75 x 0.91 in),4.7MB,,No,No,No,,,Removable Li-Ion 630 mAh battery,,,"Yes, MIDP 2.0"
,Animated screensaversColor backgroundsDownloadable logos,Intel PXA 262 200 MHz,,Up to 100 h,"Vibration; Downloadable polyphonic, MP3, Hi-Fi ringtones",Yes,No,,,Microsoft Smartphone 2003 SE,,MP3 playerPredictive text inputOrganizerVoice memo,,,No,Mini-SIM,VGA,120 g (4.23 oz),,Discontinued,No,Yes,,GSM 900 / 1800 / 1900,WAP 2.0/xHTML,176 x 220 pixels (~128 ppi density),Up to 4 h,MMC/SD,,,"2004, Q1",,GSM,No,,Sagem,,https://fdn2.gsmarena.com/vv/bigpic/samys7.gif,"2.2 inches, 35 x 44 mm, 15.2 cm2(~28.3% screen-to-body ratio)",Sagem MY S-7,,,,"TFT, 65K colors",,Class 10,"110 x 49 x 21 mm, 110 cc (4.33 x 1.93 x 0.83 in)",32MB,Proprietary,No,No,No,,Yes,Removable Li-Ion battery,,,
,Screensavers and wallpapersDownloadable logos and applications,,,Up to 300h,Vibration; Downloadable polyphonic ringtones,No,No,2,,,,Predictive text inputOrganizer,,,No,Mini-SIM,,105 g (3.70 oz),"15 dialed, 15 received, 15 missed calls",Discontinued,No,Yes,,GSM 900 / 1800,WAP 1.2.1,128 x 160 pixels,Up to 3 h,No,,,"2004, Q1",,GSM,No,,Sagem,,https://fdn2.gsmarena.com/vv/bigpic/samyz3.gif,,Sagem MY Z-3,,"SMS, EMS, MMS",,"CSTN, 65K colors",255 entries,Class 10,100 x 45 x 24 mm (3.94 x 1.77 x 0.94 in),1.5MB,Proprietary,No,No,No,,,Removable Li-Ion 780 mAh battery,,,No
,Downloadable wallpapers,,,Up to 360 h,"Vibration; Downloadable polyphonic, Hi-Fi ringtones",Yes,No,,,,,No,,Predictive text inputCalculatorCurrency converter,No,Mini-SIM,,80 g (2.82 oz),"20 received, dialed and missed calls",Discontinued,No,,,GSM 900 / 1800,WAP 1.2,"101 x 80 pixels, 6 lines",Up to 3 h,No,,,"2004, Q2",,GSM,100 short messagesMessage templates,,Sagem,,https://fdn2.gsmarena.com/vv/bigpic/samyc2-2.gif,,Sagem MY C2-2,,"SMS, EMS",,"CSTN, 4096 colors","250 entries, contact groups",No,85 x 44 x 21 mm (3.35 x 1.73 x 0.83 in),,,No,No,No,,,Removable Li-Ion battery,,,No
,Screensavers and wallpapersDownloadable logos,,,,Vibration; Downloadable polyphonic ringtones,No,No,Yes + downloadable,,,,Predictive text inputOrganizer,,,No,Mini-SIM,,105 g (3.70 oz),"15 dialed, 15 received, 15 missed calls",Discontinued,No,,,GSM 900 / 1800,"WAP 2.0/xHTML, iMode",128 x 160 pixels,,No,,,"2004, Q1",,GSM,No,,Sagem,,https://fdn2.gsmarena.com/vv/bigpic/sasg321i.gif,,Sagem SG 321i,,"SMS, EMS, MMS",,"TFT, 65K colors",Yes,Class 8,100 x 45 x 24 mm (3.94 x 1.77 x 0.94 in),,Proprietary,No,No,No,,,Removable Li-Ion battery,,,Yes
,Animated screensaversColor backgroundsDownloadable logos,,,Up to 375 h,"Vibration; Downloadable polyphonic, Hi-Fi ringtones",Yes,No,Yes + downloadable,,,,Predictive text inputOrganizerVoice dial/memoExchangeable cover,,,No,Mini-SIM,VGA,97 g (3.42 oz),"20 dialed, 20 received, 20 missed calls",Discontinued,No,Yes,,GSM 900 / 1800 / 1900,WAP 2.0/xHTML,128 x 160 pixels,Up to 4 h 45 min,No,,,"2004, Q2",,GSM,No,,Sagem,,https://fdn2.gsmarena.com/vv/bigpic/samyv55.gif,,Sagem MY V-55,,"SMS, MMS",,"CSTN, 65K colors","In shared memory, Photo call",Class 10,106 x 46 x 19 mm (4.17 x 1.81 x 0.75 in),4MB,,No,No,No,,No,Removable Li-Ion 920 mAh battery,,,Yes
,Screensavers and wallpapersDownloadable logos,,,Up to 300 h,Vibration; Downloadable polyphonic ringtones,Yes,No,Yes + downloadable,,,,Predictive text inputOrganizerPhoto editorVoice memo,,,No,Mini-SIM,VGA,97 g (3.42 oz),"15 dialed, 15 received, 15 missed calls",Discontinued,No,Yes,,GSM 900 / 1800 / 1900,WAP 2.0/xHTML,128 x 160 pixels,Up to 5 h,No,,,"2004, Q1",,GSM,No,,Sagem,,https://fdn2.gsmarena.com/vv/bigpic/samyx52.gif,,Sagem MY X5-2,,"SMS, EMS, MMS",,"CSTN, 65K colors",1500,Class 10,106 x 46 x 19 mm (4.17 x 1.81 x 0.75 in),4MB,Proprietary,No,No,No,,No,Removable Li-Ion battery,,,"Yes, MIDP 2.0"
,Animated screensaversColor backgroundsDownloadable logos,,,,"Vibration; Downloadable polyphonic, Hi-Fi ringtones",Yes,No,Yes + Java downloadable,,,,Predictive text inputOrganizer,,,No,Mini-SIM,VGA,106 g (3.74 oz),"15 dialed, 15 received, 15 missed calls",Discontinued,No,Yes,,GSM 900 / 1800 / 1900,WAP 1.2.1,128 x 160 pixels,,No,,,"2004, Q1",,GSM,No,,Sagem,,https://fdn2.gsmarena.com/vv/bigpic/samyv75.gif,,Sagem MY V-75,,"SMS, MMS",,"TFT, 65K colors",In shared memory,Yes,110 x 46 x 22 mm (4.33 x 1.81 x 0.87 in),4MB,,No,No,No,,No,Removable Li-Ion battery,,,No
,Animated screensaversColor backgrounds,,,Up to 120 h,"Vibration; Downloadable polyphonic, Hi-Fi ringtones",No,No,3,,,,Predictive text inputOrganizerVoice memo,,,No,Mini-SIM,,85 g (3.00 oz),"20 dialed, 10 received, 10 missed calls",Discontinued,No,,,GSM 900 / 1800,WAP 2.0/xHTML,"128 x 160 pixels, 12 lines",Up to 2 h,No,,,"2004, Q1",,GSM,No,,Sagem,,https://fdn2.gsmarena.com/vv/bigpic/samyc3b.gif,,Sagem MY C-3b,,"SMS, EMS, MMS","2 - Silver, Red","CSTN, 65K colors",300 x 9 fields,Class 8,81 x 51 x 22.5 mm (3.19 x 2.01 x 0.89 in),1.5MB,,No,No,No,,,Removable Li-Ion battery,,,No
,Animated screensaversColor backgrounds,,,Up to 100 h,"Vibration; Downloadable polyphonic, Hi-Fi ringtones",No,No,3,,,,Stereo sounds,,Predictive text inputOrganizer,No,Mini-SIM,,90 g (3.17 oz),"20 dialed, 10 received, 10 missed calls",Discontinued,No,Yes,,GSM 900 / 1800,WAP 2.0/xHTML,"128 x 160 pixels, 12 lines",Up to 3 h,No,,,"2004, Q1",,GSM,No,,Sagem,,https://fdn2.gsmarena.com/vv/bigpic/samyc3s.gif,,Sagem MY C-3s,,"SMS, EMS, MMS","2 - Silver, Red","CSTN, 65K colors",250,Class 8,81 x 52 x 22.5 mm (3.19 x 2.05 x 0.89 in),,,No,No,No,,,Removable Li-Ion 750 mAh battery,,,No
,GSM 850 / 1900 - MY X3-2a,,,Up to 340 h,"Vibration; Downloadable polyphonic, Hi-Fi ringtones",No,No,"2 - Picture Puzzle, MegaBox Conquest + downloadable",,,,No,,Predictive text inputCalculatorCurrency converterInterchangeable front and back covers,No,Mini-SIM,,89 g (3.14 oz),"20 dialed, 20 received, 20 missed calls",Discontinued,No,,,GSM 900 / 1800,WAP 1.2.1,101 x 80 pixels,Up to 5 h,No,,,"2004, Q1",,GSM,Downloadable logos,,Sagem,,https://fdn2.gsmarena.com/vv/bigpic/samyx32.gif,,Sagem MY X3-2,,"SMS, EMS, MMS, Email","4 - Silver, Light blue, Purple and White","CSTN, 4096 colors",1500,Class 8,100 x 45 x 21 mm (3.94 x 1.77 x 0.83 in),,,No,No,No,,,Removable Li-Ion battery,,,No
,Animated screensaversColor backgrounds,,,Up to 310 h,"Vibration; Downloadable polyphonic, Hi-Fi ringtones",No,No,"2 - Siberian Strike, Guio's Tale + Java downloadable",,,,Predictive text inputOrganizerChronometerVoice memo (30 sec.)Changeable covers,,,No,Mini-SIM,VGA,106 g (3.74 oz),"20 dialed, 10 received, 10 missed calls",Discontinued,No,Yes,,GSM 900 / 1800 / 1900,WAP 2.0/xHTML,"128 x 160 pixels, 12 lines",Up to 4 h 30 min,No,,,"2004, Q1",,GSM,No,,Sagem,,https://fdn2.gsmarena.com/vv/bigpic/samyx7.gif,,Sagem MY X-7,,"SMS, EMS, MMS",,"TFT, 65K colors","300 x 9 fields, Photo call",Class 10,"110 x 46 x 22 mm, 111 cc (4.33 x 1.81 x 0.87 in)",4MB,,No,No,No,,Yes,Removable Li-Ion 1050 mAh battery,,,"Yes, MIDP 2.0"
,Animated screensaversColor backgrounds,,,Up to 310 h,"Vibration; Downloadable polyphonic, Hi-Fi ringtones",Yes,No,Yes + Java downloadable,,,,No,,Predictive text inputPCSyncOrganizer,No,Mini-SIM,VGA,106 g (3.74 oz),"15 dialed, 15 received, 15 missed calls",Discontinued,No,Yes,,GSM 900 / 1800 / 1900,WAP 1.2.1,128 x 160 pixels,Up to 4 h 30 min,No,,,"2003, Q4",,GSM,100 short messages,,Sagem,,https://fdn2.gsmarena.com/vv/bigpic/samyv65.gif,,Sagem MY V-65,,"SMS, MMS",,"TFT, 65K colors",In shared memory,Yes,110 x 46 x 22 mm (4.33 x 1.81 x 0.87 in),4MB,,No,No,No,,No,Removable Li-Ion 1050 mAh battery,,,Yes
,No,,,Up to 200 h,Vibration; Downloadable polyphonic ringtones,No,No,1,,,,,,,No,Mini-SIM,,80 g (2.82 oz),"20 received, dialed and missed calls",Discontinued,No,,,GSM 900 / 1800,,"96 x 64 pixels, 7 lines, 3:2 ratio",Up to 2 h 30 min,No,,,"2003, Q4",,GSM,Predictive text inputOrganizer,,Sagem,,https://fdn2.gsmarena.com/vv/bigpic/samyc1.gif,,Sagem MY C-1,,SMS,,Monochrome graphic,Yes,No,86 x 44 x 20 mm (3.39 x 1.73 x 0.79 in),,,No,No,No,,,Removable Li-Ion battery,,,No
,Four way navigation keysDownloadable logos,,,Up to 240 h,Downloadable polyphonic ringtones,Yes,No,Yes,,,,Predictive text inputOrganizerInterchangeable front and back covers,,,No,Mini-SIM,,93 g (3.28 oz),"10 dialed, 10 received, 10 missed calls",Discontinued,No,,,GSM 900 / 1800,WAP 1.2.1,"64 x 96 pixels, 7 lines, 3:2 ratio",Up to 3 h,No,,,"2003, Q4",,GSM,No,,Sagem,,https://fdn2.gsmarena.com/vv/bigpic/samyx1w.gif,,Sagem MY X-1w,,"SMS, EMS",,Monochrome graphic,Yes,Class 4,106 x 47 x 21 mm (4.17 x 1.85 x 0.83 in),,,No,No,No,,,Removable Li-Ion battery,,,No
,Backgrounds and screensavers,,,Up to 190 h,"Vibration; Downloadable polyphonic, Hi-Fi ringtones",Yes,No,1 - Picture puzzle,,,,No,,Predictive text inputCalculatorCurrency converter,No,Mini-SIM,,90 g (3.17 oz),"20 received, dialed and missed calls",Discontinued,No,,,GSM 900 / 1800,WAP 1.2.1,"101 x 80 pixels, 6 lines",Up to 3 h,No,,,"2003, Q4",,GSM,100 short messagesMessage templates,,Sagem,,https://fdn2.gsmarena.com/vv/bigpic/samyc2.gif,,Sagem MY C-2,,"SMS, EMS",,"CSTN, 256 colors","250 entries, contact groups",No,82 x 42 x 23 mm (3.23 x 1.65 x 0.91 in),,,No,No,No,,,Removable Li-Ion battery,,,No
,"Second external display, 84 x 40 pixels, SNTFour way navigation keysDownloadable screensavers",,,Up to 140 h,Vibration; Polyphonic(16) ringtones,No,No,,,,,Predictive text inputCalculator,,,No,Mini-SIM,,86 g (3.03 oz),"10 dialed, 10 received, 10 missed calls",Discontinued,No,Yes,,GSM 900 / 1800,WAP,"160 x 120 pixels, 4:3 ratio",Up to 4 h,No,Yes,,"2003, Q3",,GSM,No,Yes,Sagem,,https://fdn2.gsmarena.com/vv/bigpic/samyc6.gif,,Sagem MY C-6,,"SMS, EMS, MMS",,"TFT, 65K colors",300,Class 8,84 x 46 x 22 mm (3.31 x 1.81 x 0.87 in),,,No,No,No,,,Removable Li-Ion 750 mAh battery,,,No
,Backgrounds and screensavers,,,Up to 200 h,"Vibration; Downloadable polyphonic, Hi-Fi ringtones",No,No,"2 - MegaBox Conquest, Picture puzzle",,,,Predictive text inputCalculatorCurrency converter,,,No,Mini-SIM,,80 g (2.82 oz),"10 dialed, 10 received, 10 missed calls",Discontinued,No,Yes,,GSM 900 / 1800,WAP 1.2.1,"101 x 80 pixels, 6 lines",Up to 3 h,No,Yes,,"2003, Q3",,GSM,No,Yes,Sagem,,https://fdn2.gsmarena.com/vv/bigpic/samyc5w.gif,,Sagem MY C-5w,,"SMS, EMS",,"CSTN, 256 colors",300,Class 8,88 x 44 x 20 mm (3.46 x 1.73 x 0.79 in),,,No,No,No,,,Removable Li-Po 1000 mAh battery,,,No
,Screensavers and backgrounds,,,up to 340 h,"Vibration; Downloadable polyphonic, Hi-Fi ringtones",Yes,No,Yes - Picture Puzzle,,,,No,,Predictive text inputCalculatorCurrency converterInterchangeable front and back covers,No,Mini-SIM,,89 g (3.14 oz),"20 received, dialed and missed calls",Discontinued,No,,,GSM 900 / 1800,WAP 1.2.1,"101 x 80 pixels, 6 lines",up to 5 h,No,Yes,,"2003, Q3",,GSM,100 short messagesMessage templates,Yes,Sagem,,https://fdn2.gsmarena.com/vv/bigpic/samyx2.gif,,Sagem MY X-2,,"SMS, EMS",,"CSTN, 256 colors",250,No,99 x 45 x 21 mm (3.90 x 1.77 x 0.83 in),,,No,No,No,,,Removable Li-Ion battery,,,No
,65K colorsAnimated screensaversColor backgrounds,,,Up to 310 h,"Vibration; Downloadable polyphonic, Hi-Fi ringtones",Yes,No,Yes + In-Fusio downloadable,,,,No,,"Predictive text inputOrganizerVoice memoInterchangeable coversFormats: BMP, JPEG, PNG, GIF, animated GIF, Midi, iMelody, Wave, AMR",No,Mini-SIM,VGA,106 g (3.74 oz),"20 dialed, 10 received, 10 missed calls",Discontinued,No,Yes,,GSM 900 / 1800,WAP 1.2.1,"128 x 160 pixels, 12 lines",Up to 4 h 40 min,No,Yes,,"2003, Q1",,GSM,100 short messages,Yes,Sagem,,https://fdn2.gsmarena.com/vv/bigpic/samyx6.gif,,Sagem MY X-6,,"SMS, EMS 5.0, MMS",,"TFT, 65K colors","In shared memory, Photo call",Class 10,"110 x 46 x 22 mm, 111 cc (4.33 x 1.81 x 0.87 in)",2.3MB,,No,No,No,,No,Removable Li-Ion 1050 mAh battery,,,No
,Softkeys3D animated icons50 icons (17 downloadable),,,240 h,Vibration; Downloadable polyphonic ringtones,Yes,No,Yes,,,,No,,"New formats: BMP, JPEG, PNG, GIF, Midi, iMelody, Wave",No,Mini-SIM,,92 g (3.25 oz),"10 dialed, 10 received, 10 missed calls",Discontinued,No,Yes,,GSM 900 / 1800,WAP 1.2,"101 x 80 pixels, 8 lines",4 h,No,Yes,,2002,,GSM,100 short messages,Yes,Sagem,,https://fdn2.gsmarena.com/vv/bigpic/samyg5.gif,,Sagem MY G5,,"SMS, EMS, MMS (MY G5m only)",,"CSTN, 256 colors",300,Yes,"105 x 46 x 20 mm, 77 cc (4.13 x 1.81 x 0.79 in)",,,No,No,No,,,Removable Li-Ion battery,Predictive text inputCalculatorCurrency converterInterchangeable front and back covers,,Yes
,Blue backlightDownloadable animated  screensavers,,,240 h,"Vibration; Downloadable monophonic ringtones, composer",No,No,"2 - Picture Puzzle, MegaBox Conquest + downloadable",,,,No,,Predictive text inputCalculatorCurrency converterInterchangeable front and back covers,No,Mini-SIM,,92 g (3.25 oz),"20 dialed, 20 received, 20 missed calls",Discontinued,No,,,GSM 900 / 1800,WAP 1.2,"96 x 64 pixels, 3:2 ratio",4 h,No,Yes,,2002,,GSM,100 short messages50 EMS pictures,Yes,Sagem,,https://fdn2.gsmarena.com/vv/bigpic/samyx3.gif,,Sagem MY X-3,,"SMS, EMS",,Monochrome graphic,200,Class 8,"106 x 46 x 20 mm, 79 cc (4.17 x 1.81 x 0.79 in)",,,No,No,No,,,Removable Li-Ion battery,,,No
,Dynamic font sizeSoftkeys3D animated icons30 icons + downloadable,,,240 h,Vibration; Downloadable polyphonic ringtones,Yes,No,Downloadable,,,,No,,"New formats: BMP, JPEG, PNG, GIF, Midi, iMelody, Wave",No,Mini-SIM,,92 g (3.25 oz),"10 dialed, 10 received, 10 missed calls",Discontinued,No,Yes,,GSM 900 / 1800,WAP 1.2.1,"101 x 80 pixels, 8 lines",up to 4 h,No,Yes,,2002,,GSM,100 short messages,Yes,Sagem,,https://fdn2.gsmarena.com/vv/bigpic/samyx5.gif,,Sagem MY X-5,,"SMS, EMS, MMS",,"CSTN, 256 colors",300 x 3 numbers,Class 10,"105 x 46 x 20 mm, 77 cc (4.13 x 1.81 x 0.79 in)",,,No,No,No,,,Removable Li-Ion 720 mAh battery,Predictive text inputCalculatorCurrency converterInterchangeable front and back covers,,No
,Softkeys3D animated screensavers20 downloadable screens10 downloadable icons (group calling),,,up to 180 h,Vibration; Downloadable monophonic ringtones,No,No,"Megabox Conquest, Picture Puzzle, Mini Golf",,,,Predictive text inputDownloadable gamesCalculatorCurrency converter,,,No,Mini-SIM,,85 g (3.00 oz),"10 dialed, 10 received, 10 missed calls",Discontinued,No,Yes,,GSM 900 / 1800,WAP 1.1,"96 x 64 pixels, 8 lines, 3:2 ratio",up to 2 h 15 min,No,Yes,,2002,,GSM,No,Yes,Sagem,,https://fdn2.gsmarena.com/vv/bigpic/samy3078.gif,,Sagem MY 3078,,SMS,,Monochrome graphic,200,No,23 x 45 x 75 mm (0.91 x 1.77 x 2.95 in),,,No,No,No,,,Removable Li-Ion battery,,,No
,Blue backlightSoftkeys3D animated icons,,,185 h,Vibration; Downloadable monophonic ringtones,Yes,No,3,,,,No,,Predictive text inputCalculatorCurency converter,No,Mini-SIM,,112 g (3.95 oz),,Discontinued,No,,,GSM 900 / 1800,WAP 1.1,up to 8 lines,3 h,No,Yes,,2001,,GSM,10 short messages,Yes,Sagem,,https://fdn2.gsmarena.com/vv/bigpic/samw3026.gif,,Sagem MW 3026,,SMS,,Monochrome graphic,50,No,105 x 50 x 23 mm (4.13 x 1.97 x 0.91 in),,,No,No,No,,,Removable NiMH battery,,,No
,Blue backlightSoftkeys3D animated icons,,,200 h,Vibration; Downloadable monophonic ringtones,Yes,No,3,,,,No,,Predictive text inputCalculatorCurency converter,No,Mini-SIM,,100 g (3.53 oz),"10 dialed, 10 received, 10 missed calls",Discontinued,No,Yes,,GSM 900 / 1800,WAP 1.1,up to 8 lines,3 h,No,Yes,,2001,,GSM,10 short messages,Yes,Sagem,,https://fdn2.gsmarena.com/vv/bigpic/samw3052.gif,,Sagem MW 3052,,SMS,,Monochrome graphic,100,Class 4,105 x 50 x 23 mm (4.13 x 1.97 x 0.91 in),,,No,No,No,,,Removable Li-Ion battery,,,No
,Blue backlightSoftkeys3D animated icons,,,207 h,Vibration; Downloadable monophonic ringtones,Yes,No,3,,,,No,,Predictive text inputCalculatorCurency converterInterchangeable front covers,No,Mini-SIM,,97 g (3.42 oz),"10 dialed, 10 received, 10 missed calls",Discontinued,No,,,GSM 900 / 1800,WAP 1.1,up to 8 lines,3 h 45 min,No,Yes,,2001,,GSM,10 short messages,Yes,Sagem,,https://fdn2.gsmarena.com/vv/bigpic/samw3042.gif,,Sagem MW 3042,,SMS,,Monochrome graphic,100,No,"105 x 45 x 18 mm, 79 cc (4.13 x 1.77 x 0.71 in)",,,No,No,No,,,Removable NiMH battery,,,No
,Blue backlightSoftkeys3D animated icons,,,170 h,Vibration; Downloadable monophonic ringtones,Yes,No,3,,,,No,,Predictive text inputCalculatorCurency converterInterchangeable front covers,No,Mini-SIM,,97 g (3.42 oz),,Discontinued,No,,,GSM 900 / 1800,WAP,up to 8 lines,4 h 30 min,No,Yes,,2001,,GSM,10 short messages,Yes,Sagem,,https://fdn2.gsmarena.com/vv/bigpic/samw3040.gif,,Sagem MW 3040,,SMS,,Monochrome graphic,100,No,"105 x 45 x 18 mm, 79 cc (4.13 x 1.77 x 0.71 in)",,,No,No,No,,,Removable NiMH battery,,,No
,Softkeys,,,150 h,Vibration; Monophonic ringtones,Yes,No,Yes,,,600 h (35 g+),No,,Predictive text inputCalculatorCurency converter,No,Mini-SIM,,180 g (6.35 oz),"20 dialed, 20 received, 20 missed calls",Discontinued,No,Yes,-,GSM 900 / 1800,WAP,"124 x 68 pixels, up to 8 lines, 17:9 ratio",300 min,No,Yes,,2001,,GSM,20 SMS messages,Yes,Sagem,,https://fdn2.gsmarena.com/vv/bigpic/samwx1.gif,,Sagem MW X1,,SMS,,Monochrome graphic,100,No,140 x 57 x 20 mm (5.51 x 2.24 x 0.79 in),,,No,No,No,,,Removable Li-Ion 800 mAh battery,,,No
,No,206 MHz ARM SA-1110,,170 h,Vibration; Downloadable monophonic ringtones,No,No,,,Microsoft Windows PocketPC,,,,,No,Mini-SIM,,198 g (6.98 oz),,Discontinued,No,Yes,,GSM 900 / 1800,WAP 1.1,"240 x 320 pixels, 60 x 80 mm, 4:3 ratio",130 min,No,Yes,,2001,,GSM,MP3 playerPredictive text input,Yes,Sagem,,https://fdn2.gsmarena.com/vv/bigpic/sawa3050.gif,,Sagem WA 3050,,,,Greyscale resistive touchscreen,,Yes (for the GPRS model),130 x 80 x 17 mm (5.12 x 3.15 x 0.67 in),,,No,No,No,,,Removable Li-Ion battery,,,
,Softkeys,,,170 h,Vibration; Downloadable monophonic ringtones,Yes,No,Yes,,,,No,,Predictive text inputCalculatorCurency converter,No,Mini-SIM,,112 g (3.95 oz),,Discontinued,No,,,GSM 900 / 1800,WAP,up to 7 lines,130 min,No,Yes,,2001,,GSM,10 short messages,Yes,Sagem,,https://fdn2.gsmarena.com/vv/bigpic/samw3020.gif,,Sagem MW 3020,,SMS,,Monochrome graphic,50,No,"105 x 45 x 18 mm, 79 cc (4.13 x 1.77 x 0.71 in)",,,No,No,No,,,Removable NiMH battery,,,No
,Softkeys,,,140 h,Vibration; Downloadable monophonic ringtones,Yes,No,Yes,,,,No,,Predictive text inputCalculatorCurency converter,No,Mini-SIM,,112 g (3.95 oz),,Discontinued,No,,,GSM 900 / 1800,,up to 7 lines,105 min,No,Yes,,2001,,GSM,10 short messages,Yes,Sagem,,https://fdn2.gsmarena.com/vv/bigpic/samc3000.gif,,Sagem MC 3000,,SMS,,Monochrome graphic,40,No,"105 x 45 x 18 mm, 79 cc (4.13 x 1.77 x 0.71 in)",,,No,No,No,,,Removable NiMH battery,,,No
,Fixed iconsSoftkeys,,,150 h,Vibration; Downloadable monophonic ringtones,Yes,No,Yes,,,,No,,Predictive text inputCalculatorCurency converter,No,Mini-SIM,,117 g (4.13 oz),,Discontinued,No,,,GSM 900 / 1800,WAP,up to 7 lines,3 h,No,Yes,,2000,,GSM,20 short messages,Yes,Sagem,,https://fdn2.gsmarena.com/vv/bigpic/samc939b.gif,,Sagem MC 939 WAP,,SMS,,Monochrome graphic,100,No,116 x 45 x 18 mm (4.57 x 1.77 x 0.71 in),,,No,No,No,,,Removable Li-Ion battery,,,No
,Fixed iconsSoftkeys,,,150 h,Vibration; Downloadable monophonic ringtones,Yes,No,Yes,,,,No,,Predictive text inputCalculatorCurency converter,No,Mini-SIM,,117 g (4.13 oz),,Discontinued,No,,,GSM 900 / 1800,,up to 7 lines,3 h,No,Yes,,2000,,GSM,20 short messages,Yes,Sagem,,https://fdn2.gsmarena.com/vv/bigpic/samc936b.gif,,Sagem MC 936,,SMS,,Monochrome graphic,100,No,116 x 45 x 18 mm (4.57 x 1.77 x 0.71 in),,,No,No,No,,,Removable Li-Ion battery,,,No
,Fixed iconsSoftkeys,,,150 h,Vibration; Downloadable monophonic ringtones,Yes,No,Yes,,,,No,,Predictive text inputCalculatorCurency converter,No,Mini-SIM,,95 g (3.35 oz),,Discontinued,No,,,GSM 900 / 1800,,up to 7 lines,3 h,No,Yes,,2000,,GSM,20 short messages,Yes,Sagem,,https://fdn2.gsmarena.com/vv/bigpic/samc950b.gif,,Sagem MC 950,,SMS,,Monochrome graphic,250,No,116 x 45 x 18 mm (4.57 x 1.77 x 0.71 in),,,No,No,No,,,Removable Li-Ion battery,,,No
,Fixed iconsSoftkeys,,,150 h,Vibration; Downloadable monophonic ringtones,Yes,No,Yes,,,,No,,Predictive text inputCalculatorCurency converterActive flip,No,Mini-SIM,,95 g (3.35 oz),,Discontinued,No,,,GSM 900 / 1800,,up to 7 lines,3 h,No,Yes,,2000,,GSM,20 short messages,Yes,Sagem,,https://fdn2.gsmarena.com/vv/bigpic/samc959b.gif,,Sagem MC 959,,SMS,,Monochrome graphic,250,No,116 x 45 x 18 mm (4.57 x 1.77 x 0.71 in),,,No,No,No,,,Removable Li-Ion battery,,,No
,Fixed iconsSoftkeys,,,160 h,Vibration; Downloadable monophonic ringtones,Yes,No,Yes,,,,No,,Predictive text inputCalculatorCurency converter,No,Mini-SIM,,117 g (4.13 oz),,Discontinued,No,,,GSM 900 / 1800,,up to 7 lines,3 h,No,Yes,,2000,,GSM,20 short messages,Yes,Sagem,,https://fdn2.gsmarena.com/vv/bigpic/samc940b.gif,,Sagem MC 940,,SMS,,Monochrome graphic,100,No,116 x 45 x 18 mm (4.57 x 1.77 x 0.71 in),,,No,No,No,,,Removable Li-Ion battery,,,No
,Fixed iconsSoftkeys,,,150 h,Vibration; Downloadable monophonic ringtones,Yes,No,Yes,,,,No,,Predictive text inputCalculatorCurency converter,No,Mini-SIM,,117 g (4.13 oz),,Discontinued,No,,,GSM 900 / 1800,,up to 7 lines,3 h,No,Yes,,1999,,GSM,20 short messages,Yes,Sagem,,https://fdn2.gsmarena.com/vv/bigpic/samc932b.gif,,Sagem MC 932,,SMS,,Monochrome graphic,100,No,116 x 45 x 18 mm (4.57 x 1.77 x 0.71 in),,,No,No,No,,,Removable Li-Ion battery,,,No
,Fixed iconsSoftkeys,,,130 h,Vibration; Downloadable monophonic ringtones,Yes,No,No,,,,No,,CalculatorCurency converter,No,Mini-SIM,,121 g (4.27 oz),,Discontinued,No,,,GSM 900 / 1800,,3x 12 chars,3 h,No,Yes,,1999,,GSM,20 short messages,Yes,Sagem,,https://fdn2.gsmarena.com/vv/bigpic/sarc922b.gif,,Sagem RC 922,,SMS,,Alphanumeric,100,No,116 x 45 x 18 mm (4.57 x 1.77 x 0.71 in),,,No,No,No,,,Removable NiMH 500 mAh battery,,,No
,Fixed iconsSoftkeys,,,130 h,Vibration; Downloadable monophonic ringtones,Yes,No,No,,,,No,,CalculatorCurency converter,No,Mini-SIM,,117 g (4.13 oz),,Discontinued,No,,,GSM 900 / 1800,,4 x 12 chars,3 h,No,Yes,,1999,,GSM,20 short messages,Yes,Sagem,,https://fdn2.gsmarena.com/vv/bigpic/samc912b.gif,,Sagem MC 912,,SMS,,Alphanumeric,100,No,116 x 45 x 22 mm (4.57 x 1.77 x 0.87 in),,,No,No,No,,,Removable Li-Ion battery,,,No
,Fixed iconsSoftkeys,,,140 h,Vibration; Monophonic ringtones,Yes,No,No,,,,Predictive text inputCalculatorCurency converter,,,No,Mini-SIM,,137 g (4.83 oz),,Discontinued,No,,,GSM 900 / 1800,,3 x 12 chars,5 h,No,Yes,,1998,,GSM,No,Yes,Sagem,,https://fdn2.gsmarena.com/vv/bigpic/samc850b.gif,,Sagem MC 850,,SMS,,Monochrome graphic,100,No,132 x 50 x 21 mm (5.20 x 1.97 x 0.83 in),,,No,No,No,,,Removable Li-Ion battery,,,No
,Fixed iconsSoftkeys,,,90 h,Vibration; Monophonic ringtones,Yes,No,No,,,,No,,CalculatorCurency converter,No,Mini-SIM,,152 g (5.36 oz),,Discontinued,No,,,GSM 900 / 1800,,3 x 12 chars,3 h,No,Yes,,1998,,GSM,6 FM stations,Yes,Sagem,,https://fdn2.gsmarena.com/vv/bigpic/sa825fmb.gif,,Sagem MC 825 FM,,SMS,,Alphanumeric,100,No,132 x 50 x 26 mm (5.20 x 1.97 x 1.02 in),,,No,No,FM radio,,,Removable NiMH battery,,,No
,Fixed iconsSoftkeys,,,90 h,Vibration; Monophonic ringtones,Yes,No,No,,,,Calculator,,,No,Mini-SIM,,135 g (4.76 oz),,Discontinued,No,,,GSM 900 / 1800,,3 x 12 chars,3 h,No,Yes,,1998,,GSM,No,Yes,Sagem,,https://fdn2.gsmarena.com/vv/bigpic/samc820b.gif,,Sagem MC 820,,SMS,,Alphanumeric,100,No,130 x 50 x 26 mm (5.12 x 1.97 x 1.02 in),,,No,No,No,,,Removable NiMH battery,,,No
,Fixed icons,,,80 h,Vibration; Monophonic ringtones,No,No,No,,,,CalculatorVoice memoSerial cable,,,No,Mini-SIM,,158 g (5.57 oz),,Discontinued,No,,,GSM 900,,3 x 12 chars,150 min,No,Yes,,1998,,GSM,No,Yes,Sagem,,https://fdn2.gsmarena.com/vv/bigpic/sarc750b.gif,,Sagem RC 750,,SMS,,Alphanumeric,100,No,140 x 50 x 21 mm (5.51 x 1.97 x 0.83 in),,,No,No,No,,,Removable NiMH 600 mAh battery,,,No
,Fixed icons,,,70 h,Monophonic ringtones,No,No,No,,,,Calculator,,,No,Mini-SIM,,158 g (5.57 oz),,Discontinued,No,,,GSM 900,,3 x 12 chars,150 min,No,Yes,,1997,,GSM,No,Yes,Sagem,,https://fdn2.gsmarena.com/vv/bigpic/sarc730b.gif,,Sagem RC 730,,SMS,,Alphanumeric,100,No,140 x 50 x 21 mm (5.51 x 1.97 x 0.83 in),,,No,No,No,,,Removable NiMH 600 mAh battery,,,No
