,CPU,Features,4G bands,Single_1,Stand-by,Alert types,OS,Loudspeaker,Bluetooth,SAR EU,Games,Stand-by_1,_2,Price,_3,3.5mm jack,Keyboard,SIM,Dual,Single,Weight,Chipset,Triple,Quad,Status,WLAN,Infrared port,Call records,Talk time_1,2G bands,Features_1,Browser,Resolution,Talk time,Card slot,Languages,Alarm,Speed,Build,NFC,Announced,Video_1,Technology,_1,Clock,Brand,Protection,GPU,Model Image,Size,Model Name,Messaging,Colors,Type,Phonebook,GPRS,Dimensions,Performance,Internal,5G bands,USB,EDGE,Positioning,Radio,3G bands,Charging,Models,Video,Type_1,Sensors,Java
IP68 water/dust resistant (up to 1.5m for 30 min)MIL-STD-810H/MIL-STD-810G compliantDrop resistant up to 1.2m,Octa-core (4x2.40 GHz Cortex-A78 & 4x1.95 GHz Cortex-A55),"LED flash, HDR, panorama",LTE,,,,"Android 14, up to 3 major Android upgrades","Yes, with stereo speakers","5.1, A2DP, LE, aptX Adaptive",,,,,About 350 EUR,,No,,Nano-SIM +eSIM,"50 MP, f/1.9, 23mm (wide), 1/1.55"", dual pixel PDAF, OIS50 MP, f/2.2, 13mm, 122˚ (ultrawide), 1/2.5"", PDAF","32 MP, f/2.2, 25mm (wide)",166 g (5.86 oz),Qualcomm SM7435-AB Snapdragon 7s Gen 2 (4 nm),,,"Available. Released 2024, November 07","Wi-Fi 802.11 a/b/g/n/ac, dual-band",,,,GSM 850 / 900 / 1800 / 1900,,,"1080 x 2340 pixels, 19.5:9 ratio (~422 ppi density)",,microSDXC,,,"HSPA, LTE, 5G","Glass front, aluminum frame, aluminum back",Yes,"2024, October 29","Yes, gyro-EIS",GSM / HSPA / LTE / 5G,24-bit/192kHz Hi-Res & Hi-Res wireless audio,,Sharp,,Adreno 710,https://fdn2.gsmarena.com/vv/bigpic/sharp-aquos-sense9.jpg,"6.1 inches, 91.3 cm2(~84.0% screen-to-body ratio)",Sharp Aquos sense9,,"Black, White, Green, Coral, Greige, Blue","LTPO IGZO OLED, 1B colors, 240Hz, 1500 nits (HBM), 2000 nits (peak)",,,149 x 73 x 8.9 mm (5.87 x 2.87 x 0.35 in),,"128GB 6GB RAM, 256GB 8GB RAM",SA/NSA/Sub6,"USB Type-C 3.2, DisplayPort 1.4",,GPS,No,HSDPA 900 / 2100,36W wired,"SH-M29SG, SH-53E, SH-M29","Yes, gyro-EIS",5000 mAh,"Fingerprint (side-mounted), accelerometer, gyro, proximity, compass",
IP68 water/dust resistant (up to 1.5m for 30 min),Octa-core (1x3.0 GHz Cortex-X4 & 4x2.8 GHz Cortex-A720 & 3x2.0 GHz Cortex-A520),"Leica lens, color spectrum sensor, LED flash, HDR, panorama",LTE,,,,"Android 14, up to 3 major Android upgrades",Yes,"5.4, A2DP, LE",,,,,,,Unspecified,,Nano-SIM +eSIM,,"50.3 MP, f/2.2, 23mm (wide)",229 g (8.08 oz),Qualcomm SM8635 Snapdragon 8s Gen 3 (4 nm),"50.3 MP, f/1.8, 23mm (wide), 1/0.98"", PDAF, OIS50.3 MP, f/2.6, 65mm (telephoto), 1/1.56"", PDAF, OIS, 2.8x optical zoom50.3 MP, f/2.2, 13mm, 122˚ (ultrawide), 1/2.5"", PDAF",,"Coming soon. Exp. release 2025, Q1",Wi-Fi 802.11 a/b/g/n/ac/6/7,,,,GSM 850 / 900 / 1800 / 1900,,,"1440 x 3120 pixels, 19.5:9 ratio (~513 ppi density)",,No,,,"HSPA, LTE, 5G",,Yes,"2024, October 29",Yes,GSM / HSPA / LTE / 5G,,,Sharp,Unspecified,Adreno 735,https://fdn2.gsmarena.com/vv/bigpic/sharp-aquos-r9-pro.jpg,"6.7 inches, 110.2 cm2(~87.2% screen-to-body ratio)",Sharp Aquos R9 pro,,Black,"PRO IGZO LTPO OLED, 1B colors, 240Hz, Dolby Vision, HDR",,,162 x 78 x 9.3 mm (6.38 x 3.07 x 0.37 in),,512GB 12GB RAM,SA/NSA,USB Type-C,,"GPS, GLONASS, GALILEO, BDS",No,HSDPA 850 / 900 / 1900 / 2100,WiredWireless,SH-54E,"Yes, gyro-EIS, Dolby Vision HDR",5000 mAh,"Fingerprint (under display, ultrasonic), accelerometer, gyro, proximity, compass",
IP68 water/dust resistant (up to 1.5m for 30 min)MIL-STD-810G compliant,Octa-core (1x2.8 GHz Cortex-X4 & 4x2.6 GHz Cortex-A720 & 3x1.9 GHz Cortex-A520),"Leica lens, LED flash, HDR, panorama",LTE,,,,"Android 14, up to 3 major Android upgrades","Yes, with stereo speakers","5.4, A2DP, LE",,,,Snapdragon Sound,About 550 EUR,,No,,Nano-SIM +eSIM,"50.3 MP, f/1.9, 23mm (wide), 1/1.55"", dual pixel PDAF, OIS50.3 MP, f/2.2, 13mm, 122˚ (ultrawide), 1/2.55"", PDAF","50.3 MP, f/2.2, 23mm (wide), 1/2.88"", AF",195 g (6.88 oz),Qualcomm SM7675-AB Snapdragon 7+ Gen 3 (4 nm),,,"Available. Released 2024, September",Wi-Fi 802.11 a/b/g/n/ac/6/7,,,,GSM 850 / 900 / 1800 / 1900,,,"1080 x 2340 pixels, 19.5:9 ratio (~396 ppi density)",,microSDXC,,,"HSPA, LTE, 5G","Glass front (Gorilla Glass 5), glass back (Gorilla Glass Victus 2), aluminum frame",Yes,"2024, July 18",Yes,GSM / HSPA / LTE / 5G,UFS 4.0,,Sharp,Corning Gorilla Glass 5,Adreno 732,https://fdn2.gsmarena.com/vv/bigpic/sharp-aquos-r9.jpg,"6.5 inches, 103.7 cm2(~88.6% screen-to-body ratio)",Sharp Aquos R9,,"Snow White, Forest Green","PRO IGZO LTPO OLED, 240Hz, Dolby Vision, HDR, 1500 nits (HBM), 2000 nits (peak)",,,156 x 75 x 8.9 mm (6.14 x 2.95 x 0.35 in),,256GB 12GB RAM,SA/NSA,USB Type-C,,"GPS, GLONASS, GALILEO, BDS",No,HSDPA 850 / 900 / 1900 / 2100,,SH-M28SG,"4K@30fps, 1080p@30/60fps, gyro-EIS",5000 mAh,"Fingerprint (side-mounted), accelerometer, gyro, proximity, compass",
IP68 water/dust resistant (up to 1.5m for 30 min)Drop resistant up to 1.2m,Octa-core (2x2.2 GHz Cortex-A76 & 6x2.0 GHz Cortex-A55),"LED flash, HDR, panorama",LTE,"8 MP, (wide)",,,"Android 14, up to 2 major Android upgrades",Yes,"5.3, A2DP, LE",,,,,About 150 EUR,,Unspecified,,Nano-SIM + Nano-SIM,,"50 MP, (wide), PDAF",190 g (6.70 oz),Mediatek Dimensity 700 (7 nm),,,"Available. Released 2024, September","Wi-Fi 802.11 a/b/g/n/ac, dual-band",,,,GSM 850 / 900 / 1800 / 1900,,,"720 x 1612 pixels, 20:9 ratio (~267 ppi density)",,microSDXC,,,"HSPA, LTE, 5G","Glass front, plastic back, plastic frame",Yes,"2024, July 29",1080p@30fps,GSM / HSPA / LTE / 5G,,,Sharp,,Mali-G57 MC2,https://fdn2.gsmarena.com/vv/bigpic/sharp-aquos-wish4.jpg,"6.6 inches, 104.6 cm2(~82.5% screen-to-body ratio)",Sharp Aquos wish4,,"Black, Blue, White","IPS LCD, 90Hz",,,167 x 76 x 8.8 mm (6.57 x 2.99 x 0.35 in),,128GB 6GB RAM,SA/NSA,USB Type-C,,GPS,Unspecified,HSDPA 900 / 2100,,SH-M27SG,"Yes, gyro-EIS",5000 mAh,"Fingerprint (side-mounted), accelerometer, gyro, proximity, compass",
Water-resistant (IPX5/8) & Dust-resistant (IP6X)MIL-STD-810H compliant,Octa-core (4x2.2 GHz Cortex-A78 & 4x1.8 GHz Cortex-A55),"LED flash, HDR, panorama",LTE,,,,Android 13,Yes,"5.1, A2DP, LE, aptX HD, aptX Adaptive",,,,,About 310 EUR,,Yes,,Nano-SIM +eSIM,"50 MP, f/1.9, 23mm (wide), 1/1.55"", dual pixel PDAF, OIS8 MP, f/2.4, 15mm, 120˚ (ultrawide)","8 MP, f/2.0, 26mm (wide)",159 g (5.61 oz),Qualcomm SM6450 Snapdragon 6 Gen 1 (4 nm),,,"Available. Released 2024, January","Wi-Fi 802.11 a/b/g/n/ac/6, dual-band",,,,GSM 850 / 900 / 1800 / 1900,,,"1080 x 2340 pixels, 19.5:9 ratio (~422 ppi density)",,microSDXC,,,"HSPA, LTE, 5G","Glass front, aluminum frame, plastic back",Yes,"2024, January 17",1080p@30fps,GSM / HSPA / LTE / 5G,UFS 2.2,,Sharp,,Adreno 710,https://fdn2.gsmarena.com/vv/bigpic/sharp-aquos-sense8.jpg,"6.1 inches, 91.3 cm2(~84.1% screen-to-body ratio)",Sharp Aquos sense8,,"Black, Green, Copper","IGZO OLED, 1B colors, 90Hz, 1300 nits (peak)",,,153 x 71 x 8.4 mm (6.02 x 2.80 x 0.33 in),,256GB 8GB RAM,SA/NSA,USB Type-C,,GPS,No,HSDPA 900 / 2100,18W wired,,Yes,5000 mAh,"Fingerprint (side-mounted), accelerometer, gyro, proximity, compass",
IP68 water/dust resistant (up to 1.5m for 30 min)MIL-STD-810G compliant,Octa-core (1x3.2 GHz Cortex-X3 & 2x2.8 GHz Cortex-A715 & 2x2.8 GHz Cortex-A710 & 3x2.0 GHz Cortex-A510),"LED flash, HDR, panorama",LTE,,,,Android 13,Yes,"5.3, A2DP, LE, aptX HD, aptX Adaptive, aptX Lossless",,,,Snapdragon Sound,About 700 EUR,,Yes,,Nano-SIM +eSIM,"50 MP, f/1.9, 23mm (wide), 1/1.55"", dual pixel PDAF13 MP, f/2.3, 17mm (ultrawide)","8 MP, 118˚ (ultrawide)",179 g (6.31 oz),Qualcomm SM8550-AB Snapdragon 8 Gen 2 (4 nm),,,"Available. Released 2023, December","Wi-Fi 802.11 a/b/g/n/ac/6, dual-band",,,,GSM 850 / 900 / 1800 / 1900,,,"1080 x 2340 pixels, 19.5:9 ratio (~403 ppi density)",,microSDXC,,,"HSPA, LTE, 5G","Glass front (Gorilla Glass 3), aluminum frame, plastic back",Yes,"2023, December 06",1080p@30fps,GSM / HSPA / LTE / 5G,UFS 4.0,,Sharp,Corning Gorilla Glass 3,Adreno 740,https://fdn2.gsmarena.com/vv/bigpic/sharp-aquos-r8s.jpg,"6.4 inches, 100.5 cm2(~85.5% screen-to-body ratio)",Sharp Aquos R8s,,"Blue, White","PRO IGZO LTPO OLED, 1B colors, 120Hz, Dolby Vision, HDR, 1300 nits (peak)",,,159 x 74 x 8.7 mm (6.26 x 2.91 x 0.34 in),,256GB 8GB RAM,SA/NSA,USB Type-C 3.0,,"GPS (L1+L5), GLONASS, GALILEO, BDS",No,HSDPA 850 / 900 / 1900 / 2100,15W wired,,Yes,4750 mAh,"Fingerprint (side-mounted), accelerometer, gyro, proximity, compass",
IP68 water/dust resistant (up to 1.5m for 30 min),Octa-core (1x3.2 GHz Cortex-X3 & 2x2.8 GHz Cortex-A715 & 2x2.8 GHz Cortex-A710 & 3x2.0 GHz Cortex-A510),"Color spectrum sensor, LED flash, HDR, panorama",LTE,,,,Android 13,"Yes, with stereo speakers","5.3, A2DP, LE, aptX HD, aptX Adaptive, aptX Lossless",,,,Snapdragon Sound,About 930 EUR,,Yes,,Nano-SIM +eSIM,"47.2 MP, f/1.9, 19mm (ultrawide), 1.0""-type, dual pixel PDAF2 MP, f/2.4, (depth)","12.6 MP, (wide)",203 g (7.16 oz),Qualcomm SM8550-AB Snapdragon 8 Gen 2 (4 nm),,,"Available. Released 2023, December","Wi-Fi 802.11 a/b/g/n/ac/6, dual-band",,,,GSM 850 / 900 / 1800 / 1900,,,"1260 x 2730 pixels, 19.5:9 ratio (~456 ppi density)",,microSDXC,,,"HSPA, LTE, 5G","Glass front (Gorilla Glass Victus), aluminum frame, plastic back",Yes,"2023, December 06",1080p@30fps,GSM / HSPA / LTE / 5G,UFS 4.0,,Sharp,Corning Gorilla Glass Victus,Adreno 740,https://fdn2.gsmarena.com/vv/bigpic/sharp-aquos-r8s-pro-.jpg,"6.6 inches, 106.9 cm2(~86.3% screen-to-body ratio)",Sharp Aquos R8s pro,,Black,"PRO IGZO LTPO OLED, 1B colors, 120Hz, Dolby Vision, HDR, 2000 nits (peak)",,,161 x 77 x 9.3 mm (6.34 x 3.03 x 0.37 in),,256GB 12GB RAM,SA/NSA,USB Type-C 3.0,,"GPS (L1+L5), GLONASS, GALILEO, BDS",No,HSDPA 850 / 900 / 1900 / 2100,"27W wired, PD3WirelessReverse wireless",,"8K, 4K, 1080p; gyro-EIS",5000 mAh,"Fingerprint (under display, ultrasonic), accelerometer, gyro, proximity, compass",
IP68 water/dust resistant (up to 1.5m for 30 min),Octa-core (1x3.00 GHz Cortex-X2 & 3x2.50 GHz Cortex-A710 & 4x1.80 GHz Cortex-A510),"LED flash, HDR, panorama",LTE,,,,Android 13,"Yes, with stereo speakers","5.2, A2DP, LE",,,,,About 1000 EUR,,Yes,,Nano-SIM + Nano-SIM,"47.2 MP, f/1.9, 19mm (ultrawide), 1.0""-type, dual pixel PDAF2 MP, f/2.4, (depth)","12.6 MP, (wide)",208 g (7.34 oz),Qualcomm SM8450 Snapdragon 8 Gen 1 (4 nm),,,"Available. Released 2023, July","Wi-Fi 802.11 a/b/g/n/ac/6, dual-band",,,,GSM 850 / 900 / 1800 / 1900,,,"1260 x 2730 pixels, 19.5:9 ratio (~456 ppi density)",,microSDXC,,,"HSPA, LTE, 5G","Glass front (Gorilla Glass Victus), glass back (Gorilla Glass Victus), aluminum frame",Yes,"2023, July",1080p@30fps,GSM / HSPA / LTE / 5G,24-bit/192kHz Hi-Res audio,,Sharp,Corning Gorilla Glass Victus,Adreno 730,https://fdn2.gsmarena.com/vv/bigpic/sharp-aquos-r7s.jpg,"6.6 inches, 106.9 cm2(~86.3% screen-to-body ratio)",Sharp Aquos R7s,,Black,"PRO IGZO OLED, 1B colors, 120Hz, Dolby Vision",,,161 x 77 x 9.3 mm (6.34 x 3.03 x 0.37 in),,256GB 12GB RAM,SA/NSA,USB Type-C 3.0,,"GPS (L1+L5), GLONASS, GALILEO, BDS",No,HSDPA 850 / 900 / 1700(AWS) / 1900 / 2100,"27W wired, PD3",SH-R70,"8K, 4K, 1080p; gyro-EIS",Li-Ion 5000 mAh,"Fingerprint (under display, ultrasonic), accelerometer, gyro, proximity, compass",
,Octa-core (4x2.3 GHz Cortex-A53 & 4x1.7 GHz Cortex-A53),LED flash,LTE,,,,Android 13,"Yes, with stereo speakers","5.1, A2DP, LE",,,,,About 180 EUR,,Yes,,Nano-SIM + Nano-SIM,,8 MP,190 g (6.70 oz),Mediatek MT6765 Helio G37 (12 nm),"50 MP, (wide)2 MP, (macro)2 MP, (depth)",,"Available. Released 2023, July","Wi-Fi 802.11 a/b/g/n/ac, dual-band",,,,GSM 850 / 900 / 1800 / 1900,,,"720 x 1600 pixels, 20:9 ratio (~260 ppi density)",,microSDXC,,,"HSPA, LTE","Glass front, plastic frame, plastic back",Yes,"2023, July",1080p@30fps,GSM / HSPA / LTE,,,Sharp,,PowerVR GE8320,https://fdn2.gsmarena.com/vv/bigpic/sharp-aquos-v7-plus.jpg,"6.74 inches, 109.7 cm2(~85.4% screen-to-body ratio)",Sharp Aquos V7 Plus,,"Blue, Dark Blue","IPS LCD, 90Hz",,,167.9 x 76.5 x 8.5 mm (6.61 x 3.01 x 0.33 in),,"128GB 4GB RAM, 256GB 6GB RAM",,USB Type-C 3.0,,"GPS (L1+L5), GLONASS, BDS, GALILEO, QZSS",No,HSDPA 900 / 2100,18W wired,SH-C06,1080p@30fps,Li-Ion 5010 mAh,"Fingerprint (side-mounted), accelerometer, proximity, compass",
IP68 water/dust resistant (up to 1.5m for 30 min)MIL-STD-810H compliant,Octa-core (2x2.2 GHz Kryo 660 Gold & 6x1.7 GHz Kryo 660 Silver),"LED flash, HDR, panorama","1, 3, 8, 28, 38, 41",,,,"Android 12, upgradable to Android 13","Yes, with stereo speakers","5.1, A2DP, LE",,,,,About 420 EUR,,Yes,,Nano-SIM +eSIMNano-SIM + Nano-SIM,"50.3 MP, f/1.9, 23mm (wide), 1/1.55"", dual pixel PDAF8 MP, f/2.4, 15mm (ultrawide)","8 MP, f/2.0, (wide)",172 g (6.07 oz),Qualcomm SM6375 Snapdragon 695 5G (6 nm),,,"Available. Released 2023, September","Wi-Fi 802.11 a/b/g/n/ac, dual-band",,,,GSM 850 / 900 / 1800 / 1900,,,"1080 x 2340 pixels, 19.5:9 ratio (~403 ppi density)",,microSDXC,,,"HSPA, LTE, 5G",,Yes,"2023, August",1080p@30fps,GSM / HSPA / LTE / 5G,24-bit/192kHz Hi-Res audio,,Sharp,,Adreno 619,https://fdn2.gsmarena.com/vv/bigpic/sharp-aquos-sense7-plus.jpg,"6.4 inches, 100.5 cm2(~82.7% screen-to-body ratio)",Sharp Aquos sense7 plus,,Moon silver,"IGZO OLED, 1B colors, 1300 nits (peak), 120Hz",,,160 x 76 x 8.2 mm (6.30 x 2.99 x 0.32 in),,128GB 6GB RAM,"1, 28, 38, 41, 78 SA/NSA",USB Type-C 3.0,,GPS,No,HSDPA 900 / 2100,,,Yes,Li-Ion 5050 mAh,Fingerprint (side-mounted); unspecified sensors,
IP68 water/dust resistant (up to 1.5m for 30 min)MIL-STD-810H compliant,Octa-core (2x2.2 GHz Kryo 660 Gold & 6x1.7 GHz Kryo 660 Silver),"LED flash, HDR, panorama","1, 3, 8, 28, 38, 41",,,,"Android 12, upgradable to Android 13",Yes,"5.1, A2DP, LE",,,,,About 380 EUR,,Yes,,Nano-SIM +eSIMNano-SIM + Nano-SIM,"50.3 MP, f/1.9, 23mm (wide), 1/1.55"", dual pixel PDAF8 MP, f/2.4, 15mm (ultrawide)","8 MP, f/2.0, (wide)",158 g (5.57 oz),Qualcomm SM6375 Snapdragon 695 5G (6 nm),,,"Available. Released 2023, September","Wi-Fi 802.11 a/b/g/n/ac, dual-band",,,,GSM 850 / 900 / 1800 / 1900,,,1080 x 2432 pixels (~436 ppi density),,microSDXC,,,"HSPA, LTE, 5G",,Yes,"2023, August",1080p@30fps,GSM / HSPA / LTE / 5G,,,Sharp,,Adreno 619,https://fdn2.gsmarena.com/vv/bigpic/sharp-aquos-sense7.jpg,"6.1 inches, 89.0 cm2(~83.7% screen-to-body ratio)",Sharp Aquos sense7,,Black,"IGZO OLED, 1B colors, 1300 nits (peak)",,,152 x 70 x 8 mm (5.98 x 2.76 x 0.31 in),,128GB 6GB RAM,"1, 28, 38, 41, 78 SA/NSA",USB Type-C,,GPS,No,HSDPA 900 / 2100,,,Yes,Li-Ion 4570 mAh,Fingerprint (side-mounted); unspecified sensors,
,Octa-core (4x2.0 GHz Cortex-A53 & 4x1.5 GHz Cortex-A53),LED flash,LTE,,,,Android 12,Yes,"5.0, A2DP, LE, aptX HD, aptX Adaptive",,,,,About 150 EUR,,Yes,,Nano-SIM + Nano-SIM,,8 MP,190 g (6.70 oz),Mediatek MT6762G Helio G25 (12 nm),"50 MP, (wide)2 MP, (macro)2 MP, (depth)",,"Available. Released 2022, February 16","Wi-Fi 802.11 a/b/g/n/ac, dual-band",,,,GSM 850 / 900 / 1800 / 1900,,,"720 x 1600 pixels, 20:9 ratio (~269 ppi density)",,microSDXC,,,"HSPA, LTE","Glass front, plastic frame, plastic back",Yes,"2022, February 16",1080p@30fps,GSM / HSPA / LTE,,,Sharp,,PowerVR GE8320,https://fdn2.gsmarena.com/vv/bigpic/sharp-aquos-v6plus.jpg,"6.52 inches, 102.6 cm2(~82.3% screen-to-body ratio)",Sharp Aquos V6 Plus,,"Grey Sand, Deep Blue Sea",IPS LCD,,,165.2 x 75.5 x 8.9 mm (6.50 x 2.97 x 0.35 in),,64GB 4GB RAM,,USB Type-C 3.0,,"GPS (L1+L5), GLONASS, BDS, GALILEO, QZSS",No,HSDPA 900 / 2100,USB Power Delivery 3.0,SH-C04,1080p@30fps,Li-Ion 5000 mAh,"Fingerprint (rear-mounted), accelerometer, gyro, proximity, compass",
,Octa-core (4x2.0 GHz Cortex-A53 & 4x1.5 GHz Cortex-A53),LED flash,LTE,,,,Android 12,Yes,"5.0, A2DP, LE, aptX HD, aptX Adaptive",,,,,About 130 EUR,,Yes,,Nano-SIM + Nano-SIM,,5 MP,190 g (6.70 oz),Mediatek MT6762G Helio G25 (12 nm),"13 MP, (wide)2 MP, (macro)2 MP, (depth)",,"Available. Released 2022, February 16","Wi-Fi 802.11 a/b/g/n/ac, dual-band",,,,GSM 850 / 900 / 1800 / 1900,,,"720 x 1600 pixels, 20:9 ratio (~269 ppi density)",,microSDXC,,,"HSPA, LTE","Glass front, plastic frame, plastic back",Yes,"2022, February 16",Yes,GSM / HSPA / LTE,,,Sharp,,PowerVR GE8320,https://fdn2.gsmarena.com/vv/bigpic/sharp-aquos-v6.jpg,"6.52 inches, 102.6 cm2(~82.3% screen-to-body ratio)",Sharp Aquos V6,,"Grey Sand, Deep Blue Sea",IPS LCD,,,165.2 x 75.5 x 8.9 mm (6.50 x 2.97 x 0.35 in),,32GB 3GB RAM,,USB Type-C 3.0,,GPS,No,HSDPA 900 / 2100,USB Power Delivery 3.0,,1080p@30fps,Li-Ion 5000 mAh,"Fingerprint (rear-mounted), accelerometer, gyro, proximity, compass",
IPX5/IP6X/IPX7 water/dust resistant (up to 1.5m for 30 min)MIL-STD-810G compliant,Octa-core (2x2.0 GHz Kryo 460 & 6x1.8 GHz Kryo 460),LED flash,"1, 3, 7, 8, 28, 38, 41",8 MP,,,Android 11,Yes,"5.1, A2DP, LE",,,,,About 230 EUR,,Yes,,Nano-SIM +eSIM,,"13 MP, (wide), AF",162 g (5.71 oz),Qualcomm SM4350 Snapdragon 480 5G (8 nm),,,"Available. Released 2022, January 21","Wi-Fi 802.11 a/b/g/n/ac, dual-band, Wi-Fi Direct",,,,GSM 850 / 900 / 1800 / 1900,,,"720 x 1520 pixels, 19:9 ratio (~295 ppi density)",,microSDXC,,,"HSPA, LTE, 5G","Plastic body, plastic frame",Yes,"2022, January 19",1080p@30fps,GSM / HSPA / LTE / 5G,,,Sharp,,Adreno 619,https://fdn2.gsmarena.com/vv/bigpic/sharp-aquos-wish.jpg,"5.7 inches, 81.1 cm2(~77.7% screen-to-body ratio)",Sharp Aquos wish,,"Spring Bud Green, Foggy Black",IPS LCD,,,147 x 71 x 8.9 mm (5.79 x 2.80 x 0.35 in),,64GB 4GB RAM,"1, 3, 7, 28, 38, 41, 78 SA/NSA",USB Type-C,,GPS,No,HSDPA 900 / 2100,,,1080p@30fps,Li-Ion 3730 mAh,"Fingerprint (side-mounted), accelerometer",
IPX5/IP6X/IPX8 water/dust resistant (up to 1.5m for 30 min),Octa-core (2x2.2 GHz Kryo 570 & 6x1.8 GHz Kryo 570),"LED flash, HDR, panorama","1, 3, 7, 8, 28, 38, 41",,,,Android 11,Yes,"5.1, A2DP, LE",,,,,About 400 EUR,,Yes,,Nano-SIM +eSIM,,12.6 MP,146 g (5.15 oz),Qualcomm SM7225 Snapdragon 750G 5G (8 nm),"48 MP, f/1.8, (wide), AF8 MP, f/2.4, (telephoto), AF, 2x optical zoom8 MP, f/2.4, 120˚ (ultrawide)TOF 3D (depth)",,"Available. Released 2021, October 14","Wi-Fi 802.11 a/b/g/n/ac, dual-band, Wi-Fi Direct",,,,GSM 850 / 900 / 1800 / 1900,,,"1080 x 2340 pixels, 19.5:9 ratio (~403 ppi density)",,microSDXC,,,"HSPA, LTE, 5G",,Yes,"2021, October 14",1080p@30fps,GSM / HSPA / LTE / 5G,,,Sharp,Corning Gorilla Glass Victus,Adreno 619,https://fdn2.gsmarena.com/vv/bigpic/sharp-aquos-zero6.jpg,"6.4 inches, 100.5 cm2(~87.2% screen-to-body ratio)",Sharp Aquos zero6,,Swan Black,"OLED, 1B colors, 240Hz",,,158 x 73 x 7.9 mm (6.22 x 2.87 x 0.31 in),,128GB 8GB RAM,"1, 3, 28, 78, 257 SA/NSA/mmWave",USB Type-C,,"GPS, GLONASS, BDS, GALILEO, QZSS",No,HSDPA 900 / 2100,,,1080p@30fps,Li-Ion 4010 mAh,"Fingerprint (under display, optical), accelerometer",
IPX5/IP6X/IPX8 water/dust resistant (up to 1.5m for 30 min)MIL-STD-810H compliant,Octa-core (2x2.0 GHz Kryo 560 Gold & 6x1.7 GHz Kryo 560 Silver),"LED flash, HDR, panorama","1, 3, 7, 8, 20, 28, 38, 41",,,,Android 11,Yes,"5.1, A2DP, LE",,,,,About 250 EUR,,Yes,,Nano-SIM + Nano-SIM,,8 MP,178 g (6.28 oz),Qualcomm SM6350 Snapdragon 690 5G (8 nm),"12 MP, f/2.0, (wide), AF8 MP, f/2.4, (telephoto), AF12 MP, f/2.4, 121˚ (ultrawide)",,"Available. Released 2021, June 10","Wi-Fi 802.11 a/b/g/n/ac/6, dual-band, Wi-Fi Direct",,,,GSM 850 / 900 / 1800 / 1900,,,"1080 x 2280 pixels, 19:9 ratio (~435 ppi density)",,microSDXC,,,"HSPA, LTE, 5G","Glass front, aluminum frame, aluminum back",Yes,"2020, September 25",1080p@30fps,GSM / HSPA / LTE / 5G,UFS,,Sharp,,Adreno 619L,https://fdn2.gsmarena.com/vv/bigpic/sharp-aquos-sense5g.jpg,"5.8 inches, 84.0 cm2(~79.9% screen-to-body ratio)",Sharp Aquos sense5G,,"Satin Gold, Titanium Black","IGZO IPS LCD, HDR10",,,148 x 71 x 8.9 mm (5.83 x 2.80 x 0.35 in),,128GB 8GB RAM,"1, 3, 28, 78 SA/NSA",USB Type-C 3.1,,"GPS (L1+L5), GLONASS, BDS, GALILEO, QZSS",No,HSDPA 850 / 900 / 1900 / 2100,27W wired,SHG03,"4K@30fps, 1080p@60fps, 1080p@30fps",Li-Ion 4570 mAh,"Fingerprint (front-mounted), accelerometer, gyro, proximity, compass",
IPX5/IP6X/IPX8 water/dust resistant (up to 1.5m for 30 min),Octa-core (2x2.3 GHz Kryo 465 Gold & 6x1.8 GHz Kryo 465 Silver),"LED flash, HDR, panorama","1, 2, 3, 4, 5, 7, 8, 11, 12, 17, 18, 19, 20, 26, 28, 38, 40, 41",,,,Android 10,Yes,"5.1, A2DP, LE",,,,,About 600 EUR,,Yes,,Nano-SIM,,8 MP,198 g (6.98 oz),Qualcomm SM7125 Snapdragon 720G (8 nm),,"48 MP, f/1.8, (wide), AF5 MP, f/2.2, 115˚ (ultrawide)2 MP, f/2.4, 40mm (telephoto macro)2 MP, f/2.4, (depth)","Available. Released 2020, September 11","Wi-Fi 802.11 a/b/g/n/ac, dual-band, Wi-Fi Direct",,,,GSM 850 / 900 / 1800 / 1900,,,"1080 x 2400 pixels, 20:9 ratio (~393 ppi density)",,microSDXC,,,"HSPA, LTE",,No,"2020, September 11",1080p@30fps,GSM / HSPA / LTE,,,Sharp,,Adreno 618,https://fdn2.gsmarena.com/vv/bigpic/sharp-aquos-sense4plus.jpg,"6.7 inches, 108.4 cm2(~83.7% screen-to-body ratio)",Sharp Aquos sense4 plus,,"Deep Fog Black, Cloud White","IPS LCD, 90Hz",,,166 x 78 x 8.8 mm (6.54 x 3.07 x 0.35 in),,128GB 8GB RAM,,USB Type-C,,"GPS, GLONASS, BDS, GALILEO, QZSS",No,HSDPA 850 / 900 / 1900 / 2100,,,1080p@30fps,Li-Po 4120 mAh,"Fingerprint (rear-mounted), accelerometer, gyro, proximity, compass",
IP68 dust/water resistant (up to 1.5m for 30 min),Octa-core (1x2.84 GHz Kryo 485 & 3x2.42 GHz Kryo 485 & 4x1.78 GHz Kryo 485),"LED flash, HDR, panorama","1, 2, 3, 4, 5, 6, 7, 8, 11, 12, 13, 17, 18, 19, 20, 28, 38, 39, 41 - Taiwan",,,,Android 10,"Yes, with stereo speakers","5.0, A2DP, LE, aptX HD, aptX Adaptive",,,,24-bit/192kHz Hi-Res audio,About 670 EUR,,No,,Nano-SIM,"12.2 MP, f/1.7, (wide), 1/2.55"", 1.4µm, dual pixel PDAF, OIS20 MP, f/2.4, 125˚ (ultrawide), AF","8 MP, f/2.2, 23mm (wide)",141 g (4.97 oz),Qualcomm SM8150 Snapdragon 855 (7 nm),,,"Available. Released 2020, May 22","Wi-Fi 802.11 a/b/g/n/ac, dual-band, Wi-Fi Direct",,,,GSM 850 / 900 / 1800 / 1900,HDR,,"1080 x 2340 pixels, 19.5:9 ratio (~403 ppi density)",,No,,,"HSPA, LTE",,Yes,"2020, May 22","1080p@30fps, gyro-EIS",GSM / HSPA / LTE,UFS 3.0,,Sharp,Corning Gorilla Glass 6,Adreno 640,https://fdn2.gsmarena.com/vv/bigpic/sharp-aquos-zero2.jpg,"6.4 inches, 100.5 cm2(~86.0% screen-to-body ratio)",Sharp Aquos Zero 2,,Blue,"OLED, 1B colors, 240Hz, HDR10, Dolby Vision",,,158 x 74 x 8.8 mm (6.22 x 2.91 x 0.35 in),,256GB 8GB RAM,,USB Type-C 2.0,,"GPS (L1+L5), GLONASS, BDS, GALILEO, QZSS",No,HSDPA 850 / 900 / 1700(AWS) / 1900 / 2100,"Wired, PD2.0","SH-Z20, SHV47, 906SH","4K@30fps, 1080p@30fps, gyro-EIS",Li-Ion 3130 mAh,"Fingerprint (under display, optical), accelerometer, gyro, proximity, compass",
IPX5/IP6X/IPX8 water/dust resistant (up to 1.5m for 30 min),Octa-core (1x2.84 GHz Cortex-A77 & 3x2.42 GHz Cortex-A77 & 4x1.80 GHz Cortex-A55),"LED flash, panorama","1, 3, 7, 8, 20, 28, 38, 41",,,,Android 10,"Yes, with stereo speakers","5.1, A2DP, LE, aptX HD, aptX Adaptive",,,,24-bit/192kHz Hi-Res audio,About 700 EUR,,No,,Nano-SIM,,"16 MP, f/2.0, 26mm (wide), 0.7µm",189 g (6.67 oz),Qualcomm SM8250 Snapdragon 865 5G (7 nm+),"12 MP, f/1.7, 26mm (wide), 1.4µm, dual pixel PDAF, OIS12 MP, f/2.7, 52mm (telephoto), 1.0µm, PDAF, 2x optical zoom, OIS48 MP, f/2.9, 19mm (ultrawide), 0.8µmTOF 3D (depth)",,"Available. Released 2020, February","Wi-Fi 802.11 a/b/g/n/ac/ax/6, dual-band, Wi-Fi Direct",,,,GSM 850 / 900 / 1800 / 1900,,,1440 x 3168 pixels (~544 ppi density),,No,,,"HSPA, LTE, 5G",,Yes,"2020, February",1080p@30fps,GSM / HSPA / LTE / 5G,UFS 3.0,,Sharp,,Adreno 650,https://fdn2.gsmarena.com/vv/bigpic/sharp-aquosr5g.jpg,"6.4 inches, 99.5 cm2(~81.9% screen-to-body ratio)",Sharp Aquos R5G,,"Glare Black, Aurora White","IGZO IPS LCD, 1B colors, 120Hz, Dolby Vision",,,162 x 75 x 8.9 mm (6.38 x 2.95 x 0.35 in),,256GB 12GB RAM,"1, 3, 28, 78 SA/NSA",USB Type-C 3.1,,"GPS (L1+L5), GLONASS, BDS, GALILEO, QZSS",No,HSDPA 850 / 900 / 1900 / 2100,,"SH-51A, SHG01, SH-R50","8K@30fps, 1080p@30fps",Li-Ion 3730 mAh,"Fingerprint (front-mounted), accelerometer, gyro, proximity, compass",
,Octa-core (4x2.35 GHz Kryo & 4x1.9 GHz Kryo),"LED flash, HDR, panorama","1, 3, 5, 7, 8, 13, 20, 38, 40",,,,Android 9.0 (Pie),Yes,"5.0, A2DP, LE",,,,,About 210 EUR,,Yes,,Nano-SIM + Nano-SIM,"13 MP, f/2.0, PDAF, OIS13 MP B/W","8 MP, f/2.0",173 g (6.10 oz),Qualcomm MSM8998 Snapdragon 835 (10 nm),,,"Available. Released 2019, November","Wi-Fi 802.11 a/b/g/n/ac, dual-band, Wi-Fi Direct",,,,GSM 850 / 900 / 1800 / 1900,HDR,,"1080 x 2160 pixels, 18:9 ratio (~409 ppi density)",,microSDXC (uses shared SIM slot),,,"HSPA 42.2/5.76 Mbps, LTE (2CA) Cat9 450/50 Mbps",,No,"2019, November",1080p@30fps (gyro-EIS),GSM / HSPA / LTE,,,Sharp,Corning Gorilla Glass 5,Adreno 540,https://fdn2.gsmarena.com/vv/bigpic/sharp-aquos-v.jpg,"5.9 inches, 89.8 cm2(~75.3% screen-to-body ratio)",Sharp Aquos V,,Black,IPS LCD,,,157 x 76 x 9 mm (6.18 x 2.99 x 0.35 in),,64GB 4GB RAM,,USB Type-C 2.0,,"GPS, GLONASS, GALILEO, QZSS",No,HSDPA 850 / 900 / 1900 / 2100,,SH-C02,"4K@30fps, 1080p@30fps (gyro-EIS)","Li-Ion 3090 mAh, non-removable","Fingerprint (rear-mounted), accelerometer, proximity, compass",
IPX5/IP6X/IPX8 water/dust resistant (up to 1.5m for 30 min),Octa-core (1x2.84 GHz Kryo 485 & 3x2.42 GHz Kryo 485 & 4x1.78 GHz Kryo 485),"Dual-LED flash, HDR, panorama","1, 3, 7, 8, 28, 38",,,,"Android 9.0 (Pie), upgradable to Android 10","Yes, with stereo speakers","5.0, A2DP, LE",,,,24-bit/192kHz Hi-Res audio,About 750 EUR,,Yes,,Nano-SIM + Nano-SIM,"12.2 MP, f/1.7, (wide), 1/2.55"", 1.4µm, dual pixel PDAF, OIS20 MP, f/2.4, 125˚ (ultrawide), AF, OIS","16 MP, f/2.0",185 g (6.53 oz),Qualcomm SM8150 Snapdragon 855 (7 nm),,,"Available. Released 2019, August","Wi-Fi 802.11 a/b/g/n/ac, dual-band, Wi-Fi Direct",,,,GSM 850 / 900 / 1800 / 1900,,,"1440 x 3120 pixels, 19.5:9 ratio (~554 ppi density)",,microSDXC (uses shared SIM slot),,,"HSPA 42.2/5.76 Mbps, LTE (3CA) Cat15 1024/50 Mbps",,Yes,"2019, August",1080p@30fps,GSM / HSPA / LTE,UFS,,Sharp,Corning Gorilla Glass 5,Adreno 640,https://fdn2.gsmarena.com/vv/bigpic/sharp-aquosa3.jpg,"6.2 inches, 94.4 cm2(~81.7% screen-to-body ratio)",Sharp Aquos R3,,Classic Black,"IGZO IPS LCD, 1B colors, 120Hz, HDR10, Dolby Vision",,,156 x 74 x 8.9 mm (6.14 x 2.91 x 0.35 in),,128GB 6GB RAM,,USB Type-C 3.0,,"GPS, GLONASS",No,HSDPA 900 / 2100,"Wired, PDWireless",,1080p@30fps,Li-Po 3200 mAh,"Fingerprint (front-mounted), accelerometer, gyro, proximity, compass",
IP68 dust/water resistant (up to 1.5m for 30 min),Octa-core (4x2.6 GHz Kryo 385 Gold & 4x1.7 GHz Kryo 385 Silver),"LED flash, HDR, panorama","1, 3, 7, 8, 28, 38","8 MP, f/2.2, 23 mm",,,Android 9.0 (Pie),"Yes, with stereo speakers","5.0, A2DP, LE",,,,,About 600 EUR,,No,,Nano-SIM,,"22.6 MP, f/1.9, 22 mm, PDAF, OIS",146 g (5.15 oz),Qualcomm SDM845 Snapdragon 845 (10 nm),,,"Available. Released 2019, January","Wi-Fi 802.11 a/b/g/n/ac, dual-band, Wi-Fi Direct",,,,GSM 850 / 900 / 1800 / 1900,HDR,,"1440 x 2992 pixels, 18.7:9 ratio (~536 ppi density)",,No,,,"HSPA 42.2/5.76 Mbps, LTE (3CA) Cat15 1024/50 Mbps","Glass front (Gorilla Glass 5), aluminum frame",Yes,"2019, January",1080p@30fps,GSM / HSPA / LTE,24-bit/192kHz Hi-Res audio,,Sharp,Corning Gorilla Glass 5,Adreno 630,https://fdn2.gsmarena.com/vv/bigpic/sharp-aquos-zero.jpg,"6.2 inches, 96.9 cm2(~86.2% screen-to-body ratio)",Sharp Aquos Zero,,Meteorite Black,"OLED, HDR10, Dolby Vision",,,154 x 73 x 8.8 mm (6.06 x 2.87 x 0.35 in),,128GB 6GB RAM,,USB Type-C 2.0,,"GPS, GLONASS, GALILEO, QZSS",No,HSDPA 900 / 2100,"18W wired, PD2.0",SH-Z10,"4K@30fps, 1080p@30fps (gyro-EIS)","Li-Ion 3130 mAh, non-removable","Fingerprint (rear-mounted), accelerometer, gyro, proximity, compass",
IP68 dust/water resistant (up to 1.5m for 30 min),Octa-core (4x2.6 GHz Kryo 385 Gold & 4x1.7 GHz Kryo 385 Silver),"LED flash, HDR, panorama","1, 3, 5, 8, 11, 12, 17, 19, 26, 28, 41, 42","8 MP, f/2.2, 23 mm",,,Android 9.0 (Pie),Yes,"5.0, A2DP, LE",,,,,,,Yes,,Nano-SIM,,"22.6 MP, f/1.9, 22 mm, PDAF, OIS",135 g (4.76 oz),Qualcomm SDM845 Snapdragon 845 (10 nm),,,"Available. Released 2019, January","Wi-Fi 802.11 a/b/g/n/ac, dual-band, Wi-Fi Direct",,,,GSM 850 / 900 / 1800 / 1900,,,"1080 x 2280 pixels, 19:9 ratio (~485 ppi density)",,microSDXC (dedicated slot),,,"HSPA, LTE","Glass front (Gorilla Glass 3), plastic back, aluminum frame",Yes,"2018, November",1080p@30fps,GSM / HSPA / LTE,24-bit/192kHz Hi-Res audio,,Sharp,Corning Gorilla Glass 3,Adreno 630,https://fdn2.gsmarena.com/vv/bigpic/sharp-aquos-r2-compact-.jpg,"5.2 inches, 67.5 cm2(~80.5% screen-to-body ratio)",Sharp Aquos R2 compact,,"Smokey Green, Deep White, Pure Black","IGZO IPS LCD, 120Hz, HDR10",,,131 x 64 x 9.3 mm (5.16 x 2.52 x 0.37 in),,64GB 4GB RAM,,USB Type-C 2.0,,"GPS, GLONASS, GALILEO, QZSS",No,HSDPA 800 / 850 / 900 / 2100,"18W wired, PD2.0",SH-M09,"4K@30fps, 1080p@30/60fps (gyro-EIS)","Li-Ion 2500 mAh, non-removable","Fingerprint (front-mounted), accelerometer, gyro, proximity, compass",
,Octa-core (4x2.6 GHz Cortex-A53 & 4x1.8 GHz Cortex A53),"Dual-LED dual-tone flash, panorama, HDR","1, 3, 5, 7, 8, 20",,,,"Android 8.0 (Oreo), Sharp UI",Yes,"4.0, A2DP, LE",,,,,About 400 EUR,,Yes,,Nano-SIM + Nano-SIM,"12 MP, f/1.8, 1/2.55"", 1.4µm, PDAF13 MP, 1/3.4"", 1.0µm","16 MP, f/2.0, (wide), 1/3.06"", 1.0µm",165 g (5.82 oz),Qualcomm SDM630 Snapdragon 630 (14 nm),,,"Available. Released 2018, October","Wi-Fi 802.11 a/b/g/n/ac, dual-band, Wi-Fi Direct",,,,GSM 850 / 900 / 1800 / 1900,,,"1080 x 2160 pixels, 18:9 ratio (~403 ppi density)",,microSDXC (uses shared SIM slot),,,"HSPA 14.4/5.76 Mbps, LTE Cat4 150/50 Mbps",,Yes,"2018, August",1080p@30fps,GSM / HSPA / LTE,,,Sharp,Corning Gorilla Glass 3,Adreno 508,https://fdn2.gsmarena.com/vv/bigpic/sharp-aquos-d10-.jpg,"5.99 inches, 92.6 cm2(~84.2% screen-to-body ratio)",Sharp Aquos D10,,Black,IPS LCD,,,148.2 x 74.2 x 8 mm (5.83 x 2.92 x 0.31 in),,64GB 4GB RAM,,"USB Type-C 2.0, OTG",,"GPS, GLONASS, GALILEO",FM radio,HSDPA 850 / 900 / 1900 / 2100,,SH-D01,"4K@30fps, 1080p@30fps","Li-Ion 2900 mAh, non-removable","Fingerprint (front-mounted), accelerometer, gyro, proximity, compass",
eMMC 5.1,Octa-core (4x1.5 GHz Cortex-A53 & 4x1.2 GHz Cortex-A53),"LED flash, panorama, HDR","1, 3, 5, 7, 8, 20",,,,"Android 7.0 (Nougat), Sharp UI",Yes,"4.0, A2DP",0.47 W/kg (head),,,,About 300 EUR,,Yes,,Nano-SIM + Micro-SIM,"13 MP, f/2.0, AF8 MP","13 MP, f/2.2",175 g (6.17 oz),Mediatek MT6750T (28 nm),,,"Available. Released 2018, July","Wi-Fi 802.11 b/g/n, Wi-Fi Direct",,,,GSM 850 / 900 / 1800 / 1900,,,"720 x 1440 pixels, 18:9 ratio (~282 ppi density)",,microSDXC (uses shared SIM slot),,,"HSPA 14.4/5.76 Mbps, LTE Cat4 150/50 Mbps",,Yes,"2018, July",1080p@30fps,GSM / HSPA / LTE,,,Sharp,Corning Gorilla Glass (unspecified version),Mali-T860MP2,https://fdn2.gsmarena.com/vv/bigpic/sharp-aquous-b10-.jpg,"5.7 inches, 83.8 cm2(~76.0% screen-to-body ratio)",Sharp Aquos B10,,Black,TFT,,,153.5 x 71.9 x 8.8 mm (6.04 x 2.83 x 0.35 in),,32GB 3GB RAM,,"microUSB 2.0, OTG",,GPS,"Stereo FM radio, RDS",HSDPA 850 / 900 / 1900 / 2100,,SH-A01,1080p@30fps,"Li-Ion 4000 mAh, non-removable","Fingerprint (rear-mounted), accelerometer, proximity",
,Octa-core (4x2.2 GHz Cortex-A53 & 4x1.8 GHz Cortex A53),"Dual-LED dual-tone flash, panorama, HDR","1, 3, 7, 8, 20",,,,"Android 8.0 (Oreo), Sharp UI",Yes,"5.0, A2DP, LE",0.35 W/kg (head),,,,About 400 EUR,,No,,Nano-SIM + Nano-SIM,"12 MP, f/1.8, 1/2.55"", 1.4µm, PDAF8 MP, f/2.0, 1/3.2"", 1.4µm","8 MP, f/2.0, 1/3.2"", 1.4µm",140 g (4.94 oz),Qualcomm SDM630 Snapdragon 630 (14 nm),,,"Available. Released 2018, July","Wi-Fi 802.11 a/b/g/n/ac, dual-band, Wi-Fi Direct",,,,GSM 850 / 900 / 1800 / 1900,1080p@30fps,,"1080 x 2040 pixels, 17:9 ratio (~420 ppi density)",,microSDXC (uses shared SIM slot),,,"HSPA 42.2/11.5 Mbps, LTE Cat4 150/50 Mbps","Glass front (Gorilla Glass), glass back, aluminum frame",Yes,"2018, July",1080p@30fps,GSM / HSPA / LTE,,,Sharp,Corning Gorilla Glass (unspecified version),Adreno 508,https://fdn2.gsmarena.com/vv/bigpic/sharp-aquous-c10-.jpg,"5.5 inches, 80.7 cm2(~79.0% screen-to-body ratio)",Sharp Aquos C10,,Black,IPS LCD,,,141.8 x 72 x 7.9 mm (5.58 x 2.83 x 0.31 in),,64GB 4GB RAM,,"USB Type-C 2.0, OTG",,"GPS, GLONASS, GALILEO",FM radio,HSDPA 850 / 900 / 1900 / 2100,18W wired,,1080p@30fps,"Li-Ion 2700 mAh, non-removable","Fingerprint (front-mounted), accelerometer, gyro, proximity, compass",
CDMA 800 & TD-SCDMA,Octa-core (4x2.2 GHz Kryo 260 Gold & 4x1.8 GHz Kryo 260 Silver),"Dual-LED dual-tone flash, HDR, panorama","1, 3, 4, 5, 7, 8, 12, 17, 28, 34, 38, 39, 40, 41",,,,Android 8.0 (Oreo),Yes,"5.0, A2DP, LE",,,,,About 400 EUR,,Yes,,Nano-SIM + Nano-SIM,"12 MP, f/1.8, 1/2.55"", 1.4µm, dual pixel PDAF13 MP, 2x optical zoom","16 MP, f/2.0, (wide), 1/3.06"", 1.0µm",167.4 g (5.93 oz),Qualcomm SDM660 Snapdragon 660 (14 nm),,,"Available. Released 2018, July","Wi-Fi 802.11 a/b/g/n/ac, dual-band, Wi-Fi Direct",,,,GSM 850 / 900 / 1800 / 1900,,,"1080 x 2160 pixels, 18:9 ratio (~402 ppi density)",,microSDXC (uses shared SIM slot),,,"HSPA 42.2/5.76 Mbps, LTE (2CA) Cat6 300/50 Mbps",,Yes,"2018, June",1080p@30fps,GSM / CDMA / HSPA / LTE,eMMC 5.1,,Sharp,,Adreno 512,https://fdn2.gsmarena.com/vv/bigpic/sharp-aquos-s3-1.jpg,"6.0 inches, 92.9 cm2(~84.5% screen-to-body ratio)",Sharp Aquos S3 High,,"Black, Gold",IGZO IPS LCD,,,148.2 x 74.2 x 8 mm (5.83 x 2.92 x 0.31 in),,64GB 8GB RAM,,"USB Type-C 2.0, OTG",,"GPS, GLONASS",No,HSDPA 850 / 900 / 1900 / 2100,"18W wired, QC37.5W wireless (Qi)",,1080p@30fps,"Li-Ion 3200 mAh, non-removable","Fingerprint (front-mounted), accelerometer, gyro, proximity, compass",
CDMA 800 & TD-SCDMA,Octa-core (4x2.6 GHz Kryo 385 Gold & 4x1.7 GHz Kryo 385 Silver),"LED flash, HDR, panorama","1, 3, 5, 8, 11, 12, 17, 19, 26, 28, 41, 42",,,,"Android 8.0 (Oreo), upgradable to Android 10",Yes,"5.0, A2DP, LE",,,,,About 350 EUR,,Yes,,Nano-SIM + Nano-SIM,"22.6 MP, PDAF16.3 MP, PDAF (for video recording only)",16.3 MP,181 g (6.38 oz),Qualcomm SDM845 Snapdragon 845 (10 nm),,,"Available. Released 2018, May","Wi-Fi 802.11 a/b/g/n/ac, dual-band, Wi-Fi Direct",,,,GSM 850 / 900 / 1800 / 1900,,,"1440 x 3040 pixels, 19:9 ratio (~561 ppi density)",,microSDXC (uses shared SIM slot),,,"HSPA, LTE",,Yes,"2018, May",,GSM / CDMA / HSPA / LTE,IPX5/IPX8/IP6X,,Sharp,,Adreno 630,https://fdn2.gsmarena.com/vv/bigpic/sharp-aquos-r2.jpg,"6.0 inches, 89.9 cm2(~77.8% screen-to-body ratio)",Sharp Aquos R2,,"Black, White",IGZO IPS LCD,,,156 x 74 x 9 mm (6.14 x 2.91 x 0.35 in),,64GB 4GB RAM,,USB Type-C 2.0,,"GPS, GLONASS",No,HSDPA 850 / 900 / 1900 / 2100,10W wired,"706SH, SHV42",4K@30fps (dedicated video camera),"Li-Ion 3130 mAh, non-removable","Fingerprint (front-mounted), accelerometer, gyro, proximity, compass",
CDMA 800 & TD-SCDMA,Octa-core 2.2 GHz Cortex-A53,"Dual-LED dual-tone flash, HDR, panorama","1, 3, 4, 5, 7, 8, 12, 17, 28, 34, 38, 39, 40, 41",,,,Android 8.0 (Oreo),Yes,"5.0, A2DP, LE",,,,,About 400 EUR,,Yes,,Nano-SIM + Nano-SIM,"12 MP, f/1.8, 1/2.55"", 1.4µm, dual pixel PDAF13 MP, 2x optical zoom","16 MP, f/2.0, (wide), 1/3.06"", 1.0µm",165.4 g (5.82 oz),Qualcomm SDM630 Snapdragon 630 (14 nm),,,"Available. Released 2018, April","Wi-Fi 802.11 a/b/g/n/ac, dual-band, Wi-Fi Direct",,,,GSM 850 / 900 / 1800 / 1900,,,"1080 x 2160 pixels, 18:9 ratio (~402 ppi density)",,microSDXC (uses shared SIM slot),,,"HSPA 42.2/5.76 Mbps, LTE (2CA) Cat6 300/50 Mbps",,Yes,"2018, March",1080p@30fps,GSM / CDMA / HSPA / LTE,,,Sharp,,Adreno 508,https://fdn2.gsmarena.com/vv/bigpic/sharp-aquos-s3-1.jpg,"6.0 inches, 92.9 cm2(~84.5% screen-to-body ratio)",Sharp Aquos S3,,"Black,Blue, Gold",IGZO IPS LCD,,,148.2 x 74.2 x 8 mm (5.83 x 2.92 x 0.31 in),,64GB 6GB RAM,,"USB Type-C 2.0, OTG",,"GPS, GLONASS",No,HSDPA 850 / 900 / 1900 / 2100,"18W wired, QC3",FS8032,1080p@30fps,"Li-Ion 3200 mAh, non-removable","Fingerprint (rear-mounted), accelerometer, gyro, proximity, compass",
CDMA 800 & TD-SCDMA,Octa-core 2.2 GHz Cortex-A53,"LED flash, HDR, panorama","1, 3, 5, 8, 11, 12, 17, 19, 26, 28, 41, 42","20 MP, f/2.0, (wide), 1/3"", 0.9µm",,,Android 7.1.1 (Nougat),Yes,"4.2, A2DP, LE",,,,,About 250 EUR,,Yes,,Nano-SIM + Nano-SIM,,"16 MP, f/2.0, PDAF",140 g (4.94 oz),Qualcomm SDM630 Snapdragon 630 (14 nm),,,"Available. Released 2018, March","Wi-Fi 802.11 b/g/n, Wi-Fi Direct",,,,GSM 850 / 900 / 1800 / 1900,,,"1080 x 2040 pixels, 17:9 ratio (~420 ppi density)",,microSDXC (uses shared SIM slot),,,"HSPA, LTE","Glass front, glass back, aluminum frame",No,"2018, March",1080p@30fps,GSM / CDMA / HSPA / LTE,,,Sharp,,Adreno 508,https://fdn2.gsmarena.com/vv/bigpic/sharp-aquos-s3-mini.jpg,"5.5 inches, 80.7 cm2(~77.5% screen-to-body ratio)",Sharp Aquos S3 mini,,"Black,Blue, Gold",IGZO IPS LCD,,,142.7 x 73 x 7.8 mm (5.62 x 2.87 x 0.31 in),,64GB 6GB RAM,,"USB Type-C 2.0, OTG",,GPS,No,HSDPA 850 / 900 / 1900 / 2100,10W wired,,1080p@30fps,"Li-Ion 3020 mAh, non-removable","Fingerprint (front-mounted), accelerometer, gyro, proximity, compass",
eMMC 5.0,Quad-core 1.3 GHz Cortex-A53,"LED flash, panorama, HDR","1, 3, 5, 7, 8, 40",,,,Android 7.0 (Nougat),Yes,"4.0, A2DP",,,,,About 110 EUR,,No,,Nano-SIM + Nano-SIM,"13 MP, f/2.2, AF2 MP, (depth)",8 MP,-,Mediatek MT6737M (28 nm),,,"Available. Released 2018, March","Wi-Fi 802.11 b/g/n, Wi-Fi Direct",,,,GSM 850 / 900 / 1800 / 1900,,,"720 x 1280 pixels, 16:9 ratio (~282 ppi density)",,microSDXC,,,"HSPA 42.2/5.76 Mbps, LTE Cat4 150/50 Mbps",,No,"2018, February",,GSM / HSPA / LTE,,,Sharp,Scratch-resistant glass,Mali-T720,https://fdn2.gsmarena.com/vv/bigpic/sharp-pi.jpg,"5.2 inches, 74.5 cm2",Sharp Pi,,"White/Gold, black",IPS LCD,,,-,,16GB 2GB RAM,,"microUSB 2.0, OTG",,GPS,FM radio,HSDPA 850 / 900 / 1900 / 2100,,,1080p@30fps,Li-Ion 3000 mAh battery,"Fingerprint (front-mounted), accelerometer, proximity",
eMMC 5.1,Octa-core (4x1.5 GHz Cortex-A53 & 4x1.0 GHz Cortex-A53),"Dual-LED dual-tone flash, panorama, HDR","1, 3, 5, 7, 8, 40",,,,Android 7.0 (Nougat),Yes,"4.2, A2DP, LE",,,,,About 170 EUR,,No,,Nano-SIM + Nano-SIM,"13 MP, f/2.0, AF5 MP, f/2.4, (depth)","5 MP, f/2.4",-,Mediatek MT6750 (28 nm),,,"Available. Released 2018, March",Wi-Fi 802.11 b/g/n,,,,GSM 850 / 900 / 1800 / 1900,,,"720 x 1280 pixels, 16:9 ratio (~267 ppi density)",,microSDXC (uses shared SIM slot),,,"HSPA, LTE",,No,"2018, February",,GSM / HSPA / LTE,,,Sharp,,Mali-T860MP2,https://fdn2.gsmarena.com/vv/bigpic/sharp-r1s1.jpg,"5.5 inches, 83.4 cm2",Sharp R1S,,Black,IPS LCD,,,-,,32GB 3GB RAM,,"microUSB 2.0, OTG",,GPS,FM radio,HSDPA 850 / 900 / 1900 / 2100,Reverse wired,"FS8028, FS8014",1080p@30fps,"Li-Ion 5000 mAh, non-removable","Fingerprint (front-mounted), accelerometer, proximity",
CDMA 800 & TD-SCDMA,Octa-core (4x2.2 GHz Cortex-A53 & 4x1.8 GHz Cortex A53) - 64/4GBOcta-core (4x2.2 GHz Kryo 260 Gold & 4x1.8 GHz Kryo 260 Silver) - 128/6GB,"Dual-LED dual-tone flash, panorama, HDR","1, 3, 4, 5, 7, 8, 12, 28, 39, 40, 41",,,,Android 7.1.1 (Nougat),Yes,"4.2, A2DP, LE",,,,,About 450 EUR,,No,,Nano-SIM + Nano-SIM,"12 MP, f/1.8, 1/2.55"", 1/3.2"", 1.4µm, dual pixel PDAF8 MP","8 MP, f/2.0, 1/3.2"", 1.4µm",140 g (4.94 oz),Qualcomm SDM630 Snapdragon 630 (14 nm) - 64/4GBQualcomm SDM660 Snapdragon 660 (14 nm) - 128/6GB,,,"Available. Released 2017, August","Wi-Fi 802.11 a/b/g/n/ac, dual-band, Wi-Fi Direct",,,,GSM 850 / 900 / 1800 / 1900,,,"1080 x 2040 pixels, 17:9 ratio (~420 ppi density)",,microSDXC (uses shared SIM slot),,,"HSPA 42.2/5.76 Mbps, LTE (2CA) Cat6 300/50 Mbps","Glass front (Gorilla Glass), glass back, aluminum frame",Yes,"2017, August",,GSM / CDMA / HSPA / LTE,eMMC 5.1,,Sharp,Corning Gorilla Glass (unspecified version),Adreno 508 - 64/4GBAdreno 512 - 128/6GB,https://fdn2.gsmarena.com/vv/bigpic/sharp-aquos-s2.jpg,"5.5 inches, 80.7 cm2(~79.0% screen-to-body ratio)",Sharp Aquos S2,,"White, Black, Blue, Green",IPS LCD,,,141.8 x 72 x 7.9 mm (5.58 x 2.83 x 0.31 in),GeekBench: 4046 (v4.4)GFXBench: 5.6fps (ES 3.1 onscreen),"64GB 4GB RAM, 128GB 6GB RAM",,"USB Type-C, OTG",,"GPS, GLONASS, BDS",No,HSDPA 850 / 900 / 1900 / 2100,10W wired,FS8010,1080p@30fps,"Li-Po 3020 mAh, non-removable","Fingerprint (front-mounted), accelerometer, gyro, proximity, compass",
CDMA 800 & TD-SCDMA,Octa-core (4x1.8 GHz Cortex-A72 & 4x1.4 GHz Cortex-A53),"Dual-LED flash, panorama, HDR","1, 3, 5, 7, 8, 28, 38, 39, 40, 41","13 MP, f/1.8, PDAF",,,Android 7.0 (Nougat),Yes,"4.0, A2DP, LE",,,,24-bit/192kHz audio,About 380 EUR,,Yes,,Nano-SIM + Nano-SIM,,"16 MP, f/2.0, PDAF, OIS",185 g (6.53 oz),Qualcomm MSM8976 Snapdragon 652 (28 nm),,,"Available. Released 2017, April","Wi-Fi 802.11 a/b/g/n/ac, dual-band, Wi-Fi Direct",,,,GSM 850 / 900 / 1800 / 1900,,,"1440 x 2560 pixels, 16:9 ratio (~515 ppi density)",,microSDXC (uses shared SIM slot),,,"HSPA, LTE",,No,"2017, April",,GSM / CDMA / HSPA / LTE,eMMC 5.1,,Sharp,Corning Gorilla Glass (unspecified version),Adreno 510,https://fdn2.gsmarena.com/vv/bigpic/sharp-z3.jpg,"5.7 inches, 89.6 cm2(~72.7% screen-to-body ratio)",Sharp Z3,,Champagne Gold,IPS LCD,,,157 x 78.5 x 7.8 mm (6.18 x 3.09 x 0.31 in),,64GB 4GB RAM,,microUSB 2.0,,GPS,FM radio,HSDPA 850 / 900 / 1900 / 2100,10W wired,"Z3, FS8009",1080p@30fps,"Li-Ion 3100 mAh, non-removable","Fingerprint (front-mounted), accelerometer, gyro, proximity, compass",
,"Deca-core (2x2.3GHz Cortex-A72, 4x2.0GHz Cortex-A53, 4x1.4GHz Cortex-A53)","LED flash, panorama, HDR",LTE,8 MP,,,Android 6.0 (Marshmallow),Yes,"4.1, A2DP, LE",,,,,About 330 EUR,,Yes,,Nano-SIM + Nano-SIM,,"16 MP, PDAF",160 g (5.64 oz),Mediatek MT6797 Helio X20 (20 nm),,,Discontinued,Wi-Fi 802.11 a/b/g/n,Yes,,,GSM 850 / 900 / 1800 / 1900,,,"1080 x 1920 pixels, 16:9 ratio (~401 ppi density)",,microSDXC (uses shared SIM slot),,,"HSPA, LTE",,No,"2016, October. Released 2016, October",,GSM / HSPA / LTE,,,Sharp,Corning Gorilla Glass (unspecified version),Mali-T880 MP4,https://fdn2.gsmarena.com/vv/bigpic/sharp-z2.jpg,"5.5 inches, 83.4 cm2(~71.7% screen-to-body ratio)",Sharp Z2,,"Silver, Gold",IPS LCD,,,153 x 76 x 8.4 mm (6.02 x 2.99 x 0.33 in),,32GB 4GB RAM,,USB Type-C,,"GPS, GLONASS",FM radio,HSDPA 850 / 900 / 1900 / 2100,,FS8002,1080p@30fps,"Li-Ion 3000 mAh, non-removable","Fingerprint (rear-mounted), accelerometer, gyro, proximity, compass",
,Octa-core 1.3 GHz Cortex-A53,"LED flash, panorama, HDR",LTE,13 MP,,,Android 6.0 (Marshmallow),Yes,"4.1, A2DP, LE",,,,,About 240 EUR,,Yes,,Nano-SIM + Nano-SIM,,"13 MP, AF",151 g (5.33 oz),Mediatek MT6753 (28 nm),,,Discontinued,Wi-Fi 802.11 a/b/g/n,,,,GSM 850 / 900 / 1800 / 1900,,,"1080 x 1920 pixels, 16:9 ratio (~401 ppi density)",,microSDXC (uses shared SIM slot),,,"HSPA, LTE",,No,"2016, October. Released 2016, October",,GSM / HSPA / LTE,,,Sharp,Corning Gorilla Glass (unspecified version),Mali-T720MP3,https://fdn2.gsmarena.com/vv/bigpic/sharp-ms1.jpg,"5.5 inches, 83.4 cm2(~70.0% screen-to-body ratio)",Sharp MS1,,"Hanayome White, Pure Pink",IPS LCD,,,155 x 76.9 x 7.6 mm (6.10 x 3.03 x 0.30 in),,64GB 3GB RAM,,microUSB 2.0,,GPS,FM radio,HSDPA 850 / 900 / 1900 / 2100,,FS8001,1080p@30fps,"Li-Ion 2600 mAh, non-removable","Accelerometer, proximity, compass",
Splash resistant,Octa-core (4x1.5 GHz Cortex-A53 & 4x2.0 GHz Cortex-A57),"LED flash, panorama, HDR",LTE 900 / 1700 / 2100 / 2500,2.1 MP,Up to 410 h (2G) / Up to 450 h (3G),,Android 5.0 (Lollipop),Yes,"4.1, A2DP",,,,Direct Wave Receiver,About 340 EUR,,Yes,,Nano-SIM,,"13 MP, AF",168 g (5.93 oz),Qualcomm MSM8994 Snapdragon 810 (20 nm),,,Discontinued,"Wi-Fi 802.11 a/b/g/n/ac, dual-band, hotspot",,,,GSM 900 / 1800 / 1900,,,"1080 x 1920 pixels, 16:9 ratio (~386 ppi density)",Up to 11 h 30 min (2G) / Up to 22 h 30 min (3G),microSDXC (dedicated slot),,,"HSPA 42.2/5.76 Mbps, LTE (2CA) Cat6 300/50 Mbps",,Yes,"2015, May. Released 2015, July",1080p@30fps,GSM / HSPA / LTE,eMMC 5.0,,Sharp,,Adreno 430,https://fdn2.gsmarena.com/vv/bigpic/sharp-aquos-xx.jpg,"5.7 inches, 89.6 cm2(~77.7% screen-to-body ratio)",Sharp Aquos Xx,,"Black, White, Red",S-PureLED,,,146 x 79 x 8.7 mm (5.75 x 3.11 x 0.34 in),,32GB 3GB RAM,,microUSB 2.0,,GPS,No,HSDPA 900 / 2100,,"304SH, 404SH","4K@30fps, 1080p@120fps, 480p@210fps","Li-Ion 3000 mAh, non-removable","Accelerometer, gyro, proximity, compass",
Splash resistant,Quad-core 1.2 GHz Cortex-A7,"LED flash, panorama, HDR","1, 3, 8, 42",2.1 MP,,,Android 5.0 (Lollipop),Yes,"4.0, A2DP",,,,Direct Wave Receiver,About 300 EUR,,Yes,,Nano-SIM,,"8 MP, AF",154 g (5.43 oz),Qualcomm MSM8926 Snapdragon 400 (28 nm),,,Discontinued,Wi-Fi 802.11 b/g,,,,GSM 900 / 1800 / 1900,,,"720 x 1280 pixels, 16:9 ratio (~282 ppi density)",,microSDXC (dedicated slot),,,"HSPA, LTE","Glass front, plastic back, plastic frame",Yes,"2015, May. Released 2015, July",,GSM / HSPA / LTE,eMMC 4.5,,Sharp,,Adreno 305,https://fdn2.gsmarena.com/vv/bigpic/sharp-aquos-crystal-2.jpg,"5.2 inches, 74.5 cm2(~77.2% screen-to-body ratio)",Sharp Aquos Crystal 2,,"Black, White, Red, Blue",S-PureLED,,,136 x 71 x 11 mm (5.35 x 2.80 x 0.43 in),,16GB 2GB RAM,,microUSB 2.0,,GPS,No,HSDPA 900 / 2100,,403SH,1080p@30fps,"Li-Ion 2030 mAh, non-removable","Accelerometer, proximity, compass",
eMMC 4.5,Quad-core 1.2 GHz Cortex-A7,"LED flash, panorama, HDR","25, 26, 41",1.2 MP,,,Android 4.4.2 (KitKat),Yes,"4.0, A2DP, LE",,,,,About 180 EUR,,Yes,,Micro-SIM,,"8 MP, AF",141 g (4.97 oz),Qualcomm MSM8926 Snapdragon 400 (28 nm),,,Discontinued,"Wi-Fi 802.11 b/g/n, hotspot",,,,CDMA 800 / 1900,,,"720 x 1280 pixels, 16:9 ratio (~294 ppi density)",Up to 13 h,microSDXC (dedicated slot),,,"EV-DO Rev.A 3.1 Mbps, LTE","Glass front, plastic back, plastic frame",No,"2014, August. Released 2014, August",,CDMA / EVDO / LTE,Tuned by Harman KardonDirect Wave Receiver,,Sharp,,Adreno 305,https://fdn2.gsmarena.com/vv/bigpic/sharp-aquos-crystal.jpg,"5.0 inches, 68.9 cm2(~78.5% screen-to-body ratio)",Sharp Aquos Crystal,,"Black, White",TFT,,,131 x 67 x 10 mm (5.16 x 2.64 x 0.39 in),,8GB 1.5GB RAM,,microUSB 2.0,,GPS,No,CDMA2000 1xEV-DO,,"305SH, 306SH, SH825Wi",1080p@30fps,"Li-Ion 2040 mAh, non-removable","Accelerometer, proximity, compass",
MP3/AAC+/WAV/WMA playerMP4/Xvid/DivX/H.264/WMV playerDocument viewer/editorPhoto viewer,Dual-core 1.0 GHz Cortex-A9,,,VGA,Up to 560 h,,Android 4.0 (Ice Cream Sandwich),Yes,"4.0, A2DP",,,,,About 320 EUR,,Yes,,"Dual SIM (Mini-SIM, dual stand-by)",,"5 MP, AF",168.8 g (5.93 oz),Mediatek MT6577 (40 nm),,,Discontinued,"Wi-Fi 802.11 b/g/n, hotspot",,,,GSM 850 / 900 / 1800 / 1900 - SIM 1 & SIM 2,,,"480 x 800 pixels, 5:3 ratio (~187 ppi density)",Up to 9 h,microSDHC (dedicated slot),,,HSPA 7.2/5.76 Mbps,,No,"2012, October. Released 2012, October",,GSM / HSPA,,,Sharp,,PowerVR SGX531u,https://fdn2.gsmarena.com/vv/bigpic/sharp-sh530u.jpg,"5.0 inches, 71.2 cm2(~60.0% screen-to-body ratio)",Sharp SH530U,,"Snowy White, Cherry Red",TFT,,,146.5 x 81 x 9.9 mm (5.77 x 3.19 x 0.39 in),,20GB 512MB RAM,,microUSB 2.0,,GPS,No,HSDPA 900 / 2100 - SIM 1 only,,,Yes,"Li-Ion 1950 mAh, removable","Accelerometer, proximity, compass",
No,,,,,Up to 315 h,,,"Yes, with stereo speakers","2.1, A2DP",,Yes,,,,,,,Mini-SIM,,3.15 MP,88.5 g (3.10 oz),,,,Discontinued,No,Yes,Yes,,GSM 850 / 900 / 1800 / 1900,,,"240 x 400 pixels, 5:3 ratio (~167 ppi density)",Up to 5 h 30 min,"microSDHC (dedicated slot), 1 GB included",,,,,,2012,,GSM,ISDB-T Digital TV tunerSNS applicationsMP3/AAC+/WAV playerMP4/H.263 playerOrganizerDocument viewerVoice memoPredictive text input,,Sharp,,,https://fdn2.gsmarena.com/vv/bigpic/sharp-se-02.jpg,"2.8 inches, 22.3 cm2(~40.1% screen-to-body ratio)",Sharp SE-02,"SMS(threaded view), MMS, Email","Black, red","TFT, 256K colors","1000 entries, Photocall",Yes,107 x 52 x 12 mm (4.21 x 2.05 x 0.47 in),,"128MB ROM, 64MB RAM",,microUSB 2.0,Yes,,FM radio,,,,480p,Removable Li-Ion 1240 mAh battery,Accelerometer,Yes
TapFlow UI,1.0 GHz Scorpion,LED flash,,VGA,Up to 450 h (2G) / Up to 410 h (3G),,Android 2.3 (Gingerbread),Yes,"3.0, A2DP, EDR",,,,,About 470 EUR,,Yes,,Mini-SIM,,"8 MP, AF8 MP, AF",135 g (4.76 oz),,,,Discontinued,"Wi-Fi 802.11 b/g/n, DLNA, hotspot",Yes,,,GSM 900 / 1800 / 1900,,,"540 x 960 pixels, 16:9 ratio (~262 ppi density)",Up to 5 h 20 min (2G) / Up to 5 h 20 min (3G),microSDHC (dedicated slot),,,HSPA,,,"2011, September. Released 2011, October",,GSM / HSPA,HDMI portMP3/AAC+/WAV/WMA playerMP4/Xvid/H.264/WMV playerOrganizer3D photo viewerDocument viewer/editorVoice memo/dialPredictive text input,,Sharp,,Adreno 205,https://fdn2.gsmarena.com/vv/bigpic/orange-sharp-AQUOS-PHONE-SH80F.jpg,"4.2 inches, 48.6 cm2(~59.8% screen-to-body ratio)",Sharp Aquos SH80F,,Black,3D LCD,,,127 x 64 x 11.9 mm (5.0 x 2.52 x 0.47 in),,2GB 512MB RAM,,microUSB 2.0,,"GPS, A-GPS","Stereo FM radio, RDS",HSDPA 900 / 2100,,,"1080p (2D), 720p (3D)",Removable Li-Ion 1240 mAh battery,"Accelerometer, proximity, compass",
MP3/AAC+/WAV/WMA playerMP4/Xvid/H.264/WMV playerOrganizerDocument viewer/editorVoice memo/dialPredictive text input,1.4 GHz Scorpion,LED flash,,Yes,,,Android 2.3.4 (Gingerbread),Yes,"3.0, A2DP, EDR",,,,,,,Yes,,Mini-SIM,,"8 MP, AF8 MP, AF",-,,,,Discontinued,"Wi-Fi 802.11 b/g/n, DLNA, hotspot",,,,GSM 850 / 900 / 1800 / 1900,,,"540 x 960 pixels, 16:9 ratio (~262 ppi density)",,microSDHC (dedicated slot),,,HSPA,,,"2011, September. Released 2011, September",,GSM / HSPA,,,Sharp,,Adreno 205,https://fdn2.gsmarena.com/vv/bigpic/sharp-aquos-sh8298u.jpg,"4.2 inches, 48.6 cm2",Sharp Aquos SH8298U,,"Black, red, white",3D LCD,,Yes,-,,2GB 512MB RAM,,microUSB 2.0,Yes,"GPS, A-GPS","Stereo FM radio, RDS",HSDPA,,,Yes,Removable Li-Ion 1240 mAh battery,"Accelerometer, proximity, compass",
No,,,,,Up to 240 h,,,Yes,"2.1, A2DP",,Yes + downloadable,,,About 210 EUR,,No,QWERTY,Mini-SIM,,2 MP,141.8 g (4.97 oz),,,,Discontinued,No,Yes,Yes,,GSM 850 / 900 / 1800 / 1900,,"WAP 2.0/xHTML, HTML","400 x 240 pixels, 5:3 ratio (~155 ppi density)",Up to 3 h,microSDHC (dedicated slot),,,HSPA 3.6/0.384 Mbps,,,"2010, July. Released 2010, July",,GSM / HSPA,Mobile TVMusic IDMP3/eAAC+ playerMP4/H.263 playerOrganizerVoice memoPredictive text input,,Sharp,,,https://fdn2.gsmarena.com/vv/bigpic/sharp-fx.jpg,"3.0 inches, 25.6 cm2(~40.1% screen-to-body ratio)",Sharp FX,"SMS, MMS, Email, IM",Black,"TFT, 256K colors","1000 entries, Photocall",,114.3 x 55.9 x 15.2 mm (4.5 x 2.20 x 0.60 in),,80MB,,2.0,,No,Stereo FM radio,HSDPA 850 / 1900 / 2100,,,Yes,Removable Li-Ion 1240 mAh battery,,"Yes, MIDP 2.0"
,,LED flash,,,Up to 310 h (2G) / Up to 350 h (3G),,,Yes,"2.0, A2DP",,Yes + downloadable,,"Digital TV tunerMP3/eAAC+/WAV playerMP4/H.264 playerDocument viewer (Word, Excel, PowerPoint, PDF)OrganizerVoice memo/dial",,,No,,Mini-SIM,,"8 MP, AF",130 g (4.59 oz),,,,Discontinued,Wi-Fi 802.11 b/g,Yes,Yes,,GSM 850 / 900 / 1800 / 1900,,"WAP 2.0/xHTML, HTML",480 x 1024 (~283 ppi density),Up to 3 h 40 min (2G) / Up to 3 h 30 min (3G),microSDHC (dedicated slot),,,HSPA,,,"2009, October. Released 2010, January",,GSM / HSPA,,,Sharp,,,https://fdn2.gsmarena.com/vv/bigpic/sharp-aquos-941sh.jpg,"4.0 inches, 39.7 cm2(~62.9% screen-to-body ratio)",Sharp AQUOS  941SH,"SMS, MMS, Email, Push Email","Black, Blue, Red, White","TFT resistive touchscreen, 16M colors","2000 entries, Photocall",Class 10,119 x 53 x 16.6 mm (4.69 x 2.09 x 0.65 in),,,,2.0,Class 10,"GPS, A-GPS",No,HSDPA,,,Yes,Removable Li-Ion battery,"Accelerometer, proximity","Yes, MIDP 2.0"
External hidden display,,Xenon flash,,,Up to 300 h (2G) / Up to 340 h (3G),,,Yes,"2.1, A2DP",,Yes + downloadable,,"Digital TV tunerMP3/eAAC+/WAV playerMP4/H.264 playerDocument viewer (Word, Excel, PowerPoint, PDF)OrganizerVoice memo/dial",,,No,,Mini-SIM,,12 MP,130 g (4.59 oz),,,,Discontinued,Wi-Fi 802.11 b/g,Yes,Yes,,GSM 850 / 900 / 1800 / 1900,,"WAP 2.0/xHTML, HTML","854 x 480 pixels, 16:9 ratio (~288 ppi density)",Up to 3 h 30 min (2G) / Up to 3 h 20 min (3G),microSDHC (dedicated slot),,,HSPA,,,"2009, December. Released 2010, January",,GSM / HSPA,,,Sharp,,,https://fdn2.gsmarena.com/vv/bigpic/sharp-940sh.jpg,"3.4 inches, 31.9 cm2(~56.3% screen-to-body ratio)",Sharp 940SH,"SMS, MMS, Email, Push Email, IM","Black, Blue, Red, White, Brown","TFT resistive touchscreen, 16M colors","2000 entries, Photocall",Class 10,111 x 51 x 16 mm (4.37 x 2.01 x 0.63 in),,,,2.0,Class 10,"GPS, A-GPS",No,HSDPA,,,320p@100fps,Removable Li-Po battery,,"Yes, MIDP 2.0"
IPX7 splash resistant,,,,Yes,Up to 300 h,,,Yes,"2.1, A2DP",,Yes + downloadable,Up to 2 h,,,,No,,Mini-SIM,,"8 MP, AF",129 g (4.55 oz),,,,Discontinued,No,Yes,"30 dialed, 30 received, 30 missed calls",Up to 1 min,GSM 900 / 1800 / 1900,,"WAP 2.0/xHTML, HTML","854 x 480 pixels, 16:9 ratio (~327 ppi density)",Up to 4 h,microSDHC (dedicated slot),,,HSPA 3.6/0.384 Mbps,,,"2009, September. Released 2009, September",,GSM / HSPA,MP3/WAV/eAAC+ playerMP4/H.264 playerOrganizerDocument viewerVoice memo,,Sharp,,,https://fdn2.gsmarena.com/vv/bigpic/sharp-936sh.jpg,"3.0 inches, 24.8 cm2(~45.9% screen-to-body ratio)",Sharp 936SH,"SMS, MMS, Email, IM","Navy, White, Green ground","TFT, 16M colors","2000 entries, Photocall",Class 10,108 x 50 x 15.9 mm (4.25 x 1.97 x 0.63 in),,,,2.0,Class 10,No,No,HSDPA,,,w480p@30fps,Removable Li-Po battery,,"Yes, MIDP 2.0"
IPX5 splash resistant,,,,Yes,Up to 270 h (2G) / Up to 300 h (3G),,,Yes,"2.1, A2DP",,Yes + downloadable,,UV sensorMP3/WAV/eAAC+ playerMP4/H.264 playerOrganizerDocument viewerVoice memo,,,No,,Mini-SIM,,"8 MP, AF",129 g (4.55 oz),,,,Discontinued,No,Yes,"30 dialed, 30 received, 30 missed calls",,GSM 900 / 1800 / 1900,,"WAP 2.0/xHTML, HTML","854 x 480 pixels, 16:9 ratio (~327 ppi density)",Up to 3 h 40 min (2G) / Up to 3 h 50 min (3G),microSDHC (dedicated slot),,,HSPA 3.6/0.384 Mbps,,,"2009, August. Released 2009, August",,GSM / HSPA,"External monochrome 3"" display, 456 x 240 pixels",,Sharp,,,https://fdn2.gsmarena.com/vv/bigpic/sharp-934sh.jpg,"3.0 inches, 24.8 cm2(~45.9% screen-to-body ratio)",Sharp 934SH,"SMS, MMS, Email, IM","White, Pink, Black, Brown Wood","TFT, 16M colors","2000 entries, Photocall",Class 10,108 x 50 x 15.9 mm (4.25 x 1.97 x 0.63 in),,,,2.0,Class 10,No,No,HSDPA,,,w480p@30fps,Removable Li-Po battery,Accelerometer,"Yes, MIDP 2.0"
"External 0.8 inch display, 86x16 pixels",,,,Yes,Up to 260 h (2G) / Up to 250 h (3G),,,Yes,"2.0, A2DP",,Yes + downloadable,,,,,No,,Mini-SIM,,"8 MP, AF",110 g (3.88 oz),,,,Discontinued,No,Yes,"30 dialed, 30 received, 30 missed calls",,GSM 900 / 1800 / 1900,,"WAP 2.0/xHTML, HTML","854 x 480 pixels, 16:9 ratio (~327 ppi density)",Up to 3 h 30 min (2G) / Up to 3 h 10 min (3G),microSDHC (dedicated slot),,,HSPA 3.6/0.384 Mbps,,,"2008, October. Released 2008, November",,GSM / HSPA,MP3/WAV/eAAC+ playerMP4/H.264 playerOrganizerDocument viewerQR code readerVoice memo,,Sharp,,,https://fdn2.gsmarena.com/vv/bigpic/sharp-930sh.jpg,"3.0 inches, 24.8 cm2(~49.2% screen-to-body ratio)",Sharp 930SH,"SMS, MMS, Email, IM","Black, Blue Green, Pink, White Silver, Silver Violet","TFT, 16M colors","1000 entries, Photocall",,105 x 48 x 15.2 mm (4.13 x 1.89 x 0.60 in),,100MB,,2.0,,No,No,HSDPA 2100,,,w480p@30fps,Removable Li-Ion 680 mAh battery,Accelerometer,"Yes, MIDP 2.0"
Optical trackpad,,,,Yes,Up to 310 h (2G) / Up to 310 h (3G),,,Yes,"2.0, A2DP",,Yes + downloadable,,"DVB TunerMP3/eAAC+ playerMP4/ASF/3gp playerPredictive text inputOrganizerVoice memoDocument viewer (Word, Excel, PowerPoint, PDF)",,,No,,Mini-SIM,,"5 MP, AF",132 g (4.66 oz),,,,Discontinued,No,Yes,"10 dialed, 10 received, 10 missed calls",,GSM 900 / 1800 / 1900,,WAP 2.0/xHTML,"854 x 480 pixels (Wide-VGA), 16:9 ratio (~297 ppi density)",Up to 4 h 20 min (2G) / Up to 3 h 20 min (3G),microSDHC (dedicated slot),,,HSPA 3.6/0.384 Mbps,,,"2008, June. Released 2008 July",,GSM / HSPA,Swivel and rotate displayExternal 0.6 inch display(86 x 16 pixels),,Sharp,,,https://fdn2.gsmarena.com/vv/bigpic/sharp-923sh.jpg,"3.3 inches, 30.0 cm2(~53.1% screen-to-body ratio)",Sharp 923SH,"SMS, MMS, Email (POP3, SMTP)","Black, Blue, Pink, White, Purple","TFT, 16M colors","Yes, up to 1000 entries",,113 x 50 x 18.6 mm (4.45 x 1.97 x 0.73 in),,100MB,,2.0,,GPS,No,HSDPA 2100,,,w480p@30fps,Removable Li-Ion 790 mAh battery,"Accelerometer, compass","Yes, MIDP 2.0"
Shake control,,,,Yes,Up to 290 h (2G) / Up to 240 h (3G),,,Yes,"2.0, A2DP",,Yes + downloadable,,,,,No,,Mini-SIM,,"2 MP, AF",105 g (3.70 oz),,,,Discontinued,No,Yes,"10 dialed, 10 received, 10 missed calls",,GSM 900 / 1800 / 1900,,WAP 2.0/xHTML,"240 x 400 pixels, 5:3 ratio (~167 ppi density)",Up to 3 h 50 min (2G) / Up to 3h 10 min (3G),microSDHC (dedicated slot),,,HSPA,,,"2008, June. Released 2008, July",,GSM / HSPA,"MP3/eAAC+ playerMP4/ASF/3gp playerDigital TV tuner (1seg)Document viewer (Word, Excel, PowerPoint, PDF)Predictive text inputOrganizerQR code readerVoice memo",,Sharp,,,https://fdn2.gsmarena.com/vv/bigpic/sharp-825sh.jpg,"2.8 inches, 22.3 cm2(~45.2% screen-to-body ratio)",Sharp 825SH,"SMS, MMS, Email (POP3 only)","Black, White, Peach Pink, Rose Red, Lime Green, Lemon Yellow","TFT, 16M colors",1000 entries,,102.9 x 48 x 14.9 mm (4.05 x 1.89 x 0.59 in),,50MB,,2.0,,No,No,HSDPA 1900,,,320p@15fps,Removable Li-Ion 680 mAh battery,Accelerometer,"Yes, MIDP 2.0"
Swivel and rotate displayDownloadable wallpapers,,,,Yes,Up to 350 h,"Vibration; Downloadable polyphonic, MP3, AAC+ ringtones",,Yes,"2.0, A2DP",,Yes + downloadable,,,,,No,,Mini-SIM,,"3.15 MP, AF",120 g (4.23 oz),,,,Discontinued,No,Yes,"10 dialed, 10 received, 10 missed calls",,GSM 900 / 1800 / 1900,,WAP 2.0/xHTML,"854 x 480 pixels (Wide-VGA), 16:9 ratio (~306 ppi density)",Up to 4 h 40 min,microSD (dedicated slot),,,HSPA 3.6/0.384 Mbps,,,"2008, May. Released 2008",,GSM / HSPA,"MP3/MP4/3gp playerPredictive text inputOrganizerVoice memoDocument viewer (Word, Excel, PowerPoint, PDF)",,Sharp,,,https://fdn2.gsmarena.com/vv/bigpic/sharp-sx862.jpg,"3.2 inches, 28.2 cm2(~51.3% screen-to-body ratio)",Sharp SX862,"SMS, MMS, Email (POP3 only)","Black, Silver","TFT, 256K colors","Yes, up to 750 entries",,110 x 50 x 18 mm (4.33 x 1.97 x 0.71 in),,50MB,,2.0,,No,No,HSDPA 2100,,,480p,Removable Li-Ion battery,,"Yes, MIDP 2.0"
Downloadable wallpapers and ringtones,,,,,Up to 210 h,Vibration; Polyphonic(32) ringtones,,No,2.0,,Yes + downloadable,,Video playerPredictive text inputOrganizerVoice recorder,About 60 EUR,,No,,Mini-SIM,,VGA,70 g (2.47 oz),,,,Discontinued,No,,"10 dialed, 10 received, 10 missed calls",,GSM 900 / 1800,,WAP 2.0/xHTML,128 x 160 pixels (~114 ppi density),Up to 7 h 30 min,No,,,,,,"2008, March. Released 2008, June",,GSM,No,,Sharp,,,https://fdn2.gsmarena.com/vv/bigpic/sharp-gx18.jpg,"1.8 inches, 10.2 cm2(~21.4% screen-to-body ratio)",Sharp GX18,"SMS, MMS, Email (POP3 only)",Crystal Black with Matt Silver,"TFT, 65K colors","Yes, up to 500 entries",Class 10,106 x 45 x 11.5 mm (4.17 x 1.77 x 0.45 in),,7MB,,miniUSB,No,No,No,,,,Yes,Removable Li-Ion battery,,"Yes, MIDP 2.0"
Four-way navigationStatus light in 2 colors,,LED flash,,Videocall camera,Up to 320 h,"Vibration; Downloadable polyphonic, MP3 ringtones, composer",,No,"2.0, A2DP",,Yes + downloadable,,,,,No,,Mini-SIM,,"2 MP, AF",93 g (3.28 oz),,,,Discontinued,No,,"10 dialed, 10 received, 10 missed calls",,GSM 900 / 1800 / 1900,,"WAP 2.0/xHTML, HTML(NetFront v3.3)","240 x 320 pixels, 4:3 ratio (~182 ppi density)",Up to 4 h 20 min,microSD (dedicated slot),,,HSPA 3.6/0.384 Mbps,,,"2007, September",,GSM / HSPA,MP3/MP3/AAC/AAC+ playerVideo playerPredictive text inputOrganizerVoice recorder,,Sharp,,,https://fdn2.gsmarena.com/vv/bigpic/sharp-880sh.gif,"2.2 inches, 15.0 cm2(~31.0% screen-to-body ratio)",Sharp 880SH,"SMS, MMS, Email, Instant Messaging",Black,"TFT, 256K colors","750 entries,  Photo call",,101 x 47.8 x 15 mm (3.98 x 1.88 x 0.59 in),,50MB,,2.0,,No,FM radio,HSDPA 850 / 1900 / 2100,,,320p,Removable Li-Ion (XN-1BT80),,"Yes, MIDP 2.0"
Second external displayFour-way navigationStatus light in 7 colors,,,,,Up to 250 h,"Vibration; Downloadable polyphonic ringtones, composer",,No,2.0,,Yes + downloadable,,MP3 playerPredictive text inputOrganizerVoice memo (max 10 sec each),,,No,,Mini-SIM,,2 MP,87 g (3.07 oz),,,,Discontinued,No,,"10 dialed, 10 received, 10 missed calls",,GSM 900 / 1800 / 1900,,WAP 1.2.1,176 x 220 pixels (~148 ppi density),Up to 3 h 30 min,microSD (dedicated slot),,,,,,"2007, November. Released 2007, November",,GSM,No,,Sharp,,,https://fdn2.gsmarena.com/vv/bigpic/sharp-gx34.jpg,"1.9 inches, 11.4 cm2(~27.4% screen-to-body ratio)",Sharp GX34,"SMS, MMS, Email",Black,"TFT, 256K colors","500 x 9 fields, contact groups, Photo call",Class 10,93 x 44.6 x 21 mm (3.66 x 1.76 x 0.83 in),,9MB,,2.0,No,No,No,,,,QCIF,Removable Li-Ion battery,,"Yes, MIDP 2.0"
Second external displayFour-way navigationStatus light in 7 colors,,,,,Up to 250 h,"Vibration; Downloadable polyphonic ringtones, composer",,No,2.0,,Yes + downloadable,,MP3 playerPredictive text inputOrganizerVoice memo (max 10 sec each),,,No,,Mini-SIM,,VGA,87 g (3.07 oz),,,,Discontinued,No,,"10 dialed, 10 received, 10 missed calls",,GSM 900 / 1800 / 1900,,WAP 1.2.1,176 x 220 pixels (~148 ppi density),Up to 3 h 30 min,No,,,,,,"2007, Q3",,GSM,No,,Sharp,,,https://fdn2.gsmarena.com/vv/bigpic/sharp-gx33.gif,"1.9 inches, 11.4 cm2(~27.4% screen-to-body ratio)",Sharp GX33,"SMS, EMS, MMS, Email",Black,"TFT, 256K colors","500 x 9 fields, contact groups, Photo call",Class 10,93 x 44.6 x 21 mm (3.66 x 1.76 x 0.83 in),,9MB,,2.0,No,No,No,,,,SQCIF,Removable Li-Ion battery,,"Yes, MIDP 2.0"
Second external mono display (12 x 72 pixels),,,,CIF videocall camera,Up to 300 h,Vibration; Downloadable polyphonic ringtones,,No,Yes,,Yes + downloadable,,,,,No,,Mini-SIM,,2 MP,104 g (3.67 oz),,,,Discontinued,No,Yes,"10 dialed, 10 received, 10 missed calls",,GSM 900 / 1800 / 1900,,WAP,"240 x 320 pixels, 4:3 ratio (~182 ppi density)",Up to 3 h 50 min,microSD (dedicated slot),,,"Yes, 384 kbps",,,"2006, May",,GSM / UMTS,Face recognitionMP3/AAC playerPredictive text inputOrganizer,,Sharp,,,https://fdn2.gsmarena.com/vv/bigpic/sharp-705sh.gif,"2.2 inches, 33 x 45 mm, 15.0 cm2(~29.7% screen-to-body ratio)",Sharp 705SH,"SMS, MMS, Email","Gold, Royal Black, Silky Pink","TFT, 256K colors","500 entries, Photocall",,101 x 50 x 17 mm (3.98 x 1.97 x 0.67 in),,,,Proprietary,,No,No,UMTS 2100,,,Yes,Removable Li-Ion battery,,"Yes, MIDP 2.0"
Second external mono display (12 x 72 pixels),,LED flash,,,Up to 350 h,Vibration; Downloadable polyphonic ringtones,,"Yes, with stereo speakers",Yes,,Yes + downloadable,,3D surround sound,,MP3/AAC playerPredictive text inputOrganizerFace recognitionVoice memoKaraoke,No,,Mini-SIM,,"3.15 MP, AF, 2x optical zoom",151 g (5.33 oz),,,,Discontinued,No,Yes,"10 dialed, 10 received, 10 missed calls",,GSM 900 / 1800 / 1900,,WAP,"480 x 640 pixels, 4:3 ratio (~333 ppi density)",Up to 4 h 40 min,miniSD,,,"Yes, 384 kbps",,,"2006, February",,GSM / UMTS,CIF videocall camera,,Sharp,,,https://fdn2.gsmarena.com/vv/bigpic/sharp-904sh.gif,"2.4 inches, 37 x 48 mm, 17.8 cm2(~34.3% screen-to-body ratio)",Sharp 904,"SMS, MMS, Email, Instant Messaging","Violet, Black, Blue","TFT, 256K colors","Yes, Photo call",,104 x 50 x 28 mm (4.09 x 1.97 x 1.10 in),,20MB,,Proprietary,,No,No,UMTS 2100,,,Yes,Removable Li-Ion battery,,"Yes, MIDP 2.0"
Second external mono display (12 x 72 pixels),,,,Videocall camera,Up to 330 h,"Vibration; Downloadable polyphonic, MP3, AAC ringtones",,No,1.1,,Yes + downloadable,,,,,No,,Mini-SIM,,1.3 MP,101 g (3.56 oz),,,,Discontinued,No,,"10 dialed, 10 received, 10 missed calls",,GSM 900 / 1800 / 1900,,WAP,"240 x 320 pixels, 4:3 ratio (~182 ppi density)",Up to 2 h 40 min,microSD (dedicated slot),,,"Yes, 384 kbps",,,"2006, March",,GSM / UMTS,Video streamingVideo downloadingMP3/AAC/AAC+/AAC+e playerPredictive text inputOrganizerVoice memoStopwatch,,Sharp,,,https://fdn2.gsmarena.com/vv/bigpic/sharp-770sh.gif,"2.2 inches, 33 x 45 mm, 15.0 cm2(~29.7% screen-to-body ratio)",Sharp 770SH,"SMS, MMS, Email","Silver, Black","TFT, 256K colors",500 entries,,101 x 50 x 17.1 mm (3.98 x 1.97 x 0.67 in),,20MB,,Proprietary,,No,No,UMTS 2100,,,QCIF,Removable Li-Ion 820 mAh battery,,"Yes, MIDP 2.0"
Videocall camera,,,,,Up to 370 h,"Vibration; Downloadable polyphonic, MP3, AAC ringtones",,No,1.1,,Yes + downloadable,,,,,No,,Mini-SIM,,1.3 MP,98 g (3.46 oz),,,,Discontinued,No,,"10 dialed, 10 received, 10 missed calls",,GSM 900 / 1800 / 1900,,WAP,"240 x 320 pixels, 4:3 ratio (~200 ppi density)",Up to 4 h,microSD (dedicated slot),,,"Yes, 384 kbps",,,"2006, February",,GSM / UMTS,MP3/AAC playerPredictive text inputOrganizerVoice memo,,Sharp,,,https://fdn2.gsmarena.com/vv/bigpic/sharp-550sh.gif,"2.0 inches, 30 x 40 mm, 12.4 cm2(~23.7% screen-to-body ratio)",Sharp 550SH,"SMS, MMS, Email",,"TFT, 256K colors",500 entries,,111 x 47 x 18.5 mm (4.37 x 1.85 x 0.73 in),,20MB,,Proprietary,,No,No,UMTS 2100,,,QCIF,Removable Li-Ion battery,,"Yes, MIDP 2.0"
Second external mono display 72 x 12 pixels,,,,,Up to 250 h,"Vibration; Downloadable polyphonic ringtones, composer",,No,1.1,,Yes + downloadable,,Predictive text inputOrganizerVoice memoRate conversion,,,No,,Mini-SIM,,VGA,92 g (3.25 oz),,,,Discontinued,No,,"10 dialed, 10 received, 10 missed calls",,GSM 900 / 1800 / 1900,,WAP,"240 x 320 pixels, 4:3 ratio (~200 ppi density)",Up to 3 h 40 min,No,,,,,,"2006, February",,GSM,No,,Sharp,,,https://fdn2.gsmarena.com/vv/bigpic/sharp-gx29.gif,"2.0 inches, 30 x 40 mm, 12.4 cm2(~28.7% screen-to-body ratio)",Sharp GX29,"SMS, MMS, Email",Silver,"TFT, 256K colors",500 entries,Class 10,93.8 x 46 x 20.3 mm (3.69 x 1.81 x 0.80 in),,2.1MB,,Proprietary,No,No,No,,,,SQCIF,Removable Li-Ion battery,,"Yes, MIDP 2.0"
Videocall camera,,LED flash,,,Up to 250 h,"Vibration; Downloadable polyphonic, MP3 ringtones",,"Yes, with stereo speakers",1.1,,Yes + downloadable,,MP3/AAC/AAC+ playerPredictive text inputOrganizerVoice memoBarcode reading,,,No,,Mini-SIM,,"3.15 MP, 2x optical zoom",140 g (4.94 oz),,,,Discontinued,No,Yes,"20 dialed, 20 received, 20 missed calls",,GSM 900 / 1800 / 1900,,WAP 2.0/xHTML,"240 x 320 pixels, 4:3 ratio (~167 ppi density)",Up to 4 h,"miniSD, 64 MB included",,,"Yes, 384 kbps",,,"2005, July",,GSM / UMTS,3D stereo sound,,Sharp,,,https://fdn2.gsmarena.com/vv/bigpic/sharp-903.gif,"2.4 inches, 36 x 48 mm, 17.8 cm2(~32.7% screen-to-body ratio)",Sharp 903,"SMS, MMS, Email",Black,"TFT, 256K colors","500 entries, Photo call",,109 x 50 x 29 mm (4.29 x 1.97 x 1.14 in),,8MB,,Proprietary,,No,No,UMTS 2100,,,320p,Removable Li-Ion 900 mAh battery,,"Yes, MIDP 2.0"
Second external mono display 72 x 12 pixels,,,,,Up to 290 h,Vibration; Downloadable polyphonic ringtones,,No,1.1,,Yes + downloadable,,MP3/AAC/AAC+ playerPredictive text inputOrganizer,,,No,,Mini-SIM,,1.3 MP,107 g (3.77 oz),,,,Discontinued,No,Yes,"10 dialed, 10 received, 10 missed calls",,GSM 900 / 1800 / 1900,,WAP 2.0/xHTML,"240 x 320 pixels, 4:3 ratio (~200 ppi density)",Up to 4 h,miniSD,,,"Yes, 384 kbps",,,"2005, July",,GSM / UMTS,Videocall camera,,Sharp,,,https://fdn2.gsmarena.com/vv/bigpic/sharp-703.gif,"2.0 inches, 30 x 40 mm, 12.4 cm2(~26.6% screen-to-body ratio)",Sharp 703,"SMS, MMS, Email",Black,"TFT, 256K colors",Photo call,,99 x 47 x 23 mm (3.90 x 1.85 x 0.91 in),,8MB,,Proprietary,,No,No,UMTS 2100,,,320p,Removable Li-Ion battery,,"Yes, MIDP 2.0"
No,,,,,Up to 290 h,"Vibration; Downloadable polyphonic ringtones, composer",,No,1.1,,Yes + downloadable,,,,,No,,Mini-SIM,,VGA,85 g (3.00 oz),,,,Discontinued,No,Yes,"10 dialed, 10 received, 10 missed calls",,GSM 900 / 1800 / 1900,,WAP,"120 x 160 pixels, 4:3 ratio (~105 ppi density)",Up to 3 h 50 min,No,,,,,,"2005, Q1",,GSM,Predictive text inputOrganizerVoice memo,,Sharp,,,https://fdn2.gsmarena.com/vv/bigpic/sharp-gx17.gif,"1.9 inches, 11.2 cm2(~23.2% screen-to-body ratio)",Sharp GX17,"SMS, MMS, Email",,"TFT, 65K colors",Yes,Class 10,106 x 45.5 x 17.4 mm (4.17 x 1.79 x 0.69 in),,,,Proprietary,No,No,No,,,,Yes,Removable Li-Ion (XN-1BT30),,"Yes, MIDP 2.0"
No,,,,,Up to 290 h,"Vibration; Downloadable polyphonic, MP3, AAC ringtones",,No,1.1,,Yes + downloadable,,,,,No,,Mini-SIM,,1.3 MP,98 g (3.46 oz),,,,Discontinued,No,Yes,"10 dialed, 10 received, 10 missed calls",,GSM 900 / 1800 / 1900,,WAP,"240 x 320 pixels, 2.0 inch, 4:3 ratio",Up to 3 h 50 min,miniSD,,,,,,"2005, Q2",,GSM,Video playerMP3/AAC/AAC+ playerPredictive text inputOrganizerVoice memo,,Sharp,,,https://fdn2.gsmarena.com/vv/bigpic/sharp-gx40.gif,,Sharp GX40,"SMS, MMS, Email, Instant Messaging",,"TFT, 256K colors",500 entries,Class 10,93 x 46 x 22 mm (3.66 x 1.81 x 0.87 in),,,,Proprietary,No,No,FM radio,,,,QCIF,Removable Li-Ion battery,,"Yes, MIDP 2.0"
Second external display 72 x 12 pixels180 degree swiveling display,,LED flash,,Yes,Up to 140 h,Vibration; Downloadable polyphonic ringtones,,Yes,1.1,,Yes + downloadable,,,,,No,,Mini-SIM,,"2 MP, 2x optical zoom",149 g (5.26 oz),,,,Discontinued,No,Yes,"10 dialed, 10 received, 10 missed calls",,GSM 900 / 1800 / 1900,,WAP 2.0/xHTML,"240 x 320 pixels, 4:3 ratio (~167 ppi density)",Up to 3 h,"SD/MMC, up to 1 GB, 32 MB included",,,"Yes, 384 kbps",,,"2004, Q3",,GSM / UMTS,Video streaming and downloadMP3/MP4 playerPredictive text inputOrganizerPhoto editorVoice dial/memo,,Sharp,,,https://fdn2.gsmarena.com/vv/bigpic/sh902.gif,"2.4 inches, 36 x 48 mm, 17.8 cm2(~35.0% screen-to-body ratio)",Sharp 902,"SMS, MMS, Email","Mirror White, Titanium Gray, Warm Orange","TFT, 256K colors",Photo call,,102 x 50 x 26 mm (4.02 x 1.97 x 1.02 in),,26MB,,miniUSB,,No,No,UMTS 2100,,,Yes,Removable Li-Ion 870 mAh battery (XN-1BT90),,"Yes, MIDP 2.0"
180 deg swivel,,LED flash,,Yes,,Vibration; Downloadable polyphonic ringtones,,"Yes, with stereo speakers",1.1,,Yes + downloadable,,,,,No,,Mini-SIM,,1.3 MP,149 g (5.26 oz),,,,Discontinued,No,Yes,"10 dialed, 10 received, 10 missed calls",,GSM 900 / 1800 / 1900,,WAP 2.0/xHTML,"240 x 320 pixels, 4:3 ratio (~167 ppi density)",,"SD/MMC, 32 MB included",,,"Yes, 384 kbps",,,"2004, Q3",,GSM / UMTS,Video streaming and downloadPredictive text inputMP3/MP4 playerOrganizerPhoto editor,,Sharp,,,https://fdn2.gsmarena.com/vv/bigpic/sh802.gif,"2.4 inches, 36 x 48 mm, 17.8 cm2(~35.0% screen-to-body ratio)",Sharp 802,"SMS, MMS, Email",Silver,"TFT, 256K colors",Photo call,,102 x 50 x 26 mm (4.02 x 1.97 x 1.02 in),,8MB,,miniUSB,,No,No,UMTS 2100,,,Yes,Removable Li-Ion 870 mAh battery (XN-1BT90),,"Yes, MIDP 2.0"
"Second external TFT display (64 x 96 pixels), 65K colors",,LED flash,,,Up to 220 h,Vibration; Downloadable polyphonic ringtones,,No,1.1,,Yes + downloadable,,MP3/AAC/MP4 playerPredictive text inputOrganizerVoice memo,About 460 EUR,,No,,Mini-SIM,,"2 MP, AF",120 g (4.23 oz),,,,Discontinued,No,,"10 dialed, 10 received, 10 missed calls",,GSM 900 / 1800 / 1900,,WAP 2.0/xHTML,"320 x 240 pixels, 4:3 ratio (~182 ppi density)",Up to 3 h 20 min,SD,,,,,,"2004, Q4",,GSM,No,,Sharp,,,https://fdn2.gsmarena.com/vv/bigpic/shtm200.gif,"2.2 inches, 33 x 45 mm, 15.0 cm2(~31.9% screen-to-body ratio)",Sharp TM200,"SMS, MMS, Email",,"TFT, 256K colors",Yes,Class 10,96 x 49 x 27 mm (3.78 x 1.93 x 1.06 in),,9MB,,,No,No,No,,,,Yes,Removable Li-Ion 840 mAh battery,,"Yes, MIDP 2.0"
Static and animated(GIF) wallpapers,,LED flash,,,Up to 250 h,"Vibration; Downloadable polyphonic ringtones, composer",,No,1.1,,Yes + downloadable,,No,,Predictive text inputOrganizerVoice memo,No,,Mini-SIM,,VGA,90 g (3.17 oz),,,,Discontinued,No,Yes,"10 dialed, 10 received, 10 missed calls",,GSM 900 / 1800 / 1900,,WAP,"320 x 240 pixels, 4:3 ratio",Up to 3 h 30 min,No,,,,,,"2004, Q3",,GSM,2.1 MB memory for gallery0.8 MB memory for MMS200 short messages,,Sharp,,,https://fdn2.gsmarena.com/vv/bigpic/shgx25.gif,,Sharp GX25/GZ200,"SMS, EMS, MMS, Email",,"TFT, 256K colors","500 x 8 fields, Photo call",Class 10,92 x 46 x 23.5 mm (3.62 x 1.81 x 0.93 in),,,,,No,No,No,,,,Yes,Removable Li-Ion 780 mAh battery,,"Yes, MIDP 2.0"
Second external 65K colors display 64 x 96 pixels,,,,,Up to 200 h,"Vibration; Downloadable polyphonic, SMAF, MIDI, i-melody, AMR ringtones",,No,No,,Downloadable,,Predictive text inputOrganizerVoice memo,,,No,,Mini-SIM,,1 MP,113 g (3.99 oz),,,,Discontinued,No,,"10 dialed, 10 received, 10 missed calls",,GSM 900 / 1800 / 1900,,WAP 2.0/xHTML,"240 x 320 pixels, 4:3 ratio (~182 ppi density)",Up to 3 h 20 min,SD/MMC,,,,,,"2004, Q3",,GSM,No,,Sharp,,,https://fdn2.gsmarena.com/vv/bigpic/shtm150.gif,"2.2 inches, 33 x 45 mm, 15.0 cm2(~37.5% screen-to-body ratio)",Sharp TM150,"SMS, MMS, Email",,"TFT, 256K colors","500 entries, Photo call",Class 10,93 x 43 x 25 mm (3.66 x 1.69 x 0.98 in),,6MB,,1.1,No,No,No,,,,Yes,Removable Li-Ion 780 mAh battery,,"Yes, MIDP 1.0"
,,,,,Up to 200 h,"Vibration; Downloadable polyphonic ringtones, composer",,Yes,No,,Yes,,Predictive text inputPhoto editorOrganizerVoice memo (60 sec.),About 330 EUR,,No,,Mini-SIM,,VGA,95 g (3.35 oz),,,,Discontinued,No,Yes,"10 dialed, 10 received, 10 missed calls",,GSM 900 / 1800 / 1900,,WAP 2.0/xHTML,"240 x 320 pixels, 4:3 ratio",Up to 3 h,No,,,,,,"2004, Q1",,GSM,No,,Sharp,,,https://fdn2.gsmarena.com/vv/bigpic/shtm100.gif,,Sharp TM100,"SMS, EMS 5.0, MMS, Email",,"CGS, 256K colors","500 entries, Photo call",Class 10,100 x 49 x 19 mm (3.94 x 1.93 x 0.75 in),,,,Proprietary,No,No,No,,,,Yes,Removable Li-Ion 780 mAh battery,,"Yes, MIDP 1.0"
"Second external display (64 x 96 pixels), 65K colorsFour-way navigation",,,,,Up to 220 h,Vibration; Downloadable polyphonic ringtones,,No,No,,Yes,,Audio/video playerPredictive text inputBarcode reading/creationOrganizerWorld ClockVoice memo,,,No,,Mini-SIM,,1 MP,126 g (4.44 oz),,,,Discontinued,No,Yes,"20 received, dialed and missed calls",,GSM 900 / 1800 / 1900,,WAP 2.0/xHTML,"240 x 320 pixels, 20 lines, 4:3 ratio (~167 ppi density)",Up to 3 h,"SD, 16 MB included",,,"Yes, 384 kbps",,,"2004, Q1",,GSM / UMTS,No,,Sharp,,,https://fdn2.gsmarena.com/vv/bigpic/shv801.gif,"2.4 inches, 36 x 48 mm, 17.8 cm2(~35.0% screen-to-body ratio)",Sharp V801SH,"SMS, EMS, MMS, Email","4 - Noble White, Precious Black, Shanghai Red...","TFT, 256K colors",500 X 6 fields,,102 x 50 x 26 mm (4.02 x 1.97 x 1.02 in),,5MB,,Proprietary,,No,No,UMTS 2100,,,Yes,Removable Li-Ion battery,,Yes
"Second external display (64 x 96 pixels), 65K colorsFour-way navigationStatus light in 7 colors",,LED flash,,,Up to 250 h,"Vibration; Downloadable polyphonic ringtones, composer",,No,1.1,,Yes + downloadable,,No,,MP3 playerPredictive text inputOrganizer,No,,Mini-SIM,,1 MP,110 g (3.88 oz),,,,Discontinued,No,Yes,"10 dialed, 10 received, 10 missed calls",,GSM 850 / 900 / 1800 / 1900,,WAP 1.2.1,"240 x 320 pixels, 8 lines, 4:3 ratio (~182 ppi density)",Up to 3 h,"SD, 16 MB included",,,,,,"2004, Q1",,GSM,Voice memo (max 10 sec each),,Sharp,,,https://fdn2.gsmarena.com/vv/bigpic/shgx30.gif,"2.2 inches, 33 x 45 mm, 15.0 cm2(~32.2% screen-to-body ratio)",Sharp GX30,"SMS, EMS, MMS, Email",,"CGS, 256K colors","500 x 9 fields, contact groups, Photo call",Class 10,95 x 49 x 26 mm (3.74 x 1.93 x 1.02 in),,6MB,,Proprietary,No,No,No,,,,Yes,Removable Li-Ion 780 mAh battery,,"Yes, MIDP 1.0"
Four-way navigationWallpapers,,,,,Up to 210 h,"Vibration; Downloadable polyphonic ringtones, composer",,No,1.1,,4,,Predictive text inputOrganizerChangeable Covers,,,No,,Mini-SIM,,VGA,90 g (3.17 oz),,,,Discontinued,No,Yes,"10 dialed, 10 received, 10 missed calls",,GSM 900 / 1800 / 1900,,WAP 2.0/xHTML,"120 x 160 pixels, 4:3 ratio",Up to 3 h 30 min,No,,,,,,2004,,GSM,No,,Sharp,,,https://fdn2.gsmarena.com/vv/bigpic/shgx15.gif,,Sharp GX15/GZ100,"SMS, MMS, EMail",Silver,"TFT, 65K colors","650 entries, Photo call",Class 10,105 x 45 x 18 mm (4.13 x 1.77 x 0.71 in),,1.8MB,,Proprietary,No,No,No,,,,Yes,Removable Li-Ion 780 mAh battery,,"Yes, MIDP 2.0"
"Second external display (80 x 60 pixels), 65K colorsFour-way navigationStatus light in 7 colors",,LED flash,,,Up to 250 h,"Vibration; Downloadable polyphonic, recorded ringtones, composer",,No,No,,Yes,,Predictive text inputOrganizerVoice memo,,,No,,Mini-SIM,,VGA,102 g (3.60 oz),,,,Discontinued,No,Yes,"10 dialed, 10 received, 10 missed calls",,GSM 900 / 1800 / 1900,,WAP 2.0/xHTML,"240 x 320 pixels, 4:3 ratio",Up to 3 h 30 min,No,"English, Traditional Chinese",,,,,"2003, Q3",,GSM,No,,Sharp,,,https://fdn2.gsmarena.com/vv/bigpic/shgx22.gif,,Sharp GX22,"SMS, EMS, MMS",,"CGS, 256K colors","500 entries, Photo call",Yes,94 x 49 x 25 mm (3.70 x 1.93 x 0.98 in),,2MB,,,No,No,No,,,,No,Removable Li-Ion 720 mAh battery,,Yes
"Second external display (80 x 60 pixels), 65K colorsFour-way navigationStatus light in 7 colors",,LED flash,,,Up to 250 h,"Vibration; Downloadable polyphonic, recorded ringtones, composer",,No,No,,Yes + downloadable,,Predictive text inputOrganizerVoice memo,,,No,,Mini-SIM,,VGA,102 g (3.60 oz),,,,Discontinued,No,Yes,"10 dialed, 10 received, 10 missed calls",,GSM 900 / 1800 / 1900,,WAP 2.0/xHTML,"240 x 320 pixels, 4:3 ratio",Up to 3 h 30 min,No,,,,,,"2003, Q3",,GSM,No,,Sharp,,,https://fdn2.gsmarena.com/vv/bigpic/shgx20.gif,,Sharp GX20,"SMS, EMS, MMS",,"CGS, 65K colors","500 entries, Photo call",Class 8,95 x 49 x 25 mm (3.74 x 1.93 x 0.98 in),,2MB,,,No,No,No,,,,Yes,Removable Li-Ion 720 mAh battery,,Yes
"Second external display, monochrome, 1 line + iconsFour-way navigationWallpapers",,,,,Up to 250 h,"Polyphonic(16) ringtones, composer",,No,No,,"3 - PK Game, Collection Hunter, Ice Hockey + Java",,No,,Predictive text inputOrganizerVoice memo,No,,Mini-SIM,,CIF,110 g (3.88 oz),,,,Discontinued,No,Yes,"10 dialed, 10 received, 10 missed calls",,GSM 900 / 1800 / 1900,,WAP 1.2.1,"120 x 160 pixels, 4:3 ratio",Up to 3 h 30 min,No,,Yes,,,,"2003, May",,GSM,700 KB memory for pictures100 calendar entries20 short messages10 sec per voice memo record,Yes,Sharp,,,https://fdn2.gsmarena.com/vv/bigpic/shgx10i.gif,,Sharp GX10i,"SMS, MMS",,"TFT, 65K colors","200 x 6 fields, contact groups, Photo call",Class 10,94 x 49 x 27 mm (3.70 x 1.93 x 1.06 in),,,,,No,No,No,,,,No,Removable Li-Ion 720 mAh battery,,Yes
"Second external display, monochrome, 1 line + iconsFour-way navigationWallpapers",,,,,Up to 250 h,"Polyphonic(16) ringtones, composer",,No,No,,"3 - PK Game, Collection Hunter, Ice Hockey + Java",,No,,Predictive text inputOrganizerVoice memo,No,,Mini-SIM,,CIF,110 g (3.88 oz),,,,Discontinued,No,Yes,"10 dialed, 10 received, 10 missed calls",,GSM 900 / 1800,,WAP 1.2.1,"120 x 160 pixels, 4:3 ratio",Up to 3 h 30 min,No,,Yes,,,,"2002, Oct",,GSM,700 KB memory for pictures100 calendar entries20 short messages10 sec per voice memo record,Yes,Sharp,,,https://fdn2.gsmarena.com/vv/bigpic/shgx10.gif,,Sharp GX10,"SMS, MMS",,"TFT, 65K colors","200 x 6 fields, contact groups, Photo call",Class 10,94 x 49 x 27 mm (3.70 x 1.93 x 1.06 in),,,,,No,No,No,,,,No,Removable Li-Ion 720 mAh battery,,Yes
Four-way navigationWallpapers,,,,,Up to 250 h,"Polyphonic(16) ringtones, composer",,No,No,,"3 - PK Game, Collection Hunter, Ice Hockey + Java",,No,,Predictive text inputOrganizerVoice memo,No,,Mini-SIM,,CIF,110 g (3.88 oz),,,,Discontinued,No,Yes,"10 dialed, 10 received, 10 missed calls",,GSM 900 / 1800,,WAP 1.2.1,"120 x 160 pixels, 4:3 ratio",Up to 3 h 30 min,No,,Yes,,,,"2002, Oct",,GSM,700 KB memory for pictures100 calendar entries20 short messages10 sec per voice memo record,Yes,Sharp,,,https://fdn2.gsmarena.com/vv/bigpic/shgx1.gif,,Sharp GX1,"SMS, MMS",,"GFC, 65K Colors","200 x 6 fields, contact groups, Photo call",Class 10,133 x 46 x 23 mm (5.24 x 1.81 x 0.91 in),,,,,No,No,No,,,,No,Removable Li-Ion 720 mAh battery,,Yes
