,Features,CPU,Stand-by,Alert types,Single_1,Loudspeaker,Bluetooth,Games,OS,Stand-by_1,_2,_3,3.5mm jack,Keyboard,SIM,Single,Weight,Chipset,Call records,Status,WLAN,Infrared port,Talk time_1,2G bands,Browser,Resolution,Talk time,Card slot,Languages,Alarm,Speed,Announced,Video_1,Technology,_1,Clock,Brand,Model Image,Size,Model Name,Messaging,Colors,Type,Phonebook,GPRS,Dimensions,Internal,USB,EDGE,Positioning,Radio,3G bands,Video,Type_1,_4,Sensors,Java
GSM 850 / 1800 / 1900 - US version,,,Up to 220 h,Vibration; Polyphonic(32) ringtones,,Yes,No,Yes + downloadable,,,Predictive text inputOrganizer,,No,,Mini-SIM,,78 g (2.75 oz),,"10 dialed, 10 received, 10 missed calls",Discontinued,No,,,GSM 900 / 1800 / 1900,WAP 1.2.1,"130 x 130 pixels, 1:1 ratio",Up to 5 h,No,,,,"2005, November",,GSM,No,,Siemens,https://fdn2.gsmarena.com/vv/bigpic/siemens-al21.gif,,Siemens AL21,"SMS, EMS, MMS","Red Temptation, Black Magic","TFT, 65K colors",Yes,Class 8,86.8 x 45.8 x 19.2 mm (3.42 x 1.80 x 0.76 in),1.5MB,Proprietary,No,No,No,,,Removable Li-Ion 600 mAh battery,,,"Yes, MIDP 1.0"
GSM 850 / 1900 - US version,,,Up to 270 h,Vibration; Polyphonic(32) ringtones,,Yes,No,Yes + downloadable,,,Predictive text inputOrganizer,,No,,Mini-SIM,,85 g (3.00 oz),,"10 dialed, 10 received, 10 missed calls",Discontinued,No,,,GSM 900 / 1800,WAP 1.2.1,"128 x 128 pixels, 1:1 ratio",Up to 5 h,No,,,,"2005, November",,GSM,No,,Siemens,https://fdn2.gsmarena.com/vv/bigpic/siemens-a31.gif,,Siemens A31,"SMS, EMS, MMS","Anthracite, Ruby Red","CSTN, 65K colors",Yes,Class 8,"102 x 46 x 17.6 mm, 75 cc (4.02 x 1.81 x 0.69 in)",1.5MB,No,No,No,No,,,Removable Li-Ion 820 mAh battery,,,"Yes, MIDP 1.0"
"Second external 65K colors display, CSTN (96 x 64 pixels)",,,Up to 220 h,Vibration; Polyphonic(32) ringtones,,Yes,No,Yes + downloadable,,,Predictive text inputOrganizerVoice dial,,No,,Mini-SIM,,80 g (2.82 oz),,"10 dialed, 10 received, 10 missed calls",Discontinued,No,,,GSM 900 / 1800 / 1900,WAP 1.2.1,"130 x 130 pixels, 1:1 ratio",Up to 5 h,No,,,,"2005, November",,GSM,No,,Siemens,https://fdn2.gsmarena.com/vv/bigpic/siemens-af51.gif,,Siemens AF51,"SMS, MMS","Panther Black, Dolphin Grey","CSTN, 65K colors",Yes,Class 8,79 x 41 x 19.6 mm (3.11 x 1.61 x 0.77 in),,,No,No,No,,,Removable Li-Ion 620 mAh battery,,,"Yes, MIDP 1.0"
"Dust, shock and splash resistant",,,Up to 450 h,Vibration; Downloadable polyphonic ringtones,,Yes,No,Yes + downloadable,,,OrganizerSyncMLVoice memoPredictive text input,,No,,Mini-SIM,VGA,95 g (3.35 oz),,"100 dialed, 100 received, 100 missed calls",Discontinued,No,Yes,,GSM 900 / 1800 / 1900,WAP 2.0/xHTML,"132 x 176 pixels, 4:3 ratio",Up to 8 h,No,,,,"2005, October",,GSM,No,,Siemens,https://fdn2.gsmarena.com/vv/bigpic/siemens-me75.gif,,Siemens ME75,"SMS, MMS, Email, Instant Messaging","Amazon Green, Atlas Grey","TFT, 65K colors","1000 x 20 fields, Photo call",Class 10,105 x 46 x 18 mm (4.13 x 1.81 x 0.71 in),10MB,Proprietary,No,No,No,,Yes,Removable Li-Ion 1000 mAh battery,,,Yes
5-way navigation key,,,Up to 161 h,Vibration; Downloadable polyphonic ringtones,,Yes,Yes,Yes,,,No,Predictive text inputOrganizer,No,,Mini-SIM,CIF,86 g (3.03 oz),,"10 dialed, 10 received, 10 missed calls",Discontinued,No,,,GSM 900 / 1800 / 1900,WAP 2.0/xHTML,"128 x 128 pixels, 1:1 ratio",Up to 5 h 40 min,No,,,,"2005, October",,GSM,500 KB free memory,,Siemens,https://fdn2.gsmarena.com/vv/bigpic/siemens-ap75.gif,,Siemens AP75,"SMS, EMS, MMS",Cosmic Grey,"CSTN, 65K colors",Yes,Class 10,102 x 44 x 18 mm (4.02 x 1.73 x 0.71 in),,Proprietary,No,No,No,,No,Removable Li-Ion 860 mAh battery,,,No
5-way navigation key,,,Up to 220 h,Vibration; Downloadable polyphonic ringtones,,Yes,No,Yes,,,No,Predictive text inputOrganizer,No,,Mini-SIM,,79 g (2.79 oz),,"10 dialed, 10 received, 10 missed calls",Discontinued,No,,,GSM 900 / 1800 / 1900,WAP 1.2.1,"128 x 128 pixels, 1:1 ratio",Up to 5 h,No,,,,"2005, October",,GSM,1.5 MB free memory,,Siemens,https://fdn2.gsmarena.com/vv/bigpic/siemens-ax72.gif,,Siemens AX72,"SMS, EMS, MMS",Basalt Black,"CSTN, 65K colors",Yes,Class 8,105.6 x 46.8 x 17.5 mm (4.16 x 1.84 x 0.69 in),,Proprietary,No,No,No,,,Removable Li-Ion 600 mAh battery,,,"Yes, MIDP 1.0"
CIF videocall camera,,,Up to 325 h,"Vibration; Downloadable polyphonic, MP3 ringtones",,No,Yes,Yes + downloadable,,,,,No,,Mini-SIM,1.3 MP,123 g (4.34 oz),,"10 dialed, 10 received, 10 missed calls",Cancelled,No,,,GSM 900 / 1800 / 1900,WAP 2.0/xHTML,176 x 220 pixels (~141 ppi density),Up to 3 h 20 min,RS-MMC,,,"Yes, 384 kbps","2005, Sep",,GSM / UMTS,Video telephonyMP3 playerPredictive text inputOrganizer,,Siemens,https://fdn2.gsmarena.com/vv/bigpic/siemens-sg75.gif,"2.0 inches, 30 x 40 mm, 12.6 cm2(~26.0% screen-to-body ratio)",Siemens SG75,"SMS, MMS, EMail, Instant Messaging",Metallic White,"TFD, 256K colors",Yes,,"98 x 49.5 x 23 mm, 104 cc (3.86 x 1.95 x 0.91 in)",70MB,Proprietary,,No,No,UMTS 2100,Yes,Removable Li-Po 920 mAh battery,,,"Yes, MIDP 2.0"
"Second CSTN display (96 x 96 pixels), 65K colorsWallpapersDownloadable pictures",LED flash,,Up to 250 h,"Vibration; Downloadable polyphonic, MP3 ringtones",,No,Yes,Yes,,,Video telephonyMP3/MP4 playerPredictive text inputOrganizer,,No,,Mini-SIM,1.3 MP,110 g (3.88 oz),,"10 dialed, 10 received, 10 missed calls",Discontinued,No,Yes,,GSM 900 / 1800,WAP 2.0/xHTML,176 x 220 pixels (~141 ppi density),Up to 3 h,miniSD,,,"Yes, 384 kbps","2005, Sep",,GSM / UMTS,CIF videocall camera,,Siemens,https://fdn2.gsmarena.com/vv/bigpic/siemens-sfg75.gif,"2.0 inches, 30 x 40 mm, 12.6 cm2(~31.1% screen-to-body ratio)",Siemens SFG75,"SMS, MMS, Email",Silver Black,"TFT, 256K colors","Yes, Photo call",,"90 x 45 x 24 mm, 97 cc (3.54 x 1.77 x 0.94 in)",32MB,Proprietary,,No,No,UMTS 2100,Yes,Removable Li-Ion 840 mAh battery,,,"Yes, MIDP 2.0"
5-way navigation key,,,Up to 270 h,Vibration; Downloadable polyphonic ringtones,,No,No,Yes + downloadable,,,Predictive text inputOrganizerBirthday reminderVoice memo,,No,,Mini-SIM,,80 g (2.82 oz),,"10 dialed, 10 received, 10 missed calls",Cancelled,No,Yes,,GSM 900 / 1800 / 1900,WAP 2.0/xHTML,128 x 160 pixels,Up to 3 h 30 min,No,,,,"2005, August",,GSM,No,,Siemens,https://fdn2.gsmarena.com/vv/bigpic/siemens-cc75.gif,,Siemens CC75,"SMS, MMS",Aluminium Silver,"TFT, 65K colors",Yes,Class 10,"111 x 44 x 12.6 mm, 65 cc (4.37 x 1.73 x 0.50 in)",3MB,Proprietary,No,No,No,,,Removable Li-Ion 800 mAh battery (EBA-720),,,No
No,,,Up to 220 h,Vibration; Downloadable polyphonic ringtones,,Yes,No,Yes + downloadable,,,,,No,,Mini-SIM,,76.5 g (2.68 oz),,"10 dialed, 10 received, 10 missed calls",Discontinued,No,,,GSM 900 / 1800 / 1900,WAP 2.0/xHTML,"130 x 130 pixels, 1:1 ratio",Up to 5 h,No,,,,"2005, August",,GSM,Predictive text inputOrganizer,,Siemens,https://fdn2.gsmarena.com/vv/bigpic/siemens-cf110.gif,,Siemens CF110,"SMS, EMS, MMS","Moonlight Silver, Midnight Blue","TFT, 65K colors",Yes,Class 8,"83 x 45 x 18 mm, 68 cc (3.27 x 1.77 x 0.71 in)",1.5MB,Proprietary,No,No,No,,,Removable Li-Ion 600 mAh battery (EBA-160),,,"Yes, MIDP 1.0"
Download assistant for logos,,,Up to 300 h,Vibration; Downloadable polyphonic ringtones,,No,No,2,,,Predictive text inputStopwatchOrganizer,,No,,Mini-SIM,VGA,86 g (3.03 oz),,"100 received, 100 dialed and 100 missed calls",Discontinued,No,Yes,,GSM 900 / 1800 / 1900,WAP 2.0/xHTML,"128 x 128 pixels, 1:1 ratio",Up to 5 h,No,,,,"2005, August",,GSM,No,,Siemens,https://fdn2.gsmarena.com/vv/bigpic/siemens-c72.gif,,Siemens C72,"SMS, EMS, MMS, Email, Instant Messaging",Liquid Silver,"CSTN, 65K colors",Yes,Class 10,105 x 47 x 18 mm (4.13 x 1.85 x 0.71 in),,Proprietary,No,No,No,,Yes,Removable Li-Ion 750 mAh battery,,,"Yes, MIDP 2.0"
100 short messages,LED flash,,Up to 300 h,"Vibration; Downloadable polyphonic, MP3, AAC ringtones",,No,1.2,Yes + downloadable,,,Push to TalkMP3/AAC/MP4 playerPredictive text inputOrganizerSyncMLVoice memo,,No,,Mini-SIM,1.3 MP,99 g (3.49 oz),,"100 dialed, 100 received, 100 missed calls",Discontinued,No,Yes,,GSM 900 / 1800 / 1900,WAP 2.0/xHTML,"132 x 176 pixels, 4:3 ratio (~116 ppi density)",Up to 5 h,"RS-MMC, up to 1 GB, 128 MB included",,,,"2005, Q2",,GSM,No,,Siemens,https://fdn2.gsmarena.com/vv/bigpic/siemens-s75.gif,"1.9 inches, 28 x 38 mm, 11.2 cm2(~23.1% screen-to-body ratio)",Siemens S75,"SMS, MMS, EMail, Instant Messaging","Piano Black, Zirconia","TFT, 256K colors","1000 x 43 fields, Photo call",Class 10,"103 x 47 x 18.5 mm, 84 cc (4.06 x 1.85 x 0.73 in)",20MB,Proprietary,Yes,No,No,,Yes,Removable Li-Ion 820 mAh battery,,,"Yes, MIDP 2.0"
No,LED flash,,Up to 300 h,"Vibration; Downloadable polyphonic, MP3, AAC ringtones",,No,1.2,"SeaBattle, Wappo 2, Golf + downloadable",,,,,No,,Mini-SIM,1.3 MP,99 g (3.49 oz),,"100 dialed, 100 received, 100 missed calls",Discontinued,No,,,GSM 900 / 1800 / 1900,WAP 2.0/xHTML,"132 x 176 pixels, 4:3 ratio",Up to 5 h,No,,,,"2005, Q2",,GSM,MP3/AAC/MP4 playerPredictive text inputOrganizerVoice memo,,Siemens,https://fdn2.gsmarena.com/vv/bigpic/siemens-sl75.gif,,Siemens SL75,"SMS, MMS, Email, Instant Messaging","Pure Silver, Polar White, Onyx Black","TFT, 256K colors","1000 x 23 fields, Photo call",Class 10,"92 x 48 x 23 mm, 78 cc (3.62 x 1.89 x 0.91 in)",52MB,Proprietary,Yes,No,No,,Yes,Removable Li-Ion 700 mAh battery,,,"Yes, MIDP 2.0"
5-way joystickDownload assistant for logos,,,Up to 300 h,Vibration; Downloadable polyphonic ringtones,,Yes,No,Yes,,,No,Predictive text inputStopwatchOrganizerVoice memoClip-it coversUser profilesSyncML,No,,Mini-SIM,VGA,85 g (3.00 oz),,"100 received, 100 dialed and 100 missed calls",Discontinued,No,Yes,,GSM 900 / 1800 / 1900,WAP 2.0/xHTML,"132 x 176 pixels, 9 lines, 4:3 ratio",Up to 5 h 30 min,No,,,,"2005, May",,GSM,100 short messages,,Siemens,https://fdn2.gsmarena.com/vv/bigpic/siemens-c75.gif,,Siemens C75,"SMS, EMS, MMS, Email, Instant Messaging",Palladium and Light Silver,"TFT, 65K colors","1000 x 20 fields, Photo call",Class 10,103 x 44 x 17 mm (4.06 x 1.73 x 0.67 in),10MB,Proprietary,No,No,No,,Yes,Removable Li-Ion 750 mAh battery,,,Yes
Download assistant for logos,,,Up to 250 h,Vibration; Downloadable polyphonic ringtones,,Yes,1.2,Yes + downloadable,,,Predictive text inputOrganizerStopwatchReminder listVoice memoSyncML,,No,,Mini-SIM,,98 g (3.46 oz),,"100 dialed, 100 received, 100 missed calls",Discontinued,No,Yes,,GSM 900 / 1800 / 1900,WAP 2.0/xHTML,"132 x 176 pixels, 9 lines, 4:3 ratio (~105 ppi density)",Up to 5 h,RS-MMC,,,,"2005, March",,GSM,No,,Siemens,https://fdn2.gsmarena.com/vv/bigpic/sisp65.gif,"2.1 inches, 32 x 42 mm, 13.7 cm2(~26.1% screen-to-body ratio)",Siemens SP65,"SMS, EMS, MMS, Email, Instant messaging","Steel black, Bordeaux","TFT, 65K colors",1000 x 20 fields,Class 10,"109 x 48 x 18 mm, 85 cc (4.29 x 1.89 x 0.71 in)",,Proprietary,No,No,No,,,Removable Li-Ion 750 mAh battery,,,"Yes, MIDP 2.0"
64 MB free memory,,,Up to 400 h,"Vibration; Downloadable polyphonic ringtones, composer",,Yes,1.1,Yes + downloadable,,,Predictive text inputOrganizerInfrared transfer of data between compatible phonesXpress-on coversProfiles,,No,,Mini-SIM,2 MP,134 g (4.73 oz),,"10 dialed, 10 received, 10 missed calls",Discontinued,No,Yes,,GSM 900 / 1800 / 1900,WAP 2.0/xHTML,"240 x 320 pixels, 4:3 ratio (~182 ppi density)",Up to 6 h,RS-MMC,,,"Yes, 384 kbps","2005, Q1",,GSM / UMTS,CIF videocall camera,,Siemens,https://fdn2.gsmarena.com/vv/bigpic/siemens-sxg75.gif,"2.2 inches, 33 x 45 mm, 15.0 cm2(~25.4% screen-to-body ratio)",Siemens SXG75,"SMS, MMS, EMail, Instant Messaging","Metallic White, Metallic Black","TFT, 256K colors",250 entries,,"111.5 x 53 x 20 mm, 108 cc (4.39 x 2.09 x 0.79 in)",128MB,Proprietary,,GPS,"Stereo FM radio, RDS",UMTS 2100,Yes,Removable Li-Ion 1000 mAh battery,,,"Yes, MIDP 2.0"
"Dust, shock and splash resistantMetal frame",,,Up to 250 h,"Vibration; Downloadable polyphonic, MP3, AAC ringtones",,No,1.2,Yes + downloadable,,,MP3/AAC playerVideo playerOrganizerVoice memoPredictive text input,,No,,Mini-SIM,1.3 MP,110 g (3.88 oz),,"10 dialed, 10 received, 10 missed calls",Discontinued,No,Yes,,GSM 900 / 1800 / 1900,WAP 2.0/xHTML,"132 x 176 pixels, 4:3 ratio (~116 ppi density)",Up to 5 h,"RS-MMC, 32 MB included",,,,"2005, Q1",,GSM,No,,Siemens,https://fdn2.gsmarena.com/vv/bigpic/siemens-m75.gif,"1.9 inches, 28 x 38 mm, 11.2 cm2(~19.6% screen-to-body ratio)",Siemens M75,"SMS, MMS, EMail","Safari Green, Volcano Black","TFT, 256K colors","1000 x 20 fields, Photo call",Class 10,"110.5 x 51.5 x 20.8 mm, 104 cc (4.35 x 2.03 x 0.82 in)",14MB,Proprietary,No,No,No,,Yes,Removable Li-Ion 750 mAh battery,,,"Yes, MIDP 2.0"
No,,,Up to 250 h,"Vibration; Downloadable polyphonic, MP3 ringtones",,Yes,1.2,Yes + downloadable,,,,,No,,Mini-SIM,1.3 MP,98 g (3.46 oz),,"10 dialed, 10 received, 10 missed calls",Discontinued,No,Yes,,GSM 900 / 1800 / 1900,WAP 2.0/xHTML,"132 x 176 pixels, 4:3 ratio (~116 ppi density)",Up to 5 h,RS-MMC,,,,"2005, Q1",,GSM,Push and TalkMP3/AAC playerPredictive text inputOrganizerSyncML,,Siemens,https://fdn2.gsmarena.com/vv/bigpic/siemens-cx75.gif,"1.9 inches, 28 x 38 mm, 11.2 cm2(~20.8% screen-to-body ratio)",Siemens CX75,"SMS, MMS, EMail, Instant Messaging","Titan grey, Sand silver","TFT, 256K colors","1000 x 20 fields, Photo call",Class 10,"112 x 48 x 19 mm, 90 cc (4.41 x 1.89 x 0.75 in)",14MB,Proprietary,No,No,No,,QCIF,Removable Li-Ion 750 mAh battery,,,"Yes, MIDP 2.0"
"Second external 4K colors display, CSTN (96 x 64 pixels)5-way navigation key",,,Up to 250 h,Vibration; Downloadable polyphonic ringtones,,Yes,No,Yes + downloadable,,,Push to talkMedia playerPredictive text inputOrganizerSyncMLVoice memo,,No,,Mini-SIM,VGA,91 g (3.21 oz),,"10 dialed, 10 received, 10 missed calls",Discontinued,No,Yes,,GSM 900 / 1800 / 1900,WAP 2.0/xHTML,128 x 160 pixels,Up to 2 h 30 min,No,,,,"2005, Q1",,GSM,No,,Siemens,https://fdn2.gsmarena.com/vv/bigpic/siemens-cf75.gif,,Siemens CF75,"SMS, EMS, MMS, EMail","Ocean blue, Pearl black","CSTN, 65K colors","1000 x 20 fields, Photo call",Class 10,"94 x 47 x 22 mm, 80 cc (3.70 x 1.85 x 0.87 in)",10MB,Proprietary,Yes,No,No,,Yes,Removable Li-Ion 600 mAh battery,,,"Yes, MIDP 2.0"
"Second external 65K colors display, CSTN (96 x 64 pixels)",,,Up to 220 h,Vibration; Downloadable polyphonic ringtones,,No,No,"2- Angels&Clouds, C’est La Vie + downloadable",,,No,Push to talkPredictive text inputOrganizerVoice memo,No,,Mini-SIM,VGA,90 g (3.17 oz),,"10 dialed, 10 received, 10 missed calls",Discontinued,No,Yes,,GSM 900 / 1800 / 1900,WAP 2.0/xHTML,128 x 160 pixels,Up to 3 h,No,,,,"2005, Q1",,GSM,100 short messages,,Siemens,https://fdn2.gsmarena.com/vv/bigpic/siemens-cl75.gif,,Siemens CL75,"SMS, EMS, MMS, Instant Messaging","Silk Flower Red,  Pin Striped Black","TFT, 256K colors","500 x 20 fields, Photo call",Class 10,"87 x 44 x 23 mm, 74 cc (3.43 x 1.73 x 0.91 in)",11MB,Proprietary,No,No,No,,Yes,Removable Li-Ion 780 mAh battery,,,"Yes, MIDP 1.0"
GSM 850 / 1800 / 1900 - US version,,,Up to 220 h,Vibration; Downloadable polyphonic ringtones,,Yes,No,Yes + downloadable,,,100 short messages,No,No,,Mini-SIM,,76 g (2.68 oz),,"10 dialed, 10 received, 10 missed calls",Discontinued,No,Yes,,GSM 900 / 1800 / 1900,WAP 1.2.1,"128 x 128 pixels, 7 lines, 1:1 ratio",Up to 5 h,No,,,,"2005, Q1",,GSM,4-way navigation keySoftkeys,,Siemens,https://fdn2.gsmarena.com/vv/bigpic/siemens-ax75.gif,,Siemens AX75,"SMS, EMS, MMS","2 - Ice Blue, Cream Stone","CSTN, 65K colors",500 x 12 fields,Class 8,"106 x 47 x 18 mm, 75 cc (4.17 x 1.85 x 0.71 in)",1.5MB,Proprietary,No,No,No,,,Removable Li-Ion 600 mAh battery,Predictive text inputOrganizerVoice dial/voice commandOptional VGA camera,,"Yes, MIDP 1.0"
GSM 850 / 1800 / 1900 - US version,,,Up to 250 h,Polyphonic(32) ringtones,,Yes,No,2 - Stack Attack Junior and Magic Picture,,,100 short messages,No,No,,Mini-SIM,,78 g (2.75 oz),,"10 dialed, 10 received, 10 missed calls",Discontinued,No,,,GSM 900 / 1800 / 1900,WAP 1.2.1,101 x 80 pixels,Up to 5 h,No,,,,"2005, Q1",,GSM,4-way navigation keyScreensaver,,Siemens,https://fdn2.gsmarena.com/vv/bigpic/siemens-a75.gif,,Siemens A75,"SMS, EMS","2 - Atlantic Blue, Polar Silver","CSTN, 4096 colors","100 numbers, 4 groups",Class 8,101 x 44 x 20 mm (3.98 x 1.73 x 0.79 in),,,No,No,No,,,Removable Li-Ion 650 mAh battery,Predictive text inputCalculatorStopwatch,,No
GSM 850 / 1800 / 1900 - US version,,,Up to 250 h,Vibration; Polyphonic(32) ringtones,,No,No,2 -  Balloon Shooter and Stack Attack,,,No,Predictive text inputCalculator,No,,Mini-SIM,,78 g (2.75 oz),,"10 dialed, 10 received, 10 missed calls",Discontinued,No,,,GSM 900 / 1800 / 1900,,101 x 64 pixels,Up to 5 h,No,,,,"2005, Q1",,GSM,Softkeys,,Siemens,https://fdn2.gsmarena.com/vv/bigpic/siemens-a70.gif,,Siemens A70,"SMS, EMS","2 - Pebble, Palladium",Monochrome graphic,250 entries (SIM),,101 x 45 x 20 mm (3.98 x 1.77 x 0.79 in),,,No,No,No,,,Removable Li-Ion 650 mAh battery,,,No
Swivel and rotate 180 degScreensavers and wallpapersDownloadable logos,LED flash,,Up to 400 h,Vibration; Downloadable polyphonic ringtones,,Yes,No,Yes + downloadable,,,Predictive text inputPhoto editorOrganizer,,No,,Mini-SIM,1.3 MP,97 g (3.42 oz),,"30 received, dialed and missed calls",Discontinued,No,Yes,,GSM 900 / 1800,WAP 1.2.1,128 x 160 pixels,Up to 4 h,No,,,,"2004, Q3",,GSM,No,,Siemens,https://fdn2.gsmarena.com/vv/bigpic/sisf65.gif,,Siemens SF65,"SMS, EMS, MMS, EMail","2 - Polar white, Onyx black","TFT, 65K colors","500 x 9 files, Photo call",Class 10,"91 x 44 x 23 mm, 86 cc (3.58 x 1.73 x 0.91 in)",20MB,Proprietary,No,No,No,,No,Removable Li-Ion 660 mAh battery,,,"Yes, MIDP 2.0"
"5-way joystickDownloadable logosIntegrated stroke, press and shake sensors control 3 preinstalled Emoty characters",,,Up to 300 h,Vibration; Downloadable polyphonic ringtones,,Yes,No,Yes + downloadable,,,Push-To-TalkPredictive text inputStopwatchOrganizerEmoty characters can be sent via MMSClip-it covers,,No,,Mini-SIM,VGA,116 g (4.09 oz),,"100 dialed, 100 received, 100 missed calls",Discontinued,No,Yes,,GSM 900 / 1800 / 1900,WAP 2.0/xHTML,"132 x 176 pixels, 9 lines, 4:3 ratio",Up to 5 h 30 min,No,,,,"2004, Q3",,GSM,No,,Siemens,https://fdn2.gsmarena.com/vv/bigpic/sicx70em.gif,,Siemens CX70 Emoty,"SMS, MMS, Email",Bluewater,"TFT, 65K colors","14 fields, in shared memory, Photo call",Class 10,115 x 56 x 24 mm (4.53 x 2.20 x 0.94 in),9.5MB,Proprietary,No,No,No,,Yes,Removable Li-Ion 750 mAh battery,,,Yes
5-way joystickDownloadable logos,,,Up to 250 h,Vibration; Downloadable polyphonic ringtones,,Yes,No,Yes + downloadable,,,"Push-To-TalkPredictive text inputStopwatchOrganizerVoice dial, commandClip-it covers",,No,,Mini-SIM,VGA,90 g (3.17 oz),,"100 dialed, 100 received, 100 missed calls",Discontinued,No,Yes,,GSM 900 / 1800 / 1900,WAP 2.0/xHTML,"132 x 176 pixels, 9 lines, 4:3 ratio",Up to 5 h,No,,,,"2004, Q3",,GSM,No,,Siemens,https://fdn2.gsmarena.com/vv/bigpic/sicx70.gif,,Siemens CX70,"SMS, MMS, Email",,"TFT, 65K colors","14 fields, in shared memory, Photo call",Class 10,108 x 46 x 18 mm (4.25 x 1.81 x 0.71 in),9.5MB,Proprietary,No,No,No,,Yes,Removable Li-Ion 750 mAh battery,,,Yes
Downloadable logos,,Intel Xscale PXA272 520 MHz,Up to 200 h,"Vibration; Downloadable polyphonic, MP3 ringtones",,Yes,Yes,,Microsoft Windows Mobile 2003 SE PocketPC,,Microsoft ActiveSyncMP3/AAC playerPredictive text input,,No,QWERTY,Mini-SIM,,210 g (7.41 oz),,,Discontinued,Wi-Fi 802.11b,Yes,,GSM 850 / 900 / 1800 / 1900,HTML (PocketIE),"240 x 320 pixels, 4:3 ratio (~114 ppi density)",Up to 4 h,SDIO/MMC,,,,"2004, Q4",,GSM,No,,Siemens,https://fdn2.gsmarena.com/vv/bigpic/sisx66.gif,"3.5 inches, 53 x 71 mm, 37.9 cm2(~42.7% screen-to-body ratio)",Siemens SX66,,Silver,"TFT resistive touchscreen, 65K colors",,Class 10,125 x 71 x 18 mm (4.92 x 2.80 x 0.71 in),128MB RAM,Proprietary,No,No,No,,,Removable Li-Ion battery,,,
Downloadable pictures,,,Up to 250 h,Vibration; Downloadable polyphonic ringtones,,Yes,1.2,"3 - Chess master, Golf and Sea Battle + downloadable",,,No,Push to talk (VoIP service)E-mail push based on BlackBerry Built-In technology from RIMPredictive text inputSyncMLOrganizer,No,QWERTY,Mini-SIM,,144 g (5.08 oz),,"100 dialed, 100 received, 100 missed calls",Discontinued,No,Yes,,GSM 900 / 1800 / 1900,WAP 2.0/xHTML,"132 x 176 pixels, 4:3 ratio",Up to 5 h,No,,,,"2004, Q3",,GSM,30 MB available to user,,Siemens,https://fdn2.gsmarena.com/vv/bigpic/sisk65.gif,,Siemens SK65,"SMS, MMS, Email",Black Silver,"TFT, 65K colors",2000,Class 10,"120 x 47 x 22 mm, 115 cc (4.72 x 1.85 x 0.87 in)",64MB,Proprietary,No,No,No,,,Removable Li-Ion 750 mAh battery (EBA-660),,,"Yes, MIDP 2.0"
Download assistant for logos,,,Up to 260 h,Vibration; Downloadable polyphonic ringtones,,No,No,"Stack Attack Jr, Wappo, Magic Picture  + downloadable",,,Predictive text inputCurrency converterCalculatorStopwatchReminder listOptional digital camera,,No,,Mini-SIM,,75 g (2.65 oz),,"10 dialed, 10 received, 10 missed calls",Discontinued,No,,,GSM 900 / 1800 / 1900,WAP 1.2.1,101 x 80 pixels,Up to 2 h,No,,,,"2004, July",,GSM,No,,Siemens,https://fdn2.gsmarena.com/vv/bigpic/sia65.gif,,Siemens A65,"SMS, EMS, MMS",Sparkling Silver and Mystery Silver,"CSTN, 4096 colors",50 entries,Class 8,"101 x 45 x 19 mm, 72 cc (3.98 x 1.77 x 0.75 in)",1.5MB,,No,No,No,,,Removable Li-Ion 700 mAh battery (EBA-510),,,"Yes, MIDP 2.0"
4-way navi keyDownload assistant for logos,,,Up to 250 h,Vibration; Downloadable polyphonic ringtones,,No,No,"MagicPicture, Stack Attack  + downloadable",,,Predictive text inputCurrency converterCalculatorStopwatchReminder list,,No,,Mini-SIM,,76 g (2.68 oz),,"10 dialed, 10 received, 10 missed calls",Discontinued,No,,,GSM 900 / 1800 / 1900,WAP 1.2.1,101 x 80 pixels,Up to 5 h,No,,,,"2004, Q4",,GSM,No,,Siemens,https://fdn2.gsmarena.com/vv/bigpic/sia62.gif,,Siemens A62,"SMS, EMS",Denim Blue and Mystic Purple,"CSTN, 4096 colors",50 entries,Class 8,"101 x 45 x 19 mm, 72 cc (3.98 x 1.77 x 0.75 in)",,,No,No,No,,,Removable Li-Ion 700 mAh battery,,,No
Screensavers,,,Up to 250 h,Downloadable polyphonic ringtones,,No,No,Stack Attack and Wacko,,,Predictive text inputCurrency converterCalculatorExchangable covers,,No,,Mini-SIM,,84 g (2.96 oz),,"10 dialed, 10 received, 10 missed calls",Discontinued,No,,,GSM 900 / 1800,WAP 1.2.1,"101 x 64 pixels, 5 lines",Up to 5 h,No,,,,"2004, Q4",,GSM,No,,Siemens,https://fdn2.gsmarena.com/vv/bigpic/sia51.gif,,Siemens A51,"SMS, EMS",Urban Grey,Monochrome graphic,50 entries,,"103 x 46 x 21 mm, 75 cc (4.06 x 1.81 x 0.83 in)",,,No,No,No,,,Removable Li-Ion 700 mAh battery,,,No
5-way navi keyDownloadable logos,,,Up to 230,Vibration; Downloadable polyphonic ringtones,,Yes,No,"Yes - Golf, Rally + downloadable",,,Predictive text inputStopwatchOrganizerSyncML,,No,,Mini-SIM,VGA,99 g (3.49 oz),,"100 dialed, 100 received, 100 missed calls",Discontinued,No,Yes,,GSM 900 / 1800 / 1900,WAP 2.0/xHTML,"130 x 130 pixels, 7 lines, 1:1 ratio (~102 ppi density)",Up to 4h 3 min,No,,,,"2004, June",,GSM,No,,Siemens,https://fdn2.gsmarena.com/vv/bigpic/sisl65.gif,"1.8 inches, 10.5 cm2(~24.4% screen-to-body ratio)",Siemens SL65,"SMS, MMS, Email, Instant Messaging","2 - Ivory, Ebony","TFT, 65K colors",Yes,Class 10,"90 x 47.6 x 21 mm, 78 cc (3.54 x 1.87 x 0.83 in)",11MB,Proprietary,No,No,No,,Yes,Removable Li-Ion 700 mAh battery (EBA-650),,,"Yes, MIDP 2.0"
Second external display B/W (96 x 64 pixels)Downloadable logos,LED flash,,Up to 200 h,Vibration; Downloadable polyphonic ringtones,,Yes,No,Yes + downloadable,,,"Predictive text inputOrganizerStopwatchSupported formats: JPEG, GIF, PNG, BMP, WBMPVoice memo",,No,,Mini-SIM,VGA,88 g (3.10 oz),,"100 dialed, 100 received, 100 missed calls",Discontinued,No,Yes,,GSM 900 / 1800,WAP 2.0/xHTML,128 x 160 pixels,Up to 3 h 20 min,No,,,,"2004, June",,GSM,No,,Siemens,https://fdn2.gsmarena.com/vv/bigpic/sicfx65.gif,,Siemens CFX65,"SMS, EMS, MMS, Email(receive only)","2 - Chameleon, Blue Pearl","CSTN, 65K colors","250 x 14 fields, Photo call",Class 10,"85 x 48 x 23 mm, 78 cc (3.35 x 1.89 x 0.91 in)",4MB,Proprietary,No,No,No,,No,Removable Li-Ion 600 mAh battery (EBA-670),,,"Yes, MIDP 2.0"
Download assistant for logos,,,Up to 250 h,Vibration; Downloadable polyphonic ringtones,,Yes,1.2,Yes + downloadable,,,Predictive text inputOrganizerStopwatchVoice memoSyncML,,No,,Mini-SIM,1.3 MP,98 g (3.46 oz),,"100 dialed, 100 received, 100 missed calls",Discontinued,No,Yes,,GSM 900 / 1800 / 1900,WAP 2.0/xHTML,"132 x 176 pixels, 9 lines, 4:3 ratio (~105 ppi density)",Up to 5 h,"RS-MMC, 32 MB included",,,,"2004, March",,GSM,No,,Siemens,https://fdn2.gsmarena.com/vv/bigpic/sis65.gif,"2.1 inches, 32 x 42 mm, 13.7 cm2(~26.1% screen-to-body ratio)",Siemens S65,"SMS, EMS, MMS, Email, Instant messaging",Steel Black,"TFT, 65K colors",1000 x 20 fields,Class 10,"109 x 48 x 18 mm, 85 cc (4.29 x 1.89 x 0.71 in)",11MB,Proprietary,No,No,No,,Yes,Removable Li-Ion 750 mAh battery (EBA-660),,,"Yes, MIDP 2.0"
"Dust, shock and splash resistantMetal frame",,,Up to 300 h,Vibration; Downloadable polyphonic ringtones,,Yes,No,"Turrican, Team Point Blank, Stack Attack Advanced",,,OrganizerSyncMLPhoto editorVoice memoPredictive text input,,No,,Mini-SIM,VGA,104 g (3.67 oz),,"100 received, 100 dialed and 100 missed calls",Discontinued,No,Yes,,GSM 900 / 1800 / 1900,WAP 2.0/xHTML,"132 x 176 pixels, 9 lines, 4:3 ratio",Up to 5 h,No,,,,"2004, March",,GSM,No,,Siemens,https://fdn2.gsmarena.com/vv/bigpic/sim65.gif,,Siemens M65,"SMS, EMS, MMS, Email",Cool Gray,"TFT, 65K colors","14 fields, in shared memory",Class 10,"109 x 49 x 19 mm, 89 cc (4.29 x 1.93 x 0.75 in)",11MB,Proprietary,No,No,No,,Yes,Removable Li-Ion 750 mAh battery (EBA-660),,,"Yes, MIDP 2.0"
GSM 850 / 1800 / 1900 - Siemens C66,,,Up to 250 h,Vibration; Downloadable polyphonic ringtones,,Yes,No,Photopet + downloadable,,,No,Predictive text inputStopwatchOrganizerSyncMLClip-it covers,No,,Mini-SIM,CIF,86 g (3.03 oz),,"100 dialed, 100 received, 100 missed calls",Discontinued,No,Yes,,GSM 900 / 1800 / 1900,WAP 2.0/xHTML,"130 x 130 pixels, 1:1 ratio",Up to 6 h,No,,,,"2004, March",,GSM,Download assistant for logos,,Siemens,https://fdn2.gsmarena.com/vv/bigpic/sic65.gif,,Siemens C65,"SMS, EMS, MMS",Blue Shadow,"CSTN, 65K colors","14 fields, in shared memory",Class 10,"105 x 45 x 16 mm, 76 cc (4.13 x 1.77 x 0.63 in)",10MB,Proprietary,No,No,No,,No,Removable Li-Ion 600 mAh battery (EBA-670),,,"Yes, MIDP 2.0"
5-way joystickDownloadable logos,,,Up to 250 h,Vibration; Downloadable polyphonic ringtones,,Yes,No,Yes + downloadable,,,Predictive text inputStopwatchOrganizerVoice dialVoice commandClip-it coversUser profilesSyncML,,No,,Mini-SIM,VGA,90 g (3.17 oz),,"10 dialed, 10 received, 10 missed calls",Discontinued,No,Yes,,GSM 900 / 1800 / 1900,WAP 2.0/xHTML,"132 x 176 pixels, 9 lines, 4:3 ratio",Up to 5 h,No,,,,2004,,GSM,No,,Siemens,https://fdn2.gsmarena.com/vv/bigpic/sicxt65.gif,,Siemens CXT65,"SMS, MMS, Email",Cool Silver,"TFT, 65K colors","14 fields, in shared memory, Photo call",Class 10,108 x 46 x 18 mm (4.25 x 1.81 x 0.71 in),11MB,Proprietary,No,No,No,,Yes,Removable Li-Ion 750 mAh battery,,,"Yes, MIDP 2.0"
GSM 850 / 1800 / 1900 - Siemens CX66,,,Up to 250 h,Vibration; Downloadable polyphonic ringtones,,Yes,No,Yes,,,No,Predictive text inputOrganizerStopwatchVoice memoClip-it coversUser profilesSyncML,No,,Mini-SIM,VGA,90 g (3.17 oz),,"100 received, 100 dialed and 100 missed calls",Discontinued,No,Yes,,GSM 900 / 1800 / 1900,WAP 2.0/xHTML,"132 x 176 pixels, 9 lines, 4:3 ratio (~105 ppi density)",Up to 5 h,No,,,,"2004, February",,GSM,5-way joystickDownload assistant for logos,,Siemens,https://fdn2.gsmarena.com/vv/bigpic/sicx65.gif,"2.1 inches, 13.7 cm2(~27.5% screen-to-body ratio)",Siemens CX65,"SMS, MMS, Email",Cool Silver,"TFT, 65K colors","14 fields, in mem, PhotoCall",Class 10,108 x 46 x 18 mm (4.25 x 1.81 x 0.71 in),11MB,Proprietary,No,No,No,,Yes,Removable Li-Ion 750 mAh battery (EBA-660),,,Yes
GSM 850 / 1800 / 1900 - Siemens CF63,,,Up to 220 h,Vibration; Downloadable polyphonic ringtones,,Yes,No,Yes + downloadable,,,100 short messages,No,No,,Mini-SIM,,85 g (3.00 oz),,"10 dialed, 20 received, 20 missed calls",Discontinued,No,,,GSM 900 / 1800 / 1900,WAP 1.2.1,"130 x 130 pixels, 1:1 ratio",Up to 5 h,No,,,,"2004, February",,GSM,Second external monochrome display (blue illuminated)4-way navi keyScreensavers,,Siemens,https://fdn2.gsmarena.com/vv/bigpic/sicf62.gif,,Siemens CF62,"SMS, EMS, MMS","2 - Cool Grey, Cool Cashmere","CSTN, 65K colors",500 x 15 fields,Class 10,"82 x 45 x 22 mm, 78 cc (3.23 x 1.77 x 0.87 in)",,,No,No,No,,,Removable Li-Ion 600 mAh battery (EBA-670),Predictive text inputOrganizerOptional digital camera,,Yes
"SoftkeysDownloadable logos, animations",,,Up to 250 h,Vibration; Downloadable polyphonic ringtones,,No,No,"4 - Stack Attack, Balloon Shooter, Move the Box, Wacko",,,No,,No,,Mini-SIM,,84 g (2.96 oz),,"10 dialed, 10 received, 10 missed calls",Discontinued,No,,,GSM 900 / 1800,WAP 1.2.1,"101 x 64 pixels, 5 lines",Up to 2 h,No,,,,"2004, Q2",,GSM,25 short messages,,Siemens,https://fdn2.gsmarena.com/vv/bigpic/sia57.gif,,Siemens A57,"SMS, EMS","Cassis, Pebble",Monochrome graphic,"50 entries, 4 groups, Picture call",No,"103 x 46 x 21.5 mm, 75 cc (4.06 x 1.81 x 0.85 in)",,,No,No,No,,,Removable Li-Ion 700 mAh battery (EBA-510),Predictive text inputOrganizerExchangeable Clip-it covers,,No
5-way navi key,,,,Monophonic ringtones,,No,No,,,,Handwriting recognitionAppointments and contacts,,No,,Mini-SIM,,-,,,Cancelled,No,,,GSM 900 / 1800 / 1900,,,,No,,,,"2004, Q1",,GSM,No,,Siemens,https://fdn2.gsmarena.com/vv/bigpic/sipen.gif,,Siemens PenPhone,SMS,,LCD,,,140 x 25 x 19 mm (5.51 x 0.98 x 0.75 in),,,No,No,No,,,Removable battery,,,No
5-way navi key,,,Up to 140 h,"Vibration; Downloadable polyphonic ringtones, composer",,Yes,No,Tetris + Java games,,,Predictive text inputOrganizerVoice dialVoice command,,No,,Mini-SIM,VGA,87 g (3.07 oz),,"10 dialed, 20 received, 20 missed calls",Discontinued,No,,,GSM 900 / 1800,WAP 2.0/xHTML,"120 x 160 pixels, 4:3 ratio",Up to 4 h 30 min,No,,,,"2004, Q1",,GSM,No,,Siemens,https://fdn2.gsmarena.com/vv/bigpic/sist60.gif,,Siemens ST60,"SMS, EMS, MMS, Email",,"TFT, 65K colors","250 entries, Photo call",Class 10,"99 x 49 x 22 mm, 76 cc (3.90 x 1.93 x 0.87 in)",5MB,,No,No,No,,Yes,Removable Li-Ion 750 mAh battery (EBA-595),,,Yes
Dual screen displayNavi keyDownloadable logos,,,,Vibration; Downloadable polyphonic ringtones,,No,No,Yes,,,Predictive text inputExtra-long Chinese SMSOrganizerVoice memoOptional digital camera,,No,,Mini-SIM,,79 g (2.79 oz),,"10 dialed, 10 received, 10 missed calls",Discontinued,No,,,GSM 900 / 1800,WAP 1.2.1,128 x 160 pixels,,No,,,,"2003, Q4",,GSM,No,,Siemens,https://fdn2.gsmarena.com/vv/bigpic/sicl55.gif,,Siemens CL55,"SMS, MMS","3 - Silver, Red, Blue","TFT, 65K colors","100 x 5 fields, 5 contact groups",Class 8,83 x 41 x 22 mm (3.27 x 1.61 x 0.87 in),,,No,No,No,,,Removable Li-Ion battery,,,No
Screensaver,,,Up to 290 h,Vibration; Downloadable polyphonic ringtones,,No,No,No,,,Predictive text inputOrganizerVoice dial,,No,,Mini-SIM,,67 g (2.36 oz),,Yes,Discontinued,No,,,GSM 900 / 1800,,101 x 80 pixels,Up to 4 h,No,,,,"2003, Q4",,GSM,No,,Siemens,https://fdn2.gsmarena.com/vv/bigpic/sixel8.gif,,Siemens Xelibri 8,"SMS, EMS",Diamond pink and Silver glam,"CSTN, 4096 colors",Yes,No,91 x 56 x 23 mm (3.58 x 2.20 x 0.91 in),,,No,No,FM radio,,,Removable Li-Ion battery,,,No
Screensaver,,,Up to 290 h,Vibration; Downloadable polyphonic ringtones,,No,No,Yes,,,Predictive text inputVoice dialOrganizer,,No,,Mini-SIM,,83 g (2.93 oz),,Yes,Discontinued,No,,,GSM 900 / 1800,,101 x 80 pixels,Up to 4 h,No,,,,"2003, Q4",,GSM,No,,Siemens,https://fdn2.gsmarena.com/vv/bigpic/sixel7.gif,,Siemens Xelibri 7,"SMS, EMS",Copper Polished and Midnight Blue,"CSTN, 4096 colors",Yes,No,105 x 46 x 26 mm (4.13 x 1.81 x 1.02 in),,,No,No,No,,,Removable Li-Ion battery,,,No
Round keypad designTwo integrated mirrors flat and magnifyingScreensaver,,,Up to 290 h,Vibration; Downloadable polyphonic ringtones,,No,No,Downloadable,,,Predictive text inputOrganizerVoice dial,,No,,Mini-SIM,,89 g (3.14 oz),,Yes,Discontinued,No,,,GSM 900 / 1800,,101 x 80 pixels,Up to 4 h,No,Major European and Asian languages,,,"2003, Q4",,GSM,No,,Siemens,https://fdn2.gsmarena.com/vv/bigpic/sixel6.gif,,Siemens Xelibri 6,"SMS, EMS",Platinum Blush and Sheer Bronze,"FSTN, 4096 colors",Yes,No,"84 x 75 x 26 mm, 101 cc (3.31 x 2.95 x 1.02 in)",,,No,No,No,,,Removable Li-Ion battery,,,No
Screensaver,,,Up to 390 h,Vibration; Downloadable polyphonic ringtones,,No,No,2,,,Predictive text inputOrganizerVoice dial,,No,,Mini-SIM,,74 g (2.61 oz),,Yes,Discontinued,No,,,GSM 900 / 1800,,"101 x 80 pixels, 5 lines",Up to 5 h 40 min,No,,,,"2003, Q4",,GSM,No,,Siemens,https://fdn2.gsmarena.com/vv/bigpic/sixel5.gif,,Siemens Xelibri 5,"SMS, EMS",Ultra Blue and Mercury,"FSTN, 4096 colors",Yes,No,"87 x 52 x 17 mm, 58 cc (3.43 x 2.05 x 0.67 in)",,,No,No,No,,,Removable Li-Ion battery,,,No
Screensavers,,,Up to 250 h,Vibration; Downloadable polyphonic ringtones,Yes,No,Yes,Satin green,,,MP3/MP4 playerOrganizerSync MLPredictive text inputVoice dial,,No,,Mini-SIM,2 cameras VGA,140 g (4.94 oz),,Yes,Discontinued,No,Yes,,GSM 900 / 1800 / 1900,WAP 2.0/xHTML,176 x 220 pixels,Up to 1h 50 min,No,,,"Yes, 384 kbps","2003, Q4",,GSM / UMTS,64 MB flash memory included,,Siemens,https://fdn2.gsmarena.com/vv/bigpic/siu15.gif,,Siemens U15,"SMS, EMS, MMS, Email",,"TFT, 65K colors",500 entries,,"136 x 53 x 24 mm, 140 cc (5.35 x 2.09 x 0.94 in)",,Proprietary,,No,No,UMTS 2100,Yes,Removable Li-Po 800 mAh battery (EBA-010),,,Yes
Navi key,,,Up to 250 h,Vibration; Downloadable polyphonic ringtones,,Yes,No,"2 - Achevo, Falling",,,No,Predictive text inputOrganizerVoice memoOptional digital camera (VGA 640 x 480),No,,Mini-SIM,,85 g (3.00 oz),,"10 dialed, 10 received, 10 missed calls",Discontinued,No,,,GSM 900 / 1800 / 1900,WAP 1.2.1,"128 x 128 pixels, 7 lines, 1:1 ratio",Up to 4 h 30 min,No,,,,"2003, Q4",,GSM,600 KB memory free100 short messages100 calendar eventsMessage templates30 sec voice memo,,Siemens,https://fdn2.gsmarena.com/vv/bigpic/sic62.gif,,Siemens C62,"SMS, EMS, MMS, Email","3 -  Eagle White, Pidgeon Blue and Cherry Red","CSTN, 4096 colors","50 x 4 fields, 4 contact groups",Class 8,"101 x 44 x 20 mm, 82 cc (3.98 x 1.73 x 0.79 in)",1.6MB,,No,No,No,,,Removable Li-Ion 630 mAh battery (EBA-610),,,No
Navi keyScreensaver,,,Up to 260 h,Vibration; Downloadable polyphonic ringtones,,Yes,No,"2 - StackAttack , Mosaic",,,Predictive text inputStopwatchCalculatorExchangeable Clip-it covers,,No,,Mini-SIM,,85 g (3.00 oz),,"10 dialed, 10 received, 10 missed calls",Discontinued,No,,,GSM 900 / 1800 / 1900,WAP 1.2.1,"101 x 80 pixels, 7 lines",Up to 2 h,No,,,,"2003, Q4",,GSM,No,,Siemens,https://fdn2.gsmarena.com/vv/bigpic/sia60.gif,,Siemens A60,"SMS, EMS",Stone,"CSTN, 4096 colors","100 x 2 fields, contact groups",Class 8,"110 x 47 x 23 mm, 91 cc (4.33 x 1.85 x 0.91 in)",550 KB,,No,No,No,,,Removable Li-Ion 700 mAh battery (EBA-510),,,No
Unique keypad arrangement,,120 MHz ARM9,Up to 300 h,Vibration; Downloadable polyphonic ringtones,,No,1.1,,"Symbian 6.1, Series 60 v1.0 UI",,No,Loud speaker,No,,Mini-SIM,VGA,116 g (4.09 oz),TI OMAP 310,,Discontinued,No,Yes,,GSM 900 / 1800 / 1900,WAP 2.0/xHTML,176 x 220 pixels (~128 ppi density),Up to 4 h,MMC,,Yes,,"2003, Q3",,GSM,4 MB available,Yes,Siemens,https://fdn2.gsmarena.com/vv/bigpic/sisx1.gif,"2.2 inches, 35 x 44 mm, 15.2 cm2(~25.0% screen-to-body ratio)",Siemens SX1,,Ice blue,"TFD, 65K colors",,Class 10,"109 x 56 x 19 mm, 110 cc (4.29 x 2.20 x 0.75 in)",16MB,Proprietary,No,No,FM radio,,Yes,Removable Li-Ion 1000 mAh battery (EBA-540),MP3 player/recorderPredictive text inputOrganizerUser profilesSyncML,,
5-way navi key,,,Up to 140 h,Vibration; Downloadable polyphonic ringtones,,Yes,No,"3 - Wacko, Toggle, Tetris + Java",,,No,Predictive text inputOrganizerUser profilesSyncML,No,,Mini-SIM,VGA,87 g (3.07 oz),,"10 dialed, 20 received, 20 missed calls",Discontinued,No,,,GSM 900 / 1800,WAP 2.0/xHTML,"120 x 160 pixels, 7 lines, 4:3 ratio",Up to 4 h 30 min,No,,Yes,,"2003, Q3",,GSM,1.2 MB for photos1.3 MB for MMS1.1 MB for email messages100 short messages,Yes,Siemens,https://fdn2.gsmarena.com/vv/bigpic/sist55.gif,,Siemens ST55,"SMS, EMS, MMS, Email",,"TFT, 65K colors",255 x 15 entries,Class 10,99 x 47 x 22 mm (3.90 x 1.85 x 0.87 in),,,No,No,No,,No,Removable Li-Ion 750 mAh battery (EBA-595),,,No
Navi key,,,Up to 250 h,"Vibration; Downloadable polyphonic ringtones, composer",,Yes,No,Yes,,,No,Predictive text inputOrganizerStopwatchVoice command/dialUser profilesExchangeable covers,No,,Mini-SIM,CIF,86 g (3.03 oz),,"10 dialed, 10 received, 10 missed calls",Discontinued,No,,,GSM 900 / 1800 / 1900,WAP 1.2.1,"101 x 80 pixels, 7 lines",Up to 6 h,No,,Yes,,"2003, Q3",,GSM,10 voice dial commands20 voice dial numbers500 calendar items,Yes,Siemens,https://fdn2.gsmarena.com/vv/bigpic/simc60.gif,,Siemens MC60,"SMS, EMS, MMS, Email","3 - Aquamarine, Titanium and Grenadine","CSTN, 4096 colors","50 x 14 fields, 5 contact groups",Class 8,"110 x 46 x 21 mm, 88 cc (4.33 x 1.81 x 0.83 in)",1MB,,No,No,No,,No,Removable Li-Ion 700 mAh battery (EBA-510),,,Yes
Navi key,,,Up to 250 h,Vibration; Downloadable polyphonic ringtones,,Yes,No,"2 - StackAttack 2, Move the Box",,,Predictive text inputCurrency converterCalculatorStopwatchReminder listUser profilesExchangeable Clip-it coversOptional digital camera (VGA 640 x 480),,No,,Mini-SIM,,85 g (3.00 oz),,"10 dialed, 10 received, 10 missed calls",Discontinued,No,,,GSM 900 / 1800 / 1900,WAP 1.2.1,"101 x 80 pixels, 5 lines",Up to 6 h,No,,Yes,,"2003, Q3",,GSM,No,Yes,Siemens,https://fdn2.gsmarena.com/vv/bigpic/sic60.gif,,Siemens C60,"SMS, MMS","3 - Sky, Petrol and Grey","CSTN, 4096 colors","100 entries, contact groups",Class 8,110 x 47 x 23 mm (4.33 x 1.85 x 0.91 in),1.86MB,,No,No,No,,,Removable Li-Ion 700 mAh battery (EBA-510),,,Yes
ScreensaverDownloadable pictures,,,Up to 200 h,Vibration; Downloadable polyphonic ringtones,,No,No,No,,,No,Ringtones can be assigned to contacts,No,,Mini-SIM,,73 g (2.57 oz),,"10 dialed, 10 received, 10 missed calls",Discontinued,No,,,GSM 900 / 1800,,101 x 64 pixels,Up to 4 h,No,,,,"2003, Q2",,GSM,Predefined short messages,,Siemens,https://fdn2.gsmarena.com/vv/bigpic/sixel1.gif,,Siemens Xelibri 1,"SMS, EMS",,Monochrome graphic,100,No,"101 x 46 x 19 mm, 72 cc (3.98 x 1.81 x 0.75 in)",,,No,No,No,,,Removable Li-Ion 610 mAh battery,Predictive text inputOrganizerVoice dial,,No
ScreensaverDownloadable pictures,,,Up to 200 h,Vibration; Downloadable polyphonic ringtones,,No,No,No,,,No,Ringtones can be assigned to contacts,No,,Mini-SIM,,73 g (2.57 oz),,"10 dialed, 10 received, 10 missed calls",Discontinued,No,,,GSM 900 / 1800,,"101 x 65 pixels, 5 lines",Up to 4 h,No,,,,"2003, Q2",,GSM,Predefined short messages,,Siemens,https://fdn2.gsmarena.com/vv/bigpic/sixel2.gif,,Siemens Xelibri 2,"SMS, EMS",,Monochrome graphic,100,No,"99 x 56 x 20 mm, 78 cc (3.90 x 2.20 x 0.79 in)",,,No,No,No,,,Removable Li-Ion 650 mAh battery,Predictive text inputOrganizerVoice dial,,No
ScreensaverDownloadable picturesDigit dial with Navi key,,,Up to 300 h,Vibration; Downloadable monophonic ringtones,,No,No,No,,,No,Ringtones can be assigned to contacts,No,,Mini-SIM,,55 g (1.94 oz),,"10 dialed, 10 received, 10 missed calls",Discontinued,No,,,GSM 900 / 1800,,"101 x 56 pixels, 5 lines, 17:9 ratio",Up to 4 h,No,,,,"2003, Q2",,GSM,Predefined short messages,,Siemens,https://fdn2.gsmarena.com/vv/bigpic/sixel3.gif,,Siemens Xelibri 3,"SMS, EMS",,Monochrome graphic,100,No,"74 x 43 x 20 mm, 48 cc (2.91 x 1.69 x 0.79 in)",,,No,No,No,,,Removable Li-Ion 620 mAh battery,Predictive text inputOrganizerVoice dialAntenna in the necklace,,No
ScreensaverDownloadable pictures,,,Up to 200 h,Vibration; Downloadable polyphonic ringtones,,No,No,No,,,No,Ringtones can be assigned to contacts,No,,Mini-SIM,,71 g (2.50 oz),,"10 dialed, 10 received, 10 missed calls",Discontinued,No,,,GSM 900 / 1800,,"101 x 65 pixels, 5 lines",Up to 4 h,No,,,,"2003, Q2",,GSM,Predefined short messages,,Siemens,https://fdn2.gsmarena.com/vv/bigpic/sixel4.gif,,Siemens Xelibri 4,"SMS, EMS",,Monochrome graphic,100,No,"99 x 53 x 19 mm, 70 cc (3.90 x 2.09 x 0.75 in)",,,No,No,No,,,Removable Li-Ion 650 mAh battery,Predictive text inputOrganizerVoice dial,,No
No,,,Up to 120 h,Vibration; Downloadable monophonic ringtones,,Yes,Yes,Yes,,,,,No,,Mini-SIM,VGA,184 g (6.49 oz),,Yes,Discontinued,No,Yes,,GSM 900 / 1800 / 1900,WAP 2.0/xHTML,176 x 220 pixels,Up to 1 h 20 min,"MMC/SD, 32 MB SD included",,,"Yes, 384 kbps",2003,,GSM / UMTS,MP3/MP4 playerPredictive text inputOrganizerVoice memoVoice dial,,Siemens,https://fdn2.gsmarena.com/vv/bigpic/siu10.gif,,Siemens U10,"SMS, EMS, MMS, Email",Titanium,"TFT, 4096 colors",500,,"154 x 55 x 29 mm, 173 cc (6.06 x 2.17 x 1.14 in)",2MB,Proprietary,,No,No,UMTS 2100,No,Removable Li-Po 800 mAh battery (EBA-010),,,Yes
"SoftkeysDownloadable logos, screensavers",,,Up to 250 h,Vibration; Downloadable polyphonic ringtones,,Yes,No,"2 - StackAttack, Balloon Shooter",,,Predictive text inputCalculatorExchangeable Clip-it covers,,No,,Mini-SIM,,84 g (2.96 oz),,"10 dialed, 10 received, 10 missed calls",Discontinued,No,,,GSM 900 / 1800,,"101 x 64 pixels, 5 lines",Up to 6 h,No,,Yes,,"2003, Q3",,GSM,No,Yes,Siemens,https://fdn2.gsmarena.com/vv/bigpic/sia52.gif,,Siemens A52,"SMS, EMS","Beige, Black",Monochrome graphic,50,No,"104 x 46 x 21 mm, 75 cc (4.09 x 1.81 x 0.83 in)",,,No,No,No,,,Removable Li-Ion 700 mAh battery (EBA-510),,,No
Navi key,,,Up to 250 h,"Vibration; Downloadable polyphonic ringtones, composer",,Yes,No,"2 - Wappo, Extreme",,,No,Predictive text inputOrganizerStopwatchReminder listVoice dialVoice commandUser profilesSyncMLOptional digital camera,No,,Mini-SIM,,83 g (2.93 oz),,"10 dialed, 10 received, 10 missed calls",Discontinued,No,,,GSM 900 / 1800 / 1900,WAP 1.2.1,"101 x 80 pixels, 7 lines",Up to 6 h,No,,Yes,,"2003, Q2",,GSM,20 voice dial numbers10 voice dial commands500 calendar items,Yes,Siemens,https://fdn2.gsmarena.com/vv/bigpic/sim55.gif,,Siemens M55,"SMS, MMS, Email",,"CSTN, 4096 colors","500 x 14 fields, 5 c",Class 8,101 x 46 x 21 mm (3.98 x 1.81 x 0.83 in),1.8MB,,No,No,No,,,Removable Li-Ion 700 mAh battery (EBA-510),,,Yes
GSM 900 / 1900 - Siemens A56,,,Up to 250 h,Vibration; Downloadable polyphonic ringtones,,Yes,No,"4 - StackAttack, Balloon Shooter, Wacko, Move the Box",,,25 short messages9 SMS templates,No,No,,Mini-SIM,,84 g (2.96 oz),,"10 dialed, 10 received, 10 missed calls",Discontinued,No,,,GSM 900 / 1800,WAP 1.2.1,"101 x 64 pixels, 5 lines",Up to 2 h,No,,Yes,,"2003, Q1",,GSM,SoftkeysDownloadable logos and screensaver,Yes,Siemens,https://fdn2.gsmarena.com/vv/bigpic/sia55.gif,,Siemens A55,"SMS, EMS",4,Monochrome graphic,"50 entries, 4 contact groups",No,"101 x 44 x 21 mm, 84 cc (3.98 x 1.73 x 0.83 in)",120 KB,,No,No,No,,,Removable Li-Ion 700 mAh battery (EBA-510),Predictive text inputCalculatorCurrency converterExchangeable Clip-it covers,,No
GSM 850 / 1900 - Siemens SL56,,,Up to 210 h,"Vibration; Downloadable polyphonic ringtones, composer",,No,No,Yes,,,20 voice dial numbers20 voice commands100 short messagesSMS templates,No,No,,Mini-SIM,,79 g (2.79 oz),,"10 dialed, 10 received, 10 missed calls",Discontinued,No,Yes,,GSM 900 / 1800 / 1900,WAP 1.2.1,101 x 80 pixels,Up to 5 h,No,,Yes,,"2003, Q2",,GSM,"Navi keyRetractable keyboard, like in Siemens SL10",Yes,Siemens,https://fdn2.gsmarena.com/vv/bigpic/sisl55.gif,,Siemens SL55,"SMS, EMS, MMS, Email",,"CSTN, 4096 colors",500 x 14 fields,Class 8,"82 x 45 x 22 mm, 63 cc (3.23 x 1.77 x 0.87 in)",1.6MB,,No,No,No,,,Removable Li-Po 500 mAh battery (EBA-520),Predictive text inputStopwatchOrganizerVoice dialVoice commandVoice memoUser profilesSyncMLOptional digital camera,,Yes
Navi key,,,Up to 12 days,Vibration; Downloadable polyphonic ringtones,,No,1.1,Yes,,,Predictive text inputOrganizerStopwatchVoice dialVoice commandUser profilesSyncMLExternal digital camera (included),,No,,Mini-SIM,,85 g (3.00 oz),,"10 dialed, 10 received, 10 missed calls",Discontinued,No,Yes,,GSM 900 / 1800 / 1900,WAP 1.2.1,"101 x 80 pixels, 7 lines",Up to 6 h,No,,Yes,,2002,,GSM,No,Yes,Siemens,https://fdn2.gsmarena.com/vv/bigpic/sis55.gif,,Siemens S55,"SMS, MMS, Email",,"CSTN, 256 colors","500 x 14 entries, 9 contact groups, Photo call",Class 10,"101 x 42 x 18 mm, 69 cc (3.98 x 1.65 x 0.71 in)",400 KB,,No,No,No,,,Removable Li-Ion 700 mAh battery (EBA-510),,,Yes
Dual screen displayNavi key,,,220 h,Downloadable monophonic ringtones,,No,No,Yes,,,Personalized sounds and pictures,Predictive text inputOrganizer,No,,Mini-SIM,,73 g (2.57 oz),,"10 dialed, 10 received, 10 missed calls",Discontinued,No,,,GSM 900 / 1800,WAP 1.2.1,"112 x 64 pixels, 16:9 ratio",5 h,No,,Yes,,"2002, Aug",,GSM,No,Yes,Siemens,https://fdn2.gsmarena.com/vv/bigpic/sicl50.gif,,Siemens CL50,"SMS, EMS","2 - Champagne, Pearl white",Monochrome graphic,,No,"73 x 39 x 22 mm, 59 cc (2.87 x 1.54 x 0.87 in)",,,No,No,No,,,Removable Li-Ion 600 mAh battery,,,No
Navi key,,,250 h,"Vibration; Downloadable polyphonic, recorded ringtones",,No,No,"2 - The Prince of Persia, Galaxy Hero",,,Predictive text inputOrganizerChangeable coverUser profilesBuilt-in hadsfree,,No,,Mini-SIM,,80 g (2.82 oz),,"10 dialed, 10 received, 10 missed calls",Discontinued,No,,,GSM 900 / 1800,WAP 1.2.1,"101 x 64 pixels, 5 lines",6 h,No,20,Yes,,"2002, Sep",,GSM,No,Yes,Siemens,https://fdn2.gsmarena.com/vv/bigpic/sic55.gif,,Siemens C55,"SMS, EMS, Instant Messaging","3 - aqua, champagne, bordeaux",Monochrome graphic,yes,Class 8,"101 x 44 x 21 mm, 69 cc (3.98 x 1.73 x 0.83 in)",,,No,No,No,,,Removable Li-Ion 700 mAh battery (EBA-510),,,Yes
"SoftkeysDownloadable logos, screensavers",,,250 h,Vibration; Downloadable monophonic ringtones,,No,No,2,,,Predictive text inputExchangeable Clip-it covers,,No,,Mini-SIM,,95 g (3.35 oz),,"10 dialed, 10 received, 10 missed calls",Discontinued,No,,,GSM 900 / 1800,WAP 1.2.1,"101 x 64 pixels, 5 lines",5 h,No,,Yes,,"2002, Oct",,GSM,No,Yes,Siemens,https://fdn2.gsmarena.com/vv/bigpic/sia50.gif,,Siemens A50,"SMS, EMS","2 blueberry, vanilla",Monochrome graphic,50,No,"109 x 46 x 23 mm, 84 cc (4.29 x 1.81 x 0.91 in)",,,No,No,No,,,Removable NiMH battery,,,No
Orange or blue backlightNavi key,,,260 h,Vibration; Downloadable monophonic ringtones,,No,No,Downloadable,,,Predictive text inputReminder listOrganizerChangeable coverUser profiles,,No,,Mini-SIM,,97 g (3.42 oz),,"10 dialed, 10 received, 10 missed calls",Discontinued,No,,,GSM 900 / 1800,WAP 1.2.1,"101 x 64 pixels, 5 lines",6 h,No,20,Yes,,"2002, June",,GSM,No,Yes,Siemens,https://fdn2.gsmarena.com/vv/bigpic/sim50.gif,,Siemens M50,"SMS, EMS","2 - chromium blue, chromium orange",Monochrome graphic,50,Class 8,"109 x 46 x 23 mm, 82 cc (4.29 x 1.81 x 0.91 in)",,,No,No,No,,,Removable Li-Ion battery,,,Yes
Navi key,,,,"Vibration; Monophonic ringtones, composer",,No,No,Downloadable,,,Predictive text inputStopwatchOrganizerVoice dialVoice memoUser profiles,,No,,Mini-SIM,,93 g (3.28 oz),,"10 dialed, 10 received, 10 missed calls",Discontinued,No,Yes,,GSM 900 / 1800,WAP 1.2,"101 x 80 pixels, 7 lines",,No,20,Yes,,May 2002,,GSM,No,Yes,Siemens,https://fdn2.gsmarena.com/vv/bigpic/sis45i.gif,,Siemens S45i,"SMS, Email",2 - Titan Silver and Royal Champagne,Monochrome graphic,500 x 14 entries,Class 8,"109 x 46 x 20 mm, 69 cc (4.29 x 1.81 x 0.79 in)",,,No,No,No,,,Removable Li-Ion battery,,,No
57.6 mm x 76.8 mm0.24 mm pixel pitch,,64-bit NEC VR4122 150 MHz,Up to 150 h,Monophonic ringtones,,No,No,,Microsoft Windows CE 3.0 for PocketPC,,No,Full PocketPC functionalityMedia player (MP3),No,,Mini-SIM,,330 g (11.64 oz),,,Discontinued,No,Yes,,GSM 900 / 1800,"WAP 1.2, HTML","240 x 320 pixels, 4:3 ratio",Up to 2 h,No,,Yes,,2001,,GSM,Expandable through MMC or CF,Yes,Siemens,https://fdn2.gsmarena.com/vv/bigpic/six45.gif,,Siemens SX45,,,"TFT resistive touchscreen, 65K colors",,No,"134 x 87 x 26 mm, 309 cc (5.28 x 3.43 x 1.02 in)",32MB,,No,No,No,,,Removable Li-Ion 1550 mAh battery,,,
Navi keyDownloadable screensavers bitmaps,,,up to 200 h,"Vibration; Monophonic ringtones, composer",,No,No,Downloadable Java games,,up to 350 h,No,MP3 playerPredictive text inputOrganizerStopwatchReminder listVoice dialVoice memo (300 min)User profiles,No,,Mini-SIM,,88 g (3.10 oz),,"10 dialed, 10 received, 10 missed calls",Discontinued,No,Yes,up to 7 h,GSM 900 / 1800,WAP 1.1,"101 x 80 pixels, 7 lines (~86 ppi density)",up to 4 h,"MMC, 32 MB included",20,Yes,,2001,,GSM,100 SMS messages,Yes,Siemens,https://fdn2.gsmarena.com/vv/bigpic/sisl45i.gif,"1.5 inches, 24 x 29 mm, 7.1 cm2(~14.6% screen-to-body ratio)",Siemens SL45i,SMS,,Monochrome graphic,"500, 14 fields each",No,"105 x 46 x 17 mm, 69 cc (4.13 x 1.81 x 0.67 in)",,,No,No,No,,,Removable Li-Ion 540 mAh battery,,,Yes
Navi key,,,up to 200 h,"Vibration; Monophonic ringtones, composer",,No,No,7,,up to 350 h,No,MP3 playerPredictive text inputOrganizerStopwatchReminder listVoice dialVoice memo (150 min)User profiles,No,,Mini-SIM,,88 g (3.10 oz),,"10 dialed, 10 received, 10 missed calls",Discontinued,No,Yes,up to 7 h,GSM 900 / 1800,WAP 1.1,"101 x 80 pixels, 7 lines (~86 ppi density)",up to 4 h,"MMC, 16 MB included",20,Yes,,2001,,GSM,100 SMS messages,Yes,Siemens,https://fdn2.gsmarena.com/vv/bigpic/sisl42.gif,"1.5 inches, 24 x 29 mm, 7.1 cm2(~14.6% screen-to-body ratio)",Siemens SL42,SMS,,Monochrome graphic,"500, 14 fields each",No,"105 x 46 x 17 mm, 69 cc (4.13 x 1.81 x 0.67 in)",,,No,No,No,,,Removable Li-Ion 540 mAh battery,,,No
"Dust, shock and splash resistant",,,60 - 300 h,"Vibration; Downloadable monophonic ringtones, composer",,Yes,No,Yes,,,Flexible memory20 voice dial numbers10 voice commands,No,No,,Mini-SIM,,99 g (3.49 oz),,"10 dialed, 10 received, 10 missed calls",Discontinued,No,Yes,,GSM 900 / 1800,WAP 1.2,"101 x 80 pixels, 7 lines",100 - 300 min,No,,Yes,,2001,,GSM,Navi keyDownloadable screensavers and bitmaps,Yes,Siemens,https://fdn2.gsmarena.com/vv/bigpic/sime45.gif,,Siemens ME45,SMS,2 - Pebble Grey and Safari Grey,Monochrome graphic,500 x 14 entries,Class 8,"109 x 46 x 21 mm, 76 cc (4.29 x 1.81 x 0.83 in)",,,No,No,No,,,Removable Li-Ion 840 mAh battery,OrganizerStopwatchVoice memo/dialPredictive text input,,No
Navi key,,,up to 300 h,"Vibration; Downloadable monophonic ringtones, composer",,No,No,Yes,,,Predictive text inputStopwatchOrganizerVoice dialVoice memoUser profiles,,No,,Mini-SIM,,93 g (3.28 oz),,"10 dialed, 10 received, 10 missed calls",Discontinued,No,Yes,,GSM 900 / 1800,WAP 1.2,"101 x 80 pixels, 7 lines",up to 6 h,No,20,Yes,,2001,,GSM,No,Yes,Siemens,https://fdn2.gsmarena.com/vv/bigpic/sis45.gif,,Siemens S45,SMS,"2 - diamond silver, sapphire blue",Monochrome graphic,500 x 14 fields,Class 8,"109 x 46 x 20 mm, 69 cc (4.29 x 1.81 x 0.79 in)",,,No,No,No,,,Removable Li-Ion 850 mAh battery,,,No
SoftkeysDownloadable logos and screensaver,,,up to 200 h,Vibration; Downloadable monophonic ringtones,,No,No,"3 - Stack Attack, Balloon Shooter, BattleMail",,,Predictive text inputOrganizerExchangeable Clip-it covers,,No,,Mini-SIM,,107 g (3.77 oz),,"10 dialed, 10 received, 10 missed calls",Discontinued,No,,,GSM 900 / 1800,WAP 1.2,"101 x 64 pixels, 5 lines",up to 5 h,No,20,Yes,,"2001, Q4",,GSM,No,Yes,Siemens,https://fdn2.gsmarena.com/vv/bigpic/sic45.gif,,Siemens C45,SMS,2 - Oriental Blue and African Grey,Monochrome graphic,50,No,"109 x 46 x 23 mm, 82 cc (4.29 x 1.81 x 0.91 in)",,,No,No,No,,,Removable NiMH battery,,,No
Navi key,,,60 - 170 h,"Vibration; Monophonic ringtones, composer",,No,No,7,,,No,MP3 playerPredictive text inputVoice memo (300 min)OrganizerStopwatchVoice dialComes with headset and datacableUser profiles,No,,Mini-SIM,,88 g (3.10 oz),,"10 dialed, 10 received, 10 missed calls",Discontinued,No,Yes,,GSM 900 / 1800,WAP 1.1,"101 x 80 pixels, 7 lines (~86 ppi density)",1 - 4 h,"MMC, 32 MB included",20,Yes,,2000,,GSM,100 SMS messages,Yes,Siemens,https://fdn2.gsmarena.com/vv/bigpic/sisl45b.gif,"1.5 inches, 24 x 29 mm, 7.1 cm2(~14.6% screen-to-body ratio)",Siemens SL45,SMS,,Monochrome graphic,"500, 14 fields each",No,"105 x 46 x 17 mm, 69 cc (4.13 x 1.81 x 0.67 in)",,,No,No,No,,,Removable Li-Ion 540 mAh battery,,,No
SoftkeysBlue backlight,,,260 h,"Vibration; Monophonic ringtones, composer",,No,No,No,,,No,Predictive text inputOrganizerVoice memo (5 min)Data cable included,No,,Mini-SIM,,97 g (3.42 oz),,"10 dialed, 10 received, 20 missed calls",Discontinued,No,Yes,,GSM 900 / 1800 / 1900,WAP 1.1,6 lines,380 min,No,,Yes,,2001,,GSM,Advanced fully featured address book,Yes,Siemens,https://fdn2.gsmarena.com/vv/bigpic/sis40.gif,,Siemens S40,SMS,Silver only,Monochrome graphic,1000,No,"112 x 44 x 22 mm, 85 cc (4.41 x 1.73 x 0.87 in)",,,No,No,No,,,Removable Li-Ion battery,,,No
Fixed iconsSoftkey,,,60 h - 220 h,"Vibration; Monophonic ringtones, composer",,No,No,"4 - Wayout, Reversi, Quattropoli, Minesweeper",,,Predictive text inputOrganizerStopwatchVoice dialVoice memo (20 sec)User profiles,,No,,Mini-SIM,,99 g (3.49 oz),,"10 dialed, 10 received, 10 missed calls",Discontinued,No,Yes,,GSM 900 / 1800,WAP 1.1,"101 x 80 pixels, 7 lines",100 min - 360 min,No,20,Yes,,2000,,GSM,No,Yes,Siemens,https://fdn2.gsmarena.com/vv/bigpic/sis35ib.gif,,Siemens S35i,SMS,"3 - Emerald/Black, Titanium/Black, Titanium/Silver",Monochrome graphic,100,No,"118 x 46 x 21 mm, 89 cc (4.65 x 1.81 x 0.83 in)",,,No,No,No,,,Removable Li-Ion 650 mAh battery,,,No
Fixed iconsSoftkey,,,50 h - 180 h,"Vibration; Monophonic ringtones, composer",,No,No,"4 - Wayout, Reversi, Quattropoli, Minesweeper",,,DJ sounds,Predictive text inputOrganizerStopwatch,No,,Mini-SIM,,125 g (4.41 oz),,"10 dialed, 10 received, 10 missed calls",Discontinued,No,,,GSM 900 / 1800,WAP 1.1,"101 x 54 pixels, 5 lines, 17:9 ratio",90 min - 300 min,No,20,Yes,,2000,,GSM,No,Yes,Siemens,https://fdn2.gsmarena.com/vv/bigpic/sim35ib.gif,,Siemens M35i,SMS,"3 - Hurricane Yellow, Half Pipe Blue, Summit Grey",Monochrome graphic,100,No,"118 x 47 x 22 mm, 99 cc (4.65 x 1.85 x 0.87 in)",,,No,No,No,,,Removable NiMH 500 mAh battery,,,No
Fixed iconsSoftkey,,,50 h - 180 h,"Vibration; Monophonic ringtones, composer",,No,No,"4 - Wayout, Reversi, Quattropoli, Minesweeper",,,DJ sounds,Predictive text inputCurrency converterCalculatorStopwatch,No,,Mini-SIM,,110 g (3.88 oz),,"10 dialed, 10 received, 10 missed calls",Discontinued,No,,,GSM 900 / 1800,WAP 1.1,"101 x 54 pixels, 5 lines, 17:9 ratio",90 min - 300 min,No,20,Yes,,2000,,GSM,No,Yes,Siemens,https://fdn2.gsmarena.com/vv/bigpic/sic35ib.gif,,Siemens C35i,SMS,"7 -  Anthracite, Steel Grey, Classic blue ...",Monochrome graphic,100,No,"118 x 46 x 21 mm, 88 cc (4.65 x 1.81 x 0.83 in)",,,No,No,No,,,Removable NiMH 500 mAh battery,,,No
Fixed iconsSoftkey,,,50 h - 180 h,"Vibration; Monophonic ringtones, composer",,No,No,"4 - Wayout, Reversi, Quattropoli, Minesweeper",,,DJ sounds,Predictive text inputCurrency converterCalculatorStopwatch,No,,Mini-SIM,,110 g (3.88 oz),,"10 dialed, 10 received, 10 missed calls",Discontinued,No,,,GSM 900 / 1800,,"101 x 54 pixels, 5 lines, 17:9 ratio",90 min - 300 min,No,20,Yes,,2000,,GSM,No,Yes,Siemens,https://fdn2.gsmarena.com/vv/bigpic/sic35b.gif,,Siemens C35,SMS,"7 -  Anthracite, Steel Grey, Classic blue ...",Monochrome graphic,20,No,"118 x 46 x 21 mm, 88 cc (4.65 x 1.81 x 0.83 in)",,,No,No,No,,,Removable NiMH 500 mAh battery,,,No
Dedicated icon-line,,,60 h - 150 h,Vibration; Monophonic ringtones,,No,No,No,,,Exchangeable covers,,No,,Mini-SIM,,122 g (4.30 oz),,"10 dialed, 0 received, 5 missed calls",Discontinued,No,,,GSM 900 / 1800,,2 x 16 chars,90 min - 240 min,No,20,No,,2001,,GSM,No,Yes,Siemens,https://fdn2.gsmarena.com/vv/bigpic/sia40.gif,,Siemens A40,SMS,"7 - Royal Blue, Anthracite, Raspberry Red...",Alphanumeric,SIM only,No,"118 x 46 x 27 mm, 106 cc (4.65 x 1.81 x 1.06 in)",,,No,No,No,,,Removable NiMH 600 mAh battery,,,No
No,,,60 h - 150 h,Monophonic ringtones,,No,No,No,,,,,No,,Mini-SIM,,120 g (4.23 oz),,"10 dialed, 0 received, 5 missed calls",Discontinued,No,,,GSM 900 / 1800,,3 x 12 chars,90 min - 240 min,No,20,No,,2000,,GSM,,Yes,Siemens,https://fdn2.gsmarena.com/vv/bigpic/sia36.gif,,Siemens A36,SMS,,Alphanumeric,SIM only,No,118 x 46 x 21 mm (4.65 x 1.81 x 0.83 in),,,No,No,No,,,Removable NiMH 600 mAh battery,,,No
No,,,up to 150 h,Monophonic ringtones,,No,No,No,,,,,No,,Mini-SIM,,122 g (4.30 oz),,10 dialed and 5 missed calls,Discontinued,No,,,GSM 900 / 1800,,2 lines x 16 chars,up to 4 h,No,25,No,,2000,,GSM,,Yes,Siemens,https://fdn2.gsmarena.com/vv/bigpic/sia35.gif,,Siemens A35,SMS,"7 - caribic blue, pineapple, magma red, moon white, anthracite, oriental blue, aubergine",Alphanumeric,SIM only,No,118 x 46 x 28 mm (4.65 x 1.81 x 1.10 in),,,No,No,No,,,Removable NiMH 600 mAh battery,,,No
Dynamic font sizeSoftkey,,,60 h - 200 h,Vibration; Monophonic ringtones,,No,No,3,,,Voice memo (20 sec)Organizere-business cardHelp function,,No,,Mini-SIM,,125 g (4.41 oz),,"10 dialed, 10 received, 10 missed calls",Discontinued,No,Yes,,GSM 900 / 1800,,"97 x 54 pixels, 6 lines, 16:9 ratio",300 min,No,20,Yes,,1999,,GSM,No,Yes,Siemens,https://fdn2.gsmarena.com/vv/bigpic/sis25b.gif,,Siemens S25,SMS,Mid-Silver Grey (Titanium) / Blue Metallic / Dark Grey / Green Metallic,Color graphic,50,No,"117 x 47 x 23 mm, 108 cc (4.61 x 1.85 x 0.91 in)",,,No,No,No,,,Removable Li-Ion 650 mAh battery,,,No
Red backlightFixed iconsSoftkey,,,Up to 180 hours,Monophonic ringtones,,No,No,Yes,,,,,No,,Mini-SIM,,110 g (3.88 oz),,"10 dialed, 10 received, 10 missed calls",Discontinued,No,,,GSM 900 / 1800,,2 x 12 chars,Up to 6 hours,No,,No,,2000,,GSM,No,Yes,Siemens,https://fdn2.gsmarena.com/vv/bigpic/sim30.gif,,Siemens M30,SMS,,Alphanumeric,,No,"124 x 44 x 24 mm, 99 cc (4.88 x 1.73 x 0.94 in)",,,No,No,No,,,Removable NiMH battery,,,No
Fixed iconsSoftkey,,,160 h,"Monophonic ringtones, composer",,No,No,No,,,DJ sounds1 self-composable ringer tone,,No,,Mini-SIM,,135 g (4.76 oz),,"10 dialed, 10 received, 10 missed calls",Discontinued,No,,,GSM 900 / 1800,,3 x 12 chars,300 min,No,20,No,,2000,,GSM,No,No,Siemens,https://fdn2.gsmarena.com/vv/bigpic/sic28.gif,,Siemens C28,SMS,,Alphanumeric,8,No,"117 x 47 x 27 mm, 120 cc (4.61 x 1.85 x 1.06 in)",,,No,No,No,,,Removable NiMH 650 mAh battery,,,No
Fixed iconsSoftkey,,,160 h,"Monophonic ringtones, composer",,No,No,No,,,DJ sounds1 self-composable ringer tone,,No,,Mini-SIM,,135 g (4.76 oz),,"10 dialed, 10 received, 10 missed calls",Discontinued,No,,,GSM 900 / 1800,,3 x 12 chars,300 min,No,20,No,,1999,,GSM,No,No,Siemens,https://fdn2.gsmarena.com/vv/bigpic/sic25b.gif,,Siemens C25,SMS,"5 - Classic Green, Blue, Anthracite, Bright Blue, Yellow",Alphanumeric,8,No,"117 x 47 x 27 mm, 120 cc (4.61 x 1.85 x 1.06 in)",,,No,No,No,,,Removable NiMH 650 mAh battery,,,No
Dynamic font sizeSoftkey,,,46 h,Monophonic ringtones,,No,No,No,,,ProSLIDE systemHelp function,,No,,Mini-SIM,,138 g (4.87 oz),,"10 dialed, 10 received, 10 missed calls",Discontinued,No,Yes,,GSM 900,,"97 x 54 pixels, 6 lines, 16:9 ratio",3 h,No,20,Yes,,1999,,GSM,No,Yes,Siemens,https://fdn2.gsmarena.com/vv/bigpic/sisl10b.gif,,Siemens SL10,SMS,Anthracite,Color graphic,50,No,"129 x 50 x 26 mm, 121 cc (5.08 x 1.97 x 1.02 in)",,,No,No,No,,,Removable Li-Ion battery,,,No
Dynamic font sizeSoftkey,,,120 h,Monophonic ringtones,,No,No,No,,,Voice memo (20 sec)Help function,,No,,Mini-SIM,,185 g (6.53 oz),,"10 dialed, 10 received, 10 missed calls",Discontinued,No,,,GSM 900,,"97 x 54 pixels, 6 lines, 16:9 ratio",10 h,No,20,Yes,,1998,,GSM,No,Yes,Siemens,https://fdn2.gsmarena.com/vv/bigpic/sis10ab.gif,,Siemens S10 active,SMS,"3 - Green, Grey, Red",Color graphic,50,No,"150 x 49 x 25 mm, 170 cc (5.91 x 1.93 x 0.98 in)",,,No,No,No,,,Removable Li-Ion 1800 mAh battery,,,No
Dynamic font sizeSoftkey,,,120 h,Monophonic ringtones,,No,No,No,,,Voice memo (20 sec)Help function,,No,,Mini-SIM,,185 g (6.53 oz),,"10 dialed, 10 received, 10 missed calls",Discontinued,No,,,GSM 900,,"97 x 54 pixels, 6 lines, 16:9 ratio",10 h,No,20,Yes,,1998,,GSM,No,Yes,Siemens,https://fdn2.gsmarena.com/vv/bigpic/sis10b.gif,,Siemens S10,SMS,Anthracite,Color graphic,50,No,"147 x 46 x 25 mm, 160 cc (5.79 x 1.81 x 0.98 in)",,,No,No,No,,,Removable Li-Ion 1800 mAh battery,,,No
Dynamic font sizeSoftkey,,,120 h,Monophonic ringtones,,No,No,No,,,Voice memo (20 sec)Help function,,No,,Mini-SIM,,185 g (6.53 oz),,"10 dialed, 10 received, 10 missed calls",Discontinued,No,,,GSM 1800,,"97 x 54 pixels, 6 lines, 16:9 ratio",10 h,No,20,Yes,,1998,,GSM,No,Yes,Siemens,https://fdn2.gsmarena.com/vv/bigpic/sis11b.gif,,Siemens S11,SMS,Anthracite,Color graphic,50,No,"147 x 46 x 25 mm, 160 cc (5.79 x 1.81 x 0.98 in)",,,No,No,No,,,Removable Li-Ion 1800 mAh battery,,,No
Fixed iconsSoftkey,,,80 h,Monophonic ringtones,,No,No,No,,,,,No,,Mini-SIM,,165 g (5.82 oz),,"5 dialed, 4 received, 4 missed calls",Discontinued,No,,,GSM 900,,3 x 12 chars,5 h,No,20,No,,1998,,GSM,No,No,Siemens,https://fdn2.gsmarena.com/vv/bigpic/sic10b.gif,,Siemens C10,SMS,"3 - blue, red, grey",Alphanumeric,50,No,"137 x 55 x 22 mm, 149 cc (5.39 x 2.17 x 0.87 in)",,,No,No,No,,,Removable NiMH 700 mAh battery,,,No
Fixed iconsSoftkey,,,80 h,Monophonic ringtones,,No,No,No,,,,,No,,Mini-SIM,,165 g (5.82 oz),,"5 dialed, 4 received, 4 missed calls",Discontinued,No,,,GSM 1800,,3 x 12 chars,5 h,No,20,No,,1998,,GSM,No,No,Siemens,https://fdn2.gsmarena.com/vv/bigpic/sic11b.gif,,Siemens C11,SMS,"3 - blue, red, grey",Alphanumeric,50,No,"137 x 55 x 22 mm, 149 cc (5.39 x 2.17 x 0.87 in)",,,No,No,No,,,Removable NiMH 700 mAh battery,,,No
