,Brand,SAR EU,3.5mm jack,_1,CPU,Weight,Phonebook,Price,NFC,Positioning,Speed,Resolution,Games,Talk time,Size,Status,GPU,Technology,Colors,WLAN,Stand-by,3G bands,Announced,Messaging,Model Name,GPRS,Video_1,Type_1,2G bands,SIM,Type,Chipset,Bluetooth,OS,USB,Single_1,SAR,Keyboard,Java,EDGE,Sensors,Video,Dimensions,Features,Single,Browser,_2,Internal,Music play,Call records,_3,Loudspeaker,Card slot,Model Image,Radio
No,Spice,0.54 W/kg (head),No,MP3 player,360 MHz,52.5 g (1.83 oz),,,No,No,,240 x 320 pixels (~250 ppi density),,Up to 3 h (3G),1.6 inches,Discontinued,No,GSM,Black,No,Up to 50 h (3G),,"2014, July. Released 2014, July",,Spice Smart Pulse (M-9010),Class 12,,"Li-Ion 420 mAh, non-removable",GSM 900 / 1800 - SIM 1 & SIM 2,Dual SIM (Mini-SIM/ Micro-SIM),"TFT, 256K colors",Mediatek MT6260,"2.0, A2DP",Proprietary OS,No,,,,,Class 12,No,144p@7fps,53.7 x 41.7 x 13.6 mm (2.11 x 1.64 x 0.54 in),,VGA,,,64MB 64MB,,,,Yes,microSDHC (dedicated slot),https://fdn2.gsmarena.com/vv/bigpic/spice-9010.jpg,FM radio
MP4/H.263 playerMP3/AAC player,Spice,0.74 W/kg (head),Yes,,1.0 GHz,65 g (2.29 oz),,,No,No,,"320 x 480 pixels, 3:2 ratio (~165 ppi density)",,Up to 8 h,"3.5 inches, 36.5 cm2(~50.9% screen-to-body ratio)",Discontinued,,GSM,"White, Black, Orange",Wi-Fi 802.11 b/g/n,Up to 120 h,,"2014, August. Released 2014, August",,Spice Fire One (Mi-FX-1),Class 12,,Li-Ion 1400 mAh battery,GSM 900 / 1800 - SIM 1 & SIM 2,Dual SIM (Mini-SIM),"TFT, 256K colors",Spreadtrum 6821,"2.1, A2DP",Firefox OS,microUSB 2.0,VGA,,,,Class 12,Accelerometer,Yes,115.6 x 62 x 11.2 mm (4.55 x 2.44 x 0.44 in),LED flash,1.3 MP,,,256MB 128MB RAM,Up to 20 h,,,"Yes, dual speakers",microSDHC (dedicated slot),https://fdn2.gsmarena.com/vv/bigpic/spice-firefox.jpg,FM radio
,Spice,0.82 W/kg (head),Yes,,Dual-core 1.3 GHz Cortex-A7,180 g (6.35 oz),,,No,GPS,,"480 x 854 pixels, 16:9 ratio (~196 ppi density)",,Up to 5 h,"5.0 inches, 68.9 cm2(~61.2% screen-to-body ratio)",Discontinued,Mali-400,GSM,Blue,"Wi-Fi 802.11 b/g/n, hotspot",Up to 200 h,,"2014, August. Released 2014, August",,Spice N-300,Class 12,,Li-Ion 2000 mAh battery,GSM 900 / 1800 - SIM 1 & SIM 2,Dual SIM (Mini-SIM/ Micro-SIM),"IPS LCD, 256K colors",Mediatek MT6571 (28 nm),"4.0, A2DP",Android 4.4.2 (KitKat),microUSB 2.0,2 MP,,,,Class 12,"Accelerometer, proximity",720p@30fps,150.4 x 74.8 x 9.8 mm (5.92 x 2.94 x 0.39 in),"LED flash, panorama","8 MP, AF",,,4GB 512MB RAM,Up to 30 h,,,"Yes, dual speakers",microSDHC,https://fdn2.gsmarena.com/vv/bigpic/N300.jpg,FM radio
,Spice,0.82 W/kg (head),Yes,,Dual-core 1.3 GHz Cortex-A7,180 g (6.35 oz),,,No,GPS,,"480 x 854 pixels, 16:9 ratio (~196 ppi density)",,Up to 5 h,"5.0 inches, 68.9 cm2(~61.2% screen-to-body ratio)",Discontinued,Mali-400,GSM,Blue,"Wi-Fi 802.11 b/g/n, hotspot",Up to 200 h,,"2014, August. Released 2014, August",,Spice Smart Flo 508 (Mi-508),Class 12,,Li-Ion 2000 mAh battery,GSM 900 / 1800 - SIM 1 & SIM 2,Dual SIM (Mini-SIM/ Micro-SIM),"IPS LCD, 256K colors",Mediatek MT6571 (28 nm),"4.0, A2DP",Android 4.4.2 (KitKat),microUSB 2.0,2 MP,,,,Class 12,"Accelerometer, proximity",720p@30fps,150.4 x 74.8 x 9.8 mm (5.92 x 2.94 x 0.39 in),"LED flash, panorama","8 MP, AF",,,4GB 512MB RAM,Up to 30 h,,,Yes,microSDHC,https://fdn2.gsmarena.com/vv/bigpic/spice-508.jpg,FM radio
,Spice,0.82 W/kg (head),Yes,,Dual-core 1.3 GHz Cortex-A7,180 g (6.35 oz),,,No,GPS,,"480 x 854 pixels, 16:9 ratio (~196 ppi density)",,Up to 5 h,"5.0 inches, 68.9 cm2(~61.2% screen-to-body ratio)",Discontinued,Mali-400,GSM,"White, Gray","Wi-Fi 802.11 b/g/n, hotspot",Up to 200 h,,"2014, August. Released 2014, August",,Spice Smart Flo 503 (Mi-503),Class 12,,Li-Ion 2000 mAh battery,GSM 900 / 1800 - SIM 1 & SIM 2,Dual SIM (Mini-SIM/ Micro-SIM),"IPS LCD, 256K colors",Mediatek MT6571 (28 nm),"4.0, A2DP, EDR",Android 4.4.2 (KitKat),microUSB 2.0,2 MP,,,,Class 12,"Accelerometer, proximity",720p@30fps,150.4 x 74.8 x 9.8 mm (5.92 x 2.94 x 0.39 in),"LED flash, panorama","8 MP, AF",,,4GB 512MB RAM,Up to 30 h,,,Yes,microSDHC,https://fdn2.gsmarena.com/vv/bigpic/spice-503.jpg,FM radio
,Spice,0.51 W/kg (head),Yes,,Dual-core 1.3 GHz Cortex-A7,130 g (4.59 oz),,,No,GPS,,"320 x 480 pixels, 3:2 ratio (~165 ppi density)",,Up to 6 h,"3.5 inches, 36.5 cm2(~49.4% screen-to-body ratio)",Discontinued,Mali-400,GSM,"Titanium Grey, Silver","Wi-Fi 802.11 b/g/n, hotspot",Up to 280 h,,"2014, August. Released 2014, August",,Spice Smart Flo 359 (Mi-359),Class 12,,Li-Ion 1400 mAh battery,GSM 900 / 1800 - SIM 1 & SIM 2,Dual SIM (Mini-SIM),"TFT, 256K colors",Mediatek MT6571 (28 nm),"3.0, A2DP, EDR",Android 4.4.2 (KitKat),microUSB 2.0,1.3 MP,,,,Class 12,Accelerometer,720p@25fps,117.5 x 62.9 x 12 mm (4.63 x 2.48 x 0.47 in),LED flash,2 MP,,,512MB 256MB RAM,Up to 20 h,,,Yes,microSDHC,https://fdn2.gsmarena.com/vv/bigpic/spice-359.jpg,FM radio
,Spice,0.57 W/kg (head),Yes,,Dual-core 1.3 GHz Cortex-A7,130 g (4.59 oz),,,No,A-GPS,,"320 x 480 pixels, 3:2 ratio (~165 ppi density)",,Up to 6 h 30 min,"3.5 inches, 36.5 cm2(~51.2% screen-to-body ratio)",Discontinued,Mali-400,GSM,"White, Gray","Wi-Fi 802.11 b/g/n, hotspot",Up to 300 h,,"2014, October. Released 2014, October",,Spice Smart Flo 358 (Mi-358),Class 12,,Li-Ion 1450 mAh battery,GSM 900 / 1800 - SIM 1 & SIM 2,Dual SIM (Mini-SIM),"TFT, 256K colors",Mediatek MT6571 (28 nm),"3.0, A2DP, EDR",Android 4.4.2 (KitKat),microUSB 2.0,1.3 MP,,,,Class 12,Accelerometer,720p@25fps,118 x 60.4 x 10.8 mm (4.65 x 2.38 x 0.43 in),LED flash,2 MP,,,512MB 256MB RAM,Up to 20 h,,,Yes,microSDHC,https://fdn2.gsmarena.com/vv/bigpic/spice-358.jpg,FM radio
,Spice,0.85 W/kg (head),Yes,,Dual-core 1.0 GHz Cortex-A7,113.8 g (4.02 oz),,,No,A-GPS,HSPA 21.1/5.76 Mbps,"480 x 800 pixels, 5:3 ratio (~233 ppi density)",,Up to 5 h 30 min,"4.0 inches, 45.5 cm2(~57.8% screen-to-body ratio)",Discontinued,Mali-400,GSM / HSPA,"Brown, Silver","Wi-Fi 802.11 b/g/n, hotspot",Up to 58 h,HSDPA 2100,"2014, August. Released 2014, August",,Spice Stellar 439 (Mi-439),,,Li-Ion 1400 mAh battery,GSM 900 / 1800 - SIM 1 & SIM 2,Dual SIM (Mini-SIM),"TFT, 256K colors",Mediatek MT6572M (28 nm),"3.0, A2DP",Android 4.4.2 (KitKat),microUSB 2.0,1.3 MP,,,,,Accelerometer,720p@25fps,125 x 63 x 10 mm (4.92 x 2.48 x 0.39 in),,3.15 MP,,,4GB 512MB RAM,Up to 15 h,,,"Yes, dual speakers",microSDHC,https://fdn2.gsmarena.com/vv/bigpic/spice-439.jpg,FM radio
,Spice,0.81 W/kg (head),Yes,,Dual-core 1.0 GHz Cortex-A7,102 g (3.60 oz),,,No,GPS,HSPA 21.1/5.76 Mbps,"320 x 480 pixels, 3:2 ratio (~165 ppi density)",,Up to 8 h,"3.5 inches, 36.5 cm2(~52.2% screen-to-body ratio)",Discontinued,Mali-400,GSM / HSPA,"Black, White","Wi-Fi 802.11 b/g/n, hotspot",Up to 72 h,HSDPA 2100,"2014, July. Released 2014, July",,Spice Stellar 361 (Mi-361),,,Li-Ion 1400 mAh battery,GSM 900 / 1800 - SIM 1 & SIM 2,Dual SIM (Mini-SIM),"TFT, 256K colors",Mediatek MT6572M (28 nm),"2.0, A2DP",Android 4.2.2 (Jelly Bean),microUSB 2.0,1.3 MP,,,,,Accelerometer,480p@25fps,115.3 x 60.6 x 11.9 mm (4.54 x 2.39 x 0.47 in),LED flash,2 MP,,,512MB 256MB RAM,Up to 15 h,,,"Yes, dual speakers",microSDHC,https://fdn2.gsmarena.com/vv/bigpic/spice-361.jpg,FM radio
,Spice,0.94 W/kg (head),Yes,,Dual-core 1.3 GHz Cortex-A7,184 g (6.49 oz),,,No,GPS,HSPA 21.1/5.76 Mbps,"480 x 854 pixels, 16:9 ratio (~196 ppi density)",,Up to 8 h,"5.0 inches, 68.9 cm2(~65.3% screen-to-body ratio)",Discontinued,Mali-400,GSM / HSPA,"Red/Black, Blue/Black","Wi-Fi 802.11 b/g/n, hotspot",Up to 200 h,HSDPA 2100,"2014, August. Released 2014, August",,Spice Stellar 507 (Mi-507),,,Li-Ion 1800 mAh battery,GSM 900 / 1800 - SIM 1 & SIM 2,Dual SIM (Mini-SIM/ Micro-SIM),"TFT, 256K colors",Mediatek MT6572 (28 nm),"4.0, A2DP, EDR",Android 4.4.2 (KitKat),microUSB 2.0,1.3 MP,,,,,"Accelerometer, proximity",720p@30fps,145.2 x 72.7 x 10.7 mm (5.72 x 2.86 x 0.42 in),"LED flash, panorama","8 MP, AF",,,4GB 512MB RAM,Up to 28 h,,,Yes,microSDHC,https://fdn2.gsmarena.com/vv/bigpic/spice-507.jpg,FM radio
,Spice,0.92 W/kg (head),Yes,,Quad-core 1.3 GHz Cortex-A7,120 g (4.23 oz),,,No,GPS,HSPA 21.1/5.76 Mbps,"480 x 854 pixels, 16:9 ratio (~196 ppi density)",,Up to 4 h 30 min,"5.0 inches, 68.9 cm2(~60.1% screen-to-body ratio)",Discontinued,Mali-400MP2,GSM / HSPA,White,"Wi-Fi 802.11 a/b/g/n, dual-band, hotspot",Up to 170 h,HSDPA 2100,"2014, May. Released 2014, May",,Spice Stellar 509 (Mi-509),,,Li-Ion 2000 mAh battery,GSM 850 / 900 / 1800 / 1900,Mini-SIM,IPS LCD,Mediatek MT6582M (28 nm),"3.0, A2DP",Android 4.4.2 (KitKat),microUSB 2.0,2 MP,,,,,"Accelerometer, proximity",720p@30fps,145 x 79 x 9.5 mm (5.71 x 3.11 x 0.37 in),"LED flash, panorama, HDR","8 MP, AF",,,4GB 1GB RAM,Up to 30 h,,,Yes,microSDHC (dedicated slot),https://fdn2.gsmarena.com/vv/bigpic/spice-509.jpg,FM radio
,Spice,0.44 W/kg (head),Yes,,Quad-core 1.3 GHz Cortex-A7,189 g (6.67 oz),,,No,GPS,HSPA 21.1/5.76 Mbps,"540 x 960 pixels, 16:9 ratio (~184 ppi density)",,Up to 18 h,"6.0 inches, 99.2 cm2",Discontinued,Mali-400MP2,GSM / HSPA,White,"Wi-Fi 802.11 a/b/g/n, dual-band, hotspot",Up to 100 h,HSDPA 2100,"2014, July. Released 2014, July",,Spice Stellar 600 (Mi-600),,,Li-Po 2500 mAh battery,GSM 900 / 1800 - SIM 1 & SIM 2,Dual SIM (Mini-SIM/ Micro-SIM),IPS LCD,Mediatek MT6582M (28 nm),"3.0, A2DP",Android 4.4.2 (KitKat),microUSB 2.0,3.15 MP,,,,,"Accelerometer, proximity",720p@30fps,,"LED flash, panorama, HDR","8 MP, AF",,,4GB 1GB RAM,Up to 35 h,,,Yes,microSDHC,https://fdn2.gsmarena.com/vv/bigpic/spice-600.jpg,FM radio
,Spice,0.44 W/kg (head),Yes,,Hexa-core 1.5 GHz Cortex-A7,210 g (7.41 oz),,,No,GPS,HSPA 21.1/5.76 Mbps,"720 x 1280 pixels, 16:9 ratio (~294 ppi density)",,Up to 9 h,"5.0 inches, 68.9 cm2(~66.9% screen-to-body ratio)",Discontinued,Mali-450MP4,GSM / HSPA,"White, Silver","Wi-Fi 802.11 a/b/g/n, dual-band, hotspot",Up to 280 h,HSDPA 2100,"2014, July. Released 2014, July",,Spice Stellar 526 (Mi-526),,,Li-Po 2500 mAh battery,GSM 900 / 1800 - SIM 1 & SIM 2,Dual SIM (Mini-SIM/ Micro-SIM),TFT,Mediatek MT6591,"4.0, A2DP, EDR",Android 4.4.2 (KitKat),"microUSB 2.0, OTG",3.15 MP,,,,,"Accelerometer, proximity",1080p@30fps,143.6 x 71.7 x 8.3 mm (5.65 x 2.82 x 0.33 in),"LED flash, panorama, HDR","8 MP, AF",,,8GB 1GB RAM,Up to 35 h,,,Yes,microSDHC,https://fdn2.gsmarena.com/vv/bigpic/spice-526.jpg,FM radio
,Spice,0.82 W/kg (head),Yes,,Quad-core 1.3 GHz Cortex-A7,156 g (5.50 oz),,,No,GPS,HSPA 21.1/5.76 Mbps,"720 x 1280 pixels, 16:9 ratio (~294 ppi density)",,Up to 4 h,"5.0 inches, 68.9 cm2(~65.3% screen-to-body ratio)",Discontinued,Mali-400MP2,GSM / HSPA,Red/Yellow,"Wi-Fi 802.11 b/g/n, hotspot",Up to 200 h,HSDPA 2100,"2014, July. Released 2014, July",,Spice Stellar 520 (Mi-520),,,Li-Ion 2000 mAh battery,GSM 850 / 900 / 1800 / 1900,Mini-SIM,IPS LCD,Mediatek MT6582 (28 nm),"3.0, A2DP, EDR",Android 4.4.2 (KitKat),microUSB 2.0,2 MP,,,,,"Accelerometer, proximity",Yes,145 x 72.8 x 8.5 mm (5.71 x 2.87 x 0.33 in),"LED flash, panorama, HDR","8 MP, AF",,,4GB 1GB RAM,Up to 20 h,,,Yes,microSDHC (dedicated slot),https://fdn2.gsmarena.com/vv/bigpic/spice-520.jpg,FM radio
,Spice,0.82 W/kg (head),Yes,,Quad-core 1.3 GHz Cortex-A7,156 g (5.50 oz),,,No,GPS,HSPA 21.1/5.76 Mbps,"720 x 1280 pixels, 16:9 ratio (~294 ppi density)",,Up to 4 h,"5.0 inches, 68.9 cm2(~65.3% screen-to-body ratio)",Discontinued,Mali-400MP2,GSM / HSPA,Red/Yellow,"Wi-Fi 802.11 b/g/n, hotspot",Up to 200 h,HSDPA 2100,"2014, December. Released 2014, December",,Spice Stellar 520n (Mi-520n),,,Li-Ion 2000 mAh battery,GSM 850 / 900 / 1800 / 1900,Mini-SIM,IPS LCD,Mediatek MT6582 (28 nm),"3.0, A2DP, EDR",Android 4.4.2 (KitKat),microUSB 2.0,2 MP,,,,,"Accelerometer, proximity",Yes,145 x 72.8 x 8.5 mm (5.71 x 2.87 x 0.33 in),"LED flash, panorama, HDR","8 MP, AF",,,8GB 1GB RAM,Up to 20 h,,,Yes,microSDHC (dedicated slot),https://fdn2.gsmarena.com/vv/bigpic/spice-520n.jpg,FM radio
,Spice,0.58 W/kg (head),Yes,,Dual-core 1.0 GHz Cortex-A7,119 g (4.20 oz),,,No,GPS,HSPA 21.1/5.76 Mbps,"480 x 800 pixels, 5:3 ratio (~233 ppi density)",,Up to 8 h,"4.0 inches, 45.5 cm2(~55.9% screen-to-body ratio)",Discontinued,Mali-400,GSM / HSPA,Gray,"Wi-Fi 802.11 b/g/n, hotspot",Up to 72 h,HSDPA 2100,"2014, December. Released 2014, December",,Spice Stellar 440 (Mi-440),,,Li-Ion 1400 mAh battery,GSM 900 / 1800,Mini-SIM,"TFT, 256K colors",Mediatek MT6572 (28 nm),"2.0, A2DP",Android 4.4.2 (KitKat),microUSB 2.0,1.3 MP,,,,,Accelerometer,480p@25fps,127.6 x 63.8 x 11.5 mm (5.02 x 2.51 x 0.45 in),LED flash,3.15 MP,,,4GB 512MB RAM,Up to 15 h,,,"Yes, dual speakers",microSDHC (dedicated slot),https://fdn2.gsmarena.com/vv/bigpic/spice-440.jpg,FM radio
,Spice,0.89 W/kg (head),Yes,,Quad-core 1.3 GHz Cortex-A7,140 g (4.94 oz),,,No,GPS,HSPA 21.1/5.76 Mbps,"540 x 960 pixels, 16:9 ratio (~234 ppi density)",,Up to 4 h,"4.7 inches, 60.9 cm2(~64.4% screen-to-body ratio)",Discontinued,Mali-400MP2,GSM / HSPA,"Black, Blue","Wi-Fi 802.11 a/b/g/n, dual-band, hotspot",Up to 120 h,HSDPA 2100,"2014, October. Released 2014, October",,Spice Stellar 470 (Mi-470),,,Li-Ion 1500 mAh battery,GSM 900 / 1800 - SIM 1 & SIM 2,Dual SIM (Mini-SIM/ Micro-SIM),TFT,Mediatek MT6582 (28 nm),"4.0, A2DP, EDR",Android 4.4.2 (KitKat),"microUSB 2.0, OTG",3.2 MP,,,,,"Accelerometer, proximity",1080p@30fps,137.8 x 68.6 x 7.9 mm (5.43 x 2.70 x 0.31 in),"LED flash, panorama, HDR","8 MP, AF",,,8GB 1GB RAM,Up to 22 h,,,Yes,microSDHC,https://fdn2.gsmarena.com/vv/bigpic/spice-470.jpg,FM radio
,Spice,,Yes,,,156 g (5.50 oz),,,No,A-GPS only,HSPA,"480 x 854 pixels, 16:9 ratio",,Up to 5 h 30 min,", -",Discontinued,,GSM / HSPA,"White, Gray",Wi-Fi 802.11 b/g/n,Up to 60 h,HSDPA 2100,2014. Released 2014,,Spice Mi-449 3G,,,Li-Ion 1450 mAh battery,GSM 900 / 1800 - SIM 1 & SIM 2,Dual SIM,TFT,,2.0,Android 4.4 (KitKat),microUSB,1.3 MP,,,,,Accelerometer,Yes,134.5 x 69.5 x 8.7 mm (5.30 x 2.74 x 0.34 in),,3.15 MP,,,,,,,Yes,microSDHC,https://fdn2.gsmarena.com/vv/bigpic/Mi-449-3G.jpg,FM radio
,Spice,,Yes,,,156 g (5.50 oz),,,No,A-GPS only,HSPA,"480 x 854 pixels, 16:9 ratio",,Up to 5 h 30 min,", -",Discontinued,,GSM / HSPA,"White, Gray",Wi-Fi 802.11 b/g/n,Up to 60 h,HSDPA 2100,2014. Released 2014,,Spice Mi-451 3G,,,Li-Ion 1450 mAh battery,GSM 900 / 1800 - SIM 1 & SIM 2,Dual SIM,TFT,,2.0,Android 4.4 (KitKat),microUSB,1.3 MP,,,,,Accelerometer,Yes,134.5 x 69.5 x 8.7 mm (5.30 x 2.74 x 0.34 in),,3.15 MP,,,,,,,Yes,microSDHC,https://fdn2.gsmarena.com/vv/bigpic/Mi-451-3G.jpg,FM radio
,Spice,,Yes,,Quad-core 1.3 GHz Cortex-A7,107 g (3.77 oz),,About 90 EUR,No,GPS,HSPA 21.1/5.76 Mbps,"480 x 854 pixels, 16:9 ratio (~218 ppi density)",,Up to 17 h,"4.5 inches, 55.8 cm2(~63.1% screen-to-body ratio)",Discontinued,Mali-400MP2,GSM / HSPA,"Black, White","Wi-Fi 802.11 b/g/n, hotspot",Up to 160 h,HSDPA 850 / 2100,"2014, September. Released 2014, September",,Spice Mi-498 Dream Uno,,,"Li-Ion 1700 mAh, removable",GSM 850 / 900 / 1800 / 1900 - SIM 1 & SIM 2,Dual SIM,TFT,Mediatek MT6582 (28 nm),2.1,"Android 4.4.4 (KitKat), upgradable to 5.1.1 (Lollipop), Android One",microUSB 2.0,2 MP,,,,,"Accelerometer, proximity",Yes,132 x 67 x 9.2 mm (5.20 x 2.64 x 0.36 in),LED flash,"5 MP, AF",,,4GB 1GB RAM,,,,Yes,microSDHC,https://fdn2.gsmarena.com/vv/bigpic/spice-498.jpg,FM radio
,Spice,,Yes,,,177 g (6.24 oz),,About 80 EUR,No,GPS,HSPA,"480 x 854 pixels, 16:9 ratio (~196 ppi density)",,Up to 7 h 30 min,"5.0 inches, 68.9 cm2(~65.2% screen-to-body ratio)",Discontinued,,GSM / HSPA,White/Silver,Wi-Fi 802.11 b/g/n,Up to 200 h,HSDPA 2100,"2014, March. Released 2014, March",,Spice Mi-506 Stellar Mettle Icon,,,"Li-Ion 1800 mAh, removable",GSM 900 / 1800 - SIM 1 & SIM 2,Dual SIM (Mini-SIM),TFT,,"4.0, A2DP",Android 4.2 (Jelly Bean),microUSB,1.3 MP,,,,,Accelerometer,Yes,145 x 72.9 x 9.6 mm (5.71 x 2.87 x 0.38 in),LED flash,8 MP,,,,,,,Yes,microSDHC,https://fdn2.gsmarena.com/vv/bigpic/spice-506.jpg,FM radio
,Spice,,Yes,,,112 g (3.95 oz),,About 40 EUR,No,A-GPS only,,"320 x 480 pixels, 3:2 ratio (~165 ppi density)",,Up to 7 h 30 min,"3.5 inches, 36.5 cm2(~48.3% screen-to-body ratio)",Discontinued,,GSM,Silver,Wi-Fi 802.11 b/g/n,Up to 120 h,,"2014, January. Released 2014, January",,Spice Mi-356 Smart Flo Mettle 3.5X,Class 12,,Li-Ion 1500 mAh battery,GSM 900 / 1800 - SIM 1 & SIM 2,Dual SIM (Mini-SIM),TFT,,2.0,Android 4.2 (Jelly Bean),microUSB,1.3 MP,,,,Class 12,Accelerometer,Yes,119.9 x 63 x 11.5 mm (4.72 x 2.48 x 0.45 in),,2 MP,,,,,,,Yes,microSDHC,https://fdn2.gsmarena.com/vv/bigpic/spice-356.jpg,FM radio
,Spice,,Yes,,,122 g (4.30 oz),,About 50 EUR,No,GPS,,"480 x 800 pixels, 5:3 ratio (~233 ppi density)",,Up to 6 h,"4.0 inches, 45.5 cm2(~65.5% screen-to-body ratio)",Discontinued,,GSM,Silver,Wi-Fi 802.11 b/g/n,Up to 250 h,,"2014, January. Released 2014, January",,Spice Mi-426 Smart Flo Mettle 4.0X,Class 12,,Li-Ion 1400 mAh battery,GSM 900 / 1800 - SIM 1 & SIM 2,Dual SIM (Mini-SIM),TFT,,2.0,Android 4.2 (Jelly Bean),microUSB,1.3 MP,,,,Class 12,Accelerometer,Yes,119.9 x 58 x 10.8 mm (4.72 x 2.28 x 0.43 in),,2 MP,,,,,,,Yes,microSDHC,https://fdn2.gsmarena.com/vv/bigpic/spice-426.jpg,FM radio
,Spice,,Yes,,,155 g (5.47 oz),,About 60 EUR,No,GPS,HSPA,"480 x 800 pixels, 5:3 ratio (~233 ppi density)",,Up to 4 h 30 min,"4.0 inches, 45.5 cm2(~39.8% screen-to-body ratio)",Discontinued,,GSM / HSPA,Black/White,Wi-Fi 802.11 b/g/n,Up to 170 h,HSDPA 2100,"2014, April. Released 2014, June",,Spice Mi-438 Stellar Glide,,,Li-Ion 1350 mAh battery,GSM 900 / 1800 - SIM 1 & SIM 2,Dual SIM (Mini-SIM),TFT,,"4.0, A2DP",Android 4.2 (Jelly Bean),microUSB,1.3 MP,,,,,Accelerometer,Yes,145 x 79 x 9.5 mm (5.71 x 3.11 x 0.37 in),,2 MP,,,,,,,Yes,microSDHC,https://fdn2.gsmarena.com/vv/bigpic/spice-438.jpg,FM radio
,Spice,,Yes,,,190 g (6.70 oz),,About 80 EUR,No,GPS,,"480 x 854 pixels, 16:9 ratio (~196 ppi density)",,Up to 5 h 30 min,"5.0 inches, 68.9 cm2(~58.8% screen-to-body ratio)",Discontinued,,GSM,White,Wi-Fi 802.11 b/g/n,,,"2014, February. Released 2014, February",,Spice Mi-504 Smart Flo Mettle 5X,Class 12,,"Li-Ion 1800 mAh, removable",GSM 900 / 1800 - SIM 1 & SIM 2,Dual SIM (Mini-SIM),TFT,,2.0,Android 4.2 (Jelly Bean),microUSB,1.3 MP,,,,Class 12,Accelerometer,Yes,148.5 x 78.9 x 10.4 mm (5.85 x 3.11 x 0.41 in),LED flash,8 MP,,,,,,,Yes,microSDHC,https://fdn2.gsmarena.com/vv/bigpic/spice-504.jpg,FM radio
,Spice,,Yes,,,156 g (5.50 oz),,About 60 EUR,No,A-GPS only,,"480 x 854 pixels, 16:9 ratio (~218 ppi density)",,Up to 5 h 30 min,"4.5 inches, 55.8 cm2(~59.7% screen-to-body ratio)",Discontinued,,GSM,White,Wi-Fi 802.11 b/g/n,,,"2014, February. Released 2014, June",,Spice Mi-451 Smartflo Poise,Class 12,,"Li-Ion 1450 mAh, removable",GSM 850 / 900 / 1800 / 1900 - SIM 1 & SIM 2,Dual SIM (Mini-SIM),IPS LCD,,"4.0, A2DP",Android 4.2 (Jelly Bean),microUSB,1.3 MP,,,,Class 32,Accelerometer,Yes,134.5 x 69.5 x 8.7 mm (5.30 x 2.74 x 0.34 in),,3.15 MP,,,,,,,Yes,microSDHC,https://fdn2.gsmarena.com/vv/bigpic/spice-451.jpg,FM radio
No,Spice,,Yes,,Quad-core 1.2 GHz Cortex-A7,-,,About 110 EUR,No,A-GPS,HSPA,"540 x 960 pixels, 16:9 ratio (~245 ppi density)",,,"4.5 inches, 55.8 cm2",Discontinued,PowerVR SGX544,GSM / HSPA,White,Wi-Fi 802.11 b/g/n,,HSDPA 2100,"2013, November. Released 2013, November",,Spice Mi-496 Spice Coolpad 2,,,Li-Ion 1700 mAh battery,GSM 900 / 1800 - SIM 1 & SIM 2,Dual SIM,TFT,Mediatek MT6589 (28 nm),Yes,Android 4.1 (Jelly Bean),microUSB,,,,,,"Accelerometer, proximity",Yes,-,LED flash,"5 MP, AF",,,4GB 1GB RAM,,,,Yes,microSDHC (dedicated slot),https://fdn2.gsmarena.com/vv/bigpic/spice-coolpad-2-mi-496.jpg,FM radio
,Spice,,Yes,,Dual-core 1.0 GHz,-,,About 50 EUR,No,No,,"320 x 480 pixels, 3:2 ratio (~144 ppi density)",,Up to 8 h,"4.0 inches, 47.6 cm2(~55.0% screen-to-body ratio)",Discontinued,,GSM,White,Wi-Fi 802.11 b/g/n,Up to 120 h,,"2013, September. Released 2013, September",,Spice Mi-423 Smart Flo Ivory 2,Yes,,Li-Ion 1400 mAh battery,GSM 900 / 1800 - SIM 1 & SIM 2,Dual SIM,"TFT, 256K colors",,Yes,Android 4.2.2 (Jelly Bean),microUSB,1.3 MP,,,,Yes,Accelerometer,Yes,126.3 x 68.6 x 11.2 mm (4.97 x 2.70 x 0.44 in),,3.15 MP,,,512MB 256MB RAM,,,,Yes,microSDHC (dedicated slot),https://fdn2.gsmarena.com/vv/bigpic/spice-smart-flo-ivory-2-mi-423.jpg,FM radio
,Spice,,Yes,,1.0 GHz,-,,About 40 EUR,No,A-GPS only,,"320 x 480 pixels, 3:2 ratio (~165 ppi density)",,Up to 8 h,"3.5 inches, 36.5 cm2(~49.5% screen-to-body ratio)",Discontinued,,GSM,White,Wi-Fi 802.11 b/g/n,Up to 120 h,,"2013, September. Released 2013, September",,Spice Mi-349 Smart Flo Edge,Yes,,Li-Ion 1500 mAh battery,GSM 900 / 1800 - SIM 1 & SIM 2,Dual SIM,"TFT, 256K colors",,Yes,Android 2.3.5 (Gingerbread),microUSB,VGA,,,,Yes,Accelerometer,Yes,117 x 63 x 12.3 mm (4.61 x 2.48 x 0.48 in),,1.3 MP,,,512MB 256MB RAM,,,,Yes,microSDHC (dedicated slot),https://fdn2.gsmarena.com/vv/bigpic/spice-smart-flo-edge-mi-349.jpg,FM radio
Stylus,Spice,,Yes,,,155 g (5.47 oz),,About 150 EUR,No,GPS,HSPA,"720 x 1280 pixels, 16:9 ratio",,Up to 9 h 40 min,", -",Discontinued,,GSM / HSPA,"Black, White",Wi-Fi 802.11 b/g/n,Up to 504 h,HSDPA 2100,"2013, September. Released 2013, September",,Spice Mi-550 Pinnacle Stylus,,,Li-Ion 2500 mAh battery,GSM 900 / 1800 - SIM 1 & SIM 2,Dual SIM,TFT,,"4.0, A2DP",Android 4.2 (Jelly Bean),microUSB,2 MP,,,,,"Accelerometer, proximity",Yes,160 x 79 x 9.5 mm (6.30 x 3.11 x 0.37 in),,"8 MP, AF",,,,,,,Yes,microSDHC (dedicated slot),https://fdn2.gsmarena.com/vv/bigpic/spice-mi-550.jpg,FM radio
,Spice,,Yes,,,190 g (6.70 oz),,About 80 EUR,No,GPS,,"480 x 800 pixels, 5:3 ratio",,Up to 8 h 20 min,", -",Discontinued,,GSM,White. Blue,Wi-Fi 802.11 b/g/n,Up to 400 h,,"2013, September. Released 2013, September",,Spice Mi-502n Smart FLO Pace3,Class 12,,"Li-Ion 2100 mAh, removable",GSM 900 / 1800 - SIM 1 & SIM 2,Dual SIM,TFT,,"4.0, A2DP",Android 4.2 (Jelly Bean),microUSB,1.3 MP,,,,Class 12,"Accelerometer, proximity",Yes,148.5 x 78.9 x 10.4 mm (5.85 x 3.11 x 0.41 in),,8 MP,,,,,,,Yes,microSDHC (dedicated slot),https://fdn2.gsmarena.com/vv/bigpic/spice-mi-502n.jpg,FM radio
,Spice,,Yes,,,123.3 g (4.34 oz),,About 80 EUR,No,GPS,HSPA,"480 x 854 pixels, 16:9 ratio",,Up to 5 h,", -",Discontinued,,GSM / HSPA,"Black, White",Wi-Fi 802.11 b/g/n,Up to 350 h,HSDPA 2100,"2013, September. Released 2013, September",,Spice Mi-492 Stellar Virtuoso Pro+,,,"Li-Ion 1730 mAh, removable",GSM 900 / 1800 - SIM 1 & SIM 2,Dual SIM,TFT,,"4.0, A2DP",Android 4.2 (Jelly Bean),microUSB,1.3 MP,,,,,"Accelerometer, proximity",Yes,133.8 x 68.2 x 10 mm (5.27 x 2.69 x 0.39 in),,5 MP,,,,,,,Yes,microSDHC (dedicated slot),https://fdn2.gsmarena.com/vv/bigpic/spice-virtuoso-pro-plus.jpg,FM radio
,Spice,,Yes,,,108 g (3.81 oz),,About 70 EUR,No,GPS,HSPA,"480 x 800 pixels, 5:3 ratio",,Up to 7 h,", -",Discontinued,,GSM / HSPA,Gray,Wi-Fi 802.11 b/g/n,Up to 400 h,HSDPA 2100,"2013, October. Released 2013, October",,Spice Mi-437 Stellar Nhance 2,,,Li-Ion 1400 mAh battery,GSM 900 / 1800 - SIM 1 & SIM 2,Dual SIM,TFT,,Yes,Android 4.2 (Jelly Bean),microUSB,1.3 MP,,,,,"Accelerometer, proximity",Yes,124.5 x 65.5 x 10.5 mm (4.90 x 2.58 x 0.41 in),,3.15 MP,,,,,,,Yes,microSDHC (dedicated slot),https://fdn2.gsmarena.com/vv/bigpic/spice-mi-437.jpg,FM radio
,Spice,,Yes,,Dual-core 1.2 GHz Cortex-A7,100 g (3.53 oz),,About 70 EUR,No,GPS,HSPA,"480 x 800 pixels, 5:3 ratio (~233 ppi density)",,Up to 4 h 30 min,"4.0 inches, 45.5 cm2(~55.4% screen-to-body ratio)",Discontinued,Mali-400,GSM / HSPA,"Blue, Red/black",Wi-Fi 802.11 b/g/n,Up to 170 h,HSDPA 2100,"2013, August",,Spice Mi-436 Stellar Glamour,,,Li-Ion 1400 mAh battery,GSM 850 / 900 / 1800 / 1900 - SIM 1 & SIM 2,Dual SIM,TFT,Mediatek MT6572 (28 nm),3.0,Android 4.2 (Jelly Bean),microUSB,1.3 MP,,,,,"Accelerometer, proximity",Yes,125 x 65.8 x 11.5 mm (4.92 x 2.59 x 0.45 in),,5 MP,,,,,,,Yes,microSDHC (dedicated slot),https://fdn2.gsmarena.com/vv/bigpic/spice-mi-436.jpg,FM radio
,Spice,,Yes,,Dual-core 1.0 GHz Cortex-A9,125 g (4.41 oz),,About 40 EUR,No,GPS,,"320 x 480 pixels, 3:2 ratio (~165 ppi density)",,Up to 6 h,"3.5 inches, 36.5 cm2(~50.8% screen-to-body ratio)",Discontinued,PowerVR SGX531u,GSM,"Black/silver, White/silver",Wi-Fi 802.11 b/g/n,Up to 200 h,,"2013, August",,Spice Mi-354 Smartflo Space,Class 12,,Li-Ion 1450 mAh battery,GSM 900 / 1800 - SIM 1 & SIM 2,Dual SIM,TFT,Mediatek MT6517,3.0,Android 4.2 (Jelly Bean),microUSB,1.3 MP,,,,Class 12,"Accelerometer, proximity",Yes,118.2 x 60.8 x 12.4 mm (4.65 x 2.39 x 0.49 in),,3.15 MP,,,,,,,Yes,microSDHC (dedicated slot),https://fdn2.gsmarena.com/vv/bigpic/spice-mi-354.jpg,FM radio
,Spice,0.91 W/kg (head),Yes,,Quad-core 1.5 GHz Cortex-A7,175 g (6.17 oz),,About 160 EUR,No,GPS,HSPA,"1080 x 1920 pixels, 16:9 ratio (~441 ppi density)",,Up to 7 h,"5.0 inches, 68.9 cm2(~61.6% screen-to-body ratio)",Discontinued,PowerVR SGX544,GSM / HSPA,Black/White,"Wi-Fi 802.11 b/g/n, hotspot",Up to 362 h,HSDPA 2100,"2013, June. Released 2013, July",,Spice Mi-525 Pinnacle FHD,,,"Li-Ion 2100 mAh, removable",GSM 900 / 1800 - SIM 1 & SIM 2,Dual SIM,IPS LCD,Mediatek MT6589 (28 nm),"4.0, A2DP",Android 4.2 (Jelly Bean),microUSB 2.0,2 MP,,,,,"Accelerometer, gyro, proximity",1080p@30fps,149.4 x 74.9 x 9.3 mm (5.88 x 2.95 x 0.37 in),Dual-LED flash,"8 MP, AF",,,8GB 1GB RAM,,,,Yes,microSDHC (dedicated slot),https://fdn2.gsmarena.com/vv/bigpic/spice-pinnacle-fhd-mi-525.jpg,FM radio
,Spice,0.37 W/kg (head),Yes,,Quad-core 1.2 GHz Cortex-A7,161 g (5.68 oz),,About 130 EUR,No,GPS,HSPA,"540 x 960 pixels, 16:9 ratio (~220 ppi density)",,,"5.0 inches, 68.9 cm2(~67.4% screen-to-body ratio)",Discontinued,PowerVR SGX544,GSM / HSPA,Black,Wi-Fi 802.11 b/g/n,,HSDPA 900 / 2100,"2013, June. Released 2013, June",,Spice Mi-515 Coolpad,,,"Li-Ion 2000 mAh, removable",GSM 900 / 1800 / 1900 - SIM 1 & SIM 2,Dual SIM,IPS LCD,Mediatek MT6589 (28 nm),3.0,Android 4.1 (Jelly Bean),microUSB 2.0,VGA,,,,,Accelerometer,Yes,140 x 73 x 9.9 mm (5.51 x 2.87 x 0.39 in),LED flash,"5 MP, AF",,,4GB 1GB RAM,,,,Yes,microSDHC (dedicated slot),https://fdn2.gsmarena.com/vv/bigpic/spice-mi-515.jpg,FM radio
SRS audio,Spice,,Yes,,Quad-core 1.2 GHz Cortex-A7,176 g (6.21 oz),,About 220 EUR,No,GPS,HSPA,"480 x 854 pixels, 16:9 ratio (~196 ppi density)",,Up to 6 h,"5.0 inches, 68.9 cm2(~64.2% screen-to-body ratio)",Discontinued,PowerVR SGX544,GSM / HSPA,White,Wi-Fi 802.11 b/g/n,Up to 250 h,HSDPA 2100,"2013, June. Released 2013, July",,Spice Mi-510 Stellar Prime,,,"Li-Ion 2100 mAh, removable",GSM 900 / 1800 - SIM 1 & SIM 2,Dual SIM (Mini-SIM),TFT,Mediatek MT6589 (28 nm),3.0,Android 4.2 (Jelly Bean),microUSB,3 MP,,,,,Accelerometer,Yes,145 x 74 x 9.9 mm (5.71 x 2.91 x 0.39 in),LED flash,8 MP,,,,,,,Yes,microSDHC (dedicated slot),https://fdn2.gsmarena.com/vv/bigpic/spice-510.jpg,FM radio
,Spice,,Yes,,Dual-core 1.0 GHz Cortex-A9,186 g (6.56 oz),,About 90 EUR,No,GPS,HSPA,"480 x 800 pixels, 5:3 ratio (~187 ppi density)",,Up to 4 h 20 min,"5.0 inches, 71.2 cm2(~62.3% screen-to-body ratio)",Discontinued,PowerVR SGX531u,GSM / HSPA,White,Wi-Fi 802.11 b/g/n,Up to 200 h,HSDPA 900 / 2100,"2013, May. Released 2013, May",,Spice Mi-505 Stellar Horizon Pro,,,Li-Ion 2100 mAh battery,GSM 900 / 1800 - SIM 1 & SIM 2,Dual SIM (Mini-SIM),TFT,Mediatek MT6577 (40 nm),"4.0, A2DP",Android 4.0 (Ice Cream Sandwich),microUSB,1.3 MP,,,,,Accelerometer,Yes,148 x 77.2 x 9.6 mm (5.83 x 3.04 x 0.38 in),Dual-LED flash,5 MP,,,,,,,Yes,microSDHC (dedicated slot),https://fdn2.gsmarena.com/vv/bigpic/spice-505.jpg,FM radio
SRS audio,Spice,,Yes,,Dual-core 1.0 GHz Cortex-A9,143 g (5.04 oz),,About 80 EUR,No,A-GPS only,HSPA,"480 x 854 pixels, 16:9 ratio (~218 ppi density)",,Up to 5 h,"4.5 inches, 55.8 cm2(~60.8% screen-to-body ratio)",Discontinued,PowerVR SGX531u,GSM / HSPA,Black,Wi-Fi 802.11 b/g/n,Up to 210 h,HSDPA 2100,"2013, June. Released 2013, July",,Spice Mi-491 Stellar Virtuoso Pro,,,Li-Ion 1700 mAh battery,GSM 900 / 1800 - SIM 1 & SIM 2,Dual SIM (Mini-SIM),TFT,Mediatek MT6577 (40 nm),3.0,Android 4.1 (Jelly Bean),microUSB,1.3 MP,,,,,Accelerometer,Yes,135 x 68 x 9.9 mm (5.31 x 2.68 x 0.39 in),,5 MP,,,,,,,Yes,microSDHC (dedicated slot),https://fdn2.gsmarena.com/vv/bigpic/spice-491.jpg,FM radio
,Spice,,Yes,,Dual-core 1.0 GHz Cortex-A9,130 g (4.59 oz),,About 70 EUR,No,A-GPS only,,"480 x 800 pixels, 5:3 ratio (~207 ppi density)",,Up to 6 h,"4.5 inches, 57.6 cm2(~63.9% screen-to-body ratio)",Discontinued,PowerVR SGX531u,GSM,White,Wi-Fi 802.11 b/g/n,Up to 250 h,,"2013, May. Released 2013, May",,Spice Mi-450 Smartflo Ivory,Class 12,,Li-Ion 1500 mAh battery,GSM 900 / 1800 - SIM 1 & SIM 2,Dual SIM (Mini-SIM),TFT,Mediatek MT6517,Yes,Android 4.0 (Ice Cream Sandwich),microUSB,1.3 MP,,,,Class 12,Accelerometer,Yes,131.7 x 68.5 x 11.1 mm (5.19 x 2.70 x 0.44 in),LED flash,3.15 MP,,,,,,,Yes,microSDHC (dedicated slot),https://fdn2.gsmarena.com/vv/bigpic/spice-450.jpg,FM radio
,Spice,,Yes,,1.0 GHz Cortex-A9,90 g (3.17 oz),,About 50 EUR,No,A-GPS only,,"480 x 800 pixels, 5:3 ratio (~233 ppi density)",,Up to 4 h 30 min,"4.0 inches, 45.5 cm2(~56.7% screen-to-body ratio)",Discontinued,PowerVR SGX531,GSM,White,Wi-Fi 802.11 b/g/n,Up to 190 h,,"2013, May. Released 2013, May",,Spice Mi-422 Smartflo Pace,Class 12,,"Li-Ion 1300 mAh, removable",GSM 900 / 1800 - SIM 1 & SIM 2,Dual SIM (Mini-SIM),TFT,Mediatek MT6515,Yes,Android 4.0 (Ice Cream Sandwich),microUSB,1.3 MP,,,,Class 12,Accelerometer,Yes,126 x 63.8 x 10.9 mm (4.96 x 2.51 x 0.43 in),LED flash,3.15 MP,,,,,,,Yes,microSDHC (dedicated slot),https://fdn2.gsmarena.com/vv/bigpic/spice-422.jpg,FM radio
,Spice,,Yes,,,135 g (4.76 oz),,About 40 EUR,No,GPS,HSPA,"320 x 480 pixels, 3:2 ratio (~165 ppi density)",,Up to 3 h 30 min,"3.5 inches, 36.5 cm2(~46.1% screen-to-body ratio)",Discontinued,,GSM / HSPA,White,Wi-Fi 802.11 b/g/n,Up to 150 h,HSDPA 2100,"2013, May. Released 2013, May",,Spice Mi-353 Stellar Jazz,,,"Li-Ion 1500 mAh, removable",GSM 900 / 1800 - SIM 1 & SIM 2,Dual SIM (Mini-SIM),TFT,,3.0,Android 2.3 (Gingerbread),microUSB,1.3 MP,,,,,Accelerometer,Yes,124.1 x 63.7 x 13.6 mm (4.89 x 2.51 x 0.54 in),LED flash,3.15 MP,,,,,,,Yes,microSDHC (dedicated slot),https://fdn2.gsmarena.com/vv/bigpic/spice-353.jpg,FM radio
,Spice,,Yes,,,450 g (0.99 lb),,About 120 EUR,No,GPS,HSPA,"600 x 1024 pixels, 16:9 ratio (~170 ppi density)",,Up to 10 h,"7.0 inches, 137.9 cm2(~57.0% screen-to-body ratio)",Discontinued,,GSM / HSPA,White,Wi-Fi 802.11 b/g/n,Up to 400 h,HSDPA 2100,"2013, May. Released 2013, May",,Spice Mi-725 Stellar Slatepad,,,"Li-Po 3000 mAh, non-removable",GSM 900 / 1800,Yes,TFT,,"4.0, A2DP",Android 4.1 (Jelly Bean),microUSB,1.3 MP,,,,,Accelerometer,Yes,194.4 x 124.5 x 12.2 mm (7.65 x 4.90 x 0.48 in),,3.15 MP,,,,,,,Yes,microSDHC (dedicated slot),https://fdn2.gsmarena.com/vv/bigpic/spice-mi-725.jpg,FM radio
,Spice,,Yes,,,185 g (6.53 oz),,About 100 EUR,No,A-GPS only,,"480 x 800 pixels, 5:3 ratio (~187 ppi density)",,Up to 4 h 20 min,"5.0 inches, 71.2 cm2(~62.3% screen-to-body ratio)",Discontinued,,GSM,"White, Blue",Wi-Fi 802.11 b/g/n,Up to 288 h,,"2013, May. Released 2013, May",,Spice Mi-502 Smartflo Pace2,Class 12,,"Li-Ion 2100 mAh, removable",GSM 900 / 1800 - SIM 1 & SIM 2,Dual SIM,TFT,,"4.0, A2DP",Android 4.0 (Ice Cream Sandwich),"microUSB 2.0, OTG",1.3 MP,,,,Class 12,"Accelerometer, proximity",Yes,148 x 77.2 x 9.6 mm (5.83 x 3.04 x 0.38 in),Dual-LED flash,"5 MP, AF",,,512MB,,,,Yes,microSDHC (dedicated slot),https://fdn2.gsmarena.com/vv/bigpic/spice-mi-502.jpg,FM radio
,Spice,,Yes,,Quad-core 1.2 GHz Cortex-A7,196.3 g (6.91 oz),,About 210 EUR,No,GPS,HSPA,"540 x 960 pixels, 16:9 ratio (~208 ppi density)",,Up to 4 h 12 min,"5.3 inches, 77.4 cm2(~64.5% screen-to-body ratio)",Discontinued,PowerVR SGX544,GSM / HSPA,Brown,Wi-Fi 802.11 b/g/n,Up to 700 h,HSDPA 900 / 2100 - SIM 1 & SIM 2,"2013, May. Released 2013, May",,Spice Mi-535 Stellar Pinnacle Pro,,,"Li-Po 2550 mAh, removable",GSM 900 / 1800 / 1900 - SIM 1 & SIM 2,Dual SIM,IPS LCD,Mediatek MT6589 (28 nm),"4.0, A2DP",Android 4.2 (Jelly Bean),"microUSB 2.0, OTG",5 MP,,,,,"Accelerometer, gyro, proximity, compass",Yes,152 x 79 x 10.3 mm (5.98 x 3.11 x 0.41 in),Dual-LED flash,"8 MP, AF",,,16GB 1GB RAM,,,,Yes,microSDHC (dedicated slot),https://fdn2.gsmarena.com/vv/bigpic/spice-mi-535.jpg,FM radio
,Spice,,Yes,,,196.3 g (6.91 oz),,About 190 EUR,No,GPS,HSPA,"540 x 960 pixels, 16:9 ratio (~208 ppi density)",,Up to 4 h 12 min,"5.3 inches, 77.4 cm2(~64.5% screen-to-body ratio)",Discontinued,,GSM / HSPA,Black,Wi-Fi 802.11 b/g/n,Up to 700 h,HSDPA 2100 - SIM 1 & SIM 2,"2013, January. Released 2013, February",,Spice Mi-530 Stellar Pinnacle,,,"Li-Ion 2550 mAh, removable",GSM 900 / 1800 - SIM 1 & SIM 2,Dual SIM (Mini-SIM),TFT,,"4.0, A2DP","Android 4.0 (Ice Cream Sandwich), upgradable to 4.1 (Jelly Bean)","microUSB 2.0, OTG",5 MP,,,,,"Accelerometer, proximity, compass",Yes,152 x 79 x 10.3 mm (5.98 x 3.11 x 0.41 in),LED flash,"8 MP, AF",,,16GB 1GB RAM,,,,Yes,microSDHC (dedicated slot),https://fdn2.gsmarena.com/vv/bigpic/Spice-Stellar-Pinnacle-Mi-530.jpg,FM radio
HDMI port,Spice,,Yes,,,-,,About 180 EUR,No,No,,"1280 x 800 pixels, 16:10 ratio (~151 ppi density)",,,"10.0 inches, 290.0 cm2",Discontinued,,No cellular connectivity,Silver,Wi-Fi 802.11 b/g/n,,,"2013, January. Released 2013, January",,Spice Mi-1010 Stellar Pad,No,,"Li-Po 7600 mAh, non-removable",N/A,No,IPS LCD,,No,Android 4.1 (Jelly Bean),microUSB,VGA,,,,No,Accelerometer,Yes,-,,3.15 MP,,,,,,,Yes,microSDHC (dedicated slot),https://fdn2.gsmarena.com/vv/bigpic/spice-mi-1010.jpg,No
,Spice,,Yes,,,-,,About 150 EUR,No,GPS,HSPA,"540 x 960 pixels, 16:9 ratio (~245 ppi density)",,,"4.5 inches, 55.8 cm2",Discontinued,,GSM / HSPA,Black/Silver,Wi-Fi 802.11 b/g/n,,HSDPA 2100,"2013, January. Released 2013, January",,Spice Mi-495 Stellar Virtuoso,,,Li-Ion 1700 mAh battery,GSM 900 / 1800 - SIM 1 & SIM 2,Dual SIM (Mini-SIM),TFT,,"4.0, A2DP",Android 4.0 (Ice Cream Sandwich),microUSB,1.3 MP,,,,,"Accelerometer, proximity",Yes,-,LED flash,"8 MP, AF",,,,,,,Yes,microSDHC (dedicated slot),https://fdn2.gsmarena.com/vv/bigpic/spice-mi-495.jpg,FM radio
MP4/WMV/H.263 playerMP3/WAV/AAC+ playerDocument viewerPhoto/video editor,Spice,,Yes,,Dual-core 1.0 GHz Cortex-A9,205 g (7.23 oz),,About 180 EUR,No,GPS,HSPA 7.2/5.76 Mbps,"480 x 800 pixels, 5:3 ratio (~187 ppi density)",,Up to 6 h,"5.0 inches, 71.2 cm2(~64.3% screen-to-body ratio)",Discontinued,PowerVR SGX531u,GSM / HSPA,White,"Wi-Fi 802.11 b/g/n, hotspot",Up to 200 h,HSDPA 2100,"2012, September. Released 2012, October",,Spice Mi-500 Stellar Horizon,,,"Li-Ion 2400 mAh, removable",GSM 850 / 900 / 1800 / 1900 - SIM 1 & SIM 2,"Dual SIM (Mini-SIM, dual stand-by)",TFT,Mediatek MT6577 (40 nm),Yes,Android 4.0 (Ice Cream Sandwich),Proprietary,VGA,,,,,"Accelerometer, proximity",Yes,143 x 77.4 x 10.5 mm (5.63 x 3.05 x 0.41 in),Dual-LED flash,"5 MP, AF",,,4GB 512MB RAM,,,,Yes,microSDHC (dedicated slot),https://fdn2.gsmarena.com/vv/bigpic/spice-mi-500-stellar-horizon.jpg,FM radio
No,Spice,,,,650 MHz Cortex-A9,79 g (2.79 oz),,About 60 EUR,No,GPS,"Yes, 384 kbps","240 x 320 pixels, 4:3 ratio (~143 ppi density)",,Up to 6 h,"2.8 inches, 24.3 cm2(~35.7% screen-to-body ratio)",Discontinued,PowerVR SGX531,GSM / HSPA,Black,Wi-Fi 802.11 b/g/n,Up to 480 h,HSDPA 2100 - SIM 1 only,"2012, June. Released 2012, June",,Spice Mi-285 Stellar,,,"Li-Ion 1400 mAh, removable",GSM 900 / 1800 - SIM 1 & SIM 2,Dual SIM (Mini-SIM),"TFT, 256K colors",Mediatek MT6573 (65 nm),Yes,Android 2.3 (Gingerbread),Proprietary,,,QWERTY,,,,Yes,116.5 x 58.4 x 12.7 mm (4.59 x 2.30 x 0.5 in),,3.15 MP,,,,,,,Yes,microSDHC (dedicated slot),https://fdn2.gsmarena.com/vv/bigpic/spice-stellar-mi-285.jpg,Wireless FM radio (no wired headphones required)
No,Spice,,,,,89 g (3.14 oz),1500 entries,About 30 EUR,No,No,,"240 x 320 pixels, 4:3 ratio",Downloadable,Up to 6 h,"2.6 inches, 20.9 cm2(~30.7% screen-to-body ratio)",Discontinued,,GSM,White,No,Up to 500 h,,"2012, April. Released 2012, April",Yes,Spice M-5665 T2,Yes,,"Li-Ion 1200 mAh, removable",GSM 900 / 1800 - SIM 1 & SIM 2,Dual SIM (Mini-SIM),"TFT, 56K colors",,Yes,,Proprietary,,,,No,No,,Yes,112.8 x 60.5 x 12.8 mm (4.44 x 2.38 x 0.50 in),,1.3 MP,,,,,Yes,,Yes,microSDHC (dedicated slot),https://fdn2.gsmarena.com/vv/bigpic/spice-t2-m-5665.jpg,FM radio
No,Spice,,,,,65.2 g (2.29 oz),250 entries,About 30 EUR,No,No,,"240 x 320 pixels, 4:3 ratio (~143 ppi density)",Downloadable,Up to 3 h 20 min,"2.8 inches, 24.3 cm2(~43.2% screen-to-body ratio)",Discontinued,,GSM,White,No,Up to 500 h,,"2012, September. Released 2012, September",Yes,Spice M-5566 Flo Entertainer,No,,"Li-Ion 1000 mAh, removable",GSM 900 / 1800 - SIM 1 & SIM 2,Dual SIM (Mini-SIM),"TFT, 56K colors",,Yes,,Proprietary,,,,No,No,,Yes,104 x 54 x 12.4 mm (4.09 x 2.13 x 0.49 in),,VGA,,,,,Yes,,Yes,microSDHC (dedicated slot),https://fdn2.gsmarena.com/vv/bigpic/spice-flo-entertainer-m-5566.jpg,Wireless FM radio (no wired headphones required)
No,Spice,,,,,70 g (2.47 oz),500 entries,About 40 EUR,No,No,,"320 x 480 pixels, 3:2 ratio (~165 ppi density)",Downloadable,Up to 3 h 30 min,"3.5 inches, 36.5 cm2(~51.6% screen-to-body ratio)",Discontinued,,GSM,Black,No,Up to 200 h,,"2012, August. Released 2012, August",Yes,Spice M-5900 Flo TV Pro,Yes,,"Li-Ion 1000 mAh, removable",GSM 900 / 1800 - SIM 1 & SIM 2,Dual SIM (Mini-SIM),"TFT, 256K colors",,Yes,,Proprietary,,,,Yes,No,,Yes,114 x 62 x 13.6 mm (4.49 x 2.44 x 0.54 in),,1.3 MP,,,,,Yes,,Yes,microSDHC (dedicated slot),https://fdn2.gsmarena.com/vv/bigpic/spice-flo-tv-pro.jpg,"FM radio, recording"
No,Spice,,,,,80 g (2.82 oz),Yes,About 50 EUR,No,No,,"240 x 400 pixels, 5:3 ratio (~146 ppi density)",Downloadable,Up to 4 h,"3.2 inches, 29.1 cm2(~47.4% screen-to-body ratio)",Discontinued,,GSM,Black,Wi-Fi 802.11 b/g/n,Up to 340 h,,"2012, June. Released 2012, June",Yes,Spice M-6688 Flo Magic,Yes,,"Li-Ion 1000 mAh, removable",GSM 900 / 1800 - SIM 1 & SIM 2,Dual SIM (Mini-SIM),"TFT, 256K colors",,Yes,,Proprietary,,,,Yes,Yes,,Yes,111.7 x 55 x 12.9 mm (4.40 x 2.17 x 0.51 in),,3.15 MP,,,,,Yes,,Yes,microSDHC (dedicated slot),https://fdn2.gsmarena.com/vv/bigpic/spice-flo-magic.jpg,"FM radio, recording"
No,Spice,,,,,63 g (2.22 oz),250 entries,About 30 EUR,No,No,,"240 x 320 pixels, 4:3 ratio (~154 ppi density)",Downloadable,Up to 3 h 20 min,"2.6 inches, 20.9 cm2(~40.4% screen-to-body ratio)",Discontinued,,GSM,Black,No,Up to 200 h,,"2012, January. Released 2012, January",Yes,Spice M-5460 Flo,Yes,,"Li-Ion 1000 mAh, removable",GSM 900 / 1800 - SIM 1 & SIM 2,Dual SIM (Mini-SIM),"TFT, 56K colors",,Yes,,Proprietary,,,,No,No,,Yes,96 x 54 x 13.5 mm (3.78 x 2.13 x 0.53 in),LED flash,Yes,,,,,Yes,,Yes,microSDHC (dedicated slot),https://fdn2.gsmarena.com/vv/bigpic/spice-m-5460.jpg,FM radio
No,Spice,,,,,80 g (2.82 oz),1000 entries,About 30 EUR,No,No,,"240 x 320 pixels, 4:3 ratio (~167 ppi density)",Downloadable,Up to 3 h 30 min,"2.4 inches, 17.8 cm2(~36.9% screen-to-body ratio)",Discontinued,,GSM,Black,No,Up to 200 h,,"2011, November. Released 2011, November",Yes,Spice M-5455 Flo,Yes,,"Li-Ion 950 mAh, removable",GSM 900 / 1800 - SIM 1 & SIM 2,Dual SIM (Mini-SIM),"TFT, 56K colors",,Yes,,Proprietary,,,,Yes,No,,Yes,93.6 x 51.6 x 13.7 mm (3.69 x 2.03 x 0.54 in),,1.3 MP,,,,,Yes,,Yes,microSDHC (dedicated slot),https://fdn2.gsmarena.com/vv/bigpic/spice-m-5455.jpg,FM radio
No,Spice,,No,,,101 g (3.56 oz),Yes,About 20 EUR,No,No,,"240 x 320 pixels, 4:3 ratio (~167 ppi density)",Downloadable,Up to 8 h,"2.4 inches, 17.8 cm2(~28.5% screen-to-body ratio)",Discontinued,,GSM,Black,No,Up to 650 h,,"2012, August. Released 2012, August",Yes,Spice M-5365 Boss Killer,Yes,,"Li-Ion 1800 mAh, removable",GSM 900 / 1800 - SIM 1 & SIM 2,Dual SIM (Mini-SIM),"TFT, 65K colors",,Yes,,No,,,,No,No,,Yes,118 x 53 x 15 mm (4.65 x 2.09 x 0.59 in),,1.3 MP,,,,,Yes,,Yes,microSDHC (dedicated slot),https://fdn2.gsmarena.com/vv/bigpic/spice-boss-killer.jpg,FM radio
No,Spice,,No,,,113 g (3.99 oz),250 entries,About 30 EUR,No,No,,"240 x 320 pixels, 4:3 ratio (~143 ppi density)",Downloadable,Up to 6 h,"2.8 inches, 24.3 cm2(~34.6% screen-to-body ratio)",Discontinued,,GSM,Black,No,Up to 360 h,,"2012, September. Released 2012, September",Yes,Spice M-5400 Boss TV,Yes,,"Li-Ion 1800 mAh, removable",GSM 900 / 1800 - SIM 1 & SIM 2,Dual SIM (Mini-SIM),"TFT, 256K colors",,Yes,,Proprietary,,,,No,No,,Yes,123 x 57 x 14.5 mm (4.84 x 2.24 x 0.57 in),,1.3 MP,,,,,Yes,,Yes,microSDHC (dedicated slot),https://fdn2.gsmarena.com/vv/bigpic/spice-boss-tv.jpg,Wireless FM radio (no wired headphones required)
No,Spice,,No,,,70 g (2.47 oz),170 entries,About 20 EUR,No,No,,176 x 220 pixels (~141 ppi density),Downloadable,Up to 8 h,"2.0 inches, 12.6 cm2(~23.6% screen-to-body ratio)",Discontinued,,GSM,Black,No,Up to 600 h,,"2012, August. Released 2012, August",Yes,Spice M-5200 Boss Don,No,,"Li-Ion 1800 mAh, removable",GSM 900 / 1800 - SIM 1 & SIM 2,Dual SIM (Mini-SIM),"TFT, 65K colors",,Yes,,Proprietary,,,,No,No,,Yes,113 x 47.2 x 16.5 mm (4.45 x 1.86 x 0.65 in),,1.3 MP,,,,,Yes,,Yes,microSDHC (dedicated slot),https://fdn2.gsmarena.com/vv/bigpic/spice-boss-don.jpg,FM radio
No,Spice,,No,,,70 g (2.47 oz),500 entries,About 30 EUR,No,No,,"240 x 320 pixels, 4:3 ratio (~154 ppi density)",Downloadable,Up to 10 h,"2.6 inches, 20.9 cm2(~33.6% screen-to-body ratio)",Discontinued,,GSM,Black,No,Up to 700 h,,"2012, August. Released 2012, August",Yes,Spice M-5390 Boss Double XL,No,,"Li-Ion 2200 mAh, removable",GSM 900 / 1800 - SIM 1 & SIM 2,Dual SIM (Mini-SIM),"TFT, 65K colors",,Yes,,Proprietary,,,,No,No,,Yes,118.8 x 52.5 x 14.9 mm (4.68 x 2.07 x 0.59 in),,1.3 MP,,,,,Yes,,Yes,microSDHC (dedicated slot),https://fdn2.gsmarena.com/vv/bigpic/spice-boss-dooble-excel.jpg,FM radio; built-in antenna
No,Spice,,No,,,95 g (3.35 oz),200 entries,About 20 EUR,No,No,,176 x 220 pixels,Downloadable,Up to 8 h,"2.2 inches, 15.2 cm2(~27.9% screen-to-body ratio)",Discontinued,,GSM,White,No,Up to 350 h,,"2012, June. Released 2012, June",Yes,Spice M-5250 Boss Item,Yes,,"Li-Ion 1500 mAh, removable",GSM 900 / 1800 - SIM 1 & SIM 2,Dual SIM (Mini-SIM),"TFT, 65K colors",,Yes,,Proprietary,,,,No,No,,Yes,114.8 x 47.5 x 14.8 mm (4.52 x 1.87 x 0.58 in),,1.3 MP,,,,,Yes,,Yes,microSDHC (dedicated slot),https://fdn2.gsmarena.com/vv/bigpic/spice-boss-itom.jpg,FM radio
No,Spice,,No,,,102 g (3.60 oz),Practically unlimited entries,About 20 EUR,No,No,,"240 x 320 pixels, 4:3 ratio (~167 ppi density)",Downloadable,Up to 9 h,"2.4 inches, 17.8 cm2(~29.4% screen-to-body ratio)",Discontinued,,GSM,Black,No,Up to 400 h,,"2012, June. Released 2012, June",Yes,Spice M-5363 Boss,No,,"Li-Ion 1800 mAh, removable",GSM 900 / 1800 - SIM 1 & SIM 2,Dual SIM (Mini-SIM),"TFT, 256K colors",,Yes,,Proprietary,,,,No,No,,Yes,100 x 60.6 x 13 mm (3.94 x 2.39 x 0.51 in),,1.3 MP,,,,,Yes,,Yes,microSDHC (dedicated slot),https://fdn2.gsmarena.com/vv/bigpic/spice-boss-champion.jpg,"FM radio, recording"
MP4/WMV/H.263 playerMP3/WAV/AAC+ playerOrganizerPhoto/video editorVoice memoPredictive text input,Spice,,Yes,,800 MHz Cortex-A9,80 g (2.82 oz),,About 100 EUR,,GPS,HSPA,"320 x 480 pixels, 3:2 ratio (~165 ppi density)",,Up to 4 h,"3.5 inches, 36.5 cm2(~49.9% screen-to-body ratio)",Discontinued,PowerVR SGX531,GSM / HSPA,White,Wi-Fi 802.11 b/g/n,Up to 192 h,HSDPA 900 / 2100,"2012, August. Released 2012, August",,Spice Mi-355 Stellar Craze,,,Removable Li-Ion 1420 mAh battery,GSM 900 / 1800 - SIM 1 & SIM 2,Dual SIM (Mini-SIM),"TFT, 256K colors",Mediatek MT6573 (65 nm),Yes,"Android 2.3 (Gingerbread), upgradable to 4.0 (Ice Cream Sandwich)",Proprietary,VGA,,,,,"Accelerometer, proximity",Yes,118 x 62 x 11.5 mm (4.65 x 2.44 x 0.45 in),LED flash,5 MP,,,140MB 512MB RAM,,,,Yes,microSDHC (dedicated slot),https://fdn2.gsmarena.com/vv/bigpic/spice-mi-355.jpg,FM radio
MP4/WMV/H.263 playerMP3/WAV/AAC+ playerOrganizerDocument viewerPhoto/video editorVoice memoPredictive text input,Spice,0.36 W/kg (head),Yes,,1.0 GHz,110 g (3.88 oz),,About 90 EUR,,"GPS, A-GPS",HSPA,"480 x 800 pixels, 5:3 ratio (~233 ppi density)",,,"4.0 inches, 45.5 cm2(~57.4% screen-to-body ratio)",Discontinued,,GSM / HSPA,White/Black,"Wi-Fi 802.11 b/g, hotspot",,HSDPA 2100,"2012, June. Released 2012, June",,Spice Mi-425 Stellar,,,Removable Li-Ion 2000 mAh battery,GSM 900 / 1800,Mini-SIM,"TFT, 256K colors",,Yes,"Android 2.3 (Gingerbread), upgradable to 4.0 (Ice Cream Sandwich)",Proprietary,VGA,,,,,"Accelerometer, proximity, compass",Yes,125 x 63.5 x 12.5 mm (4.92 x 2.5 x 0.49 in),LED flash,"5 MP, AF",,,149MB,,,,Yes,microSDHC (dedicated slot),https://fdn2.gsmarena.com/vv/bigpic/spice-mi-425-stellar.jpg,FM radio
No,Spice,,Yes,SNS integrationMP4/H.263 playerMP3/AAC+ playerOrganizerVoice memoPredictive text input,,87.3 g (3.07 oz),"2000 entries, Photocall",About 50 EUR,,No,,"320 x 480 pixels, 3:2 ratio (~165 ppi density)",Downloadable,,"3.5 inches, 36.5 cm2(~51.6% screen-to-body ratio)",Discontinued,,GSM,Black,Wi-Fi 802.11 b/g,,,"2012, Q2","SMS, MMS, Email, Push Email, IM",Spice M-6868N FLO ME,Yes,,Removable Li-Ion 1150 mAh battery,GSM 900 / 1800,Mini-SIM,"TFT, 256K colors",,2.0,,microUSB,,0.85 W/kg (head),,,Yes,Accelerometer,Yes,116 x 60.9 x 12.8 mm (4.57 x 2.40 x 0.50 in),,3.2 MP,,,44MB,,Yes,,Yes,microSDHC (dedicated slot),https://fdn2.gsmarena.com/vv/bigpic/spice-flo-me.jpg,"FM radio, recording"
No,Spice,,TBD,SNS integrationAnalog TVMP4/H.263 playerMP3/AAC+ playerOrganizerVoice memoPredictive text input,,110 g (3.88 oz),"2000 entries, Photocall",About 30 EUR,,No,,"240 x 320 pixels, 4:3 ratio (~125 ppi density)",Downloadable,,"3.2 inches, 31.7 cm2(~46.5% screen-to-body ratio)",Discontinued,,GSM,"Black, White",No,,,"2012, Q2","SMS, MMS",Spice M-5600 FLO TV,Yes,,Removable Li-Ion 1200 mAh battery,GSM 900 / 1800,Mini-SIM,TFT,,2.0,,microUSB,,0.76 W/kg (head),,,No,,Yes,112.8 x 60.5 x 12.8 mm (4.44 x 2.38 x 0.50 in),,1.3 MP,,,,,Yes,,Yes,microSDHC (dedicated slot),https://fdn2.gsmarena.com/vv/bigpic/spice-flo-tv.jpg,"FM radio, recording"
MP4/H.263 playerMP3/AAC+ playerOrganizerVoice memoPredictive text input,Spice,,Yes,,650 MHz Cortex-A9,96 g (3.39 oz),,About 70 EUR,,"GPS, A-GPS",HSPA,"240 x 320 pixels, 4:3 ratio (~143 ppi density)",,Up to 3 h 20 min,"2.8 inches, 24.3 cm2(~40.4% screen-to-body ratio)",Discontinued,PowerVR SGX531,GSM / HSPA,Black,Wi-Fi 802.11 b/g,Up to 200 h,HSDPA 2100,"2012, February. Released 2012, February",,Spice Mi-280,,,Removable Li-Ion 1000 mAh battery,GSM 900 / 1800 - SIM 1 & SIM 2,Dual SIM (Mini-SIM),TFT,Mediatek MT6573 (65 nm),"2.1, A2DP",Android 2.3 (Gingerbread),microUSB 2.0,VGA,,,,,"Accelerometer, proximity, compass",Yes,105.5 x 57 x 12.9 mm (4.15 x 2.24 x 0.51 in),,3.15 MP,,,134MB,,,,Yes,microSDHC (dedicated slot),https://fdn2.gsmarena.com/vv/bigpic/spice-mobile-mi-280.jpg,FM radio
MP4/H.263 playerMP3/AAC+ playerOrganizerVoice memoPredictive text input,Spice,,Yes,,650 MHz Cortex-A9,134 g (4.76 oz),,About 100 EUR,,"GPS, A-GPS",HSPA 7.2/5.76 Mbps,"320 x 480 pixels, 3:2 ratio (~165 ppi density)",,Up to 3 h,"3.5 inches, 36.5 cm2(~51.5% screen-to-body ratio)",Discontinued,PowerVR SGX531,GSM / HSPA,Black,"Wi-Fi 802.11, hotspot",Up to 200 h,HSDPA 900 / 2100,"2011, Q3. Released 2011, October",,Spice Mi-350,,,Removable Li-Ion 1500 mAh battery,GSM 900 / 1800 / 1900 - SIM 1 & SIM 2,Dual SIM (Mini-SIM),TFT,Mediatek MT6573 (65 nm),"2.1, A2DP",Android 2.3 (Gingerbread),2.0,VGA,,,,,"Accelerometer, proximity",Yes,118 x 60 x 13.4 mm (4.65 x 2.36 x 0.53 in),,3.15 MP,,,188MB,,,,Yes,microSDHC (dedicated slot),https://fdn2.gsmarena.com/vv/bigpic/spice-mi-350.jpg,FM radio
No,Spice,,Yes,SRS audio,,167 g (5.89 oz),2000 entries,About 80 EUR,,No,,"320 x 480 pixels, 3:2 ratio (~167 ppi density)",Downloadable,Up to 9 h 25 min,"3.46 inches, 35.6 cm2(~49.2% screen-to-body ratio)",Discontinued,,GSM,Black,Wi-Fi 802.11 b/g/n,Up to 432 h,,2011,"SMS(threaded view), MMS, Email, IM",Spice M-6900 Knight,Yes,,Removable Li-Ion 1400 mAh battery,GSM 900 / 1800 / 1900 - SIM 1 & SIM 2,Dual SIM (Mini-SIM),TFT,,"2.0, A2DP",,2.0,,,,Yes,Yes,Proximity,Yes,116 x 62.5 x 11.6 mm (4.57 x 2.46 x 0.46 in),,3.15 MP,,SNS integrationMP4/H.263 playerMP3/AAC+ playerOrganizerVoice memoPredictive text input,39MB,,Yes,,Yes,microSDHC (dedicated slot),https://fdn2.gsmarena.com/vv/bigpic/spice-mi-6900-knight.jpg,"FM radio, recording"
No,Spice,,No,MP4/H.263 playerMP3/AAC+ playerOrganizerVoice memoPredictive text input,,91 g (3.21 oz),1500 entries,About 50 EUR,,No,,"320 x 480 pixels, 3:2 ratio (~168 ppi density)",Downloadable,Up to 4 h 30 min,"3.44 inches, 35.2 cm2(~48.8% screen-to-body ratio)",Discontinued,,GSM,Black,Wi-Fi 802.11 b/g/n,Up to 450 h,,2011,"SMS(threaded view), MMS, Email, IM",Spice M-6868,Yes,,Removable Li-Ion 1200 mAh battery,GSM 900 / 1800 - SIM 1 & SIM 2,Dual SIM (Mini-SIM),TFT,,"2.1, A2DP",,2.0,,,,Yes,Yes,,Yes,114.5 x 63 x 12 mm (4.51 x 2.48 x 0.47 in),,3.15 MP,,,55MB,,Yes,,Yes,microSDHC (dedicated slot),https://fdn2.gsmarena.com/vv/bigpic/spice-mi-6868.jpg,"FM radio, recording"
No,Spice,,Yes,SRS audio,,100 g (3.53 oz),2000 entries,About 40 EUR,,No,,"240 x 400 pixels, 5:3 ratio (~149 ppi density)",Downloadable,Up to 8 h 13 min,"3.14 inches, 28.1 cm2(~46.8% screen-to-body ratio)",Discontinued,,GSM,Cappuccino,Wi-Fi 802.11 b/g/n,Up to 234 h,,2011,"SMS(threaded view), MMS, Email, IM",Spice M-6700,Yes,,Removable Li-Ion 1000 mAh battery,GSM 900 / 1800,Mini-SIM,TFT,,"2.0, A2DP",,2.0,,,,Yes,Yes,,Yes,111 x 54 x 13.2 mm (4.37 x 2.13 x 0.52 in),,3.15 MP,,MP4/H.263 playerMP3/AAC+ playerOrganizerVoice memoPredictive text input,45MB,,Yes,,Yes,microSDHC (dedicated slot),https://fdn2.gsmarena.com/vv/bigpic/spice-mi-6700.jpg,"FM radio, recording"
No,Spice,,,Analog TVPocket ProjectorLaser PointerMP4/H.263 playerMP3/AAC+ playerOrganizerDocument viewerVoice memoPredictive text input,,123 g (4.34 oz),1500 entries,About 60 EUR,,No,,"240 x 320 pixels, 4:3 ratio (~169 ppi density)",Downloadable,Up to 3 h 30 min,"2.36 inches, 17.2 cm2(~28.8% screen-to-body ratio)",Discontinued,,GSM,Black/Silver,No,Up to 300 h,,2011,"SMS, MMS, Email",Spice M-9000 Popkorn,Yes,,Removable Li-Ion 1200 mAh battery,GSM 850 / 900 / 1800 / 1900 - SIM 1 & SIM 2,Dual SIM (Mini-SIM),"TFT, 256K colors",,"2.1, A2DP",,2.0,,,,Yes,Yes,,Yes,119.2 x 50.3 x 17.4 mm (4.69 x 1.98 x 0.69 in),,3.15 MP,,,87MB,,Yes,,Yes,microSDHC (dedicated slot),https://fdn2.gsmarena.com/vv/bigpic/spice-m-9000-popkorn.jpg,"FM radio, recording; built-in antenna"
No,Spice,,Yes,SRS audio,,101 g (3.56 oz),500 entries,About 40 EUR,,No,,"240 x 320 pixels, 4:3 ratio (~169 ppi density)",Downloadable,Up to 6 h 40 min,"2.36 inches, 17.2 cm2(~30.9% screen-to-body ratio)",Discontinued,,GSM,Black,No,Up to 200 h,,2011,"SMS(threaded view), MMS",Spice M-6450,Yes,,Removable Li-Ion 950 mAh battery,GSM 900 / 1800 - SIM 1 & SIM 2,Dual SIM (Mini-SIM),TFT,,"2.0, A2DP",,2.0,,,,Yes,No,,Yes,114 x 49 x 10.8 mm (4.49 x 1.93 x 0.43 in),,2 MP,,MP4/H.263 playerMP3/AAC+ playerOrganizerVoice memoPredictive text input,45MB,,Yes,,Yes,microSDHC (dedicated slot),https://fdn2.gsmarena.com/vv/bigpic/spice-m-6450.jpg,FM radio
No,Spice,,Yes,MP4/H.263 playerMP3/AAC+ playerOrganizerVoice memoPredictive text input,,96 g (3.39 oz),1000 entries,About 40 EUR,,No,,"240 x 320 pixels, 4:3 ratio (~145 ppi density)",Downloadable,Up to 5 h,"2.76 inches, 23.6 cm2(~42.1% screen-to-body ratio)",Discontinued,,GSM,Black,No,Up to 500 h,,2011,"SMS(threaded view), MMS, Email",Spice M-5750,Yes,,Removable Li-Ion 1000 mAh battery,GSM 900 / 1800 - SIM 1 & SIM 2,Dual SIM (Mini-SIM),TFT resistive touchscreen,,"2.0, A2DP",,microUSB,,,,Yes,No,,Yes,112 x 50 x 12 mm (4.41 x 1.97 x 0.47 in),,1.3 MP,,,8MB,,Yes,,Yes,microSDHC (dedicated slot),https://fdn2.gsmarena.com/vv/bigpic/spice-m-5750.jpg,"FM radio, recording"
No,Spice,,,MP3/MP4/H.263 player,,60 g (2.12 oz),500 entries,About 30 EUR,,No,,"240 x 320 pixels, 4:3 ratio (~169 ppi density)",Downloadable,Up to 3 h 30 min,"2.36 inches, 17.2 cm2(~29.4% screen-to-body ratio)",Discontinued,,GSM,"Gray, Red",No,Up to 300 h,,2011,SMS(threaded view),Spice M-5350,No,,Removable Li-Ion 1000 mAh battery,GSM 900 / 1800 - SIM 1 & SIM 2,Dual SIM (Mini-SIM),TFT,,"2.0, A2DP",,No,,,,No,No,,Yes,104.8 x 56 x 13.2 mm (4.13 x 2.20 x 0.52 in),,VGA,,,,,Yes,,Yes,microSDHC (dedicated slot),https://fdn2.gsmarena.com/vv/bigpic/spice-m-5350.jpg,"FM radio, recording"
No,Spice,,No,MP3/MP4/H.263 player,,90 g (3.17 oz),500 entries,About 30 EUR,,No,,128 x 160 pixels (~116 ppi density),Downloadable,Up to 5 h,"1.77 inches, 9.9 cm2(~20.1% screen-to-body ratio)",Discontinued,,GSM,Black/Gold,No,Up to 500 h,,2011,"SMS(threaded view), MMS",Spice M-5180,Yes,,Removable Li-Ion 1800 mAh battery,GSM 900 / 1800 - SIM 1 & SIM 2,Dual SIM (Mini-SIM),TFT,,1.2,,No,,,,No,No,,Yes,105.7 x 46.5 x 15.2 mm (4.16 x 1.83 x 0.60 in),,VGA,,,,,Yes,,Yes,microSDHC (dedicated slot),https://fdn2.gsmarena.com/vv/bigpic/spice-m-5180.jpg,"FM radio, recording"
Flashlight,Spice,,No,No,,44.8 g without battery (1.55 oz),500 entries,About 20 EUR,,No,,128 x 160 pixels (~116 ppi density),Downloadable,Up to 4 h,"1.77 inches, 9.9 cm2",Discontinued,,GSM,"Black/Red, Black",No,Up to 500 h,,2011,SMS(threaded view),Spice M-5115,No,,Removable Li-Ion 1000 mAh battery,GSM 900 / 1800 - SIM 1 & SIM 2,Dual SIM (Mini-SIM),TFT,,"2.1, A2DP",,microUSB,,,,No,No,,No,-,,VGA,,MP3/MP4/H.263 player,,,Yes,,Yes,microSDHC (dedicated slot),https://fdn2.gsmarena.com/vv/bigpic/spice-m-5115.jpg,"FM radio, recording"
Flashlight,Spice,,No,No,,44.8 g without battery (1.55 oz),500 entries,About 10 EUR,,No,,128 x 160 pixels (~116 ppi density),Downloadable,Up to 4 h,"1.77 inches, 9.9 cm2",Discontinued,,GSM,Black,No,Up to 500 h,,2011,SMS(threaded view),Spice M-4262,No,,Removable Li-Ion 1000 mAh battery,GSM 900 / 1800 - SIM 1 & SIM 2,Dual SIM (Mini-SIM),TFT,,No,,microUSB,,,,No,No,,No,-,,,,No,,,Yes,MP3/MP4/H.263 player,Yes,microSDHC (dedicated slot),https://fdn2.gsmarena.com/vv/bigpic/spice-m-4262.jpg,"FM radio, recording"
HDMI outputMP4/WMV/H.263 playerMP3/WAV/AAC+ playerOrganizerDocument viewerPhoto/video editorVoice memoPredictive text input,Spice,,Yes,,800 MHz Scorpion,485 g (1.07 lb),,About 170 EUR,,"GPS, A-GPS",HSPA,"480 x 800 pixels, 5:3 ratio (~133 ppi density)",,Up to 20 h,"7.0 inches, 139.5 cm2(~59.9% screen-to-body ratio)",Discontinued,Adreno 200,GSM / HSPA,White,"Wi-Fi 802.11 b/g, hotspot",Up to 450 h,HSDPA 850 / 2100,"2011, Q2",,Spice Mi-720,,,Non-removable Li-Ion 4200 mAh battery,GSM 850 / 900 / 1800 / 1900,Mini-SIM,"TFT, 256K colors",,"2.1, A2DP, EDR",Android 2.2 (Froyo),microUSB,VGA,,,,,"Accelerometer, compass",@24fps,200 x 116.5 x 12.5 mm (7.87 x 4.59 x 0.49 in),,2 MP,,,"256MB RAM, 512MB",,,,Yes,microSDHC (dedicated slot),https://fdn2.gsmarena.com/vv/bigpic/spice-mi720.jpg,No
No,Spice,,Yes,SNS integrationMP4/H.263 playerMP3/AAC+ playerOrganizerVoice memoPredictive text input,,91 g (3.21 oz),"1000 entries, Photocall",About 40 EUR,,No,,"240 x 400 pixels, 5:3 ratio (~149 ppi density)",Downloadable,Up to 4 h,"3.14 inches, 28.1 cm2(~48.6% screen-to-body ratio)",Discontinued,,GSM,"Turquoise Blue, Jet Black, Spice Yellow",Wi-Fi 802.11 b/g,Up to 250 h,,"2011, May. Released 2011, May","SMS(threaded view), MMS, Email, IM",Spice M-6800 FLO,Yes,,Removable Li-Ion 1000 mAh battery,GSM 900 / 1800,Mini-SIM,TFT,,"2.1, A2DP",,2.0,,,,Yes,Yes,,Yes,107.8 x 53.6 x 12.5 mm (4.24 x 2.11 x 0.49 in),,3.15 MP,,,44MB,,Yes,,Yes,microSDHC (dedicated slot),https://fdn2.gsmarena.com/vv/bigpic/Spice-Mobile-M-6800-FLO.jpg,"FM radio, recording"
HDMI outputMP4/WMV/H.263 playerMP3/WAV/AAC+ playerOrganizerDocument viewerPhoto/video editorVoice memoPredictive text input,Spice,0.62 W/kg (head),Yes,,1.0 GHz Scorpion,143 g (5.04 oz),,About 210 EUR,,"GPS, A-GPS",HSPA 14.4/5.76 Mbps,"480 x 800 pixels, 5:3 ratio (~232 ppi density)",,Up to 2 h 20 min (2G) / Up to 4 h (3G),"4.03 inches, 46.2 cm2(~57.4% screen-to-body ratio)",Discontinued,Adreno 205,GSM / HSPA,"Silver, Brown","Wi-Fi 802.11 b/g, hotspot",Up to 400 h (2G) / Up to 380 h (3G),HSDPA 900 / 1900 / 2100,"2011, Q2. Released 2011, Q2",,Spice Mi-410,,,Removable Li-Ion 1400 mAh battery,GSM 850 / 900 / 1800 / 1900,Mini-SIM,"TFT, 256K colors",Qualcomm MSM8255 Snapdragon S2,"2.0, A2DP, EDR",Android 2.2 (Froyo),microUSB,Yes,,,,,"Accelerometer, proximity, compass",720p@30fps,122 x 66 x 10 mm (4.80 x 2.60 x 0.39 in),LED flash,"5 MP, AF",,,800MB 512MB RAM,,,,Yes,microSDHC (dedicated slot),https://fdn2.gsmarena.com/vv/bigpic/spice-mi-410.jpg,"FM radio, recording"
No,Spice,,Yes,MP4/H.263 playerMP3/AAC+ playerOrganizerVoice memoPredictive text input,416 MHz,-,,About 50 EUR,,"GPS, A-GPS",,"240 x 320 pixels, 4:3 ratio (~143 ppi density)",,Up to 3 h,"2.8 inches, 24.3 cm2(~42.4% screen-to-body ratio)",Discontinued,,GSM,"Black, White","Wi-Fi 802.11 b/g, hotspot",Up to 320 h,,"2011, May. Released 2011, May",,Spice Mi-270,Yes,,Removable Li-Ion 1000 mAh battery,GSM 900 / 1800 - SIM1 & SIM 2,"Dual SIM (Mini-SIM, dual stand-by)",TFT,Mediatek MT6516,"2.1, A2DP, EDR",Android 2.2 (Froyo),Proprietary,,,,,Yes,,Yes,104 x 55 x 12.6 mm (4.09 x 2.17 x 0.50 in),,2 MP,HTML,,,,,,Yes,microSDHC (dedicated slot),https://fdn2.gsmarena.com/vv/bigpic/spice-mi-270.jpg,FM radio
Optical trackpad,Spice,0.62 W/kg (head),Yes,Touch sensitive controls,,120 g (4.23 oz),,About 100 EUR,,"GPS, A-GPS",HSPA 7.2/0.384 Mbps,"320 x 480 pixels, 3:2 ratio (~183 ppi density)",,Up to 2 h 30 min,"3.15 inches, 29.5 cm2(~42.5% screen-to-body ratio)",Discontinued,,GSM / HSPA,Dark red,"Wi-Fi 802.11 b/g, hotspot",Up to 200 h,HSDPA 2100,"2011, April. Released 2011, April",,Spice Mi-310,,,Removable Li-Ion 1200 mAh battery,GSM 900 / 1800,Mini-SIM,"TFT, 256K colors",,"2.1, A2DP",Android 2.2 (Froyo),microUSB,,,,,,"Accelerometer, proximity",Yes,116 x 60 x 12 mm (4.57 x 2.36 x 0.47 in),,2 MP,HTML,No,85MB,,,MP4/WMV/H.263 playerMP3/WAV/AAC+ playerOrganizerDocument viewerPhoto/video editorVoice memoPredictive text input,Yes,microSDHC (dedicated slot),https://fdn2.gsmarena.com/vv/bigpic/spice-mi310.jpg,FM radio
GSM 900 / 1800 - SIM 2,Spice,,No,Flashlight,,85 g (3.00 oz),500 entries,About 20 EUR,,No,,128 x 160 pixels (~116 ppi density),Downloadable,Up to 5 h,"1.77 inches, 9.9 cm2(~19.3% screen-to-body ratio)",Discontinued,,GSM,Black,No,Up to 800 h,,2010. Released 2010,SMS,Spice M-4250,No,,Removable Li-Ion 1200 mAh battery,GSM 900 / 1800 - SIM 1,Dual SIM (Mini-SIM),TFT,,No,,No,,,,,No,,,110 x 46.5 x 15 mm (4.33 x 1.83 x 0.59 in),,,No,No,,,"20 dialed, 20 received, 20 missed calls",MP3/AAC+ playerOrganizerCurrency/unit convertorAuto Power On/OffVoice memoPredictive text input,Yes,microSD (dedicated slot),https://fdn2.gsmarena.com/vv/bigpic/spice-m-4250.jpg,"FM radio, recording"
Flashlight,Spice,,Yes,No,,78 g (2.75 oz),1000 entries,About 30 EUR,,No,,176 x 220 pixels (~141 ppi density),Downloadable,Up to 4 h,"2.0 inches, 12.6 cm2(~23.9% screen-to-body ratio)",Discontinued,,GSM,Black,No,Up to 350 h,,2010. Released 2010,"SMS, MMS",Spice M-5170,Yes,,Removable Li-Ion 1200 mAh battery,GSM 900 / 1800,Mini-SIM,"TFT, 65K colors",,"2.1, A2DP",,Proprietary,,,,No,No,,Yes,111 x 47.5 x 14.6 mm (4.37 x 1.87 x 0.57 in),,Yes,WAP 1.2,MP4/H.263 playerMP3/WAV/AAC playerAuto Power On/OffCurrency convertorVoice memoPredictive text input,,,"20 dialed, 20 received, 20 missed calls",,"Yes, with stereo speakers",microSD (dedicated slot),https://fdn2.gsmarena.com/vv/bigpic/spice-m-5170.jpg,"FM radio, scheduled recording"
GSM 850 / 900 / 1800 / 1900 - SIM 2,Spice,,No,TrackpadFlashlight,,98.5 (3.46 oz),3000 entries,About 20 EUR,,No,,176 x 220 pixels (~128 ppi density),Downloadable,Up to 4 h 30 min,"2.2 inches, 15.2 cm2(~22.7% screen-to-body ratio)",Discontinued,,GSM,Black,No,Up to 250 h,,2010. Released 2010,"SMS, MMS, IM",Spice QT-65,Yes,,Removable Li-Ion 1100 mAh battery,GSM 850 / 900 / 1800 / 1900 - SIM 1,Dual SIM (Mini-SIM),"TFT,  256K colors",,"2.1, A2DP",,Proprietary,,,QWERTY,Yes,No,Accelerometer,Yes,112 x 60 x 11.8 mm (4.41 x 2.36 x 0.46 in),,2 MP,WAP 2.0/xHTML,No,25MB,,"20 dialed, 20 received, 20 missed calls",MP4/H.264 playerMP3/AAC+ playerOrganizerCurrency convertorAuto Power On/OffPredictive text input,Yes,microSDHC (dedicated slot),https://fdn2.gsmarena.com/vv/bigpic/spice-qt-65.jpg,"FM radio, scheduled recording"
GSM 900 / 1800 - SIM 2,Spice,,No,Flashlight,,75 g (2.65 oz),1000 entries,About 30 EUR,,No,,"240 x 320 pixels, 4:3 ratio (~167 ppi density)",Downloadable,Up to 5 h,"2.4 inches, 17.8 cm2(~30.1% screen-to-body ratio)",Discontinued,,GSM,Black,No,Up to 800 h,,2010. Released 2010,"SMS, MMS",Spice M-5262,Yes,,Removable Li-Ion 1200 mAh battery,GSM 900 / 1800 - SIM 1,Dual SIM (Mini-SIM),"TFT, 65K colors",,"2.0, A2DP",,Proprietary,,,,Yes,No,,Yes,115 x 51.5 x 15.2 mm (4.53 x 2.03 x 0.60 in),,Yes,Yes,No,,,"20 dialed, 20 received, 20 missed calls",MP4/H.263 playerMP3/AAC playerAuto Power On/OffCurrency convertorVoice memoPredictive text input,Yes,microSDHC (dedicated slot),https://fdn2.gsmarena.com/vv/bigpic/spice-m-5262.jpg,"FM radio, scheduled recording"
GSM 900 / 1800 - SIM 2,Spice,,No,TrackpadFlashlight,,80 g (2.82 oz),3000 entries,About 30 EUR,,No,,176 x 220 pixels (~141 ppi density),Downloadable,Up to 4 h,"2.0 inches, 12.6 cm2(~23.5% screen-to-body ratio)",Discontinued,,GSM,"Black, Crimson Red, Pearl White",No,Up to 270 h,,2010. Released 2010,"SMS, MMS",Spice QT-58,Yes,,Removable Li-Ion 1000 mAh battery,GSM 900 / 1800 - SIM 1,Dual SIM (Mini-SIM),"TFT,  256K colors",,"2.0, A2DP",,Proprietary,,,QWERTY,Yes,No,,Yes,99 x 54 x 13 mm (3.90 x 2.13 x 0.51 in),,1.3 MP,WAP 2.0/xHTML,No,,,"20 dialed, 20 received, 20 missed calls",MP4/H.263 playerMP3/AAC+ playerOrganizerCurrency/unit convertorAuto Power On/OffVoice memoPredictive text input,"Yes, with stereo speakers",microSDHC (dedicated slot),https://fdn2.gsmarena.com/vv/bigpic/spice-qt58-new.jpg,"FM radio, scheduled recording"
GSM 900 / 1800 - SIM 2,Spice,,No,TrackpadFlashlight,,95 g (3.35 oz),1000 entries,About 30 EUR,,No,,"240 x 320 pixels, 4:3 ratio (~167 ppi density)",Downloadable,Up to 3 h 30 min,"2.4 inches, 17.8 cm2(~28.8% screen-to-body ratio)",Discontinued,,GSM,"Black, Red, Turquoise",No,Up to 300 h,,2010. Released 2010,"SMS, MMS",Spice QT-61,Yes,,Removable Li-Ion 1150 mAh battery,GSM 900 / 1800 - SIM 1,Dual SIM (Mini-SIM),"TFT,  256K colors",,"2.0, A2DP",,Proprietary,,,QWERTY,Yes,No,,Yes,108.5 x 57 x 12.8 mm (4.27 x 2.24 x 0.50 in),,2 MP,WAP 2.0/xHTML,No,,,"20 dialed, 20 received, 20 missed calls",MP4/H.263 playerMP3/AAC+ playerOrganizerCurrency/unit convertorAuto Power On/OffVoice memoPredictive text input,Yes,microSDHC (dedicated slot),https://fdn2.gsmarena.com/vv/bigpic/spice-qt-61.jpg,"FM radio, scheduled recording"
GSM 900 / 1800 - SIM 2,Spice,,No,No,,86 g (3.03 oz),1200 entries,About 30 EUR,,No,,176 x 220 pixels (~141 ppi density),Downloadable,Up to 4 h 30 min,"2.0 inches, 12.6 cm2(~23.7% screen-to-body ratio)",Discontinued,,GSM,Mettalic Silver,No,Up to 300 h,,2010. Released 2010,"SMS, MMS",Spice M-5454,Yes,,Removable Li-Ion 1000 mAh battery,GSM 900 / 1800 - SIM 1,Dual SIM (Mini-SIM),"TFT, 65K colors",,1.2,,No,,,,Yes,No,,Yes,114 x 46.5 x 11.3 mm (4.49 x 1.83 x 0.44 in),,1.3 MP,Yes,MP4/H.263 playerMP3/AAC playerAuto Power On/OffCurrency/unit convertorVoice memoPredictive text input,1MB,,"20 dialed, 20 received, 20 missed calls",,Yes,microSDHC (dedicated slot),https://fdn2.gsmarena.com/vv/bigpic/spice-m-5454.jpg,"FM radio, scheduled recording"
Flashlight,Spice,,Yes,No,,88 g (3.10 oz),1200 entries,About 30 EUR,,No,,176 x 220 pixels (~141 ppi density),Downloadable,Up to 4 h 30 min,"2.0 inches, 12.6 cm2(~24.3% screen-to-body ratio)",Discontinued,,GSM,Black,No,Up to 300 h,,2010. Released 2010,"SMS, MMS",Spice M-5161n,Yes,,Removable Li-Ion 1200 mAh battery,GSM 900 / 1800,Mini-SIM,"TFT, 65K colors",,"1.2, A2DP",,,,,,No,No,,Yes,110 x 47 x 14.6 mm (4.33 x 1.85 x 0.57 in),,Yes,WAP 1.2,MP4/H.263 playerMP3/WAV/AAC playerAuto Power On/OffVoice memoPredictive text input,1MB,,"20 dialed, 20 received, 20 missed calls",,Yes,microSDHC (dedicated slot),https://fdn2.gsmarena.com/vv/bigpic/spice-m-5161n.jpg,"FM radio, scheduled recording"
GSM 900 / 1800 / 1900 - SIM 2,Spice,,No,Trackpad,,68 g (2.40 oz),3000 entries,About 70 EUR,,No,"Yes, 384 kbps",176 x 220 pixels (~141 ppi density),Downloadable,Up to 4 h (2G) / Up to 2 h 30 min (3G),"2.0 inches, 12.6 cm2(~19.2% screen-to-body ratio)",Discontinued,,GSM / UMTS,Black,No,Up to 400 h (2G) / Up to 150 h (3G),UMTS 2100,2010. Released 2010,"SMS, MMS, Email",Spice QT-95,,,Removable Li-Ion 1000 mAh battery,GSM 900 / 1800 / 1900 - SIM 1,Dual SIM (Mini-SIM),"TFT,  256K colors",,"2.1, A2DP",,Proprietary,Yes,,QWERTY,Yes,,,Yes,111 x 59 x 11.7 mm (4.37 x 2.32 x 0.46 in),,3.15 MP,WAP 2.0/xHTML,"Facebook, Snaptu, Yahoo, Nimbuzz appsMP4/H.263 playerMP3/AAC+ playerOrganizerCurrency convertorAuto Power On/OffVoice memoPredictive text input",,,"20 dialed, 20 received, 20 missed calls",,Yes,microSDHC (dedicated slot),https://fdn2.gsmarena.com/vv/bigpic/spice-qt-95.jpg,"FM radio, scheduled recording"
GSM 900 / 1800 - SIM 2,Spice,,No,Stereoscopic display,,70 g (2.47 oz),"Practically unlimited entries, Photocall",About 40 EUR,,No,,"240 x 320 pixels, 4:3 ratio (~169 ppi density)",Downloadable,Up to 4 h 30 min,"2.36 inches, 17.2 cm2(~29.6% screen-to-body ratio)",Discontinued,,GSM,Black,No,Up to 260 h,,2010. Released 2010,"SMS, MMS, Email",Spice M-67 3D,Class 12,,Removable Li-Ion 1100 mAh battery,GSM 900 / 1800 - SIM 1,Dual SIM (Mini-SIM),TFT,,"2.1, A2DP",,Proprietary,,,,Yes,No,,Yes,115 x 50.7 x 12.6 mm (4.53 x 2.00 x 0.50 in),,2 MP,WAP 2.0/xHTML,No,,,Yes,MP3/AAC+ playerMP4/H.264 playerOrganizerAuto Power On/OffVoice memoPredictive text input,"Yes, with stereo speakers",microSDHC (dedicated slot),https://fdn2.gsmarena.com/vv/bigpic/spice-m-67-3d.jpg,"FM radio, recording"
GSM 900 / 1800 - SIM 2,Spice,,Yes,Trackpad,,68 g (2.40 oz),2000 entries,About 30 EUR,,No,,"320 x 240 pixels, 4:3 ratio (~167 ppi density)",Downloadable,Up to 4 h,"2.4 inches, 17.8 cm2(~27.2% screen-to-body ratio)",Discontinued,,GSM,Black,Wi-Fi 802.11 b/g,Up to 150 h,,2010. Released 2010,"SMS, MMS, Email",Spice QT-68,Class 10,,Removable Li-Ion 1000 mAh battery,GSM 900 / 1800 - SIM 1,Dual SIM (Mini-SIM),"TFT,  256K colors",,"2.1, A2DP",,Proprietary,,,QWERTY,Yes,Class 10,,Yes,111 x 59 x 11.7 mm (4.37 x 2.32 x 0.46 in),,3.15 MP,WAP 2.0/xHTML,No,,,"20 dialed, 20 received, 20 missed calls",MP4/H.263 playerMP3/AAC+ playerOrganizerCurrency/unit convertorAuto Power On/OffVoice memoPredictive text input,Yes,microSDHC (dedicated slot),https://fdn2.gsmarena.com/vv/bigpic/spice-qt-68.jpg,"FM radio, scheduled recording"
GSM 900 / 1800 - SIM 2,Spice,,No,Flashlight,,89.5 g (3.14 oz),1000 entries,About 30 EUR,,No,,128 x 160 pixels (~114 ppi density),Downloadable,Up to 12 h,"1.8 inches, 10.2 cm2(~21.7% screen-to-body ratio)",Discontinued,,GSM,"Black, Black/Red",No,Up to 600 h,,"2010, September. Released 2010, September","SMS, MMS, IM",Spice M-4580n,Class 10,,Removable Li-Ion battery,GSM 900 / 1800 - SIM 1,Dual SIM (Mini-SIM),"TFT, 65K colors",,No,,No,,,,No,No,,,105.3 x 44.6 x 16 mm (4.15 x 1.76 x 0.63 in),,,WAP 1.2,No,,,"20 dialed, 20 received, 20 missed calls","Facebook, Yahoo, NimbuzzCurrency CheckerOrganizerMP4/H.263 playerMP3/WAV/AAC+ playerAuto Power On/OffPredictive text input",Yes,microSDHC (dedicated slot),https://fdn2.gsmarena.com/vv/bigpic/spice-M-4580n.jpg,"FM radio, scheduled recording"
Trackball,Spice,,No,No,,114 g (4.02 oz),,About 140 EUR,,GPS,HSPA 7.2/0.384 Mbps,"320 x 480 pixels, 3:2 ratio (~180 ppi density)",,Up to 4 h (2G) / Up to 3 h (3G),"3.2 inches, 30.5 cm2(~46.7% screen-to-body ratio)",Discontinued,,GSM / HSPA,Black,Wi-Fi 802.11 b/g,Up to 300 h (2G) / Up to 250 h (3G),HSDPA 900 / 1900 / 2100,"2010, August. Released 2010, August",,Spice Mi-300,,,Removable Li-Ion battery,GSM 850 / 900 / 1800 / 1900,Mini-SIM,"LCD, 256K colors",,"2.0, A2DP","Android 1.6 (Donut), upgradable to 2.1 (Eclair)",microUSB,,,,,,Accelerometer,Yes,114.9 x 56.8 x 12.6 mm (4.52 x 2.24 x 0.50 in),LED flash,5 MP,HTML,MP4/WMV/H.264 playerMP3/WAV/eAAC+ playerOrganizerDocument viewerPhoto/video editorVoice memoPredictive text input,,,,,Yes,microSDHC (dedicated slot),https://fdn2.gsmarena.com/vv/bigpic/spice-mi300.jpg,No
GSM 900 / 1800 - SIM 2,Spice,,No,No,,88.4 g (3.10 oz),1000 entries,About 30 EUR,,No,,"180 x 240 pixels, 4:3 ratio (~136 ppi density)",Yes,Up to 5 h,"2.2 inches, 15.0 cm2(~27.5% screen-to-body ratio)",Discontinued,,GSM,"Orange, Green",No,Up to 250 h,,"2010, August. Released 2010, August","SMS, MMS, Email, IM",Spice M-6 Sports,Class 12,,Removable Li-Ion 1000 mAh battery,GSM 900 / 1800 - SIM 1,Dual SIM (Mini-SIM),"TFT,  256K colors",,"2.0, A2DP",,Proprietary,,,,Yes,No,,Yes,112.9 x 48.2 x 13.2 mm (4.44 x 1.90 x 0.52 in),,1.3 MP,WAP 2.0/xHTML,"Yahoo, Twitter, Facebook, SnaptuOrganizerCurrency/Unit ConvertorMP4/H.263 playerMP3/WAV/AAC+ playerAuto Power On/OffPredictive text input",1MB,,"20 dialed, 20 received, 20 missed calls",,Yes,microSDHC (dedicated slot),https://fdn2.gsmarena.com/vv/bigpic/spice-m6-sports.jpg,"FM radio, scheduled recording"
GSM 900 / 1800 / 1900 - SIM 2,Spice,,No,No,,92 g (3.25 oz),1000 entries,About 30 EUR,,No,,176 x 220 pixels (~141 ppi density),Yes,Up to 8 h,"2.0 inches, 12.6 cm2(~24.4% screen-to-body ratio)",Discontinued,,GSM,Black,No,Up to 400 h,,"2010, August. Released 2010, August","SMS, MMS, IM",Spice M-6363,Class 12,,Removable Li-Ion 1500 mAh battery,GSM 900 / 1800 / 1900 - SIM 1,Dual SIM (Mini-SIM),"TFT, 65K colors",,"1.2, A2DP",,Proprietary,,,,Yes,No,,Yes,107 x 48.2 x 15.5 mm (4.21 x 1.90 x 0.61 in),,2 MP,WAP 2.0/xHTML,"Facebook, Yahoo, Nimbuzz, Twitter, PicassaOrganizerCurrency/Unit ConvertorAuto Power On/OffPredictive text input",,,"20 dialed, 20 received, 20 missed calls",,Yes,microSDHC (dedicated slot),https://fdn2.gsmarena.com/vv/bigpic/spice-m6363.jpg,"FM radio, scheduled recording"
CDMA 800 / 1900,Spice,,No,Flashlight,,95 g (3.35 oz),1000 entries,About 60 EUR,,No,,176 x 220 pixels (~141 ppi density),Yes,Up to 3 h,"2.0 inches, 12.6 cm2(~18.1% screen-to-body ratio)",Discontinued,,GSM / CDMA,Black,No,Up to 220 h,,"2010, August. Released 2010, August","SMS, MMS, IM",Spice QT-56,Class 10,,Removable Li-Ion 1000 mAh battery,GSM 900 / 1800,Mini-SIM,"TFT,  256K colors",,2.0,,Proprietary,,,QWERTY,No,No,,Yes,113.4 x 61.3 x 14.1 mm (4.46 x 2.41 x 0.56 in),,VGA,WAP 2.0/xHTML,No,,,"20 dialed, 20 received, 20 missed calls","Facebook, Yahoo, Nimbuzz, Twitter, PicassaOrganizerCurrency/Unit ConvertorAuto Power On/OffPredictive text input",Yes,microSDHC (dedicated slot),https://fdn2.gsmarena.com/vv/bigpic/spice-qt-56.jpg,"FM radio, scheduled recording"
GSM 900 / 1800 / 1900 - SIM 2,Spice,,No,MP4/H.263 playerMP3/AAC+ playerOrganizerCurrency/Unit ConvertorAuto Power On/OffPredictive text input,,91.8 g (3.21 oz),1000 entries,About 150 EUR,,No,HSPA 3.6/0.384 Mbps,"240 x 320 pixels, 4:3 ratio (~167 ppi density)",Yes,Up to 4 h (2G) / Up to 3 h (3G),"2.4 inches, 17.8 cm2(~30.5% screen-to-body ratio)",Discontinued,,GSM / HSPA,Black,No,Up to 200 h (2G) / Up to 150 h (3G),HSDPA 2100 - SIM 1,"2010, September. Released 2010, September","SMS, MMS, IM",Spice G-6565,,,Removable Li-Ion 900 mAh battery,GSM 900 / 1800 / 1900 - SIM 1,Dual SIM (Mini-SIM),"TFT,  256K colors",,"2.1, A2DP",,Proprietary,Yes,,,Yes,,,Yes,115.6 x 50.6 x 11.5 mm (4.55 x 1.99 x 0.45 in),,3.15 MP,WAP 2.0/xHTML,,16MB,,"20 dialed, 20 received, 20 missed calls",,Yes,microSDHC (dedicated slot),https://fdn2.gsmarena.com/vv/bigpic/spice-g-6565.jpg,No
GSM 900 / 1800 - SIM 2,Spice,,No,Flashlight,,90 g (3.17 oz),2000 entries,About 30 EUR,,No,,176 x 220 pixels (~141 ppi density),Yes,Up to 4 h,"2.0 inches, 12.6 cm2(~18.6% screen-to-body ratio)",Discontinued,,GSM,Black,No,Up to 300 h,,"2010, July. Released 2010, July","SMS, MMS, IM",Spice QT-52,Class 10,,Removable Li-Ion 1000 mAh battery,GSM 900 / 1800 - SIM 1,Mini-SIM,"TFT,  256K colors",,2.0,,Proprietary,,,QWERTY,No,No,,Yes,111.8 x 60.4 x 13.9 mm (4.40 x 2.38 x 0.55 in),,VGA,WAP 2.0/xHTML,No,3MB,,"20 dialed, 20 received, 20 missed calls","Facebook, Yahoo, Nimbuzz, Twitter, PicassaOrganizerCurrency/Unit ConvertorAuto Power On/OffPredictive text input",Yes,microSDHC (dedicated slot),https://fdn2.gsmarena.com/vv/bigpic/spice-qt-52.jpg,"FM radio, scheduled recording"
GSM 900 / 1800 - SIM 2,Spice,,No,TrackballFlashlight,,-,1000 entries,About 50 EUR,,No,,176 x 220 pixels (~141 ppi density),Yes,Up to 4 h,"2.0 inches, 12.6 cm2(~18.9% screen-to-body ratio)",Discontinued,,GSM,Black/Yellow,No,Up to 300 h,,"2010, June. Released 2010, June","SMS, MMS, IM",Spice QT-60,Class 10,,Removable Li-Ion 1000 mAh battery,GSM 900 / 1800 - SIM 1,Dual SIM (Mini-SIM),"TFT,  256K colors",,"2.1, A2DP",,Proprietary,,,QWERTY,Yes,No,,Yes,111 x 60 x 13.8 mm (4.37 x 2.36 x 0.54 in),,2 MP,WAP 2.0/xHTML,No,3MB,,"20 dialed, 20 received, 20 missed calls",MP4/H.264 playerMP3/AAC+ playerOrganizerCurrency/Unit ConvertorAuto Power On/OffPredictive text input,Yes,microSDHC (dedicated slot),https://fdn2.gsmarena.com/vv/bigpic/spice-qt-60.jpg,"FM radio, scheduled recording"
GSM 900 / 1800 - SIM 2,Spice,,No,No,,-,1200 entries,About 30 EUR,,No,,176 x 220 pixels (~141 ppi density),Yes,Up to 4 h 30 min,"2.0 inches, 12.6 cm2",Discontinued,,GSM,Black,No,Up to 300 h,,"2010, July. Released 2010, July","SMS, MMS, IM",Spice M-5161,Class 10,,Removable Li-Ion 1200 mAh battery,GSM 900 / 1800 - SIM 1,Dual SIM (Mini-SIM),"TFT, 65K colors",,1.2,,Proprietary,,,,No,No,,Yes,-,,VGA,WAP 1.2,MP4/H.263 playerMP3/AAC+ playerOrganizerCurrency/Unit ConvertorAuto Power On/OffPredictive text input,1MB,,"20 dialed, 20 received, 20 missed calls",,Yes,microSDHC (dedicated slot),https://fdn2.gsmarena.com/vv/bigpic/spice-m-5161.jpg,"FM radio, scheduled recording"
GSM 900 / 1800 - SIM 2,Spice,,No,Flashlight,,72.5 g (2.54 oz),1000 entries,About 20 EUR,,No,,128 x 160 pixels (~114 ppi density),Downloadable,Up to 4 h,"1.8 inches, 10.2 cm2(~21.8% screen-to-body ratio)",Discontinued,,GSM,Black,No,Up to 250 h,,"2010, June. Released 2010, June","SMS, MMS",Spice M-5055,Yes,,Removable Li-Ion 1000 mAh battery,GSM 900 / 1800 - SIM 1,Dual SIM (Mini-SIM),"TFT, 65K colors",,No,,No,,,,No,No,,Yes,104.1 x 44.9 x 15.9 mm (4.10 x 1.77 x 0.63 in),,Yes,WAP 1.2,No,4MB,,"20 dialed, 20 received, 20 missed calls",MP4/H.263 playerMP3/AAC playerOrganizerAuto Power On/OffPredictive text input,Yes,microSDHC (dedicated slot),https://fdn2.gsmarena.com/vv/bigpic/spice-m-5055.jpg,"FM radio, scheduled recording"
No,Spice,,No,SNS integrationMP4/H.263 playerMP3/AAC+ playerOrganizerCurrency/Unit ConvertorAuto Power On/OffPredictive text input,,-,1000 entries,About 70 EUR,,No,,"240 x 400 pixels, 5:3 ratio (~146 ppi density)",Downloadable,Up to 3 h 30 min,"3.2 inches, 29.1 cm2(~51.9% screen-to-body ratio)",Discontinued,,GSM,White,No,Up to 220 h,,"2010, June. Released 2010, June","SMS, MMS, IM",Spice S-7000,Class 10,,Removable Li-Ion 880 mAh battery,GSM 900 / 1800,Mini-SIM,"TFT resistive touchscreen, 256K colors",,2.0,,Proprietary,,,,Yes,Yes,,Yes,108 x 52 x 11.8 mm (4.25 x 2.05 x 0.46 in),,3.15 MP,"WAP 2.0/xHTML, HTML",,16MB,,"20 dialed, 20 received, 20 missed calls",,Yes,microSDHC (dedicated slot),https://fdn2.gsmarena.com/vv/bigpic/spice-s7000.jpg,"FM radio, scheduled recording"
GSM 900 / 1800 - SIM 2,Spice,,No,Flashlight,,90 g (3.17 oz),800 entries,About 20 EUR,,No,,176 x 220 pixels (~141 ppi density),Yes,Up to 4 h,"2.0 inches, 12.6 cm2(~19.7% screen-to-body ratio)",Discontinued,,GSM,Black,No,Up to 300 h,,"2010, May. Released 2010, May","SMS, MMS, IM",Spice QT-50,Class 10,,Removable Li-Ion 1000 mAh battery,GSM 900 / 1800 - SIM 1,Dual SIM (Mini-SIM),"TFT,  256K colors",,No,,No,,,QWERTY,No,No,,No,110 x 58 x 13 mm (4.33 x 2.28 x 0.51 in),,Yes,WAP 2.0/xHTML,No,1MB,,"20 dialed, 20 received, 20 missed calls",MP4/H.263 playerMP3/WAV/AAC+ playerOrganizerCurrency/Unit ConvertorAuto Power On/OffPredictive text input,Yes,microSD (dedicated slot),https://fdn2.gsmarena.com/vv/bigpic/spice-qt-50.jpg,"FM radio, scheduled recording"
No,Spice,,No,TV OutMP4/H.263 playerMP3/AAC playerOrganizerCurrency convertorAuto Power On/OffPredictive text input,,130 g (4.59 oz),1500 entries,About 180 EUR,,No,,"240 x 320 pixels, 4:3 ratio (~167 ppi density)",Downloadable,Up to 3 h,"2.4 inches, 17.8 cm2(~30.1% screen-to-body ratio)",Discontinued,,GSM,Black,No,Up to 150 h,,2010. Released 2010,"SMS, MMS",Spice S-1200,Class 12,,Removable Li-Ion 1000 mAh battery,GSM 900 / 1800 / 1900,Mini-SIM,"TFT, 256K colors",,"1.2, A2DP",,Proprietary,,,,"Yes, MIDP 2.0",Class 12,,480p@24fps,114 x 52 x 16 mm (4.49 x 2.05 x 0.63 in),Xenon flash,"12 MP, AF, 3x optical zoom",WAP 2.0/xHTML,,70MB,,"20 dialed, 20 received, 20 missed calls",,Yes,microSDHC (dedicated slot),https://fdn2.gsmarena.com/vv/bigpic/spice-s-1200.jpg,"FM radio, scheduled recording"
GSM 900 / 1800 - SIM 2,Spice,,No,Flashlight,,130 g (4.59 oz),1000 entries,About 60 EUR,,No,,"240 x 320 pixels, 4:3 ratio (~167 ppi density)",Downloadable,Up to 6 h,"2.4 inches, 17.8 cm2(~31.0% screen-to-body ratio)",Discontinued,,GSM,Black,No,Up to 300 h,,2010. Released 2010,"SMS, MMS",Spice M-6262,Class 12,,Removable Li-Ion battery,GSM 900 / 1800 - SIM 1,Dual SIM (Mini-SIM),"TFT, 256K colors",,"1.2, A2DP",,Proprietary,,,,No,No,,Yes,113 x 51 x 14 mm (4.45 x 2.01 x 0.55 in),,1.3 MP,WAP 2.0/xHTML,No,1MB,,"20 dialed, 20 received, 20 missed calls",MP4/H.263 playerMP3/AAC playerOrganizerCurrency/Unit ConvertorAuto Power On/OffPredictive text input,Yes,microSDHC (dedicated slot),https://fdn2.gsmarena.com/vv/bigpic/spice-m-6262.jpg,"FM radio, scheduled recording"
GSM 900 / 1800 - SIM 2,Spice,,No,Flashlight,,92.6 (3.25 oz),500 entries,About 20 EUR,,No,,128 x 160 pixels (~114 ppi density),Downloadable,Up to 5 h,"1.8 inches, 10.2 cm2(~19.6% screen-to-body ratio)",Discontinued,,GSM,Black,No,Up to 400 h,,2010. Released 2010,SMS,Spice M-4242,No,,Removable Li-Ion 1200 mAh battery,GSM 900 / 1800 - SIM 1,Dual SIM (Mini-SIM),"TFT, 65K colors",,No,,No,,,,No,No,,,110.8 x 47 x 16 mm (4.36 x 1.85 x 0.63 in),,,No,No,,,"20 dialed, 20 received, 20 missed calls",Currency/Unit ConvertorAuto Power On/OffPredictive text input,Yes,microSD (dedicated slot),https://fdn2.gsmarena.com/vv/bigpic/spice-m-4242.jpg,"FM radio, scheduled recording"
GSM 900 / 1800 / 1900 - SIM 2,Spice,,No,Flashlight,,96 g (3.39 oz),"1000 entries, Photocall",About 60 EUR,,No,,"240 x 320 pixels, 4:3 ratio (~167 ppi density)",Downloadable,Up to 5 h,"2.4 inches, 17.8 cm2(~31.0% screen-to-body ratio)",Discontinued,,GSM,Black,No,Up to 350 h,,2010. Released 2010,"SMS, MMS, Email",Spice M-940n,Class 12,,Removable Li-Ion 1000 mAh battery,GSM 900 / 1800 / 1900 - SIM 1,Dual SIM (Mini-SIM),"TFT, 65K colors",,"2.0, A2DP",,Proprietary,,,,"Yes, MIDP 2.0",No,,Yes,115 x 50 x 13 mm (4.53 x 1.97 x 0.51 in),,2 MP,WAP 2.0/xHTML,No,8MB,,Yes,MP3/WAV/AAC+ playerMP4/H.263 playerOrganizerCurrency/unit convertorAuto Power On/OffVoice memoPredictive text input,"Yes, with stereo speakers",microSD (dedicated slot),https://fdn2.gsmarena.com/vv/bigpic/spice-m-940n.jpg,"FM radio, scheduled recording"
No,Spice,,No,MP4/H.263 playerMP3/WAV/AAC+ playerOrganizerCurrency/unit convertorAuto Power On/OffVoice memoPredictive text input,,93 g (3.28 oz),500 entries,About 70 EUR,,No,,128 x 160 pixels (~114 ppi density),Downloadable,Up to 3 h 30 min,"1.8 inches, 10.2 cm2(~19.1% screen-to-body ratio)",Discontinued,,GSM,Black,No,Up to 300 h,,2010. Released 2010,"SMS, MMS",Spice S-5010,Class 12,,Removable Li-Ion 780 mAh battery,GSM 900 / 1800,Mini-SIM,"CSTN, 65K colors",,No,,Proprietary,,,,Yes,No,,Yes,110 x 48.5 x 14.7 mm (4.33 x 1.91 x 0.58 in),,Yes,WAP 2.0/xHTML,,,,Yes,,Yes,microSD (dedicated slot),https://fdn2.gsmarena.com/vv/bigpic/spice-s5010.jpg,"FM radio, scheduled recording"
GSM 900 / 1800 - SIM 2,Spice,,No,No,,104 g (3.67 oz),"1000 entries, Photocall",About 80 EUR,,No,"Yes, 384 kbps","240 x 320 pixels, 4:3 ratio (~167 ppi density)",Downloadable,Up to 4 h 30 min,"2.4 inches, 17.8 cm2(~30.1% screen-to-body ratio)",Discontinued,,GSM / CDMA2000,Black,No,Up to 140 h,CDMA2000 1x,2010. Released 2010,"SMS, MMS, Email",Spice D-6666,,,Removable Li-Ion battery,GSM 900 / 1800 - SIM 1,Dual SIM (Mini-SIM),"TFT, 65K colors",,"2.0, A2DP",,Proprietary,,,,Yes,,,Yes,115 x 51.5 x 14.3 mm (4.53 x 2.03 x 0.56 in),,2 MP,WAP 2.0/xHTML,MP4/H.263 playerMP3/WAV/AAC+ playerOrganizerCurrency/unit convertorAuto Power On/OffVoice memoPredictive text input,,,Yes,,Yes,microSDHC (dedicated slot),https://fdn2.gsmarena.com/vv/bigpic/spice-d-6666.jpg,"FM radio, scheduled recording"
GSM 900 / 1800 - SIM 2,Spice,,No,Flashlight,,95 g (3.35 oz),"1000 entries, Photocall",About 30 EUR,,No,,128 x 160 pixels (~114 ppi density),Downloadable,Up to 10 h,"1.8 inches, 10.2 cm2(~21.6% screen-to-body ratio)",Discontinued,,GSM,Black,No,Up to 650 h,,2010. Released 2010,"SMS, MMS, Email",Spice M 4580,Class 12,,Removable Li-Ion 1500 mAh battery,GSM 900 / 1800 - SIM 1,Dual SIM (Mini-SIM),"TFT, 65K colors",,No,,,,,,No,No,,,106 x 44.5 x 15.5 mm (4.17 x 1.75 x 0.61 in),,,WAP 2.0/xHTML,No,2MB,,Yes,MP3/WAV/AAC+ playerOrganizerCurrency/unit convertorAuto Power On/OffVoice memoPredictive text input,Yes,microSDHC (dedicated slot),https://fdn2.gsmarena.com/vv/bigpic/spice-m-4580.jpg,"FM radio, scheduled recording"
Flashlight,Spice,,No,No,,70 g (2.47 oz),"500 entries, Photocall",About 30 EUR,,No,,128 x 160 pixels (~114 ppi density),Downloadable,Up to 3 h,"1.8 inches, 10.2 cm2(~21.2% screen-to-body ratio)",Discontinued,,GSM,Black,No,Up to 250 h,,2010. Released 2010,"SMS, MMS, Email",Spice S-5110,Class 12,,Removable Li-Ion 700 mAh battery,GSM 900 / 1800,Mini-SIM,"CSTN, 65K colors",,No,,,,,,No,No,,,107 x 45 x 11.2 mm (4.21 x 1.77 x 0.44 in),,,WAP 2.0/xHTML,MP3/WAV/AAC+ playerOrganizerCurrency/unit convertorAuto Power On/OffVoice memoPredictive text input,3MB,,Yes,,Yes,microSD (dedicated slot),https://fdn2.gsmarena.com/vv/bigpic/spice-s-5110.jpg,"FM radio, scheduled recording"
Flashlight,Spice,,No,No,,95 g (3.35 oz),"1000 entries, Photocall",About 40 EUR,,No,,"240 x 320 pixels, 4:3 ratio (~182 ppi density)",Downloadable,Up to 2 h 30 min,"2.2 inches, 15.0 cm2(~27.3% screen-to-body ratio)",Discontinued,,GSM,Black,No,Up to 150 h,,2010. Released 2010,"SMS, MMS, Email",Spice S-5420,Class 10,,Removable Li-Ion 750 mAh battery,GSM 900 / 1800 / 1900,Mini-SIM,"TFT, 256K colors",,"2.0, A2DP",,Proprietary,,,,"Yes, MIDP 2.0",No,,Yes,112 x 49 x 12.8 mm (4.41 x 1.93 x 0.50 in),,Yes,WAP 2.0/xHTML,NimbuzzMP3/WAV/AAC+ playerMP4/H.263 playerOrganizerCurrency/unit convertorAuto Power On/OffVoice memoPredictive text input,,,Yes,,Yes,microSDHC (dedicated slot),https://fdn2.gsmarena.com/vv/bigpic/spice-s-5420.jpg,"FM radio, scheduled recording"
No,Spice,,No,MP3/WAV/AAC+ playerMP4/H.263 playerOrganizerCurrency/unit convertorAuto Power On/OffVoice memoPredictive text input,,70.6 g (2.47 oz),"500 entries, Photocall",About 20 EUR,,No,,176 x 220 pixels (~128 ppi density),Downloadable,Up to 6 h 40 min,"2.2 inches, 15.2 cm2(~26.6% screen-to-body ratio)",Discontinued,,GSM,Black,No,Up to 225 h,,2010. Released 2010,"SMS, MMS, Email",Spice S-6005,Class 12,,Removable Li-Ion 750 mAh battery,GSM 900 / 1800 / 1900,Mini-SIM,"TFT, 256K colors",,"1.2, A2DP",,Proprietary,,,,"Yes, MIDP 2.0",No,,Yes,116.5 x 49.2 x 10.1 mm (4.59 x 1.94 x 0.40 in),,2 MP,WAP 2.0/xHTML,,,,Yes,,Yes,"microSDHC (dedicated slot), 1 GB included",https://fdn2.gsmarena.com/vv/bigpic/spice-s-6005.jpg,"FM radio, scheduled recording"
No,Spice,,No,MP3/WAV/AAC+ playerMP4/H.263 playerOrganizerDocument viewerCurrency/unit convertorVoice memoPredictive text input,,130.2 g (4.59 oz),,About 90 EUR,,No,"Yes, 384 kbps","240 x 320 pixels, 4:3 ratio (~143 ppi density)",,Up to 8 h,"2.8 inches, 24.3 cm2(~37.6% screen-to-body ratio)",Discontinued,,GSM / CDMA2000,Black,No,Up to 120 h,CDMA2000 1x,2010. Released 2010,,Spice D-1111,,,Removable Li-Ion 1350 mAh battery,GSM 850 / 900 / 1800 / 1900,Mini-SIM,"TFT resistive touchscreen, 256K colors",,"1.2, A2DP",Microsoft Windows Mobile 6.0,Proprietary,,,,,,,Yes,110.8 x 58.3 x 16.8 mm (4.36 x 2.30 x 0.66 in),,2 MP,"WAP 2.0/xHTML, HTML",,60MB,,,,Yes,microSDHC (dedicated slot),https://fdn2.gsmarena.com/vv/bigpic/spice-d-1111.jpg,No
GSM 900 / 1800 - SIM 2,Spice,,No,No,,92.6 g (3.25 oz),"500 entries, Photocall",About 60 EUR,,No,,176 x 220 pixels,Downloadable,Up to 8 h,,Discontinued,,GSM,Black,No,Up to 240 h,,2010. Released 2010,"SMS, MMS, Email",Spice M-5252,Class 12,,Removable Li-Ion 1300 mAh battery,GSM 900 / 1800 - SIM 1,Dual SIM (Mini-SIM),"TFT, 256K colors",,No,,No,,,,,No,,Yes,110.6 x 47 x 15.3 mm (4.35 x 1.85 x 0.60 in),,CIF,WAP 2.0/xHTML,MP3/WAV/AAC+ playerMP4/H.263 playerOrganizerCurrency/unit convertorAuto Power On/OffVoice memoPredictive text input,,,Yes,,Yes,microSDHC (dedicated slot),https://fdn2.gsmarena.com/vv/bigpic/spice-m-5252.jpg,"FM radio, scheduled recording"
Flashlight,Spice,,No,No,,95 g (3.35 oz),500 entries,About 50 EUR,,No,,"180 x 240 pixels, 4:3 ratio (~136 ppi density)",Yes,Up to 4 h,"2.2 inches, 15.0 cm2(~27.5% screen-to-body ratio)",Cancelled,,GSM,Dark grey,No,Up to 300 h,,"2010, September","SMS, MMS, IM",Spice KT-5353,Class 12,,Removable Li-Ion battery,GSM 900 / 1800,Mini-SIM,"TFT,  256K colors",,"2.0, A2DP",,microUSB,,,,No,No,,Yes,112.9 x 48.2 x 13.2 mm (4.44 x 1.90 x 0.52 in),LED flash,VGA,WAP 2.0/xHTML,"Facebook, Yahoo, NimbuzzModemWebcam",,,"20 dialed, 20 received, 20 missed calls",,Yes,microSDHC,https://fdn2.gsmarena.com/vv/bigpic/spice-kt-5353.jpg,"FM radio, recording"
