,Dimensions,Phonebook,Model Image,Type_1,_1,Alarm,Model Name,Messaging,Card slot,Brand,EDGE,Speed,Stand-by,Sensors,Video_1,_2,Announced,CPU,Positioning,Technology,Loudspeaker,SIM,_3,2G bands,3.5mm jack,Video,Features,Java,Clock,Single_1,Talk time_1,Type,Games,Talk time,Call records,WLAN,Size,Single,3G bands,Bluetooth,Radio,USB,Status,Internal,Stand-by_1,OS,Colors,Alert types,Browser,GPRS,Weight,Infrared port,Resolution
"Second CSTN display, 65K colors, 96 x 96 pixels",95 x 49 x 16.7 mm (3.74 x 1.93 x 0.66 in),"1000 entries, Photocall",https://fdn2.gsmarena.com/vv/bigpic/telit-t800.gif,Removable Li-Ion 860 mAh battery,No,,Telit t800,"SMS, EMS, MMS",microSD,Telit,No,,,,,MP3/AAC/3GP playereZi text inputOrganizer,"2006, Q1",,No,GSM,No,Mini-SIM,,GSM 900 / 1800 / 1900,No,Yes,LED flash,"Yes, MIDP 2.0",,,,"TFT, 256K colors",Yes,,"10 received, dialed and missed calls",No,,2 MP,,Yes,No,Proprietary,Cancelled,64MB,,,Red,"Vibration; Downloadable polyphonic, MP3, AAC ringtones",WAP 2.0,Class 10,91 g (3.21 oz),,176 x 220 pixels
"Second CSTN display, 65K colors, 96 x 96 pixels",96.5 x 49.5 x 15.4 mm (3.80 x 1.95 x 0.61 in),"1000 entries, Photocall",https://fdn2.gsmarena.com/vv/bigpic/telit-t250.gif,Removable Li-Ion 800 mAh battery,No,,Telit t250,"SMS, EMS, MMS",No,Telit,No,,,,,eZi text inputOrganizer,"2006, Q1",,No,GSM,No,Mini-SIM,,GSM 900 / 1800 / 1900,No,No,,"Yes, MIDP 2.0",,,,"TFT, 256K colors",Yes,,"10 received, dialed and missed calls",No,,VGA,,No,No,Proprietary,Cancelled,7MB,,,Black,"Vibration; Downloadable polyphonic, Midi, WAV, AMR ringtones",WAP 2.0,Class 10,76 g (2.68 oz),,128 x 160 pixels
"Second CSTN display, 65K colors, 96 x 96 pixels",90 x 44 x 17 mm (3.54 x 1.73 x 0.67 in),"500 entries, Photocall",https://fdn2.gsmarena.com/vv/bigpic/telit-t650.gif,Removable Li-Ion 800 mAh battery,No,,Telit t650,"SMS, EMS, MMS",microSD,Telit,No,,,,,MP3 playerPredictive text inputOrganizer,"2006, Q1",,No,GSM,No,Mini-SIM,,GSM 900 / 1800,No,No,LED flash,"Yes, MIDP 2.0",,,,"TFT, 256K colors",Yes,,"10 received, dialed and missed calls",No,,"VGA, rotating lens",,No,No,Proprietary,Cancelled,64MB,,,Black,Vibration; Downloadable polyphonic ringtones,WAP 2.0,Class 10,90 g (3.17 oz),Yes,128 x 160 pixels
No,96.5 x 49.5 x 15.4 mm (3.80 x 1.95 x 0.61 in),"1000 entries, Photocall",https://fdn2.gsmarena.com/vv/bigpic/telit-t200.gif,Removable Li-Ion 730 mAh battery,eZi text inputOrganizerVoice memo,,Telit t200,"SMS, EMS, MMS",No,Telit,No,,,,,,"2006, Q1",,No,GSM,No,Mini-SIM,,GSM 900 / 1800 / 1900,No,No,,"Yes, MIDP 2.0",,,,"TFT, 256K colors",Yes + downloadable,,"10 received, dialed and missed calls",No,,VGA,,No,No,Proprietary,Discontinued,7MB,,,Red,"Vibration; Downloadable polyphonic, Midi, WAV, AMR ringtones",WAP 2.0,Class 10,76 g (2.68 oz),,128 x 160 pixels
MP3 playerPredictive text inputVoice memoOrganizer,112 x 46.5 x 19.5 mm (4.41 x 1.83 x 0.77 in),"500 entries, Photocall",https://fdn2.gsmarena.com/vv/bigpic/telit-gu1100.gif,Removable Li-Ion battery,,,Telit GU1100,"SMS, EMS, MMS, Email",microSD (dedicated slot),Telit,,"Yes, 384 kbps",Up to 280 h,,,,"2005, Q3",,No,GSM / UMTS,Yes,Mini-SIM,,GSM 900 / 1800,No,Yes,,"Yes, MIDP 1.0",,Yes,,"TFT, 256K colors",Yes,Up to 4 h,Yes,No,,VGA,UMTS 2100,Yes,No,1.1,Discontinued,,,,Silver,"Vibration; Downloadable polyphonic ringtones, composer",WAP 2.0/xHTML,,103 g (3.63 oz),,176 x 220 pixels
No,109 x 47.7 x 17.7 mm (4.29 x 1.88 x 0.70 in),,https://fdn2.gsmarena.com/vv/bigpic/telit-sp600.gif,Removable Li-Ion 1000 mAh battery,MP3/AAC/AAC+/WMA/OGG/AMR playerWMV/MP4 playerPredictive text inputVoice memoOrganizer,,Telit SP600,,miniSD,Telit,No,,Up to 130 h,,,,"2005, Q2",,No,GSM,No,Mini-SIM,,GSM 900 / 1800 / 1900,No,Yes,,,,,,"TFT, 65K colors",,Up to 5 h,,No,,1.3 MP,,Yes,No,1.1,Discontinued,32MB,,Microsoft Windows Mobile 2003 SE Smartphone,Silver,Vibration; Downloadable polyphonic ringtones,WAP 2.0/xHTML,Class 8,99 g (3.49 oz),Yes,176 x 220 pixels
Downloadable animation,105 x 49.6 x 15.8 mm (4.13 x 1.95 x 0.62 in),"1000 entries, Photocall",https://fdn2.gsmarena.com/vv/bigpic/telit-t550.gif,Removable Li-Ion 860 mAh battery,No,,Telit t550,"SMS, EMS, MMS",No,Telit,No,,Up to 168 h,,,MP3 playerVideo playerPhoto editorPredictive text inputOrganizer,"2005, Q1",,No,GSM,"Yes, with stereo speakers",Mini-SIM,,GSM 900 / 1800 / 1900,No,Yes,LED flash,Yes,,,,"TFT, 256K colors",Yes,Up to 9 h,"10 received, dialed and missed calls",No,,1.3 MP,,Yes,No,Proprietary,Discontinued,,,,Black,"Vibration; Downloadable polyphonic, MP3 ringtones, composer",WAP 2.0/xHTML,Class 10,98 g (3.46 oz),,128 x 160 pixels
"Second OLED display, 256 colors, 96 x 64 pixelsDownloadable animation",62 x 64 x 23 mm (2.44 x 2.52 x 0.91 in),"300 entries, Photocall",https://fdn2.gsmarena.com/vv/bigpic/telit-t420.gif,Removable Li-Ion 650 mAh battery,No,,Telit t420,"SMS, EMS, MMS",No,Telit,No,,Up to 100 h,,,Video playerPhoto editorPredictive text inputOrganizer,"2005, Q1",,No,GSM,No,Mini-SIM,,GSM 900 / 1800,No,Yes,,No,,,,"TFT, 65K colors",Yes,Up to 2 h,"10 received, dialed and missed calls",No,,VGA,,No,No,No,Discontinued,,,,Black,"Vibration; Downloadable polyphonic ringtones, composer",WAP 1.2.1,Class 8,82 g (2.89 oz),,128 x 160 pixels
No,100 x 45 x 18 mm (3.94 x 1.77 x 0.71 in),300 entries,https://fdn2.gsmarena.com/vv/bigpic/telit-t180.gif,Removable Li-Ion 650 mAh battery,Voice memoeZi text inputUnit ConverterWorld Clock,,Telit t180,"SMS, EMS, MMS",No,Telit,No,,Up to 250 h,,,,"2006, Q2",,No,GSM,No,Mini-SIM,,GSM 900 / 1800,No,No,,"Yes, MIDP 1.0",,,,"CSTN, 65K colors",Yes,Up to 5 h,"10 received, dialed and missed calls",No,,VGA,,No,No,No,Discontinued,2MB,,,"Navy Blue, Lacquered White","Vibration; Downloadable polyphonic, MIDI ringtones",WAP 1.2.1,Class 10,76 g (2.68 oz),,"128 x 128 pixels, 1:1 ratio"
"Second OLED display, 256 colors, 96 x 64 pixelsDownloadable animation",52 x 57 x 23 mm (2.05 x 2.24 x 0.91 in),"300 entries, Photocall",https://fdn2.gsmarena.com/vv/bigpic/telit-t410.gif,Removable Li-Ion 650 mAh battery,No,,Telit t410,"SMS, EMS, MMS",No,Telit,No,,Up to 100 h,,,Video playerPhoto editorPredictive text inputOrganizer,"2005, Q1",,No,GSM,No,Mini-SIM,,GSM 900 / 1800,No,Yes,,No,,,,"TFT, 65K colors",Yes,Up to 2 h,"10 received, dialed and missed calls",No,,VGA,,No,No,No,Discontinued,,,,Black,"Vibration; Downloadable polyphonic ringtones, composer",WAP 1.2.1,Class 8,76 g (2.68 oz),,128 x 160 pixels
No,101 x 44 x 16.5 mm (3.98 x 1.73 x 0.65 in),SIM based only,https://fdn2.gsmarena.com/vv/bigpic/telit-t130.gif,Removable Li-Ion 800 mAh battery,eZi text inputCalculatorWatchSpeed dial,,Telit t130,SMS,No,Telit,No,,,,,,"2006, Q2",,No,GSM,Yes,Mini-SIM,,GSM 900 / 1800,No,,,No,,,,Monochrome graphics,No,,"10 received, dialed and missed calls",No,"1.37 inches, 5.6 cm2(~12.6% screen-to-body ratio)",,,No,No,miniUSB,Discontinued,4MB,,,Black,Vibration; Downloadable monophonic ringtones,No,No,75 g (2.65 oz),,"96 x 64 pixels, 3:2 ratio (~84 ppi density)"
"Second CSTN display, 4096 colors, 96 x 64 pixelsDownloadable animation",90 x 41 x 20 mm (3.54 x 1.61 x 0.79 in),"500 entries, Photocall",https://fdn2.gsmarena.com/vv/bigpic/telit-t110.gif,Removable Li-Ion battery,No,,Telit t110,"SMS, EMS, MMS",No,Telit,No,,Up to 110 h,,,Video playerPredictive text inputOrganizerVoice memo,"2005, Q1",,No,GSM,No,Mini-SIM,,GSM 900 / 1800,No,Yes,,"Yes, MIDP 1.0",,,,"CSTN, 65K colors",Yes + downloadable,Up to 5 h,"10 received, dialed and missed calls",No,"1.8 inches, 29 x 35 mm, 10.2 cm2(~27.6% screen-to-body ratio)",VGA,,No,No,No,Discontinued,2MB,,,Black,Vibration; Downloadable polyphonic ringtones,WAP 1.2,Class 10,75 g (2.65 oz),,128 x 160 pixels (~114 ppi density)
"Second CSTN display, 4096 colors, 96 x 64 pixelsDownloadable animation",93 x 45 x 24 mm (3.66 x 1.77 x 0.94 in),"500 entries, Photocall",https://fdn2.gsmarena.com/vv/bigpic/telit-t210.gif,Removable Li-Ion battery,No,,Telit t210,"SMS, EMS, MMS",No,Telit,No,,Up to 100 h,,,Predictive text inputOrganizerVoice memo,"2005, Q1",,No,GSM,No,Mini-SIM,,GSM 900 / 1800 / 1900,No,Yes,,"Yes, MIDP 1.0",,,,"TFT, 65K colors",Yes + downloadable,Up to 5 h,"10 received, dialed and missed calls",No,"1.8 inches, 29 x 35 mm, 10.2 cm2(~24.4% screen-to-body ratio)",1.3 MP,,No,No,Proprietary,Discontinued,4MB,,,Black,Vibration; Downloadable polyphonic ringtones,WAP 1.2,Class 10,85 g (3.00 oz),,128 x 160 pixels (~114 ppi density)
Downloadable animation,90 x 40 x 18 mm (3.54 x 1.57 x 0.71 in),250 entries,https://fdn2.gsmarena.com/vv/bigpic/telit-t510.gif,Removable Li-Ion 650 mAh battery,No,,Telit T510,"SMS, EMS, MMS",miniSD,Telit,No,,Up to 100 h,,,Dual speaker,"2005, Q1",,No,GSM,"Yes, with stereo speakers",Mini-SIM,Predictive text inputMP3 playerOrganizerVoice memo,GSM 900 / 1800,No,No,LED flash,Yes,,,,"TFT, 65K colors",Yes + downloadable,Up to 2 h,"10 received, dialed and missed calls",No,"1.8 inches, 29 x 35 mm, 10.2 cm2(~28.3% screen-to-body ratio)",VGA,,No,No,Proprietary,Discontinued,32MB,,,"Silver, Blue",Vibration; Downloadable polyphonic ringtones,WAP 2.0/xHTML,Class 8,87 g (3.07 oz),,128 x 160 pixels (~114 ppi density)
Handwriting recognitionDownloadable animation,86 x 48 x 15.6 mm (3.39 x 1.89 x 0.61 in),300 entries,https://fdn2.gsmarena.com/vv/bigpic/telit-c1000.gif,Removable Li-Ion battery,No,,Telit C1000,"SMS, EMS, MMS",No,Telit,No,,Up to 100 h,,,Predictive text inputPhoto editorOrganizer,"2005, Q1",,No,GSM,No,Mini-SIM,,GSM 900 / 1800,No,No,LED flash,No,,,,"TFT resistive touchscreen, 256K colors",Yes + downloadable,Up to 2 h,,No,,VGA,,No,No,Proprietary,Discontinued,5.5MB,,,,Vibration; Downloadable polyphonic ringtones,WAP 1.2.1,Class 8,74.5 g (2.61 oz),,128 x 160 pixels
Rotating screenDownloadable pictures,85 x 43.5 x 21.9 mm (3.35 x 1.71 x 0.86 in),500 entries,https://fdn2.gsmarena.com/vv/bigpic/tet91.gif,Removable Li-Ion 720 mAh battery,No,,Telit T91,"SMS, EMS, MMS",No,Telit,No,,Up to 120 h,,,Predictive text inputOrganizer,"2004, Q3",,No,GSM,No,Mini-SIM,,GSM 900 / 1800,No,No,,No,,,,"TFT, 65K colors",Yes,Up to 6 h,,No,,VGA,,No,No,,Discontinued,16MB,,,,Vibration; Downloadable polyphonic ringtones,WAP 2.0/xHTML,Class 8,85 g (3.00 oz),,128 x 160 pixels
Second OLED LCD (96 x 64 pixels) with 4 colorDownloadable pictures,85 x 43.5 x 21.9 mm (3.35 x 1.71 x 0.86 in),500,https://fdn2.gsmarena.com/vv/bigpic/tet90.gif,Removable Li-Ion 720 mAh battery,No,,Telit T90,"SMS, EMS, MMS",No,Telit,No,,Up to 120 h,,,Predictive text inputOrganizer,"2004, Q3",,No,GSM,No,Mini-SIM,,GSM 900 / 1800,No,No,,No,,,,"TFT, 65K colors",Yes,Up to 6 h,,No,,"VGA, 180 deg. rotating lens",,No,No,,Discontinued,16MB,,,,Vibration; Downloadable polyphonic ringtones,WAP 2.0/xHTML,Class 8,85 g (3.00 oz),,128 x 160 pixels
7-color flashing LED,99 x 44 x 18 mm (3.90 x 1.73 x 0.71 in),Yes,https://fdn2.gsmarena.com/vv/bigpic/teneo.gif,Removable Li-Ion battery,No,,Telit NEO,"SMS, MMS",No,Telit,No,,Up to 200 h,,,Predictive text input- Organizer- Stopwatch- Voice memo,"2004, Q2",,No,GSM,No,Mini-SIM,,GSM 900 / 1800 / 1900,No,,,No,,,,"TFT, 65K colors",Yes,Up to 3 h,,No,,,,Yes,No,,Discontinued,4MB,,,,"Vibration; Downloadable polyphonic ringtones, composer",WAP 2.0/xHTML,Class 10,65 g (2.29 oz),,"128 x 128 pixels, 1:1 ratio"
Second external mono display (80 x 48 pixels),72 x 41 x 22 mm (2.83 x 1.61 x 0.87 in),100 fields,https://fdn2.gsmarena.com/vv/bigpic/tex60i.gif,Removable Li-Ion 720 mAh battery,No,,Telit X60i,"SMS, MMS",No,Telit,No,,Up to 200 h,,,Predictive text inputOrganizerVoice memo,"2004, Q2",,No,GSM,No,Mini-SIM,,GSM 900 / 1800 / 1900,No,,,No,,,,"CSTN, 65K colors",Yes,Up to 3 h 30 min,,No,,,,No,No,,Discontinued,,,,"Silver, Blue","Vibration; Downloadable polyphonic ringtones, composer",WAP 1.2.1,Class 10,65 g (2.29 oz),,"128 x 128 pixels, 1:1 ratio"
Second external display (64 x 48 pixels),97 x 52 x 28 mm (3.82 x 2.05 x 1.10 in),,https://fdn2.gsmarena.com/vv/bigpic/teg90.gif,Removable Li-Po 1000 mAh battery,Intel Xscale 200 MHz,,Telit G90,,SD,Telit,No,,Up to 100 h,,,No,"2003, Q4",Intel XScale 200 MHz,No,GSM,No,Mini-SIM,MP3/AAC/AAC+/WMA/OGG/AMR playerWMV/MP4 playerPredictive text inputVoice memo (3 min.)Organizer,GSM 900 / 1800 / 1900,No,No,,,,,,"TFT, 65K colors",,Up to 2 h,,No,"2.2 inches, 35 x 44 mm, 15.2 cm2(~30.2% screen-to-body ratio)",CIF,,No,No,Proprietary,Discontinued,"16MB RAM, 32MB ROM",,Microsoft Smartphone 2002,Silver,Vibration; Polyphonic(40) ringtones,WAP 2.0/xHTML,Class 10,135 g (4.76 oz),Yes,176 x 220 pixels (~128 ppi density)
No,108 x 45 x 20 mm (4.25 x 1.77 x 0.79 in),Yes,https://fdn2.gsmarena.com/vv/bigpic/teg83.gif,Removable Li-Ion 780 mAh battery,Predictive text inputOrganizerVoice dial/memoPhoto editor,,Telit G83,"SMS, EMS, MMS, Email",No,Telit,No,,,,,,"2003, Q4",,No,GSM,No,Mini-SIM,,GSM 900 / 1800 / 1900,No,No,,Yes,,,,"TFT, 65K colors",4,,,No,,VGA,,No,No,,Discontinued,,,,,"Vibration; Polyphonic(16) ringtones, composer",WAP 2.0/xHTML,Class 10,90 g (3.17 oz),Yes,128 x 160 pixels
3 fonts,105 x 60 x 23 mm (4.13 x 2.36 x 0.91 in),Contact groups,https://fdn2.gsmarena.com/vv/bigpic/teg80.gif,Removable Li-Ion 600 mAh battery,No,Yes,Telit G80,"SMS, EMS, MMS, Email",No,Telit,No,,Up to 160 h,"Barometer, altimeter",,Predictive text inputOrganizer,"2002, Nov",,No,GSM,No,Mini-SIM,,GSM 900 / 1800 / 1900,No,No,,No,Yes,,,"CSTN, 65K colors",Yes,Up to 6 h 30 min,,No,,QVGA,,No,No,,Discontinued,,,,,"Vibration; Polyphonic ringtones, composer",WAP 2.0/xHTML,Class 8,96 g (3.39 oz),,"160 x 120 pixels, 4:3 ratio"
3 fonts,114 x 53 x 27 mm (4.49 x 2.09 x 1.06 in),Contact groups,https://fdn2.gsmarena.com/vv/bigpic/teg82.gif,Removable Li-Ion 550 mAh battery,No,Yes,Telit G82,"SMS, EMS, MMS, Email",No,Telit,No,,Up to 250 h,,,Predictive text inputOrganizer,2002,,No,GSM,No,Mini-SIM,,GSM 900 / 1800 / 1900,No,,,No,Yes,,,"CSTN, 4096 colors",Yes,Up to 6 h 30 min,,No,,,,No,No,,Discontinued,,,,,"Vibration; Monophonic ringtones, composer",WAP 2.0/xHTML,Class 8,90 g (3.17 oz),,"128 x 96 pixels, 4:3 ratio"
Downloadable logos and backgrounds,105 x 46 x 18.5 mm (4.13 x 1.81 x 0.73 in),Contact groups,https://fdn2.gsmarena.com/vv/bigpic/teg40.gif,Removable Li-Ion 610 mAh battery,No,Yes,Telit G40,"SMS, EMS",No,Telit,No,,Up to 240 h,,,Predictive text inputChronometerOrganizer,"2003, Q2",,No,GSM,No,Mini-SIM,,GSM 900 / 1800,No,,,No,Yes,,,Monochrome graphic,"4 - Maze box, Failing, GridGuest, Dengo",Up to 2 h 30 min,Advanced,No,,,,No,No,,Discontinued,,,,,Vibration; Polyphonic ringtones,WAP 1.2.1,Class 7,75 g (2.65 oz),,101 x 80 pixels
Blue backlight3 fontsFixed iconsSoftkeys,107 x 54 x 22 mm (4.21 x 2.13 x 0.87 in),"150 entries, contact groups",https://fdn2.gsmarena.com/vv/bigpic/tegm882.gif,Removable NiMH 550 mAh battery,11 predefined messages,Yes,Telit GM 882,"SMS, EMS, Email",No,Telit,No,,Up to 200 h,,,No,2002,,No,GSM,No,Mini-SIM,Predictive text inputOrganizer,GSM 900 / 1800,No,,,No,Yes,,,Monochrome graphic,3,Up to 6 h 30 min,,No,,,,No,No,,Discontinued,,,,,"Vibration; Monophonic ringtones, composer",WAP 1.2.1,Class 8,100 g (3.53 oz),,"132 x 65 pixels, 18.5:9 ratio"
Dynamic font sizeFixed iconsSoftkeys,117 x 51 x 20 mm (4.61 x 2.01 x 0.79 in),,https://fdn2.gsmarena.com/vv/bigpic/tegm830b.gif,Removable Li-Ion 650 mAh battery,No,Yes,Telit GM 830,SMS,No,Telit,No,,52 h,,,,1999,,No,GSM,No,Mini-SIM,,GSM 900 / 1800,No,,,No,Yes,,,Monochrome graphic,No,4 h,"10 dialed, 10 received, 10 missed calls",No,,,,No,No,,Discontinued,,,,4,"Vibration; Monophonic ringtones, composer",,No,105 g (3.70 oz),,4 lines
Dynamic font sizeFixed iconsSoftkeys,117 x 51 x 18 mm (4.61 x 2.01 x 0.71 in),,https://fdn2.gsmarena.com/vv/bigpic/tegm810b.gif,Removable Li-Ion 650 mAh battery,No,Yes,Telit GM 810,SMS,No,Telit,No,,52 h,,,,1999,,No,GSM,No,Mini-SIM,,GSM 900 / 1800,No,,,No,Yes,,,Monochrome graphic,No,4 h,,No,,,,No,No,,Discontinued,,,,4,"Vibration; Monophonic ringtones, composer",,No,105 g (3.70 oz),,4 lines
Water and shock resistant,134 x 53 x 24 mm (5.28 x 2.09 x 0.94 in),,https://fdn2.gsmarena.com/vv/bigpic/teestreb.gif,Removable Li-Ion 1000 mAh battery,Dynamic font sizeFixed iconsSoftkeys,Yes,Telit Estremo,SMS,No,Telit,No,,70 h,,,No,1999,,No,GSM,No,Mini-SIM,,GSM 900,No,,,No,Yes,,,Monochrome graphic,No,5 h,,No,,,,No,No,,Discontinued,,,,3,"Monophonic ringtones, composer",,No,176 g (6.21 oz),,4 lines
Dynamic font sizeFixed iconsSoftkeys,117 x 51 x 18 mm (4.61 x 2.01 x 0.71 in),,https://fdn2.gsmarena.com/vv/bigpic/tegm710b.gif,Removable Li-Ion 650 mAh battery,No,Yes,Telit GM 710,SMS,No,Telit,No,,48 h,,,,1999,,No,GSM,No,Mini-SIM,,GSM 900,No,,,No,Yes,,4 h,Monochrome graphic,No,4 h,,No,,,,No,No,,Discontinued,,48 h,,4,"Vibration; Monophonic ringtones, composer",,No,105 g (3.70 oz),,4 lines
Dynamic font sizeFixed iconsSoftkeys,130 x 48 x 15 mm (5.12 x 1.89 x 0.59 in),,https://fdn2.gsmarena.com/vv/bigpic/tegm410b.gif,Removable Li-Ion 600 mAh battery,5 phonebook groups,Yes,Telit GM 410,SMS,No,Telit,No,,96 h,,,No,1999,,No,GSM,No,Mini-SIM,,GSM 900,No,,,No,Yes,,,Monochrome graphic,No,4 h,,No,,,,No,No,,Discontinued,,,,3,Monophonic ringtones,,No,115 g (4.06 oz),,5 lines
