,Dimensions,Phonebook,Model Image,Type_1,_1,Model Name,Messaging,Card slot,Brand,EDGE,Speed,Stand-by,SAR,Sensors,Video_1,_2,GPU,Announced,CPU,Positioning,Technology,Loudspeaker,SIM,_3,2G bands,3.5mm jack,Video,NFC,Keyboard,Features,Java,Price,Single_1,Type,Games,Chipset,Talk time,WLAN,Call records,Size,Single,3G bands,Bluetooth,Radio,USB,Protection,Status,Internal,OS,Colors,Alert types,Browser,GPRS,Weight,Infrared port,Resolution
No,199 x 119.8 x 10.9 mm (7.83 x 4.72 x 0.43 in),,https://fdn2.gsmarena.com/vv/bigpic/toshiba-excite-go.jpg,"Li-Po 3500 mAh, non-removable (13 Wh)",,Toshiba Excite Go,,microSDXC (dedicated slot),Toshiba,No,,,,Accelerometer,,,,"2014, May. Released 2014, July",Quad-core 1.33 GHz,,No cellular connectivity,Yes,No,,N/A,Yes,Yes,No,,,,About 80 EUR,,IPS LCD,,Intel Atom Z3735G,Up to 7 h (multimedia),Wi-Fi 802.11 b/g/n,,"7.0 inches, 137.9 cm2(~57.8% screen-to-body ratio)",VGA,,"4.0, A2DP",No,microUSB 2.0,,Discontinued,8GB 1GB RAM,Android 4.4.2 (KitKat),"Black/Silver, Black/White",,,No,354.4 g (12.49 oz),,"600 x 1024 pixels, 16:9 ratio (~170 ppi density)"
No,199 x 119.8 x 10.9 mm (7.83 x 4.72 x 0.43 in),,https://fdn2.gsmarena.com/vv/bigpic/toshiba-excite-7c-at7-b8.jpg,"Li-Po 3500 mAh, non-removable (13 Wh)",,Toshiba Excite 7c AT7-B8,,microSD (dedicated slot),Toshiba,No,,,,Accelerometer,,,,"2014, February. Released 2014, February",Dual-core 1.5 GHz Cortex-A9,No,No cellular connectivity,Yes,No,,N/A,Yes,Yes,No,,,,About 70 EUR,,IPS LCD,,Rockchip RK3168,Up to 11 h (multimedia),Wi-Fi 802.11 b/g/n,,"7.0 inches, 137.9 cm2(~57.8% screen-to-body ratio)",VGA,,"4.0, A2DP",No,microUSB 2.0,,Discontinued,8GB 1GB RAM,Android 4.2.2 (Jelly Bean),Black/Silver,,,No,354.4 g (12.49 oz),,"600 x 1024 pixels, 16:9 ratio (~170 ppi density)"
HDMI port,261.6 x 177.8 x 10.2 mm (10.30 x 7.00 x 0.40 in),,https://fdn2.gsmarena.com/vv/bigpic/toshiba-excite-pro-new.jpg,Li-Po (33 Wh),,Toshiba Excite Pro,,microSDHC (dedicated slot),Toshiba,No,,,,"Accelerometer, gyro, compass",,,ULP GeForce,"2013, June. Released 2013, July",Quad-core Cortex-A15,GPS,No cellular connectivity,"Yes, with stereo speakers",No,,N/A,Yes,Yes,No,,LED flash,,About 210 EUR,1.2 MP,LED-backlit IPS LCD,,Nvidia Tegra 4,Up to 11 h (multimedia),"Wi-Fi 802.11 a/b/g/n/ac, dual-band",,"10.1 inches, 295.8 cm2(~63.6% screen-to-body ratio)","8 MP, AF",,"4.0, A2DP",No,microUSB 2.0,,Discontinued,32GB 2GB RAM,"Android 4.2.1 (Jelly Bean), upgradаble to 4.3 (Jelly Bean)",Silver,,,No,630.5 g (1.39 lb),,"2560 x 1600 pixels, 16:10 ratio (~299 ppi density)"
Stylus,261.6 x 177.8 x 10.2 mm (10.30 x 7.00 x 0.40 in),,https://fdn2.gsmarena.com/vv/bigpic/toshiba-excite-write-new.jpg,Li-Po (33 Wh),HDMI port,Toshiba Excite Write,,microSDHC (dedicated slot),Toshiba,No,,,,"Accelerometer, gyro, compass",,,ULP GeForce,"2013, June. Released 2013, July",Quad-core Cortex-A15,GPS,No cellular connectivity,"Yes, with stereo speakers",No,,N/A,Yes,Yes,No,,LED flash,,About 440 EUR,1.2 MP,LED-backlit IPS LCD,,Nvidia Tegra 4,Up to 11 h (multimedia),"Wi-Fi 802.11 a/b/g/n/ac, dual-band",,"10.1 inches, 295.8 cm2(~63.6% screen-to-body ratio)","8 MP, AF",,"4.0, A2DP",No,microUSB 2.0,,Discontinued,32GB 2GB RAM,Android 4.2.1 (Jelly Bean),Silver,,,No,671.3 g (1.48 lb),,"2560 x 1600 pixels, 16:10 ratio (~299 ppi density)"
No,261.6 x 177.8 x 10.2 mm (10.30 x 7.00 x 0.40 in),,https://fdn2.gsmarena.com/vv/bigpic/toshiba-excite-pure-new.jpg,Li-Po (25 Wh),HDMI port,Toshiba Excite Pure,,microSDHC (dedicated slot),Toshiba,No,,,,"Accelerometer, gyro, compass",,,,"2013, June. Released 2013, July",Quad-core,GPS,No cellular connectivity,"Yes, with stereo speakers",No,,N/A,Yes,Yes,No,,,,About 230 EUR,,LED-backlit IPS LCD,,Nvidia Tegra 3,Up to 13 h 30 min (multimedia),Wi-Fi 802.11 b/g/n,,"10.1 inches, 295.8 cm2(~63.6% screen-to-body ratio)",1.2 MP,,"4.0, A2DP",No,microUSB 2.0,,Discontinued,16GB 1GB RAM,"Android 4.2.1 (Jelly Bean), upgradаble to 4.3 (Jelly Bean)",Silver,,,No,598.7 g (1.32 lb),,"1280 x 800 pixels, 16:10 ratio (~149 ppi density)"
SRS audio,261.6 x 180.3 x 10.2 mm (10.30 x 7.10 x 0.40 in),,https://fdn2.gsmarena.com/vv/bigpic/toshiba-excite-10-se.jpg,Li-Po (25 Wh),,Toshiba Excite 10 SE,,microSDHC (dedicated slot),Toshiba,No,,,,"Accelerometer, gyro, compass",,,ULP GeForce 2,"2012, December. Released 2012, December",Quad-core 1.5 GHz,GPS,No cellular connectivity,"Yes, with stereo speakers",No,,N/A,Yes,Yes,No,,,,About 250 EUR,1.2 MP,LED-backlit IPS LCD,,Nvidia Tegra 3,Up to 12 h (multimedia),Wi-Fi 802.11 b/g/n,,"10.1 inches, 295.8 cm2(~62.7% screen-to-body ratio)","3.15 MP, AF",,"3.0, A2DP",No,microUSB 2.0,,Discontinued,16GB 1GB RAM,Android 4.1 (Jelly Bean),Black/Silver,,,No,639.6 g (1.41 lb),,"1280 x 800 pixels, 16:10 ratio (~149 ppi density)"
SRS audio,343.8 x 211.2 x 9.8 mm (13.54 x 8.31 x 0.39 in),,https://fdn2.gsmarena.com/vv/bigpic/toshiba-excite-13-AT335.jpg,Non-removable Li-Po battery (38 Wh),HDMI portMP3/WAV/WMA/eAAC+ playerMP4/H.264/WMV playerOrganizerDocument viewerPhoto editorVoice memoPredictive text input,Toshiba Excite 13 AT335,,SD/microSDHC (dedicated slot),Toshiba,Yes,HSPA,Up to 168 h,,"Accelerometer, gyro, compass",,,ULP GeForce 2,"2012, April. Released 2012, July",Quad-core 1.5 GHz,"GPS, A-GPS",GSM / HSPA,"Yes, with four speakers",Mini-SIM,,GSM 850 / 900 / 1800 / 1900,Yes,1080p@30fps,,,LED flash,,About 540 EUR,2 MP,LED-backlit IPS LCD,,Nvidia Tegra 3,Up to 13 h,"Wi-Fi 802.11 b/g/n, hotspot",,"13.3 inches, 644.9 cm2(~88.8% screen-to-body ratio)","5 MP, AF",HSDPA,3.0,No,miniUSB 2.0,Corning Gorilla Glass,Discontinued,"32GB 1GB RAM, 64GB 1GB RAM",Android 4.0 (Ice Cream Sandwich),Dark gray metallic,,,Yes,998 g (2.20 lb),,"1600 x 900 pixels, 16:9 ratio (~120 ppi density)"
SRS audio,262 x 178 x 9 mm (10.31 x 7.01 x 0.35 in),,https://fdn2.gsmarena.com/vv/bigpic/toshiba-excite-10-AT305.jpg,Non-removable Li-Po battery (25 Wh),HDMI portMP3/WAV/WMA/eAAC+ playerMP4/H.264/WMV playerOrganizerDocument viewerPhoto editorVoice memoPredictive text input,Toshiba Excite 10 AT305,,SD/microSDHC (dedicated slot),Toshiba,No,,Up to 168 h,,"Accelerometer, gyro, compass",,,ULP GeForce 2,"2012, April. Released 2012, May",Quad-core 1.5 GHz,GPS,No cellular connectivity,"Yes, with stereo speakers",No,,N/A,Yes,720p,,,LED flash,,About 290 EUR,2 MP,"LED-backlit LCD,",,Nvidia Tegra 3,Up to 10 h,Wi-Fi 802.11 b/g/n,,"10.1 inches, 295.8 cm2(~63.4% screen-to-body ratio)","5 MP, AF",,"3.0, A2DP",No,"microUSB 2.0, OTG",Corning Gorilla Glass,Discontinued,"16GB 1GB RAM, 32GB 1GB RAM, 64GB 1GB RAM",Android 4.0 (Ice Cream Sandwich),Black/Silver,,,No,599 g (1.32 lb),,"1280 x 800 pixels, 16:10 ratio (~149 ppi density)"
SRS audio,204.5 x 135.2 x 7.8 mm (8.05 x 5.32 x 0.31 in),,https://fdn2.gsmarena.com/vv/bigpic/toshiba-excite-77-AT275.jpg,Non-removable Li-Po battery (15 Wh),MP3/WAV/WMA/eAAC+ playerMP4/H.264/WMV playerOrganizerDocument viewerPhoto editorVoice memoPredictive text input,Toshiba Excite 7.7 AT275,,microSDHC (dedicated slot),Toshiba,Yes,HSPA,,,"Accelerometer, gyro, compass",,,ULP GeForce 2,"2012, April. Released 2012, July",Quad-core 1.5 GHz,"GPS, A-GPS",GSM / HSPA,"Yes, with stereo speakers",Mini-SIM,,GSM 850 / 900 / 1800 / 1900,Yes,720p,,,LED flash,,About 410 EUR,2 MP,AMOLED,,Nvidia Tegra 3,,"Wi-Fi 802.11 b/g/n, hotspot",,"7.7 inches, 171.9 cm2(~62.2% screen-to-body ratio)","5 MP, AF",HSDPA,3.0,No,miniUSB 2.0,Corning Gorilla Glass,Discontinued,"16GB 1GB RAM, 32GB 1GB RAM, 64GB 1GB RAM",Android 4.0 (Ice Cream Sandwich),Dark gray metallic,,,Yes,332 g (11.71 oz),,"1280 x 800 pixels, 16:10 ratio (~196 ppi density)"
HDMI portMP3/WAV/WMA/eAAC+ playerMP4/H.264/WMV playerOrganizerDocument viewerPhoto editorVoice memoPredictive text input,256 x 176 x 7.7 mm (10.08 x 6.93 x 0.30 in),,https://fdn2.gsmarena.com/vv/bigpic/toshiba-excite-at200.jpg,Non-removable Li-Ion battery,,Toshiba Excite AT200,,microSDHC (dedicated slot),Toshiba,No,,,,"Accelerometer, gyro, compass",,,PowerVR SGX540,"2011, September. Released 2012, January",1.2 GHz,"GPS, A-GPS",No cellular connectivity,"Yes, with stereo speakers",No,,N/A,Yes,720p,,,LED flash,,About 530 EUR,2 MP,"LED-backlit LCD,",,TI OMAP 4430,Up to 8 h (multimedia),Wi-Fi 802.11 b/g/n,,"10.1 inches, 295.8 cm2(~65.6% screen-to-body ratio)","5 MP, AF",,"2.1, A2DP, EDR",No,miniUSB 2.0,,Discontinued,"16GB 1GB RAM, 32GB 1GB RAM",Android 3.2 (Honeycomb),Black,,,No,558 g (1.23 lb),,"1280 x 800 pixels, 16:10 ratio (~149 ppi density)"
HDMI portMP3/WAV/WMA/eAAC+ playerMP4/H.264/WMV playerOrganizerDocument viewerPhoto editorVoice memoPredictive text input (Swype),189 x 128.1 x 11.9 mm (7.44 x 5.04 x 0.47 in),,https://fdn2.gsmarena.com/vv/bigpic/toshiba-thrive-7.jpg,Non-removable Li-Ion battery (15 Wh),,Toshiba Thrive 7,,microSDHC (dedicated slot),Toshiba,No,,,,"Accelerometer, gyro, compass",,,ULP GeForce,"2011, September. Released 2011, December",Dual-core 1.0 GHz Cortex-A9,"GPS, A-GPS",No cellular connectivity,"Yes, with stereo speakers",No,,N/A,Yes,720p,,,LED flash,,About 250 EUR,2 MP,"LED-backlit LCD,",,Nvidia Tegra 2 T20,Up to 6 h,Wi-Fi 802.11 b/g/n,,"7.0 inches, 142.1 cm2(~58.7% screen-to-body ratio)","5 MP, AF",,"2.1, A2DP",No,miniUSB 2.0,,Discontinued,"16GB 1GB RAM, 32GB 1GB RAM",Android 3.2 (Honeycomb),Black,,,No,400 g (14.11 oz),,"1280 x 800 pixels, 16:10 ratio (~216 ppi density)"
GSM 850 / 900 / 1800 / 1900,118 x 59 x 10.6 mm (4.65 x 2.32 x 0.42 in),,https://fdn2.gsmarena.com/vv/bigpic/toshiba-windows-phone-is12t.jpg,Removable Li-Ion 1460 mAh battery,IPX8 water resistant,Toshiba Windows Phone IS12T,,No,Toshiba,,EV-DO Rev.A 3.1 Mbps,Up to 280 h,,"Accelerometer, proximity",,No,Adreno 205,"2011, July. Released 2011, Q3",1.0 GHz Scorpion,"GPS, A-GPS",GSM / CDMA / EVDO,Yes,Mini-SIM,MP3/AAC+/WAV/WMA9 playerMP4/WMV9 playerDocument viewer/editorFacebook integration,CDMA 800 / 1900,Yes,Yes,,,LED flash,,About 590 EUR,,TFT,,Qualcomm MSM8655 Snapdragon S2,Up to 6 h 40 min,Wi-Fi 802.11b/g/n,,"3.7 inches, 39.0 cm2(~56.0% screen-to-body ratio)","13.2 MP, AF",CDMA2000 1xEV-DO,"2.1, A2DP, EDR","Stereo FM radio, RDS",microUSB 2.0,,Discontinued,32GB (28GB user available),Microsoft Windows Phone 7.5 Mango,"Citrus, Magenta, Black",,,,113 g (3.99 oz),,"480 x 800 pixels, 5:3 ratio (~252 ppi density)"
HDMI portMP3/WAV/WMA/eAAC+ playerMP4/H.264/WMV playerOrganizerDocument viewerPhoto editorVoice memoPredictive text input,273 x 177 x 16 mm (10.75 x 6.97 x 0.63 in),,https://fdn2.gsmarena.com/vv/bigpic/toshiba-thrive.jpg,Non-removable Li-Ion battery,,Toshiba Thrive,,"SD, up to 32 GB",Toshiba,,HSPA 7.2/2 Mbps,,,"Accelerometer, gyro, compass",,,ULP GeForce,"2010, June. Released 2011, July",Dual-core 1.0 GHz Cortex-A9,"GPS, A-GPS",GSM / HSPA,"Yes, with stereo speakers",Mini-SIM,,GSM 850 / 900 / 1800 / 1900,Yes,Yes,,,,,About 300 EUR,2 MP,IPS LCD,,Nvidia Tegra 2 T20,Up to 7 h,"Wi-Fi 802.11 b/g/n, hotspot",,"10.1 inches, 295.8 cm2(~61.2% screen-to-body ratio)","5 MP, AF",HSDPA 850 / 1900 / 2100,Yes,No,"miniUSB 2.0, USB 2.0",,Discontinued,"8GB 1GB RAM, 16GB 1GB RAM, 32GB 1GB RAM","Android 3.0 (Honeycomb), upgradable to 3.2 (Honeycomb)",Black,,"HTML5, Adobe Flash",,725 g (1.60 lb),,"1280 x 800 pixels, 16:10 ratio (~149 ppi density)"
3D UIShake control,122 x 65 x 12.9 mm (4.80 x 2.56 x 0.51 in),,https://fdn2.gsmarena.com/vv/bigpic/toshiba-k01.jpg,Removable Li-Ion 1000 mAh battery,Pocket OfficeMP3/WAV/WMA/eAAC+ playerMP4/H.264/WMV playerOrganizerFacebook and YouTube appsPhoto editorVoice memo/dial/commandsPredictive text input,Toshiba K01,,microSDHC (dedicated slot),Toshiba,,HSPA 7.2/2 Mbps,,0.37 W/kg (head)     0.36 W/kg (body),Accelerometer,,,Adreno 200,"2010, February. Released 2010, April",1.0 GHz Scorpion,"GPS, A-GPS",GSM / HSPA,Yes,Mini-SIM,,GSM 850 / 900 / 1800 / 1900,No,480p@30fps,,QWERTY,,,,Yes,"AMOLED, 65K colors",,Qualcomm QSD8250 Snapdragon S1,,Wi-Fi 802.11b/g,,"4.1 inches, 47.8 cm2(~60.3% screen-to-body ratio)","3.15 MP, AF",HSDPA 2100,"2.0, A2DP, EDR",No,microUSB 2.0,,Discontinued,"256MB RAM, 512MB ROM","Microsoft Windows Mobile 6.5 Professional, upgradable to Windows Mobile 6.5.3","Black, White",,"WAP 2.0/xHTML, HTML (IE)",,158 g (5.57 oz),,"480 x 800 pixels, 5:3 ratio (~228 ppi density)"
3D UIShake control,126 x 66 x 9.9 mm (4.96 x 2.60 x 0.39 in),,https://fdn2.gsmarena.com/vv/bigpic/toshiba-tg02.jpg,Removable Li-Ion 1000 mAh battery,Pocket OfficeOrganizerMP3/eAAC+/WMA playerMP4/H.264/WMV playerFacebook and YouTube appsPhoto editorVoice memo/dial/commandsPredictive text input,Toshiba TG02,,microSDHC (dedicated slot),Toshiba,,HSPA 7.2/2 Mbps,Up to 275 h (2G) / Up to 220 h (3G),0.20 W/kg (head)     0.30 W/kg (body),Accelerometer,,,Adreno 200,"2010, February",1.0 GHz Scorpion,"GPS, A-GPS",GSM / HSPA,Yes,Mini-SIM,,GSM 850 / 900 / 1800 / 1900,No,480p@30fps,,,,,,Yes,"TFT, 65K colors",,Qualcomm QSD8250 Snapdragon S1,Up to 5 h (2G) / Up to 4 h (3G),Wi-Fi 802.11b/g,,"4.1 inches, 47.8 cm2(~57.5% screen-to-body ratio)","3.15 MP, AF",HSDPA 900 / 2100,"2.0, A2DP, EDR",No,microUSB 2.0,,Discontinued,"256MB RAM, 512MB ROM",Microsoft Windows Mobile 6.5 Professional,"Black, White",,"WAP 2.0/xHTML, HTML (IE)",,119 g (4.20 oz),,"480 x 800 pixels, 5:3 ratio (~228 ppi density)"
3D UIShake control,130 x 70 x 9.9 mm (5.12 x 2.76 x 0.39 in),,https://fdn2.gsmarena.com/vv/bigpic/toshiba-tg01.jpg,Removable Li-Ion 1000 mAh battery,No,Toshiba TG01,,microSDHC (dedicated slot),Toshiba,,HSPA 7.2/2 Mbps,Up to 276 h (2G) / Up to 220 h (3G),0.37 W/kg (head)     0.44 W/kg (body),Accelerometer,,Pocket OfficeMP3/eAAC+/WMA playerMP4/H.264/WMV playerFacebook and YouTube appsPhoto editorVoice memo/dialOrganizerPredictive text input,Adreno 200,"2009, January. Released 2009, June",1.0 GHz Scorpion,"GPS, A-GPS",GSM / HSPA,Yes,Mini-SIM,,GSM 850 / 900 / 1800 / 1900,No,480p@30fps,,,,,About 500 EUR,,"TFT resistive touchscreen, 256K colors (65K effective)",,Qualcomm QSD8250 Snapdragon S1,Up to 5 h (2G) / Up to 4 h (3G),Wi-Fi 802.11b/g,,"4.1 inches, 47.8 cm2(~52.6% screen-to-body ratio)","3.15 MP, AF",HSDPA 2100,"2.0, A2DP",No,microUSB,,Discontinued,"256MB RAM, 512MB ROM","Microsoft Windows Mobile 6.1 Professional, upgradable to Windows Mobile 6.5","Black, White",,"WAP 2.0/xHTML, HTML (IE)",,129 g (4.55 oz),,"480 x 800 pixels, 5:3 ratio (~228 ppi density)"
Pocket OfficeMP3/ACC+ playerPhoto editorVoice memoOrganizer,110 x 58 x 14 mm (4.33 x 2.28 x 0.55 in),,https://fdn2.gsmarena.com/vv/bigpic/toshiba-g810.jpg,Removable Li-Ion 1530 mAh battery,,Toshiba G810,,microSDHC (dedicated slot),Toshiba,,HSPA 3.6/2 Mbps,Up to 200 h,,,,,,"2008, February. Released 2008, September",400 MHz ARM 11,"GPS, A-GPS",GSM / HSPA,Yes,Mini-SIM,,GSM 850 / 900 / 1800 / 1900,No,Yes,,,,,About 220 EUR,Yes,"TFT resistive touchscreen, 65K colors",,Qualcomm MSM7200,Up to 4 h,Wi-Fi 802.11b/g,,"2.83 inches, 24.8 cm2(~38.9% screen-to-body ratio)","3.15 MP, AF",HSDPA 850 / 1900 / 2100,2.0,"Stereo FM radio, RDS",Proprietary,,Discontinued,"128MB RAM, 256MB ROM",Microsoft Windows Mobile 6.0 Professional,Black,"Vibration; Downloadable polyphonic, MP3 ringtones","WAP 2.0/xHTML, HTML (IE)",,120 g (4.23 oz),,"320 x 240 pixels, 4:3 ratio (~141 ppi density)"
Pocket OfficeMP3/ACC+ playerPhoto editorVoice memoOrganizer,"117 x 64 x 19.8 mm, 145 cc (4.61 x 2.52 x 0.78 in)",,https://fdn2.gsmarena.com/vv/bigpic/toshiba-g910.jpg,Removable Li-Ion 1320 mAh battery,,Toshiba G910 / G920,,microSD (dedicated slot),Toshiba,,HSPA 3.6/0.384 Mbps,Up to 330 h,0.33 W/kg (head)     0.66 W/kg (body),,,,Adreno 130,"2008, January. Released 2008, June",400 MHz ARM 11,"GPS, A-GPS",GSM / HSPA,No,Mini-SIM,,GSM 900 / 1800 / 1900,No,Yes,,QWERTY,,,About 190 EUR,VGA videocall camera,"TFT resistive touchscreen, 65K colors",,Qualcomm MSM7200,Up to 4 h 25 min,"Wi-Fi 802.11b/g, VoIP over WLAN",,"3.0 inches, 25.6 cm2(~34.2% screen-to-body ratio)","2 MP, AF",HSDPA 2100,"2.0, A2DP",No,Proprietary,,Discontinued,"128MB RAM, 256MB ROM",Microsoft Windows Mobile 6 Professional,Silver,"Vibration; Downloadable polyphonic, MP3 ringtones","WAP 2.0/xHTML, HTML (Opera 8.6)",,183 g (6.46 oz),,"800 x 480 pixels (Wide-VGA), 5:3 ratio (~311 ppi density)"
No,98 x 36 x 16 mm (3.86 x 1.42 x 0.63 in),,https://fdn2.gsmarena.com/vv/bigpic/toshiba-g450.jpg,Removable Li-Ion 600 mAh battery,"MP3, AAC, AAC+, eAAC+ playerPredictive text input",Toshiba G450,SMS,No,Toshiba,,HSPA 3.6/0.384 Mbps,Up to 200 h,,,,,,"2008, January",ARM 9,No,GSM / HSPA,No,Mini-SIM,,GSM 900 / 1800 / 1900,No,,,,,No,About 130 EUR,,Monochrome graphics,Yes,Qualcomm MSM6280,Up to 2 h 20 min,No,,,,HSDPA 2100,No,No,miniUSB,,Discontinued,160MB,,"Black, Red, White","polyphonic, MP3 ringtones",No,,57 g (2.01 oz),,96 x 39 pixels
,115 x 62 x 13 mm (4.53 x 2.44 x 0.51 in),,https://fdn2.gsmarena.com/vv/bigpic/toshiba-g710.jpg,Removable Li-Ion 1050 mAh battery,No,Toshiba G710,,microSD (dedicated slot),Toshiba,Class 10,,Up to 200 h,,,,Pocket OfficeMP3/ACC+ playerPhoto editorVoice memoOrganizer,,"2008, January. Released 2008, September",260 MHz,GPS,GSM,No,Mini-SIM,,GSM 850 / 900 / 1800 / 1900,No,Yes,,QWERTY,,,About 220 EUR,,"TFT, 65K colors",,TI OMAP V1030,Up to 3 h,No,,"2.46 inches, 18.7 cm2(~26.3% screen-to-body ratio)",2 MP,,"1.2, A2DP",No,Proprietary,,Discontinued,"64MB RAM, 128MB ROM",Microsoft Windows Mobile 6 Standard,Black,"Vibration; Downloadable polyphonic, MP3 ringtones","WAP 2.0/xHTML, HTML (IE)",Class 10,130 g (4.59 oz),,"320 x 240 pixels, 4:3 ratio (~163 ppi density)"
2.5 mm audio jack,119 x 61 x 21.5 mm (4.69 x 2.40 x 0.85 in),,https://fdn2.gsmarena.com/vv/bigpic/toshiba-g900.gif,Removable Li-Ion 1320 mAh battery,Pocket OfficeMP3/ACC+ playerPhoto editorVoice memoOrganizer,Toshiba G900,,miniSD,Toshiba,,HSPA 3.6/0.384 Mbps,Up to 320 h,0.50 W/kg (head)     1.13 W/kg (body),Fingerprint (front-mounted),,,,"2007, February",Marvell PXA270 520 MHz,No,GSM / HSPA,No,Mini-SIM,,GSM 900 / 1800 / 1900,No,320p,,QWERTY,LED flash,,About 410 EUR,VGA videocall camera,"TFT resistive touchscreen, 65K colors",,,Up to 4 h 20 min,"Wi-Fi 802.11b/g, VoIP over WLAN",,"3.0 inches, 25.6 cm2(~35.3% screen-to-body ratio)",2 MP,HSDPA 850 / 1900 / 2100,"2.0, A2DP",No,"miniUSB 1.1, OTG",,Discontinued,40MB 128MB RAM,Microsoft Windows Mobile 6 Professional,Silver,"Vibration; Downloadable polyphonic, MP3 ringtones","WAP 2.0/xHTML, HTML (Opera 8.6)",,198 g (6.98 oz),,"480 x 800 pixels, 5:3 ratio (~311 ppi density)"
2.5 mm audio jack,96 x 49 x 22.9 mm (3.78 x 1.93 x 0.90 in),,https://fdn2.gsmarena.com/vv/bigpic/toshiba-g500.gif,Removable Li-Ion 1200 mAh battery,Pocket OfficeMP3/WMA/ACC+ playerMP4/WMV/H.264/H.263 playerPhoto editorVoice memoOrganizer,Toshiba G500,,miniSD,Toshiba,,HSPA 3.6/0.384 Mbps,Up to 240 h (2G) / Up to 240 h (3G),0.22 W/kg (head)     1.44 W/kg (body),Fingerprint (rear-mounted),,,,"2007, February",32-bit Intel XScale PXA270 312 MHz,No,GSM / HSPA,Yes,Mini-SIM,,GSM 900 / 1800 / 1900,No,Yes,,,,,About 260 EUR,VGA videocall camera,"TFT, 65K colors",,,Up to 4 h (2G) / Up to 3 h (3G),"Wi-Fi 802.11b/g, VoIP over WLAN",,"2.3 inches, 16.4 cm2(~34.8% screen-to-body ratio)",2 MP,HSDPA 2100,"2.0, A2DP",No,miniUSB 1.1,,Discontinued,64MB,Microsoft Windows Mobile 5.0,Silver,"Vibration, MP3 ringtones","WAP 2.0/xHTML, HTML (Opera 8.6)",,135 g (4.76 oz),,"240 x 320 pixels, 4:3 ratio (~174 ppi density)"
No,113 x 47 x 10.3 mm (4.45 x 1.85 x 0.41 in),Yes,https://fdn2.gsmarena.com/vv/bigpic/toshiba-ts605.gif,Removable Li-Ion battery,MP3/ACC+ playerPredictive text inputPhoto editorVoice memoOrganizer,Toshiba TS605,"SMS, EMS, MMS, Email",microSD (dedicated slot),Toshiba,No,,Up to 150 h,,,,,,"2006, December",,No,GSM,No,Mini-SIM,,GSM 900 / 1800 / 1900,No,CIF,,,,"Yes, MIDP 2.0",,,"TFT, 256K colors",3 embedded,,Up to 2 h 30 min,No,"20 dialed, 20 received, 20 missed calls","1.93 inches, 11.7 cm2(~22.1% screen-to-body ratio)",1.3 MP,,1.2,FM radio,1.1,,Discontinued,5.5MB,,"Pink, Green, Champagne, Copper, Silver, Aubergine","Vibration; Downloadable polyphonic, MP3 ringtones, composer","WAP 2.0/xHTML, WSP",Class 10,79 g (2.79 oz),,176 x 220 pixels (~146 ppi density)
"Second external mono OLED display, 96 x 39 pixels",97 x 49 x 20 mm (3.82 x 1.93 x 0.79 in),Yes,https://fdn2.gsmarena.com/vv/bigpic/toshiba-tx80.gif,Removable Li-Ion battery,MP3/AAC/AAC+ playerPredictive text inputPhoto editorOrganizerVoice memo,Toshiba TX80,"SMS, MMS",microSD (dedicated slot),Toshiba,,"Yes, 384 kbps",Up to 330 h,,,,,,"2006, December",,No,GSM / UMTS,Yes,Mini-SIM,,GSM 900 / 1800 / 1900,No,Yes,,,LED flash,"Yes, MIDP 2.0",,VGA videocall camera,"TFT, 256K colors",Yes+ downloadable,,Up to 5 h 20 min,No,"20 dialed, 20 received, 20 missed calls","2.4 inches, 17.8 cm2(~37.5% screen-to-body ratio)",3.15 MP,UMTS 2100,No,No,1.1,,Discontinued,40MB,,"Cosmo Pink, Sugar White, Honeycomb Black","Vibration; Downloadable polyphonic, MP3 ringtones",WAP 2.0/xHTML,,111 g (3.92 oz),Yes,"240 x 320 pixels, 4:3 ratio (~167 ppi density)"
No,113 x 47 x 10.3 mm (4.45 x 1.85 x 0.41 in),Yes,https://fdn2.gsmarena.com/vv/bigpic/toshiba-ts32.gif,Removable Li-Ion battery,MP3/ACC/ACC+ playerPredictive text inputPhoto editorVoice memoOrganizer,Toshiba TS32,"SMS, MMS, Email",microSD (dedicated slot),Toshiba,No,,Up to 150 h,,,,,,"2006, December",,No,GSM,No,Mini-SIM,,GSM 900 / 1800 / 1900,No,CIF,,,,"Yes, MIDP 2.0",,,"TFT, 256K colors",Yes+ downloadable,,Up to 2 h 30 min,No,"20 dialed, 20 received, 20 missed calls","1.93 inches, 11.7 cm2(~22.1% screen-to-body ratio)",1.3 MP,,1.2,FM radio,1.1,,Discontinued,5.5MB,,"Lunar Graphite, Desert Gold, Midnight Purple","Vibration; Downloadable polyphonic, MP3 ringtones",WAP 2.0/xHTML,Class 10,79 g (2.79 oz),,176 x 220 pixels (~146 ppi density)
No,105 x 46 x 15 mm (4.13 x 1.81 x 0.59 in),Yes,https://fdn2.gsmarena.com/vv/bigpic/toshiba-ts705.gif,Removable Li-Ion battery,MP3/ACC/ACC+ playerPredictive text inputPhoto editorVoice memoOrganizer,Toshiba TS705,"SMS, EMS, MMS, Email",microSD (dedicated slot),Toshiba,,"Yes, 384 kbps",Up to 250 h,,,,,,"2006, September",,No,GSM / UMTS,"Yes, with stereo speakers",Mini-SIM,,GSM 900 / 1800 / 1900,No,Yes,,,rotating,"Yes, MIDP 2.0",,,"TFT, 256K colors",Yes+ downloadable,,Up to 3 h,No,"20 dialed, 20 received, 20 missed calls","1.8 inches, 10.2 cm2(~21.1% screen-to-body ratio)",1.3 MP,UMTS 2100,Yes,No,1.1,,Cancelled,10MB,,"Silver, Black","Vibration; Downloadable polyphonic, MP3 ringtones, composer",WAP 2.0/xHTML,,95 g (3.35 oz),,176 x 220 pixels (~157 ppi density)
No,110 x 46.9 x 9.9 mm (4.33 x 1.85 x 0.39 in),Yes,https://fdn2.gsmarena.com/vv/bigpic/toshiba-ts608.gif,Removable Li-Ion battery,MP3 playerPredictive text inputPhoto editorVoice memoOrganizer,Toshiba TS608,"SMS, EMS, MMS, Email",microSD (dedicated slot),Toshiba,No,,Up to 150 h,,,,,,"2006, June",,No,GSM,No,Mini-SIM,,GSM 900 / 1800,No,Yes,,,,"Yes, MIDP 2.0",,,"TFT, 256K colors",Yes+ downloadable,,Up to 2 h 30 min,No,"20 dialed, 20 received, 20 missed calls","1.93 inches, 11.7 cm2(~22.7% screen-to-body ratio)",1.3 MP,,1.2,FM radio,Proprietary,,Discontinued,8MB,,Silver,"Vibration; Downloadable polyphonic, MP3 ringtones, composer","WAP 2.0/xHTML, WSP",Class 10,81 g (2.89 oz),,176 x 220 pixels (~146 ppi density)
Second external 1.3-inch mono STN display,98 x 47 x 23 mm (3.86 x 1.85 x 0.91 in),Yes,https://fdn2.gsmarena.com/vv/bigpic/toshiba-tx62.gif,Removable Li-Ion battery,No,Toshiba TX62,"SMS, MMS, Email",miniSD,Toshiba,,"Yes, 384 kbps",Up to 370 h,,,,External music control keypad,,"2006, June",,No,GSM / UMTS,"Yes, with stereo speakers",Mini-SIM,MP3/AAC/AAC+ playerTV-outPredictive text inputPhoto editorOrganizer,GSM 900 / 1800 / 1900,No,Yes,,,,"Yes, MIDP 2.0",,,"TFT, 256K colors",Yes+ downloadable,,Up to 3 h 10 min,No,"20 dialed, 20 received, 20 missed calls","2.0 inches, 12.4 cm2(~26.9% screen-to-body ratio)",1.3 MP,UMTS 2100,Yes,No,Proprietary,,Discontinued,40MB,,"Black, Green, Pink","Vibration; Downloadable polyphonic, MP3 ringtones",WAP 2.0/xHTML,,121 g (4.27 oz),,"240 x 320 pixels, 4:3 ratio (~200 ppi density)"
Second external 1.16-inch STN display (33 x 160 pixels)Rotate 180 deg display,112 x 50 x 26 mm (4.41 x 1.97 x 1.02 in),Yes,https://fdn2.gsmarena.com/vv/bigpic/toshiba-904T.gif,Removable Li-Ion 720 mAh battery,MP3 playerPC SyncPredictive text inputElectronic dictionaryOrganizerPhoto editor,Toshiba 904T,"SMS, MMS",miniSD,Toshiba,,"Yes, 384 kbps",Up to 270 h,,,,,,"2006, March",,GPS,GSM / UMTS,No,Mini-SIM,,GSM 900 / 1800 / 1900,No,Yes,,,LED flash,No,,VGA videocall camera,"TFT, 260K colors",Yes,,Up to 4.5 h,No,"20 dialed, 20 received, 20 missed calls","2.4 inches, 17.8 cm2(~31.9% screen-to-body ratio)",3.15 MP,UMTS 2100,Yes,No,Proprietary,,Discontinued,,,"Forest Green, Urban Silver, Canyon Red","Vibration; Downloadable polyphonic, MP3, MIDI ringtones",WAP,,146 g (5.15 oz),Yes,"240 x 320 pixels, 4:3 ratio (~167 ppi density)"
"Second external 1.1-inch TFT display, 65K colors, (112 x 112 pixels)Rotate 180 deg display",111 x 50 x 25 mm (4.37 x 1.97 x 0.98 in),Yes,https://fdn2.gsmarena.com/vv/bigpic/toshiba-903T.gif,Removable Li-Ion 720 mAh battery,MP3 playerPC SyncTV-outOrganizer,Toshiba 903T,"SMS, MMS",SD,Toshiba,,"Yes, 384 kbps",Up to 270 h,,,,,,"2005, September",,GPS,GSM / UMTS,No,Mini-SIM,,GSM 900 / 1800 / 1900,No,320p,,,,Yes,,VGA videocall camera,"TFT, 260K colors",Yes,,Up to 5.4 h,No,"20 dialed, 20 received, 20 missed calls","2.4 inches, 17.8 cm2(~32.1% screen-to-body ratio)","2 MP, AF",UMTS 2100,Yes,No,Proprietary,,Discontinued,,,"Blaze Orange, Deep Sea Blue, Haze White","Vibration; Downloadable polyphonic, MP3, MIDI ringtones",WAP,,149 g (5.26 oz),Yes,"240 x 320 pixels, 4:3 ratio (~167 ppi density)"
Second external mono display (160 x 96 pixels)Wallpapers and mail animations,98 x 47 x 23 mm (3.86 x 1.85 x 0.91 in),"Yes, Photocall",https://fdn2.gsmarena.com/vv/bigpic/toshiba-705t.gif,Removable Li-Ion battery,No,Toshiba 705T,"SMS, MMS, Email",miniSD,Toshiba,,"Yes, 384 kbps",Up to 250 h,,,,MP3/AAC playerTV-outElectronic dictionaryPredictive text inputOrganizer,,"2006, May",,No,GSM / UMTS,No,Mini-SIM,,GSM 900 / 1800 / 1900,No,Yes,,,LED flash,"Yes, MIDP 2.0",,,"TFT, 256K colors",Yes + downloadable,,Up to 5 h,No,"10 dialed, 10 received, 10 missed calls","2.0 inches, 30 x 40 mm, 12.4 cm2(~26.9% screen-to-body ratio)",1.3 MP,UMTS 2100,Yes,No,Proprietary,,Discontinued,,,"Shell White, Urban Black",Vibration; Downloadable polyphonic ringtones,WAP,,121 g (4.27 oz),,"240 x 320 pixels, 4:3 ratio (~200 ppi density)"
Second external 65K colors display (112 x 112 pixels),111 x 50 x 25 mm (4.37 x 1.97 x 0.98 in),Yes,https://fdn2.gsmarena.com/vv/bigpic/toshiba-ts921.gif,Removable Li-Ion 1000 mAh battery,MP3/AAC playerPredictive text inputPhoto editorOrganizer,Toshiba TS921,"SMS, MMS, Email",SD,Toshiba,,"Yes, 384 kbps",Up to 270 h,,,,,,"2005, Q3",,No,GSM / UMTS,"Yes, with stereo speakers",Mini-SIM,,GSM 900 / 1800 / 1900,No,320p,,,LED flash,Yes,,VGA videocall camera,"TFT, 256K colors",2 + downloadable,,Up to 5 h 20 min,No,"20 dialed, 20 received, 20 missed calls","2.4 inches, 48.8 x 36.6 mm, 17.8 cm2(~32.1% screen-to-body ratio)",2 MP,UMTS 2100,Yes,No,Proprietary,,Discontinued,,,"Glossy Red, Purplish Silver, Matte Black",Vibration; Downloadable polyphonic ringtones,WAP 2.0,,148 g (5.22 oz),Yes,"240 x 320 pixels, 4:3 ratio (~167 ppi density)"
Second external mono STN display (96 x 160 pixels),98 x 47 x 23 mm (3.86 x 1.85 x 0.91 in),Yes,https://fdn2.gsmarena.com/vv/bigpic/toshiba-ts808.gif,Removable Li-Ion battery,No,Toshiba TS808,"SMS, MMS, Email",miniSD,Toshiba,,"Yes, 384 kbps",Up to 350 h,,,,MP3 playerTV-outVoice memoPredictive text inputPhoto editorOrganizer,,"2005, Q3",,No,GSM / UMTS,Yes,Mini-SIM,,GSM 900 / 1800 / 1900,No,Yes,,,,Yes,,,"TFT, 256K colors",Yes + downloadable,,Up to 2 h 50 min,No,"20 dialed, 20 received, 20 missed calls","2.4 inches, 48.8 x 36.6 mm, 17.8 cm2(~38.7% screen-to-body ratio)",1.3 MP,UMTS 2100,Yes,No,1.1,,Discontinued,10MB,,Black,Vibration; Downloadable polyphonic ringtones,WAP 2.0,,125 g (4.41 oz),Yes,"240 x 320 pixels, 4:3 ratio (~167 ppi density)"
Second external mono STN display (96 x 160 pixels),100 x 47 x 26 mm (3.94 x 1.85 x 1.02 in),Yes,https://fdn2.gsmarena.com/vv/bigpic/toshiba-ts803.gif,Removable Li-Ion 1000 mAh battery,No,Toshiba TS803,"SMS, MMS, Email",miniSD,Toshiba,,"Yes, 384 kbps",Up to 270 h,,,,MP3 playerTV-outVoice memoPredictive text inputPhoto editorOrganizer,,"2005, Q3",,No,GSM / UMTS,Yes,Mini-SIM,,GSM 900 / 1800 / 1900,No,320p,,,LED flash,Yes,,,"TFT, 256K colors",2 + downloadable,,Up to 5 h 20 min,No,"20 dialed, 20 received, 20 missed calls","2.4 inches, 48.8 x 36.6 mm, 17.8 cm2(~38.0% screen-to-body ratio)","2.26 MP, AF",UMTS 2100,Yes,No,Proprietary,,Discontinued,20MB,,"Black, Silver",Vibration; Downloadable polyphonic ringtones,WAP 2.0,,134 g (4.73 oz),Yes,"240 x 320 pixels, 4:3 ratio (~167 ppi density)"
Second external mono FSTN display (96 x 64 pixels),"97 x 46 x 17 mm, 75 cc (3.82 x 1.81 x 0.67 in)",250 entries,https://fdn2.gsmarena.com/vv/bigpic/toshiba-ts10.gif,Removable Li-Ion 700 mAh battery,No,Toshiba TS10,"SMS, MMS",No,Toshiba,No,,Up to 150 h,,,,Voice memoPredictive text inputPhoto editorOrganizer,,"2005, Q3",,No,GSM,Yes,Mini-SIM,,GSM 900 / 1800 / 1900,No,No,,,,No,,,"TFT, 65K colors",2 + downloadable,,Up to 2 h 30 min,No,"10 dialed, 10 received, 10 missed calls",,VGA,,No,No,Proprietary,,Discontinued,,,Silver,"Vibration; Polyphonic(16) ringtones, composer",WAP 2.0,Class 8,95 g (3.35 oz),,128 x 160 pixels
