,Type,Dimensions,Model Image,_1,Bluetooth,3.5mm jack,Chipset,NFC,SIM,4G bands,Video,Brand,Languages,Status,Sensors,Resolution,Build,WLAN,Single,Price,_4,Models,Features_1,USB,GPU,Internal,Card slot,Colors,3G bands,Talk time,OS,Loudspeaker,Single_1,Triple,CPU,SAR,Quad,Dual,Radio,Performance,Type_1,2G bands,Size,Charging,Weight,Announced,Model Name,Video_1,Technology,_2,Features,Stand-by,Protection,Positioning,_3,SAR EU,Speed,5G bands
,IPS LCD,164.5 x 75.9 x 8.9 mm (6.48 x 2.99 x 0.35 in),https://fdn2.gsmarena.com/vv/bigpic/wiko-t20.jpg,,"4.2, A2DP",Yes,Unisoc SC9863A1 (28nm),No,Nano-SIM + Nano-SIM,"1, 3, 5, 7, 8, 20, 28, 38, 40, 41",1080p@30fps,Wiko,,"Available. Released 2024, May","Fingerprint (side-mounted), accelerometer","720 x 1612 pixels, 20:9 ratio (~269 ppi density)",,Wi-Fi 802.11 b/g/n,"8 MP, f/2.0, (wide), 1/4.0"", 1.12µm, AFAuxiliary lens",About 120 EUR,,,,"USB Type-C, OTG",IMG8322,"64GB 4GB RAM, 128GB 4GB RAM",microSDXC,"Black, Green, Blue",HSDPA 850 / 900 / 1900 / 2100,,Android 13,Yes,"5 MP, f/2.0, (wide), 1/5.0"", 1.12µm",,Octa-core (4x1.6 GHz Cortex-A55 & 4x1.2 GHz Cortex-A55),,,,Unspecified,,Li-Po 5000 mAh,GSM 850 / 900 / 1800 / 1900,"6.56 inches, 103.4 cm2(~82.8% screen-to-body ratio)",10W wired,186 g (6.56 oz),"2024, May",Wiko T20,Yes,GSM / HSPA / LTE,,LED flash,,Corning Gorilla Glass,"GPS, GLONASS, GALILEO, BDS",,,"HSPA, LTE",
,TFT LCD,168.3 x 77.7 x 9 mm (6.63 x 3.06 x 0.35 in),https://fdn2.gsmarena.com/vv/bigpic/wiko-hi-enjoy-60s.jpg,,"5.1, A2DP, LE",Yes,Mediatek Dimensity 700 (7 nm),No,Nano-SIM + Nano-SIM,LTE,1080p@30fps,Wiko,,"Available. Released 2023, November 07","Fingerprint (side-mounted), accelerometer, proximity, compass","720 x 1600 pixels, 20:9 ratio (~260 ppi density)",,"Wi-Fi 802.11 a/b/g/n/ac, dual-band","8 MP, f/2.0, (wide)",About 200 EUR,,,,"USB Type-C 2.0, OTG",Mali-G57 MC2,"128GB, 256GB",microSDXC,"Black, Blue, White",HSDPA 850 / 900 / 2100,,HarmonyOS,Yes,,,Octa-core (2x2.2 GHz Cortex-A76 & 6x2.0 GHz Cortex-A55),,,"13 MP, f/1.8, (wide), AF2 MP, f/2.4, (depth)",Unspecified,,Li-Po 6000 mAh,GSM 850 / 900 / 1800 / 1900,"6.75 inches, 110.0 cm2(~84.1% screen-to-body ratio)",22.5W wired,199 g (7.02 oz),"2023, November 07",Wiko Hi Enjoy 60s,1080p@30fps,GSM / HSPA / LTE / 5G,,"LED flash, panorama",,,"GPS, GLONASS, GALILEO, BDS, QZSS",,,"HSPA, LTE, 5G",SA/NSA
,IPS LCD,165.8 x 75.8 x 9.8 mm (6.53 x 2.98 x 0.39 in),https://fdn2.gsmarena.com/vv/bigpic/wiko-t60.jpg,,"4.2, A2DP",Yes,Mediatek MT8788V/WA (12 nm),Yes,Nano-SIM + Nano-SIM,"1, 2, 3, 4, 5, 7, 8, 12, 13, 17, 18, 19, 20, 26, 28, 38, 39, 40, 41, 66",1080p@30fps,Wiko,,"Available. Released 2023, June 23","Fingerprint (side-mounted), accelerometer, gyro, proximity, compass","1080 x 2408 pixels, 20:9 ratio (~401 ppi density)",,"Wi-Fi 802.11 a/b/g/n/ac, dual-band",24 MP,,,,,USB Type-C 2.0,,256GB 8GB RAM,microSDXC,"Black, Purple, Blue",HSDPA 850 / 900 / 1700(AWS) / 1900 / 2100,,Android 13,Yes,,"48 MP, (wide), AF2 MP, (macro)0.3 MP",Octa-core (4x2.0 GHz Cortex-A73 & 4x2.0 GHz Cortex-A53),,,,Unspecified,,Li-Po 5200 mAh,GSM 850 / 900 / 1800 / 1900,"6.58 inches, 104.3 cm2(~83.0% screen-to-body ratio)",,217 g (7.65 oz),"2023, June 23",Wiko T60,1080p@30fps,GSM / HSPA / LTE,,"LED flash, HDR, panorama",,Corning Gorilla Glass,"GPS, GLONASS, GALILEO",,,"HSPA, LTE",
CDMA 800,"IPS LCD, 120Hz",164.6 x 75.6 x 7.9 mm (6.48 x 2.98 x 0.31 in),https://fdn2.gsmarena.com/vv/bigpic/wiko-5g.jpg,CDMA2000 1x,"5.1, A2DP, LE",No,Qualcomm SM6375 Snapdragon 695 5G (6 nm),No,Nano-SIM + Nano-SIM,LTE,"1080p@30fps, gyro-EIS",Wiko,,"Available. Released 2022, December 27","Fingerprint (side-mounted), accelerometer, compass",1080 x 2388 pixels (~387 ppi density),,"Wi-Fi 802.11 a/b/g/n/ac, dual-band, Wi-Fi Direct","16 MP, f/2.2, 22mm (wide)",About 270 EUR,Virtual proximity sensing,,,"USB Type-C 2.0, OTG",Adreno 619,"128GB 8GB RAM, 256GB 8GB RAM",No,"Black, Silver",HSDPA 850 / 900 / 1900 / 2100,,HarmonyOS,Yes,,,Octa-core (2x2.2 GHz Kryo 660 Gold & 6x1.7 GHz Kryo 660 Silver),,"108 MP, f/1.9, (wide), 1/1.52"", 0.7µm, PDAF8 MP, f/2.2, 112˚ (ultrawide)2 MP, f/2.4, (macro)2 MP, f/2.4, (depth)",,No,,Li-Po 4000 mAh,GSM 850 / 900 / 1800 / 1900,"6.78 inches, 111.4 cm2(~89.5% screen-to-body ratio)","66W wired, 60% in 15 min, 100% in 35 min5W reverse wired",191 g (6.74 oz),"2022, December 27",Wiko 5G,1080p@30fps,GSM / CDMA / HSPA / CDMA2000 / LTE / 5G,Splash resistant,"LED flash, HDR, panorama",,,"GPS, GLONASS, GALILEO, BDS, QZSS",UFS 2.2,,"HSPA, LTE, 5G",SA/NSA
,IPS LCD,168.3 x 77.6 x 9 mm (6.63 x 3.06 x 0.35 in),https://fdn2.gsmarena.com/vv/bigpic/wiko-10.jpg,,"5.0, A2DP, LE",Yes,Mediatek MT6765 Helio G37 (12 nm),No,Nano-SIM + Nano-SIM,"1, 3, 5, 7, 8, 20, 28, 38, 40, 41",1080p@30fps,Wiko,,"Available. Released 2022, October 10","Fingerprint (side-mounted), accelerometer, proximity, compass","720 x 1600 pixels, 20:9 ratio (~260 ppi density)",,"Wi-Fi 802.11 b/g/n/ac, dual-band","8 MP, f/2.0, (wide)",About 140 EUR,,,HDR,USB Type-C 2.0,PowerVR GE8320,"128GB 4GB RAM, 128GB 6GB RAM",microSDXC,"Klein Blue, Black, Silver",HSDPA 850 / 900 / 1700(AWS) / 1900 / 2100,,Android 12,Yes,,"50 MP, f/1.8, 28mm (wide), 1/2.76"", 0.64µm, PDAF2 MP, f/2.4, (depth), AF2 MP, f/2.4, (macro), AF",Octa-core (4x2.3 GHz Cortex-A53 & 4x1.8 GHz Cortex-A53),,,,No,,Li-Po 5000 mAh,GSM 850 / 900 / 1800 / 1900,"6.75 inches, 110.0 cm2(~84.2% screen-to-body ratio)",22.5W wired,199 g (7.02 oz),"2022, September 22",Wiko 10,1080p@30fps,GSM / HSPA / LTE,,"LED flash, HDR, panorama",,,"GPS, GLONASS, GALILEO, BDS",,,"HSPA, LTE",
HSDPA 850 / 900 / 1900 / 2100 - W-P861-02,IPS LCD,160.7 x 73.3 x 8.4 mm (6.33 x 2.89 x 0.33 in),https://fdn2.gsmarena.com/vv/bigpic/wiko-t50.jpg,"1, 3, 7, 8, 20, 28 - W-P861-02","5.1, A2DP, LE",Yes,Mediatek MT6769Z Helio G85 (12 nm),No,Nano-SIM + Nano-SIM,"1, 2, 3, 4, 5, 7, 8, 13, 26, 28, 66 - W-P861-01",1080p@30fps,Wiko,,"Available. Released 2022, May 26","Fingerprint (side-mounted), accelerometer, compass","1080 x 2400 pixels, 20:9 ratio (~399 ppi density)",,"Wi-Fi 802.11 a/b/g/n/ac, dual-band",16 MP,,,"W-P861-01, W-P861-02",,USB Type-C 2.0,Mali-G52 MC2,"128GB 4GB RAM, 128GB 6GB RAM",No,"Black, Green, Pink",HSDPA 850 / 900 / 1700(AWS) / 1900 / 2100 - W-P861-01,,Android 11,Yes,,"64 MP, AF8 MP2 MP",Octa-core (2x2.0 GHz Cortex-A75 & 6x1.8 GHz Cortex-A55),,,,FM radio,,Li-Ion 4000 mAh,GSM 850 / 900 / 1800 / 1900,"6.6 inches, 105.2 cm2(~89.3% screen-to-body ratio)",40W wired,179 g (6.31 oz),"2022, May 26",Wiko T50,1080p@30fps,GSM / HSPA / LTE,,"LED flash, HDR, panorama",,,"GPS, GLONASS, GALILEO, BDS",,,"HSPA, LTE",
HSDPA 850 / 900 / 1900 / 2100 - W-V673-02,IPS LCD,163.9 x 75.8 x 9 mm (6.45 x 2.98 x 0.35 in),https://fdn2.gsmarena.com/vv/bigpic/wiko-t10.jpg,"1, 3, 5, 7, 8, 20, 28, 38, 40, 41 - W-V673-02","5.0, A2DP, LE",Yes,Mediatek MT6761 Helio A22 (12 nm),No,Nano-SIM + Nano-SIM,"1, 2, 3, 4, 5, 7, 8, 13, 26, 28, 38, 66 - W-V673-01",1080p@30fps,Wiko,,"Available. Released 2022, May 26","Accelerometer, proximity","720 x 1600 pixels, 20:9 ratio (~270 ppi density)",,Wi-Fi 802.11 b/g/n,"13 MP, AF",,,"W-V673-01, W-V673-02",,Yes,PowerVR GE8300,64GB 2GB RAM,microSDXC,"Black, Green",HSDPA 850 / 900 / 1700(AWS) / 1900 / 2100 - W-V673-01,,Android 11 (Go edition),Yes,5 MP,,Quad-core 2.0 GHz Cortex-A53,,,,FM radio,,Li-Ion 5000 mAh,GSM 850 / 900 / 1800 / 1900,"6.5 inches, 102.0 cm2(~82.1% screen-to-body ratio)",,192 g (6.77 oz),"2022, May 26",Wiko T10,,GSM / HSPA / LTE,,"LED flash, panorama",,,"GPS, GLONASS, GALILEO, BDS",,,"HSPA, LTE",
,IPS LCD,165.3 x 76 x 9.2 mm (6.51 x 2.99 x 0.36 in),https://fdn2.gsmarena.com/vv/bigpic/wiko-t3.jpg,,"5.0, A2DP, LE",Yes,Mediatek MT6765 Helio P35 (12 nm),No,Nano-SIMNano-SIM + Nano-SIM,"1, 2, 3, 4, 5, 7, 8, 20, 26, 28, 38, 40, 41, 66",1080p@30fps,Wiko,,"Available. Released 2021, December","Fingerprint (side-mounted), accelerometer, proximity","720 x 1600 pixels, 20:9 ratio (~266 ppi density)",,Wi-Fi 802.11 b/g/n,8 MP,,,,,Yes,PowerVR GE8320,128GB 4GB RAM,microSDXC,"Black, Gold",HSDPA 850 / 900 / 1700(AWS) / 1900 / 2100,,Android 11,Yes,,"48 MP, AF5 MP2 MP",Octa-core (4x2.3 GHz Cortex-A53 & 4x1.8 GHz Cortex-A53),,,,FM radio,,Li-Ion 5000 mAh,GSM 850 / 900 / 1800 / 1900,"6.6 inches, 105.2 cm2(~83.7% screen-to-body ratio)",,188 g (6.63 oz),"2021, December",Wiko T3,,GSM / HSPA / LTE,,"LED flash, HDR, panorama",,,"GPS, GLONASS, GALILEO, BDS",,,"HSPA, LTE",
,IPS LCD,157 x 75.8 x 9.1 mm (6.18 x 2.98 x 0.36 in),https://fdn2.gsmarena.com/vv/bigpic/wiko-y62plus-thumb2.jpg,,"4.2, A2DP",Yes,Mediatek MT6761D Helio A20 (12 nm),No,Nano-SIM + Nano-SIM,"1, 3, 7, 20",1080p@30fps,Wiko,,"Available. Released 2021, Q3","Accelerometer, proximity","720 x 1560 pixels, 19.5:9 ratio (~282 ppi density)",,Wi-Fi 802.11 b/g/n,"8 MP, AF",About 70 EUR,,W-K610-FRA,LED flash,microUSB 2.0,PowerVR GE8320,32GB 2GB RAM,microSDXC,"Dark Blue, Light Blue, Mint",HSDPA 850 / 900 / 1900 / 2100,,Android 11 (Go edition),Yes,5 MP,,Quad-core 1.8 GHz Cortex-A53,0.42 W/kg (head)     1.61 W/kg (body),,,No,,Li-Ion 3000 mAh,GSM 850 / 900 / 1800 / 1900,"6.1 inches, 91.3 cm2(~76.8% screen-to-body ratio)",,172 g (6.07 oz),"2021, Q3",Wiko Y62 Plus,,GSM / HSPA / LTE,,"LED flash, HDR",,,"GPS, GLONASS, GALILEO, BDS",,,"HSPA 42.2/5.76 Mbps, LTE Cat4 150/50 Mbps",
,IPS LCD,155.5 x 73.3 x 9.3 mm (6.12 x 2.89 x 0.37 in),https://fdn2.gsmarena.com/vv/bigpic/wiko-y82-new.jpg,,"4.2, A2DP, LE",Yes,Unisoc SC9863A (28 nm),No,Nano-SIM + Nano-SIM,"1, 3, 5, 7, 8, 20, 40",720p@30fps,Wiko,,"Available. Released 2021, Q3","Accelerometer, proximity","720 x 1560 pixels, 19.5:9 ratio (~282 ppi density)",,Wi-Fi 802.11 b/g/n,"13 MP, AF",About 90 EUR,,W-K630-EEA,,microUSB 2.0,IMG8322,32GB 3GB RAM,microSDXC,"Black, Dark Blue, Light Blue",HSDPA 850 / 900 / 1900 / 2100,,Android 11,Yes,5 MP,,Octa-core (4x1.6 GHz Cortex-A55 & 4x1.2 GHz Cortex-A55),0.27 W/kg (head)     1.39 W/kg (body),,,No,,"Li-Ion 3600 mAh, removable",GSM 850 / 900 / 1800 / 1900,"6.1 inches, 91.3 cm2(~80.1% screen-to-body ratio)",,-,"2021, Q3",Wiko Y82,,GSM / HSPA / LTE,,"LED flash, HDR",,,"GPS, GLONASS, BDS",,,"HSPA 42.2/5.76 Mbps, LTE Cat4 150/50 Mbps",
,IPS LCD,173.8 x 78.6 x 9.5 mm (6.84 x 3.09 x 0.37 in),https://fdn2.gsmarena.com/vv/bigpic/wiko-u30-new.jpg,,"4.2, A2DP",Yes,Mediatek MT6765G Helio G35 (12 nm),No,Nano-SIM + Nano-SIM,"1, 3, 5, 7, 8, 20, 28, 40",1080p@30fps,Wiko,,"Available. Released 2021, June","Fingerprint (rear-mounted), accelerometer, proximity, compass",720 x 1640 pixels (~263 ppi density),,Wi-Fi 802.11 b/g/n,8 MP,About 150 EUR,,,,"USB Type-C, OTG",PowerVR GE8320,128GB 4GB RAM,microSDXC,"Carbon Blue, Midnight Blue, Mint",HSDPA 850 / 900 / 1900 / 2100,,Android 11,Yes,,"13 MP, AF2 MPQVGA",Octa-core (4x2.3 GHz Cortex-A53 & 4x1.8 GHz Cortex-A53),0.58 W/kg (head)     1.36 W/kg (body),,,No,,Li-Ion 6000 mAh,CDMA 800 / 1700 / 1900,"6.82 inches, 110.5 cm2(~80.9% screen-to-body ratio)",15W wired,214 g (7.55 oz),"2021, June",Wiko Power U30,,CDMA / HSPA / LTE,,"LED flash, HDR",,,"GPS, GLONASS, GALILEO, BDS",,,"HSPA 42.2/5.76 Mbps, LTE Cat4 150/50 Mbps",
,TN LCD,143.2 x 73.5 x 10.2 mm (5.64 x 2.89 x 0.40 in),https://fdn2.gsmarena.com/vv/bigpic/wiko-y52-new.jpg,,"4.2, A2DP",Yes,Unisoc SC9832E (28 nm),No,Nano-SIM + Micro-SIM,"1, 3, 7, 20",720p@30fps,Wiko,,"Available. Released 2021, November","Accelerometer, proximity","480 x 854 pixels, 16:9 ratio (~196 ppi density)",,Wi-Fi 802.11 b/g/n,5 MP,About 50 EUR,,W-K521-EEA,,microUSB 2.0,Mali-T820 MP1,16GB 1GB RAM,microSDXC,"Grey, Deep Blue, Green",HSDPA 850 / 900 / 1900 / 2100,,Android 11 (Go edition),Yes,5 MP,,Quad-core 1.4 GHz,0.75 W/kg (head)     0.94 W/kg (body),,,No,,"Li-Ion 2020 mAh, removable",GSM 850 / 900 / 1800 / 1900,"5.0 inches, 68.9 cm2(~65.5% screen-to-body ratio)",,153 g (5.40 oz),"2021, November",Wiko Y52,,GSM / HSPA / LTE,,"LED flash, HDR",,,"GPS, GLONASS, BDS",,,HSPA 42.2/5.76 Mbps,
,IPS LCD,173.8 x 78.6 x 9.5 mm (6.84 x 3.09 x 0.37 in),https://fdn2.gsmarena.com/vv/bigpic/wiko-poweru20-new.jpg,,"4.2, A2DP",Yes,Mediatek MT6765G Helio G35 (12 nm),No,Nano-SIM + Nano-SIM,"1, 3, 5, 7, 8, 20, 28, 40",1080p@30fps,Wiko,,"Available. Released 2021, June","Fingerprint (side-mounted), accelerometer, proximity",720 x 1640 pixels (~270 ppi density),,Wi-Fi 802.11 b/g/n,5 MP,About 120 EUR,,W-V750BN-EEA,,"microUSB 2.0, OTG",PowerVR GE8320,"32GB 3GB RAM, 64GB 3GB RAM",microSDXC,"Slate Grey, Navy Blue, Mint",HSDPA 850 / 900 / 1900 / 2100,,Android 11,Yes,,"13 MP, AF2 MPQVGA",Octa-core (4x2.3 GHz Cortex-A53 & 4x1.8 GHz Cortex-A53),0.58 W/kg (head)     1.29 W/kg (body),,,No,,Li-Ion 6000 mAh,CDMA 800 / 1700 / 1900,"6.82 inches, 104.8 cm2(~76.7% screen-to-body ratio)",15W wired,210 g (7.41 oz),"2021, June",Wiko Power U20,,CDMA / HSPA / LTE,,"LED flash, HDR",,,"GPS, GLONASS, GALILEO, BDS",,,"HSPA 42.2/5.76 Mbps, LTE Cat4 150/50 Mbps",
,IPS LCD,173.8 x 78.6 x 9.5 mm (6.84 x 3.09 x 0.37 in),https://fdn2.gsmarena.com/vv/bigpic/wiko-u10-new.jpg,,"4.2, A2DP",Yes,Mediatek MT6765G Helio G35 (12 nm),No,Nano-SIM + Nano-SIM,"1, 3, 5, 7, 8, 20, 40",1080p@30fps,Wiko,,"Available. Released 2021, June","Fingerprint (side-mounted), accelerometer, proximity, compass",720 x 1640 pixels (~263 ppi density),,Wi-Fi 802.11 b/g/n,"13 MP, AF",About 100 EUR,,"W-V745-EEA, W-V745-OPE",,"USB Type-C 2.0, OTG",PowerVR GE8320,"32GB 2GB RAM, 32GB 3GB RAM",microSDXC,"Carbon Blue, Denim Blue, Turquoise",HSDPA 850 / 900 / 1900 / 2100,,Android 11 (Go edition),Yes,5 MP,,Octa-core (4x2.3 GHz Cortex-A53 & 4x1.8 GHz Cortex-A53),0.52 W/kg (head)     1.36 W/kg (body),,,FM Radio,,Li-Ion 5000 mAh,CDMA 800 / 1700 / 1900,"6.82 inches, 110.5 cm2(~80.9% screen-to-body ratio)",,206 g (7.27 oz),"2021, June",Wiko Power U10,,CDMA / HSPA / LTE,,"LED flash, HDR",,,"GPS, GLONASS, GALILEO, BDS",,,"HSPA 42.2/5.76 Mbps, LTE Cat4 150/50 Mbps",
,IPS LCD,157 x 75.8 x 9.1 mm (6.18 x 2.98 x 0.36 in),https://fdn2.gsmarena.com/vv/bigpic/wilko-y62-new.jpg,,"4.2, A2DP",Yes,Mediatek MT6761D Helio A20 (12 nm),No,Nano-SIM + Nano-SIM,"1, 3, 7, 20",1080p@30fps,Wiko,,"Available. Released 2021, April","Accelerometer, proximity","720 x 1560 pixels, 19.5:9 ratio (~282 ppi density)",,Wi-Fi 802.11 b/g/n,5 MP,About 70 EUR,,"W-K610-EEA, W-K610-TVM",LED flash,microUSB 2.0,PowerVR GE8320,16GB 1GB RAM,microSDXC,"Dark Blue, Light Blue, Mint",HSDPA 850 / 900 / 1900 / 2100,,Android 11 (Go edition),Yes,5 MP,,Quad-core 1.8 GHz Cortex-A53,0.42 W/kg (head)     1.61 W/kg (body),,,No,,"Li-Ion 3000 mAh, removable",GSM 850 / 900 / 1800 / 1900,"6.1 inches, 91.3 cm2(~76.8% screen-to-body ratio)",,171.5 g (6.03 oz),"2021, April",Wiko Y62,,GSM / HSPA / LTE,,"LED flash, HDR",,,"GPS, GLONASS, GALILEO, BDS",,,"HSPA 42.2/5.76 Mbps, LTE Cat4 150/50 Mbps",
eMMC 5.1,TN LCD,146.6 x 72.3 x 9 mm (5.77 x 2.85 x 0.35 in),https://fdn2.gsmarena.com/vv/bigpic/wiko-sunny5lite-new.jpg,,"4.2, A2DP",Yes,,No,Nano-SIM + Micro-SIM,,720p@30fps,Wiko,,"Available. Released 2020, November","Accelerometer, proximity","480 x 960 pixels, 18:9 ratio (~197 ppi density)",,Wi-Fi 802.11 b/g/n,5 MP,About 60 EUR,,,,microUSB 2.0,Mali-T820 MP1,32GB 1GB RAM,microSDXC,"Deep Grey, Gold, Mint",HSDPA 850 / 900 / 1900 / 2100,,Android 10 (Go Edition),Yes,5 MP,,Quad-core 1.3 GHz Cortex-A7,0.70 W/kg (head)     1.55 W/kg (body),,,FM radio,pics,"Li-Ion 2500 mAh, removable",GSM 850 / 900 / 1800 / 1900,"5.45 inches, 76.7 cm2(~72.3% screen-to-body ratio)",,175 g (6.17 oz),"2020, November",Wiko Sunny5 Lite,,GSM / HSPA,,"LED flash, HDR",,,"GPS, GLONASS",,,HSPA 21.1/5.76 Mbps,
,TN LCD,146.6 x 72.3 x 9 mm (5.77 x 2.85 x 0.35 in),https://fdn2.gsmarena.com/vv/bigpic/wiko-y51-new.jpg,,"4.2, A2DP",Yes,,No,Nano-SIM + Micro-SIM,,720p@30fps,Wiko,,"Available. Released 2021, January 14","Accelerometer, proximity","480 x 960 pixels, 18:9 ratio (~197 ppi density)",,Wi-Fi 802.11 b/g/n,5 MP,About 70 EUR,,W-K211-TH,,microUSB 2.0,Mali-T820 MP1,"8GB 1GB RAM, 16GB 1GB RAM",microSDXC,"Deep Grey, Gold, Mint",HSDPA 850 / 900 / 1900 / 2100,,Android 10 (Go edition),Yes,5 MP,,Quad-core 1.3 GHz Cortex-A7,0.70 W/kg (head)     1.55 W/kg (body),,,FM Radio,,"Li-Ion 2500 mAh, removable",GSM 850 / 900 / 1800 / 1900,"5.45 inches, 76.7 cm2(~72.3% screen-to-body ratio)",,175 g (6.17 oz),"2021, January 14",Wiko Y51,,GSM / HSPA,,"LED flash, HDR",,,GPS,,,HSPA 42.2/5.76 Mbps,
eMMC 5.1,IPS LCD,166 x 76.8 x 9.3 mm (6.54 x 3.02 x 0.37 in),https://fdn2.gsmarena.com/vv/bigpic/wiko-view5plus.jpg,,"4.2, A2DP",Yes,Mediatek MT6765 Helio P35 (12 nm),No,Nano-SIM + Nano-SIM,"1, 3, 5, 7, 8, 20, 28, 40",1080p@30fps,Wiko,,"Available. Released 2020, September","Fingerprint (rear-mounted), accelerometer, proximity, compass","720 x 1600 pixels, 20:9 ratio (~268 ppi density)",,Wi-Fi 802.11 a/b/g/n/ac,8 MP,About 300 EUR,,W-V850-EEA,,"USB Type-C 2.0, OTG",PowerVR GE8320,128GB 4GB RAM,microSDXC,"Aurora Blue, Iceland Silver",HSDPA 850 / 900 / 1900 / 2100,,Android 10,Yes,,,Octa-core (4x2.35 GHz Cortex-A53 & 4x1.8 GHz Cortex-A53),0.91 W/kg (head)     1.54 W/kg (body),"48 MP, (wide), AF8 MP, (ultrawide)5 MP, (macro)2 MP, (depth)",,FM radio,,Li-Po 5000 mAh,GSM 850 / 900 / 1800 / 1900,"6.55 inches, 103.6 cm2(~81.2% screen-to-body ratio)",,201 g (7.09 oz),"2020, September",Wiko View5 Plus,,GSM / HSPA / LTE,,"LED flash, HDR",,,"GPS, GLONASS, GALILEO, BDS",,,"HSPA 42.2/5.76 Mbps, LTE Cat4 150/50 Mbps",
eMMC 5.1,"IPS LCD, 450 nits (peak)",166 x 76.8 x 9.3 mm (6.54 x 3.02 x 0.37 in),https://fdn2.gsmarena.com/vv/bigpic/wiko-view5.jpg,,"4.2, A2DP",Yes,Mediatek MT6762D Helio A25 (12 nm),No,Nano-SIM + Nano-SIM,"1, 3, 5, 7, 8, 20, 28, 40",1080p@30fps,Wiko,,"Available. Released 2020, September","Fingerprint (rear-mounted), accelerometer, proximity, compass","720 x 1600 pixels, 20:9 ratio (~268 ppi density)",,Wi-Fi 802.11 a/b/g/n/ac,8 MP,About 370 EUR,,W-V851-EEA,,"USB Type-C 2.0, OTG",PowerVR GE8320,64GB 3GB RAM,microSDXC,"Midnight Blue, Pine Green, Peach Gold",HSDPA 850 / 900 / 1900 / 2100,,Android 10,Yes,,,Octa-core (4x1.8 GHz Cortex-A53 & 4x1.5 GHz Cortex-A53),0.91 W/kg (head)     1.54 W/kg (body),"48 MP, (wide), AF8 MP, (ultrawide)5 MP, (macro)2 MP, (depth)",,FM radio,,Li-Po 5000 mAh,GSM 850 / 900 / 1800 / 1900,"6.55 inches, 103.6 cm2(~81.2% screen-to-body ratio)",,201 g (7.09 oz),"2020, September",Wiko View5,,GSM / HSPA / LTE,,"LED flash, HDR",,,"GPS, GLONASS, GALILEO, BDS",,,"HSPA 42.2/5.76 Mbps, LTE Cat4 150/50 Mbps",
eMMC 5.1,IPS LCD,157.9 x 76.1 x 8.3 mm (6.22 x 3.00 x 0.33 in),https://fdn2.gsmarena.com/vv/bigpic/wiko-y81.jpg,,"4.2, A2DP, LE",Yes,Mediatek MT6761D Helio A20 (12 nm),No,Nano-SIM + Nano-SIM,"1, 3, 5, 7, 8, 20, 40",1080p@30fps,Wiko,,"Available. Released 2020, August 18","Accelerometer, proximity, compass","720 x 1520 pixels, 19:9 ratio (~271 ppi density)",,Wi-Fi 802.11 b/g/n,"13 MP, AF",About 80 EUR,,,,"microUSB 2.0, OTG",PowerVR GE8300,32GB 2GB RAM,microSDXC,"Deep Blue, Gold, Green",HSDPA 850 / 900 / 1900 / 2100,,Android 10 (Go edition),Yes,5 MP,,Quad-core 1.8 GHz Cortex-A53,,,,FM radio,,Li-Ion 4000 mAh,GSM 850 / 900 / 1800 / 1900,"6.2 inches, 95.9 cm2(~79.8% screen-to-body ratio)",,166 g (5.86 oz),"2020, August 18",Wiko Y81,,GSM / HSPA / LTE,,"LED flash, HDR, panorama",,,GPS,,0.56 W/kg (head)     1.61 W/kg (body),"HSPA 42.2/5.76 Mbps, LTE Cat4 150/50 Mbps",
eMMC 5.1,IPS LCD,161 x 77.6 x 9 mm (6.34 x 3.06 x 0.35 in),https://fdn2.gsmarena.com/vv/bigpic/wiko-sunny5-new.jpg,,"4.2, A2DP",Yes,,No,Nano-SIM + Micro-SIM,,480p@30fps,Wiko,,"Available. Released 2020, September","Accelerometer, proximity","480 x 960 pixels, 18:9 ratio (~179 ppi density)",,Wi-Fi 802.11 b/g/n,5 MP,About 60 EUR,,,LED flash,microUSB 2.0,Mali-T820 MP1,32GB 1GB RAM,microSDXC,"Blue, Gold, Green",HSDPA 850 / 900 / 1900 / 2100,,Android 10 (Go Edition),Yes,5 MP,,Quad-core 1.3 GHz Cortex-A7,0.57 W/kg (head)     1.69 W/kg (body),,,FM radio,,"Li-Ion 3000 mAh, removable",GSM 850 / 900 / 1800 / 1900,"5.99 inches, 92.6 cm2(~74.1% screen-to-body ratio)",,166 g (5.86 oz),"2020, September",Wiko Sunny5,,GSM / HSPA,,"LED flash, HDR",,,GPS,,,HSPA 21.1/5.76 Mbps,
eMMC 5.1,IPS LCD,161.3 x 78.1 x 9 mm (6.35 x 3.07 x 0.35 in),https://fdn2.gsmarena.com/vv/bigpic/wiko-y61.jpg,eMMC 5.1,"4.2, A2DP, LE",Yes,Mediatek MT6761WE,No,Nano-SIM + Micro-SIM,"1, 3, 7, 8, 20",1080p@30fps,Wiko,,Available. Released 2020,"Accelerometer, proximity, compass","480 x 960 pixels, 18:9 ratio (~179 ppi density)",,Wi-Fi 802.11 b/g/n,8 MP,About 60 EUR,,"W-K560-EEA, W-K560-ID",LED flash,microUSB 2.0,PowerVR GE8300,"16GB 1GB RAM, 32GB 2GB RAM",microSDXC,"Deep Grey, Deep Green, Gold",HSDPA 850 / 900 / 1900 / 2100,,Android 10 (Go edition),Yes,5 MP,,Quad-core 1.8 GHz,,,,FM radio,,Li-Ion 3000 mAh,GSM 850 / 900 / 1800 / 1900,"5.99 inches, 92.6 cm2(~73.5% screen-to-body ratio)",,190 g (6.70 oz),2020,Wiko Y61,,GSM / HSPA / LTE,,LED flash,,,GPS,,,"HSPA 42.2/5.76 Mbps, LTE Cat4 150/50 Mbps",
eMMC 5.1,"IPS LCD, 450 nits (peak)",167 x 76.8 x 8.5 mm (6.57 x 3.02 x 0.33 in),https://fdn2.gsmarena.com/vv/bigpic/wiko-view4-lite.jpg,,"4.2, A2DP, LE",Yes,Mediatek MT6762D Helio A25 (12 nm),No,Nano-SIM + Nano-SIM,"1, 3, 5, 7, 8, 20, 28, 40",1080p@30fps,Wiko,,Available. Released 2020,"Accelerometer, proximity, compass","720 x 1600 pixels, 20:9 ratio (~269 ppi density)",,Wi-Fi 802.11 b/g/n,5 MP,About 80 EUR,,,,"microUSB 2.0, OTG",PowerVR GE8320,"32GB 2GB RAM, 64GB 2GB RAM",microSDXC,"Deep Blue, Deep Green, Deep Gold",HSDPA 850 / 900 / 1900 / 2100,,Android 10,Yes,,13 MP5 MP2 MP,Octa-core (4x1.8 GHz Cortex-A53 & 4x1.5 GHz Cortex-A53),,,,FM radio,,Li-Po 4000 mAh,GSM 850 / 900 / 1800 / 1900,"6.52 inches, 102.6 cm2(~80.0% screen-to-body ratio)",,174 g (6.14 oz),2020,Wiko View4 Lite,,GSM / HSPA / LTE,,"LED flash, HDR",,,GPS,,,"HSPA 42.2/5.76 Mbps, LTE Cat4 150/50 Mbps",
eMMC 5.1,"IPS LCD, 450 nits (peak)",165.7 x 75.8 x 8.9 mm (6.52 x 2.98 x 0.35 in),https://fdn2.gsmarena.com/vv/bigpic/wiko-view4.jpg,,"4.2, A2DP, LE",Yes,Mediatek MT6762D Helio A25 (12 nm),No,Nano-SIM + Nano-SIM,"1, 3, 5, 7, 8, 20, 28, 40",1080p@30fps,Wiko,,"Available. Released 2020, February","Accelerometer, proximity, compass","720 x 1600 pixels, 20:9 ratio (~269 ppi density)",,Wi-Fi 802.11 b/g/n,8 MP,About 160 EUR,,,,"microUSB 2.0, OTG",PowerVR GE8320,64GB 3GB RAM,microSDXC,"Cosmic Blue, Cosmic Gold, Cosmic Green",HSDPA 850 / 900 / 1900 / 2100,,Android 10,Yes,,"13 MP, (wide)5 MP, 114˚, (ultrawide)2 MP, (depth)",Octa-core (4x1.8 GHz Cortex-A53 & 4x1.5 GHz Cortex-A53),0.38 W/kg (head)     1.69 W/kg (body),,,FM radio,,Li-Po 5000 mAh,GSM 850 / 900 / 1800 / 1900,"6.52 inches, 102.6 cm2(~81.7% screen-to-body ratio)",,180 g (6.35 oz),"2020, February",Wiko View4,,GSM / HSPA / LTE,,"LED flash, HDR",,,GPS,,,"HSPA 42.2/5.76 Mbps, LTE Cat4 150/50 Mbps",
eMMC 5.1,TN TFT LCD,146 x 73.5 x 8.7 mm (5.75 x 2.89 x 0.34 in),https://fdn2.gsmarena.com/vv/bigpic/wiko-sunny4.jpg,,"4.2, A2DP, LE",Yes,,No,Nano-SIM + Micro-SIM,,720p@30fps,Wiko,,Available. Released 2020,Accelerometer,"480 x 854 pixels, 16:9 ratio (~196 ppi density)",,Wi-Fi 802.11 b/g/n,5 MP,About 50 EUR,,,LED flash,microUSB 2.0,,16GB 1GB RAM,microSDXC,"Dark Grey, Blue, Gold",HSDPA 850 / 900 / 1900 / 2100,,Android 8.1 (Oreo),Yes,5 MP,,Quad-core 1.3 GHz Cortex-A7,,,,FM radio,,Li-Ion 2200 mAh,GSM 850 / 900 / 1800 / 1900,"5.0 inches, 68.9 cm2(~64.2% screen-to-body ratio)",,160 g (5.64 oz),2020,Wiko Sunny4,,GSM / HSPA,,"LED flash, HDR, panorama",,,GPS,,,HSPA 21.1/5.76 Mbps,
eMMC 5.1,IPS LCD,155.5 x 73 x 8.7 mm (6.12 x 2.87 x 0.34 in),https://fdn2.gsmarena.com/vv/bigpic/wiko-view3-lite.jpg,,"4.2, A2DP, LE",Yes,Unisoc SC9863A (28 nm),No,Nano-SIM + Nano-SIM,"1, 3, 5, 7, 8, 20, 28, 40",1080p@30fps,Wiko,,Available. Released 2020,"Accelerometer, proximity, compass","720 x 1560 pixels, 19.5:9 ratio (~282 ppi density)",,Wi-Fi 802.11 b/g/n,5 MP,About 90 EUR,,,,"microUSB 2.0, OTG",IMG8322,32GB 2GB RAM,microSDXC,"Night Blue (Anthracite Blue), Blush Gold, Arctic B",HSDPA 850 / 900 / 1900 / 2100,,Android 9.0 Pie,Yes,,,Octa-core (4x1.6 GHz Cortex-A55 & 4x1.2 GHz Cortex-A55),,,"13 MP, AF2 MP",FM radio,,Li-Po 4000 mAh,GSM 850 / 900 / 1800 / 1900,"6.09 inches, 91.0 cm2(~80.2% screen-to-body ratio)",,160.1 g (5.64 oz),2020,Wiko View3 Lite,,GSM / HSPA / LTE,,"LED flash, HDR",,,GPS,,,"HSPA 42.2/5.76 Mbps, LTE Cat4 150/50 Mbps",
eMMC 5.1,TFT LCD,146.8 x 71.8 x 9.3 mm (5.78 x 2.83 x 0.37 in),https://fdn2.gsmarena.com/vv/bigpic/wiko-y60.jpg,eMMC 5.1,"4.2, A2DP, LE",Yes,,No,Nano-SIM + Micro-SIM,"1, 3, 7, 8, 20",1080p@30fps,Wiko,,Available. Released 2020,"Accelerometer, proximity, compass","480 x 960 pixels, 18:9 ratio (~197 ppi density)",,Wi-Fi 802.11 b/g/n,5 MP,About 50 EUR,,W-K510-OPE,,microUSB 2.0,PowerVR GE8100,16GB 1GB RAM,microSDXC,"Gradient Dark Bleen (Anthracite Blue), Gradient Bl",HSDPA 850 / 900 / 1900 / 2100,,Android 9.0 Pie (Go edition),Yes,5 MP,,Quad-core 1.3 GHz Cortex-A53,,,,FM radio,,Li-Ion 2500 mAh,GSM 850 / 900 / 1800 / 1900,"5.45 inches, 76.7 cm2(~72.7% screen-to-body ratio)",,177.7 g (6.28 oz),2020,Wiko Y60,,GSM / HSPA / LTE,,LED flash,,,GPS,,,"HSPA 42.2/5.76 Mbps, LTE Cat4 150/50 Mbps",
,TN TFT LCD,148 x 72 x 9.3 mm (5.83 x 2.83 x 0.37 in),https://fdn2.gsmarena.com/vv/bigpic/wiko-view3-plus.jpg,,"4.0, A2DP, LE",Yes,,No,"Dual SIM (Micro-SIM, dual stand-by)",,1080p@30fps,Wiko,,Available. Released 2019,"Accelerometer, proximity","480 x 960 pixels, 18:9 ratio (~197 ppi density)",,Wi-Fi 802.11 b/g/n,5 MP,About 50 EUR,,,,microUSB 2.0,Mali-400 MP2,8GB 1GB RAM,microSDXC,"Anthracite, Gold, Cherry Red, Grey",HSDPA 850 / 900 / 2100,,Android 8.0 Oreo (Go edition),Yes,2 MP,,Quad-core 1.3 GHz Cortex-A7,,,,FM radio,,Li-Ion 2200 mAh,GSM 850 / 900 / 1800 / 1900,"5.45 inches, 76.7 cm2(~71.9% screen-to-body ratio)",,175 g (6.17 oz),2019,Wiko Sunny3 Plus,,GSM / HSPA,,"LED flash, HDR",,,GPS,,,HSPA 21.1/5.76 Mbps,
,TN LCD,146 x 73.5 x 8.7 mm (5.75 x 2.89 x 0.34 in),https://fdn2.gsmarena.com/vv/bigpic/wiko-y50-new.jpg,,"4.2, A2DP",Yes,,No,Nano-SIM + Micro-SIM,,720p@30fps,Wiko,,"Available. Released 2019, July",Accelerometer,"480 x 854 pixels, 16:9 ratio (~196 ppi density)",,Wi-Fi 802.11 b/g/n,5 MP,About 50 EUR,,,LED flash,microUSB 2.0,Mali-T820 MP1,"16GB 1GB RAM, 32GB 1GB RAM",microSDXC,"Dark Grey, Blue, Gold",HSDPA 850 / 900 / 1900 / 2100,,Android 8.1 (Oreo) (Go Edition),Yes,5 MP,,Quad-core 1.3 GHz Cortex-A7,0.86 W/kg (head)     1.40 W/kg (body),,,FM Radio,,Li-Ion 2200 mAh,GSM 850 / 900 / 1800 / 1900,"5.0 inches, 68.9 cm2(~64.2% screen-to-body ratio)",,160 g (5.64 oz),"2019, July",Wiko Y50,,GSM / HSPA,,"LED flash, HDR, panorama",,,GPS,,,HSPA 42.2/5.76 Mbps,
,IPS LCD,160 x 77 x 9 mm (6.30 x 3.03 x 0.35 in),https://fdn2.gsmarena.com/vv/bigpic/wiko-y70-new.jpg,,"4.2, A2DP",Yes,,No,"Dual SIM (Micro-SIM, dual stand-by)",,1080p@30fps,Wiko,,"Available. Released 2019, July","Accelerometer, proximity, compass","720 x 1440 pixels, 18:9 ratio (~269 ppi density)",,Wi-Fi 802.11 b/g/n,"8 MP, AF",About 80 EUR,,,LED flash,"microUSB 2.0, OTG",Mali-T820 MP1,16GB 1GB RAM,microSDHC,"Gradient Dark Blue, Gold",HSDPA 850 / 900 / 1900 / 2100,,Android 9.0 Pie (Go Edition),"Yes, with dual speakers",5 MP,,Quad-core 1.3 GHz Cortex-A7,0.50 W/kg (head)     1.61 W/kg (body),,,FM Radio,,Li-Ion 3730 mAh,GSM 850 / 900 / 1800 / 1900,"5.99 inches, 92.6 cm2(~75.2% screen-to-body ratio)",,167 g (5.89 oz),"2019, July",Wiko Y70,,GSM / HSPA,,"LED flash, HDR, panorama",,,GPS,,,HSPA 21/5.76 Mbps,
,IPS LCD,160 x 77 x 9 mm (6.30 x 3.03 x 0.35 in),https://fdn2.gsmarena.com/vv/bigpic/wiko-jerry4-new.jpg,,"4.2, A2DP",Yes,,No,"Dual SIM (Micro-SIM, dual stand-by)",,1080p@30fps,Wiko,,"Available. Released 2019, July","Accelerometer, proximity, compass","720 x 1440 pixels, 18:9 ratio (~269 ppi density)",,Wi-Fi 802.11 b/g/n,"8 MP, AF",About 80 EUR,,,LED flash,"microUSB 2.0, OTG",Mali-T820 MP1,16GB 1GB RAM,microSDHC,"Gradient Dark Blue, Gold",HSDPA 900 / 2100,,Android 9.0 Pie (Go Edition),"Yes, with dual speakers",5 MP,,Quad-core 1.3 GHz Cortex-A7,0.50 W/kg (head)     1.61 W/kg (body),,,FM radio,,Li-Po 3730 mAh,GSM 850 / 900 / 1800 / 1900,"5.99 inches, 92.6 cm2(~75.2% screen-to-body ratio)",,167 g (5.89 oz),"2019, July",Wiko Jerry4,,GSM / HSPA,,"LED flash, HDR, panorama",,,GPS,,,HSPA 21.1/5.76 Mbps,
eMMC 5.1,IPS LCD,147.6 x 71.3 x 8.4 mm (5.81 x 2.81 x 0.33 in),https://fdn2.gsmarena.com/vv/bigpic/wiko-tommy3-plus.jpg,eMMC 5.1,"4.2, A2DP, LE",Yes,Mediatek MT6739WA (28 nm),No,"Dual SIM (Micro-SIM, dual stand-by)","1, 3, 7, 20",1080p@30fps,Wiko,"Anthracite Matte, Anthracite Mirror, Gold, Cherry",Available. Released 2019,"Accelerometer, proximity, compass","720 x 1440 pixels, 18:9 ratio (~295 ppi density)",,Wi-Fi 802.11 b/g/n,"13 MP, AF",About 80 EUR,,,LED flash,"microUSB 2.0, OTG",PowerVR GE8100,16GB 2GB RAM,microSDXC,,HSDPA 850 / 900 / 1900 / 2100,,Android 8.1 (Oreo),Yes,5 MP,,Quad-core 1.3 GHz Cortex-A53,,,,FM radio,,Li-Po 2900 mAh,GSM 850 / 900 / 1800 / 1900,"5.45 inches, 76.7 cm2(~72.8% screen-to-body ratio)",,150 g (5.29 oz),2019,Wiko Tommy3 Plus,,GSM / HSPA / LTE,,"LED flash, HDR, panorama",,,GPS,,,"HSPA 42.2/5.76 Mbps, LTE Cat4 150/50 Mbps",
eMMC 5.1,IPS LCD,148 x 72 x 9.1 mm (5.83 x 2.83 x 0.36 in),https://fdn2.gsmarena.com/vv/bigpic/wiko-jerry3.jpg,eMMC 5.1,"4.0, A2DP",Yes,,No,"Dual SIM (Micro-SIM, dual stand-by)",,1080p@30fps,Wiko,,Available. Released 2019,"Accelerometer, proximity, compass","480 x 960 pixels, 18:9 ratio (~197 ppi density)",,Wi-Fi 802.11 b/g/n,5 MP,About 60 EUR,,,,microUSB 2.0,Mali-400 MP2,16GB 1GB RAM,microSDXC,"Anthracite, Gold, Bleen, Cherry Red",HSDPA 900 / 2100,,Android 8.0 Oreo (Go edition),Yes,5 MP,,Quad-core 1.3 GHz Cortex-A7,,,,FM radio,,Li-Po 2500 mAh,GSM 850 / 900 / 1800 / 1900,"5.45 inches, 76.7 cm2(~71.9% screen-to-body ratio)",,172 g (6.07 oz),2019,Wiko Jerry3,,GSM / HSPA,,"LED flash, HDR",,,GPS,,,HSPA 21.1/5.76 Mbps,
,IPS LCD,160 x 76.5 x 8.6 mm (6.30 x 3.01 x 0.34 in),https://fdn2.gsmarena.com/vv/bigpic/wiko-y80.jpg,,"4.2, A2DP, LE",Yes,Unisoc SC9863A (28 nm),No,Nano-SIM + Micro-SIM,"1, 3, 5, 7, 8, 20",1080p@30fps,Wiko,"Dark Blue, Bleen, Gold","Available. Released 2019, April","Accelerometer, proximity, compass","720 x 1440 pixels, 18:9 ratio (~269 ppi density)",,Wi-Fi 802.11 b/g/n,5 MP,About 80 EUR,,W-V720-SUN,,"microUSB 2.0, OTG",IMG8322,16GB 2GB RAM,microSDXC,,HSDPA 850 / 900 / 1900 / 2100,,Android 9.0 Pie,Yes,,,Octa-core (4x1.6 GHz Cortex-A55 & 4x1.2 GHz Cortex-A55),,,"13 MP, AF2 MP",FM radio,,"Li-Po 4000 mAh, non-removable",GSM 850 / 900 / 1800 / 1900,"5.99 inches, 92.6 cm2(~75.6% screen-to-body ratio)",,185 g (6.53 oz),"2019, April",Wiko Y80,,GSM / HSPA / LTE,,"LED flash, HDR, panorama",,,GPS,,0.49 W/kg (head)     1.35 W/kg (body),"HSPA 42.2/5.76 Mbps, LTE Cat4 150/50 Mbps",
,TFT LCD,146.7 x 74 x 10 mm (5.78 x 2.91 x 0.39 in),https://fdn2.gsmarena.com/vv/bigpic/wiko-sunny3.jpg,,"4.0, A2DP, LE",Yes,,No,"Dual SIM (Micro-SIM, dual stand-by)",,720p@30fps,Wiko,"Anthracite, Gold, Silver, Bleen, Cherry Red","Available. Released 2019, Q1","Accelerometer, proximity","480 x 854 pixels, 16:9 ratio (~196 ppi density)",,Wi-Fi 802.11 b/g/n,5 MP,,,,,microUSB 2.0,Mali-T820 MP1,8GB 512MB RAM,microSDXC,,HSDPA 900 / 2100,,Android 8.0 Oreo (Go edition),Yes,2 MP,,Quad-core 1.3 GHz Cortex-A7,,,,FM radio,,"Li-Ion 2000 mAh, removable",GSM 850 / 900 / 1800 / 1900,"5.0 inches, 68.9 cm2(~63.5% screen-to-body ratio)",,140 g (4.94 oz),"2019, Q1",Wiko Sunny3,,GSM / HSPA,,"LED flash, HDR, panorama",,,GPS,,0.48 W/kg (head)     1.80 W/kg (body),HSPA 21.1/5.76 Mbps,
eMMC 5.1,IPS LCD,159.5 x 75 x 8.1 mm (6.28 x 2.95 x 0.32 in),https://fdn2.gsmarena.com/vv/bigpic/wiko-view3-pro.jpg,,"4.2, A2DP, LE",Yes,Mediatek MT6771 Helio P60 (12 nm),Yes,Nano-SIM + Nano-SIM,"1, 3, 7, 8, 20, 28, 40",1080p@30fps,Wiko,,"Available. Released 2019, May","Fingerprint (rear-mounted), accelerometer, gyro, proximity, compass","1080 x 2340 pixels, 19.5:9 ratio (~409 ppi density)",,"Wi-Fi 802.11 a/b/g/n/ac, dual-band, Wi-Fi Direct","16 MP, f/2.0, 26mm (wide), 1/3.06"", 1.0µm, PDAF",About 250 EUR,,,HDR,USB Type-C 2.0,Mali-G72 MP3,"64GB 4GB RAM, 128GB 6GB RAM",microSDXC (uses shared SIM slot),"Nightfall (Anthracite Blue/Gold), Ocean (Deep Bleen)",HSDPA 850 / 900 / 1900 / 2100,,Android 9.0 (Pie),Yes,,"12 MP, 27mm (wide), 1/2.9"", 1.25µm, PDAF13 MP, 16mm (ultrawide)5 MP, f/2.4, (depth)",Octa-core (4x2.0 GHz Cortex-A73 & 4x2.0 GHz Cortex-A53),,,,FM radio,,"Li-Po 4000 mAh, non-removable",GSM 850 / 900 / 1800 / 1900,"6.3 inches, 97.4 cm2(~81.4% screen-to-body ratio)",,184 g (6.49 oz),"2019, February",Wiko View3 Pro,1080p@30fps,GSM / HSPA / LTE,,"LED flash, HDR, panorama",,,"GPS, GLONASS, GALILEO, BDS",,0.61 W/kg (head)     1.50 W/kg (body),"HSPA 42.2/5.76 Mbps, LTE (2CA) Cat6 300/150 Mbps",
eMMC 5.1,IPS LCD,159 x 76.5 x 8.2 mm (6.26 x 3.01 x 0.32 in),https://fdn2.gsmarena.com/vv/bigpic/wiko-view-3.jpg,,"4.2, A2DP, LE",Yes,Mediatek MT6762WB Helio P22 (12 nm),No,Nano-SIM + Nano-SIM,"1, 3, 7, 8, 20, 28, 40",1080p@30fps,Wiko,,"Available. Released 2019, May","Fingerprint (rear-mounted), accelerometer, gyro, proximity, compass","720 x 1520 pixels, 19:9 ratio (~269 ppi density)",,"Wi-Fi 802.11 b/g/n, Wi-Fi Direct",8 MP,About 180 EUR,,W-P311-EEA,HDR,"microUSB 2.0, OTG",PowerVR GE8320,"32GB 3GB RAM, 64GB 3GB RAM",microSDXC (uses shared SIM slot),"Night Blue (Anthracite Blue), Blush Gold, Electro Bleen",HSDPA 850 / 900 / 1900 / 2100,,Android 9.0 (Pie),Yes,,"12 MP, 27mm (wide), 1/2.9"", 1.25µm, PDAF13 MP, 120˚, 16mm (ulrawide)2 MP, (depth)",Octa-core 2.0 GHz Cortex-A53,,,,FM radio,,"Li-Po 4000 mAh, non-removable",GSM 850 / 900 / 1800 / 1900,"6.26 inches, 97.8 cm2(~80.4% screen-to-body ratio)",,178 g (6.28 oz),"2019, February",Wiko View3,1080p@30fps,GSM / HSPA / LTE,,"LED flash, HDR, panorama",,,"GPS, GLONASS, GALILEO, BDS",,0.25 W/kg (head)     1.09 W/kg (body),"HSPA 42.2/5.76 Mbps, LTE Cat4 150/50 Mbps",
eMMC 5.1,IPS LCD,153.6 x 73.1 x 8.5 mm (6.05 x 2.88 x 0.33 in),https://fdn2.gsmarena.com/vv/bigpic/wiko-view2-go.jpg,,"4.2, A2DP, LE",Yes,Qualcomm MSM8937 Snapdragon 430 (28 nm),Yes (optional),Nano-SIM + Nano-SIM,"1, 3, 7, 20",1080p@30fps,Wiko,,"Available. Released 2018, September","Fingerprint (rear-mounted), accelerometer, gyro, proximity, compass","720 x 1512 pixels, 19:9 ratio (~282 ppi density)",,"Wi-Fi 802.11 b/g/n, Wi-Fi Direct","12 MP, 1/2.9"", 1.25μm, PDAF",,,View2 Go,HDR,"microUSB 2.0, OTG",Adreno 505,32GB 3GB RAM,microSDXC (uses shared SIM slot),"Anthracite, Gold, Cherry Red, Deep Bleen, Supernova",HSDPA 850 / 900 / 1900 / 2100,,Android 8.1 (Oreo),Yes,"5 MP, f/2.0",,Octa-core 1.4 GHz Cortex-A53,,,,FM radio,,"Li-Po 4000 mAh, non-removable",GSM 850 / 900 / 1800 / 1900,"5.93 inches, 88.1 cm2(~78.4% screen-to-body ratio)",,160 g (5.64 oz),"2018, September",Wiko View2 Go,,GSM / HSPA / LTE,,"LED flash, panorama, HDR",,,GPS,,0.29 W/kg (head)     1.50 W/kg (body),"HSPA 42.2/11.5 Mbps, LTE Cat4 150/50 Mbps",
eMMC 5.1,IPS LCD,153.4 x 73.2 x 8.6 mm (6.04 x 2.88 x 0.34 in),https://fdn2.gsmarena.com/vv/bigpic/wiko-view2-plus.jpg,,"4.2, A2DP, LE",Yes,Qualcomm SDM450 Snapdragon 450 (14 nm),Yes (optional),Nano-SIM + Nano-SIM,"1, 3, 7, 8, 20, 40",1080p@60fps,Wiko,,"Available. Released 2018, September","Fingerprint (rear-mounted), accelerometer, gyro, proximity, compass","720 x 1512 pixels, 19:9 ratio (~282 ppi density)",,"Wi-Fi 802.11 b/g/n, Wi-Fi Direct","8 MP, f/2.0",,,,HDR,"microUSB 2.0, OTG",Adreno 506,64GB 4GB RAM,microSDXC (uses shared SIM slot),"Anthracite, Gold, Supernova",HSDPA 850 / 900 / 1900 / 2100,,Android 8.1 (Oreo),Yes,,,Octa-core 1.8 GHz Cortex-A53,,,"12 MP, 1/2.9"", 1.25μm, PDAF12 MP, 1/2.9"", 1.25μm, PDAF",FM radio,,"Li-Po 4000 mAh, non-removable",GSM 850 / 900 / 1800 / 1900,"5.93 inches, 88.1 cm2(~78.4% screen-to-body ratio)",,166 g (5.86 oz),"2018, September",Wiko View2 Plus,1080p@30fps,GSM / HSPA / LTE,,"LED flash, panorama, HDR",,,GPS,,0.38 W/kg (head)     1.50 W/kg (body),"HSPA 42.2/11.5 Mbps, LTE Cat4 150/50 Mbps",
eMMC 5.1,IPS LCD,157.8 x 75.8 x 7.9 mm (6.21 x 2.98 x 0.31 in),https://fdn2.gsmarena.com/vv/bigpic/wiko-view-max-.jpg,,"4.2, A2DP, LE",Yes,Mediatek MT6739WA (28 nm),No,Nano-SIM + Nano-SIM,"1, 3, 7, 20",1080p@30fps,Wiko,,"Available. Released 2018, March","Fingerprint (rear-mounted), accelerometer, gyro, proximity, compass","720 x 1440 pixels, 18:9 ratio (~269 ppi density)",,"Wi-Fi 802.11 b/g/n, Wi-Fi Direct","13 MP, PDAF",,,"W_P200, W_P200CM",HDR,"microUSB 2.0, OTG",PowerVR GE8100,"16GB 2GB RAM, 32GB 3GB RAM",microSDXC,"Anthracite, Gold, Black",HSDPA 850 / 900 / 1900 / 2100,,Android 8.1 (Oreo),Yes,8 MP,,Quad-core 1.3 GHz Cortex-A53,,,,FM radio,,"Li-Po 4000 mAh, non-removable",GSM 850 / 900 / 1800 / 1900,"5.99 inches, 92.6 cm2(~77.4% screen-to-body ratio)",,158 g (5.57 oz),"2018, March",Wiko View Max,1080p@30fps,GSM / HSPA / LTE,,"LED flash, panorama, HDR",,,GPS,,0.32 W/kg (head)     1.25 W/kg (body),"HSPA 42.2/11.5 Mbps, LTE Cat4 150/50 Mbps",
eMMC 5.1,IPS LCD,153 x 72.6 x 8.3 mm (6.02 x 2.86 x 0.33 in),https://fdn2.gsmarena.com/vv/bigpic/wiko-view2-pro.jpg,,"4.2, A2DP, LE",Yes,Qualcomm SDM450 Snapdragon 450 (14 nm),Yes,Nano-SIM + Nano-SIM,"1, 3, 7, 8, 20",1080p@60fps,Wiko,,"Available. Released 2018, May","Fingerprint (rear-mounted), accelerometer, gyro, proximity, compass",720 x 1528 pixels (~282 ppi density),"Glass front (Gorilla Glass), aluminum back, aluminum frame","Wi-Fi 802.11 b/g/n, Wi-Fi Direct","16 MP, f/2.0, 26mm (wide), 1/3.06"", 1.0µm",About 300 EUR,,W_C860,,"microUSB 2.0, OTG",Adreno 506,64GB 4GB RAM,microSDXC (uses shared SIM slot),"Black, Gold",HSDPA 850 / 900 / 1900 / 2100,,Android 8.0 (Oreo),Yes,,,Octa-core 1.8 GHz Cortex-A53,,,"16 MP, f/1.8, dual pixel PDAF16 MP, f/1.8, dual pixel PDAF",Stereo FM radio,,"Li-Po 3000 mAh, non-removable",GSM 850 / 900 / 1800 / 1900,"6.0 inches, 89.6 cm2(~80.6% screen-to-body ratio)",,164 g (5.78 oz),"2018, February",Wiko View2 Pro,1080p@30fps,GSM / HSPA / LTE,,"Dual-LED dual-tone flash, panorama",,Corning Gorilla Glass,GPS,,,"HSPA 21.1/5.76 Mbps, LTE (2CA) Cat6 300/50 Mbps",
eMMC 5.1,IPS LCD,154.5 x 72 x 8.3 mm (6.08 x 2.83 x 0.33 in),https://fdn2.gsmarena.com/vv/bigpic/wiko-view2.jpg,,"4.2, A2DP, LE",Yes,Qualcomm MSM8940 Snapdragon 435 (28 nm),Yes,Nano-SIM + Nano-SIM,"1, 3, 7, 8, 20",1080p@30fps,Wiko,,"Available. Released 2018, May","Fingerprint (rear-mounted), accelerometer, gyro, proximity, compass",720 x 1528 pixels (~282 ppi density),"Glass front (Gorilla Glass), aluminum back, aluminum frame","Wi-Fi 802.11 b/g/n, Wi-Fi Direct","13 MP, PDAF",About 200 EUR,,W_C800,,"microUSB 2.0, OTG",Adreno 505,32GB 3GB RAM,microSDXC (uses shared SIM slot),"Anthracite, Gold, Grey",HSDPA 850 / 900 / 1900 / 2100,,Android 8.0 (Oreo),Yes,"16 MP, f/2.0, 26mm (wide), 1/3.06"", 1.0µm",,Octa-core 1.4 GHz Cortex-A53,,,,Stereo FM radio,,"Li-Po 3000 mAh, non-removable",GSM 850 / 900 / 1800 / 1900,"6.0 inches, 89.6 cm2(~80.5% screen-to-body ratio)",,153 g (5.40 oz),"2018, February",Wiko View2,1080p@30fps,GSM / HSPA / LTE,,"LED flash, panorama",,Corning Gorilla Glass,GPS,,0.43 W/kg (head)     1.33 W/kg (body),"HSPA 21.1/5.76 Mbps, LTE (2CA) Cat6 300/50 Mbps",
eMMC 5.1,IPS LCD,152.3 x 72.8 x 8.3 mm (6.00 x 2.87 x 0.33 in),https://fdn2.gsmarena.com/vv/bigpic/wiko-vprm.jpg,,"4.2, A2DP, LE",Yes,Qualcomm MSM8937 Snapdragon 430 (28 nm),No,Nano-SIM + Nano-SIM,"1, 3, 7, 20",1080p@30fps,Wiko,,"Available. Released 2017, September","Fingerprint (rear-mounted), accelerometer, gyro, proximity, compass","720 x 1440 pixels, 18:9 ratio (~282 ppi density)",,"Wi-Fi 802.11 b/g/n, Wi-Fi Direct","16 MP, AF",About 190 EUR,,,,"microUSB 2.0, OTG",Adreno 505,64GB 4GB RAM,microSDXC,"Black, Gold, Deep Bleen, Cherry Red",HSDPA 850 / 900 / 1900 / 2100,,Android 7.1 (Nougat),Yes,,,Octa-core 1.4 GHz Cortex-A53,,,"20 MP, f/2.0, (wide), 1/2.8"", 1.0µm8 MP",Stereo FM radio,,"Li-Po 3000 mAh, non-removable",GSM 850 / 900 / 1800 / 1900 - SIM 1 & SIM 2,"5.7 inches, 83.8 cm2(~75.6% screen-to-body ratio)",,162 g (5.71 oz),"2017, September",Wiko View Prime,,GSM / HSPA / LTE,,"LED flash, panorama, HDR",,,GPS,,0.19 W/kg (head)     1.62 W/kg (body),"HSPA 42.2/5.76 Mbps, LTE Cat4 150/50 Mbps",
eMMC 5.1,IPS LCD,158.1 x 76.5 x 8.2 mm (6.22 x 3.01 x 0.32 in),https://fdn2.gsmarena.com/vv/bigpic/wiko-vxl.jpg,,"4.2, A2DP, LE",Yes,Qualcomm MSM8917 Snapdragon 425 (28 nm),No,Nano-SIM + Nano-SIM,"1, 3, 7, 20",1080p@30fps,Wiko,,"Available. Released 2017, October","Fingerprint (rear-mounted), accelerometer, gyro, proximity, compass","720 x 1440 pixels, 18:9 ratio (~269 ppi density)",,"Wi-Fi 802.11 b/g/n, Wi-Fi Direct","13 MP, AF",,,,,"microUSB 2.0, OTG",Adreno 308,32GB 3GB RAM,microSDXC,"Black, Gold, Deep Bleen, Cherry Red",HSDPA 850 / 900 / 1900 / 2100,,Android 7.1 (Nougat),Yes,"16 MP, f/2.2, 26mm (wide), 1/3.06"", 1.0µm",,Quad-core 1.4 GHz Cortex-A53,,,,Stereo FM radio,,"Li-Po 3000 mAh, removable",GSM 850 / 900 / 1800 / 1900 - SIM 1 & SIM 2,"5.99 inches, 92.6 cm2(~76.6% screen-to-body ratio)",,171 g (6.03 oz),"2017, October",Wiko View XL,,GSM / HSPA / LTE,,"LED flash, panorama, HDR",,,GPS,,0.20 W/kg (head)     1.28 W/kg (body),"HSPA 42.2/5.76 Mbps, LTE Cat4 150/50 Mbps",
eMMC 5.1,IPS LCD,151.5 x 73.1 x 8.7 mm (5.96 x 2.88 x 0.34 in),https://fdn2.gsmarena.com/vv/bigpic/wiko-v.jpg,,"4.2, A2DP, LE",Yes,Qualcomm MSM8917 Snapdragon 425 (28 nm),No,"Dual SIM (Micro-SIM, dual stand-by)","1, 3, 7, 20",1080p@30fps,Wiko,,"Available. Released 2017, September","Fingerprint (rear-mounted), accelerometer, gyro, proximity, compass","720 x 1440 pixels, 18:9 ratio (~282 ppi density)",,"Wi-Fi 802.11 b/g/n, Wi-Fi Direct","13 MP, AF",About 150 EUR,,View,,"microUSB 2.0, OTG",Adreno 308,"16GB 3GB RAM, 32GB 3GB RAM",microSDXC,"Black, Gold, Deep Bleen, Cherry Red",HSDPA 850 / 900 / 1900 / 2100,,Android 7.1 (Nougat),Yes,"16 MP, f/2.2, 26mm (wide), 1/3.06"", 1.0µm",,Quad-core 1.4 GHz Cortex-A53,,,,Stereo FM radio,,"Li-Po 2900 mAh, removable",GSM 850 / 900 / 1800 / 1900 - SIM 1 & SIM 2,"5.7 inches, 83.8 cm2(~75.7% screen-to-body ratio)",,160 g (5.64 oz),"2017, September",Wiko View,,GSM / HSPA / LTE,,"LED flash, panorama, HDR",,,GPS,,0.40 W/kg (head)     1.30 W/kg (body),"HSPA 42.2/5.76 Mbps, LTE Cat4 150/50 Mbps",
eMMC 5.1,AMOLED,156.2 x 75.3 x 7.9 mm (6.15 x 2.96 x 0.31 in),https://fdn2.gsmarena.com/vv/bigpic/wiko-w.jpg,,"4.2, A2DP, LE",Yes,Qualcomm MSM8953-Pro Snapdragon 626 (14 nm),No,Nano-SIM + Nano-SIM,"1, 2, 3, 5, 7, 8, 12, 17, 20, 28, 38, 40","4K@30fps, 1080p@30fps",Wiko,,"Available. Released 2017, February","Fingerprint (front-mounted), accelerometer, gyro, proximity, compass","1080 x 1920 pixels, 16:9 ratio (~401 ppi density)",,"Wi-Fi 802.11 a/b/g/n/ac, dual-band, Wi-Fi Direct","13 MP, f/2.0, PDAF13 MP B/W",,,,LED flash,"microUSB 2.0, OTG",Adreno 506,64GB 4GB RAM,microSDXC,"Black, Gold, Deep Bleen",HSDPA 850 / 900 / 1900 / 2100,,Android 7.1 (Nougat),Yes,"16 MP, f/2.2, 26mm (wide), 1/3.06"", 1.0µm",,Octa-core 2.2 GHz Cortex-A53,,,,Stereo FM radio,,"Li-Po 3200 mAh, non-removable",GSM 850 / 900 / 1800 / 1900 - SIM 1 & SIM 2,"5.5 inches, 83.4 cm2(~70.9% screen-to-body ratio)","18W wired, QC3",160 g (5.64 oz),"2017, February",Wiko WIM,1080p@30fps,GSM / HSPA / LTE,,"Dual-LED dual-tone flash, panorama, HDR",,Corning Gorilla Glass 3,"GPS, GLONASS, BDS, GALILEO",,1.49 W/kg (head)     1.25 W/kg (body),"HSPA 42.2/5.76 Mbps, LTE (2CA) Cat6 300/50 Mbps",
eMMC 5.1,IPS LCD,144 x 71.7 x 8.8 mm (5.67 x 2.82 x 0.35 in),https://fdn2.gsmarena.com/vv/bigpic/wiko-wl.jpg,,"4.2, A2DP, LE",Yes,Qualcomm MSM8940 Snapdragon 435 (28 nm),No,Nano-SIM + Nano-SIM,"1, 3, 7, 8, 20","4K@30fps, 1080p@30fps",Wiko,,"Available. Released 2017, February","Fingerprint (rear-mounted), accelerometer, gyro, proximity, compass","1080 x 1920 pixels, 16:9 ratio (~441 ppi density)",,"Wi-Fi 802.11 b/g/n, Wi-Fi Direct","13 MP, f/2.0, 1/3.1"", AF",,,,,"microUSB 2.0, OTG",Adreno 505,32GB 3GB RAM,microSDXC (uses shared SIM slot),"Black, Gold, Deep Bleen, Cherry Red",HSDPA 850 / 900 / 1900 / 2100,,Android 7.1 (Nougat),Yes,"16 MP, f/2.2, 26mm (wide), 1/3.06"", 1.0µm",,Octa-core 1.4 GHz Cortex-A53,,,,Stereo FM radio,,"Li-Po 3000 mAh, non-removable",GSM 850 / 900 / 1800 / 1900 - SIM 1 & SIM 2,"5.0 inches, 68.9 cm2(~66.8% screen-to-body ratio)",,149 g (5.26 oz),"2017, February",Wiko WIM Lite,1080p@30fps,GSM / HSPA / LTE,,"Dual-LED flash, panorama, HDR",,,"GPS, GLONASS, BDS",,0.43 W/kg (head)     1.46 W/kg (body),"HSPA 42.2/5.76 Mbps, LTE (2CA) Cat6 300/50 Mbps",
,IPS LCD,153.5 x 77.5 x 8.5 mm (6.04 x 3.05 x 0.33 in),https://fdn2.gsmarena.com/vv/bigpic/wiko-upls.jpg,,"4.0, A2DP",Yes,,No,"Dual SIM (Micro-SIM, dual stand-by)","1, 3, 7, 20",1080p@30fps,Wiko,,Available. Released 2017,"Fingerprint (rear-mounted), accelerometer, gyro, proximity, compass","720 x 1280 pixels, 16:9 ratio (~267 ppi density)",,Wi-Fi 802.11 b/g/n,"13 MP, AF",,,U PULSE,LED flash,"microUSB 2.0, OTG",Mali-T720,32GB 3GB RAM,microSDXC,"Black, Gold, Deep Bleen, Cherry Red",HSDPA 850 / 900 / 1900 / 2100,,Android 7.0 (Nougat),Yes,8 MP,,Quad-core 1.3 GHz Cortex-A53,,,,FM radio,,"Li-Po 3000 mAh, non-removable",GSM 850 / 900 / 1800 / 1900,"5.5 inches, 83.4 cm2(~70.1% screen-to-body ratio)",,167 g (5.89 oz),2017,Wiko Upulse,,GSM / HSPA / LTE,,"LED flash, panorama, HDR",,,GPS,,,"HSPA 21.1/5.76 Mbps, LTE Cat4 150/50 Mbps",
,IPS LCD,144 x 72 x 8.4 mm (5.67 x 2.83 x 0.33 in),https://fdn2.gsmarena.com/vv/bigpic/wiko-upls-l.jpg,,"4.0, A2DP",Yes,,No,"Dual SIM (Micro-SIM, dual stand-by)","1, 3, 7, 20",1080p@30fps,Wiko,,Available. Released 2017,"Fingerprint (rear-mounted), accelerometer, gyro, proximity, compass","720 x 1280 pixels, 16:9 ratio (~282 ppi density)",,Wi-Fi 802.11 b/g/n,"13 MP, AF",,,,LED flash,"microUSB 2.0, OTG",Mali-T720,32GB 3GB RAM,microSDXC,"Black, Gold, Deep Bleen, Cherry Red",HSDPA 850 / 900 / 1900 / 2100,,Android 7.0 (Nougat),Yes,8 MP,,Quad-core 1.3 GHz Cortex-A53,,,,FM radio,,"Li-Po 3000 mAh, non-removable",GSM 850 / 900 / 1800 / 1900,"5.2 inches, 74.5 cm2(~71.9% screen-to-body ratio)",,157 g (5.54 oz),2017,Wiko Upulse lite,,GSM / HSPA / LTE,,"LED flash, panorama, HDR",,,GPS,,,"HSPA 21.1/5.76 Mbps, LTE Cat4 150/50 Mbps",
eMMC 5.1,IPS LCD,155.3 x 76.8 x 8.9 mm (6.11 x 3.02 x 0.35 in),https://fdn2.gsmarena.com/vv/bigpic/wiko-t2pl.jpg,,"4.2, A2DP, LE",Yes,Qualcomm MSM8917 Snapdragon 425 (28 nm),No,"Dual SIM (Micro-SIM, dual stand-by)","1, 3, 7, 20",1080p@30fps,Wiko,,"Available. Released 2017, September","Accelerometer, gyro, proximity, compass","720 x 1280 pixels, 16:9 ratio (~267 ppi density)",,"Wi-Fi 802.11 b/g/n, Wi-Fi Direct","13 MP, AF",,,,LED flash,"microUSB 2.0, OTG",Adreno 308,16GB 1GB RAM,microSDXC,"Black, Gold, Bleen, Lime, Rose Gold",HSDPA 850 / 900 / 1900 / 2100,,Android 7.1 (Nougat),Yes,5 MP,,Quad-core 1.4 GHz Cortex-A53,,,,Stereo FM radio,,"Li-Po 3000 mAh, non-removable",GSM 850 / 900 / 1800 / 1900 - SIM 1 & SIM 2,"5.5 inches, 83.4 cm2(~69.9% screen-to-body ratio)",,173 g (6.10 oz),"2017, September",Wiko Tommy2 Plus,,GSM / HSPA / LTE,,"LED flash, HDR, panorama",,,"GPS, GLONASS, BDS",,0.88 W/kg (head)     1.49 W/kg (body),"HSPA 42.2/5.76 Mbps, LTE Cat4 150/50 Mbps",
eMMC 4.5,IPS LCD,145 x 72.7 x 9.2 mm (5.71 x 2.86 x 0.36 in),https://fdn2.gsmarena.com/vv/bigpic/wiko-t2sl.jpg,,"4.1, A2DP, LE",Yes,Qualcomm MSM8909v2 Snapdragon 212 (28 nm),No,"Dual SIM (Micro-SIM, dual stand-by)","1, 3, 7, 20",720p@30fps,Wiko,,"Available. Released 2017, June","Accelerometer, proximity, compass","720 x 1280 pixels, 16:9 ratio (~294 ppi density)",,"Wi-Fi 802.11 b/g/n, Wi-Fi Direct","8 MP, AF",,,,,"microUSB 2.0, OTG",Adreno 304,8GB 1GB RAM,microSDXC,"True Black, Bleen, Blue, Rubi Red, Gold, Rose Gold",HSDPA 850 / 900 / 1900 / 2100,,Android 7.1 (Nougat),Yes,5 MP,,Quad-core 1.3 GHz Cortex-A7,,,,Stereo FM radio,,"Li-Po 2500 mAh, removable",GSM 850 / 900 / 1800 / 1900 - SIM 1 & SIM 2,"5.0 inches, 68.9 cm2(~65.4% screen-to-body ratio)",,159 g (5.61 oz),"2017, June",Wiko Tommy2,,GSM / HSPA / LTE,,"LED flash, HDR",,,GPS,,0.59 W/kg (head)     1.73 W/kg (body),"HSPA 42.2/5.76 Mbps, LTE Cat4 150/50 Mbps",
,IPS LCD,145 x 72.7 x 9.2 mm (5.71 x 2.86 x 0.36 in),https://fdn2.gsmarena.com/vv/bigpic/wiko-h.jpg,,"4.0, A2DP",Yes,,No,"Dual SIM (Micro-SIM, dual stand-by)","1, 3, 7, 20",720p@30fps,Wiko,,Available. Released 2017,"Accelerometer, gyro, proximity, compass","720 x 1280 pixels, 16:9 ratio (~294 ppi density)",,"Wi-Fi 802.11 b/g/n, Wi-Fi Direct","13 MP, AF",,,HARRY,,"microUSB 2.0, OTG",Mali-T720,16GB 3GB RAM,microSDXC,"Anthracite, Gold, Bleen",HSDPA 850 / 900 / 2100,,Android 7.0 (Nougat),Yes,5 MP,,Quad-core 1.3 GHz Cortex-A7,,,,Stereo FM radio,,"Li-Ion 2500 mAh, removable",GSM 850 / 900 / 1800 / 1900,"5.0 inches, 68.9 cm2(~65.4% screen-to-body ratio)",,160 g (5.64 oz),2017,Wiko Harry,,GSM / HSPA / LTE,,"LED flash, HDR",,,GPS,,0.44 W/kg (head)     1.03 W/kg (body),"HSPA 42.2/5.76 Mbps, LTE Cat4 150/50 Mbps",
,IPS LCD,144 x 72.8 x 9.3 mm (5.67 x 2.87 x 0.37 in),https://fdn2.gsmarena.com/vv/bigpic/wiko-j2.jpg,,"4.0, A2DP",Yes,,No,"Dual SIM (Micro-SIM, dual stand-by)",,Yes,Wiko,,Available. Released 2017,Accelerometer,"480 x 854 pixels, 16:9 ratio (~196 ppi density)",,"Wi-Fi 802.11 b/g/n, Wi-Fi Direct",5 MP,,,JERRY2,,microUSB 2.0,Mali-400 MP2,8GB 1GB RAM,microSDXC,"Space Grey, Silver, Gold, Bleen, Lime",HSDPA 900 / 2100,,Android 7.0 (Nougat),Yes,5 MP,,Quad-core 1.3 GHz Cortex-A7,,,,Stereo FM radio,,"Li-Ion 2500 mAh, removable",GSM 850 / 900 / 1800 / 1900,"5.0 inches, 68.9 cm2(~65.7% screen-to-body ratio)",,167 g (5.89 oz),2017,Wiko Jerry2,,GSM / HSPA,,"LED flash, HDR, panorama",,,GPS,,,HSPA 21.1/5.76 Mbps,
,IPS LCD,145.1 x 73.5 x 9.6 mm (5.71 x 2.89 x 0.38 in),https://fdn2.gsmarena.com/vv/bigpic/wiko-j.jpg,,"4.0, A2DP",Yes,,No,"Dual SIM (Micro-SIM/Mini-SIM, dual stand-by)",,Yes,Wiko,,Available. Released 2016,"Accelerometer, proximity, compass","480 x 854 pixels, 16:9 ratio (~196 ppi density)",,"Wi-Fi 802.11 b/g/n, Wi-Fi Direct",5 MP,,,JERRY,,microUSB 2.0,Mali-400,8GB 1GB RAM,microSDXC,"Orange/Space Grey, Bleen/Silver, Black/Space Grey, Pink/Silver, White/Space Grey",HSDPA 900 / 1900 / 2100,,Android 6.0 (Marshmallow),Yes,2 MP,,Quad-core 1.3 GHz Cortex-A7,,,,Stereo FM radio,,"Li-Ion 2000 mAh, removable",GSM 850 / 900 / 1800 / 1900,"5.0 inches, 68.9 cm2(~64.6% screen-to-body ratio)",,166 g (5.86 oz),2016,Wiko Jerry,,GSM / HSPA,,"LED flash, HDR, panorama",,,GPS,,,HSPA 21.1/5.76 Mbps,
HSDPA 850 / 900 / 2100,IPS LCD,144.7 x 72.4 x 10.1 mm (5.70 x 2.85 x 0.40 in),https://fdn2.gsmarena.com/vv/bigpic/wiko-k.jpg,"1, 3, 7, 20","4.0, A2DP",Yes,,No,"Dual SIM (Micro-SIM, dual stand-by)","3, 7, 20",1080p@30fps,Wiko,,Available. Released 2017,"Accelerometer, proximity, compass","480 x 854 pixels, 16:9 ratio (~196 ppi density)",,"Wi-Fi 802.11 b/g/n, Wi-Fi Direct",5 MP or 8 MP,,,,,"microUSB 2.0, OTG",Mali-T720,16GB 2GB RAM,microSDXC,"Anthracite, Gold, Bleen",HSDPA 850 / 900 / 1900 / 2100,,Android 7.0 (Nougat),Yes,5 MP,,Quad-core 1.1 GHz,,,,Stereo FM radio,,Li-Ion 2500 mAh battery,GSM 850 / 900 / 1800 / 1900,"5.0 inches, 68.9 cm2(~65.8% screen-to-body ratio)",,162 g (5.71 oz),2017,Wiko Kenny,,GSM / HSPA / LTE,,"LED flash, HDR, panorama",,,GPS,,,"HSPA 21.1/5.76 Mbps, LTE Cat4 150/50 Mbps",
,IPS LCD,143 x 73 x 9.9 mm (5.63 x 2.87 x 0.39 in),https://fdn2.gsmarena.com/vv/bigpic/wiko-l3.jpg,,"4.0, A2DP",Yes,,No,"Dual SIM (Micro-SIM, dual stand-by)",,1080p@30fps,Wiko,,Available. Released 2016,"Accelerometer, gyro, proximity, compass","720 x 1280 pixels, 16:9 ratio (~294 ppi density)",,Wi-Fi 802.11 b/g/n,"8 MP, AF",,,,,"microUSB 2.0, OTG",Mali-400,16GB 2GB RAM,microSDXC,"Space Grey, Bleen, Rose Gold, Gold",HSDPA 900 / 1900 / 2100,,Android 6.0 (Marshmallow),Yes,5 MP,,Quad-core 1.3 GHz Cortex-A7,,,,FM radio,,"Li-Po 4900 mAh, non-removable",GSM 850 / 900 / 1800 / 1900,"5.0 inches, 68.9 cm2(~66.0% screen-to-body ratio)",,177 g (6.24 oz),2016,Wiko Lenny3 Max,,GSM / HSPA,,"LED flash, panorama, HDR",,,GPS,,,HSPA 21.1/5.76 Mbps,
,IPS LCD,156 x 79 x 9.4 mm (6.14 x 3.11 x 0.37 in),https://fdn2.gsmarena.com/vv/bigpic/wiko-l4pl.jpg,,"4.0, A2DP",Yes,,No,"Dual SIM (Micro-SIM, dual stand-by)",,1080p@30fps,Wiko,,Available. Released 2017,"Accelerometer, proximity","720 x 1280 pixels, 16:9 ratio (~267 ppi density)",,Wi-Fi 802.11 b/g/n,"8 MP, AF",,,,,microUSB 2.0,Mali-400 MP2,16GB 1GB RAM,microSDXC,"Black, Gold, Bleen, Lime, Rose Gold",HSDPA 900 / 1900 / 2100,,Android 7.0 (Nougat),Yes,5 MP,,Quad-core 1.3 GHz Cortex-A7,,,,FM radio,,"Li-Ion 2500 mAh, removable",GSM 850 / 900 / 1800 / 1900,"5.5 inches, 83.4 cm2(~67.7% screen-to-body ratio)",,160 g (5.64 oz),2017,Wiko Lenny4 Plus,,GSM / HSPA,,"LED flash, panorama, HDR",,,GPS,,,HSPA 21.1/5.76 Mbps,
,IPS LCD,145 x 72.5 x 10.6 mm (5.71 x 2.85 x 0.42 in),https://fdn2.gsmarena.com/vv/bigpic/wiko-l4.jpg,,"4.0, A2DP",Yes,,No,"Dual SIM (Micro-SIM, dual stand-by)",,1080p@30fps,Wiko,,Available. Released 2017,"Accelerometer, proximity","720 x 1280 pixels, 16:9 ratio (~294 ppi density)",,Wi-Fi 802.11 b/g/n,"8 MP, AF",,,,,microUSB 2.0,Mali-400 MP2,16GB 1GB RAM,microSDXC,"Black, Gold, Bleen, Lime, Rose Gold",HSDPA 900 / 1900 / 2100,,Android 7.0 (Nougat),Yes,5 MP,,Quad-core 1.3 GHz Cortex-A7,,,,FM radio,,"Li-Ion 2500 mAh, removable",GSM 850 / 900 / 1800 / 1900,"5.0 inches, 68.9 cm2(~65.6% screen-to-body ratio)",,170.2 g (6.00 oz),2017,Wiko Lenny4,,GSM / HSPA,,"LED flash, panorama, HDR",,,GPS,,,HSPA 21.1/5.76 Mbps,
,IPS LCD,154.4 x 77.2 x 10.6 mm (6.08 x 3.04 x 0.42 in),https://fdn2.gsmarena.com/vv/bigpic/wiko-uf-f.jpg,,"4.0, A2DP",Yes,,No,"Dual SIM (Micro-SIM, dual stand-by)","1, 3, 7, 20",1080p@30fps,Wiko,,Available. Released 2016,"Fingerprint (front-mounted), accelerometer, gyro, proximity, compass","720 x 1280 pixels, 16:9 ratio (~267 ppi density)",,Wi-Fi 802.11 b/g/n,"13 MP, AF",,,,LED flash,"microUSB 2.0, OTG",Mali-T720,16GB 2GB RAM,microSDXC,"Black, Gold, Rose Gold",HSDPA 850 / 900 / 1900 / 2100,,Android 6.0 (Marshmallow),Yes,5 MP,,Quad-core 1.3 GHz Cortex-A53,,,,FM radio,,Li-Po 4000 mAh battery,GSM 850 / 900 / 1800 / 1900,"5.5 inches, 83.4 cm2(~70.0% screen-to-body ratio)",,201 g (7.09 oz),2016,Wiko Ufeel fab,,GSM / HSPA / LTE,,"LED flash, panorama, HDR",,,GPS,,,"HSPA 21.1/5.76 Mbps, LTE Cat4 150/50 Mbps",
,IPS LCD,144.4 x 71.6 x 9.7 mm (5.69 x 2.82 x 0.38 in),https://fdn2.gsmarena.com/vv/bigpic/wiko-uf-g.jpg,,"4.0, A2DP",Yes,,No,"Dual SIM (Micro-SIM, dual stand-by)","1, 3, 7, 20",1080p@30fps,Wiko,,Available. Released 2016,"Fingerprint (front-mounted), accelerometer, gyro, proximity, compass","720 x 1280 pixels, 16:9 ratio (~294 ppi density)",,Wi-Fi 802.11 b/g/n,"13 MP, AF",,,,LED flash,"microUSB 2.0, OTG",Mali-T720,16GB 2GB RAM,microSDXC,"Space Grey, Gold",HSDPA 850 / 900 / 1900 / 2100,,Android 6.0 (Marshmallow),Yes,5 MP,,Quad-core 1.3 GHz Cortex-A53,,,,FM radio,,Li-Po 4000 mAh battery,GSM 850 / 900 / 1800 / 1900,"5.0 inches, 68.9 cm2(~66.7% screen-to-body ratio)",,172 g (6.07 oz),2016,Wiko Ufeel go,,GSM / HSPA / LTE,,"LED flash, panorama, HDR",,,GPS,,,"HSPA 21.1/5.76 Mbps, LTE Cat4 150/50 Mbps",
,IPS LCD,143 x 70.7 x 8.6 mm (5.63 x 2.78 x 0.34 in),https://fdn2.gsmarena.com/vv/bigpic/wiko-uf-.jpg,,"4.0, A2DP",Yes,,No,"Dual SIM (Micro-SIM, dual stand-by)","1, 3, 7, 20",1080p@30fps,Wiko,,Available. Released 2016,"Fingerprint (front-mounted), accelerometer, gyro, proximity, compass","720 x 1280 pixels, 16:9 ratio (~294 ppi density)",,Wi-Fi 802.11 b/g/n,"13 MP, AF",,,,LED flash,"microUSB 2.0, OTG",Mali-T720,16GB 3GB RAM,microSDXC,"Lime, Space Grey, Chocolate, Slate, Creamy",HSDPA 900 / 1900 / 2100,,Android 6.0 (Marshmallow),Yes,5 MP,,Quad-core 1.3 GHz Cortex-A53,,,,FM radio,,"Li-Po 2500 mAh, non-removable",GSM 850 / 900 / 1800 / 1900,"5.0 inches, 68.9 cm2(~68.2% screen-to-body ratio)",,145 g (5.11 oz),2016,Wiko Ufeel,,GSM / HSPA / LTE,,"LED flash, panorama, HDR",,,GPS,,,"HSPA 21.1/5.76 Mbps, LTE Cat4 150/50 Mbps",
eMMC 5.1,IPS LCD,142.5 x 69.9 x 8.7 mm (5.61 x 2.75 x 0.34 in),https://fdn2.gsmarena.com/vv/bigpic/wiko-ufp.jpg,,"4.1, A2DP, LE",Yes,Qualcomm MSM8937 Snapdragon 430 (28 nm),No,Nano-SIM + Nano-SIM,LTE 800 / 1800 / 2100 / 2600,1080p@30fps,Wiko,,Discontinued,"Fingerprint (front-mounted), accelerometer, gyro, proximity, compass","1080 x 1920 pixels, 16:9 ratio (~441 ppi density)",,"Wi-Fi 802.11 b/g/n, Wi-Fi Direct","13 MP, 1/3.1"", 1.12µm, PDAF",,,,LED flash,"microUSB 2.0, OTG",Adreno 505,32GB 4GB RAM,microSDXC (uses shared SIM slot),"Silver, Anthracite, Gold",HSDPA 900 / 1900 / 2100,Up to 21 h (3G),Android 6.0.1 (Marshmallow),Yes,8 MP,,Octa-core 1.4 GHz Cortex-A53,,,,Stereo FM radio,,"Li-Po 3000 mAh, non-removable",GSM 850 / 900 / 1800 / 1900 - SIM 1 & SIM 2,"5.0 inches, 68.9 cm2(~69.2% screen-to-body ratio)",,150 g (5.29 oz),"2016, September. Released 2016, September",Wiko U Feel Prime,,GSM / HSPA / LTE,,"Dual-LED flash, panorama, HDR",Up to 450 h (3G),,GPS,,0.99 W/kg (head)     0.80 W/kg (body),"HSPA 42.2/5.76 Mbps, LTE Cat4 150/50 Mbps",
,IPS LCD,143.5 x 71.5 x 8.5 mm (5.65 x 2.81 x 0.33 in),https://fdn2.gsmarena.com/vv/bigpic/wiko-u-lite.jpg,,"4.0, A2DP",Yes,Mediatek MT6735 (28 nm),No,"Dual SIM (Micro-SIM, dual stand-by)",LTE 800 / 1800 / 2100 / 2600,1080p@30fps,Wiko,,Discontinued,"Accelerometer, gyro, proximity, compass","720 x 1280 pixels, 16:9 ratio (~294 ppi density)",,"Wi-Fi 802.11 b/g/n, Wi-Fi Direct, DLNA","8 MP, f/2.0, 1/4.0"", 1.12µm",,,,,"microUSB 2.0, OTG",Mali-T720,16GB 2GB RAM,microSDXC,"Lime, Slate, Chocolate, Rose Gold",HSDPA 900 / 1900 / 2100,Up to 25 h (2G) / Up to 13 h (3G),Android 6.0.1 (Marshmallow),Yes,"5 MP, f/2.4, 1/5.0"", 1.1µm",,Quad-core 1.3 GHz Cortex-A7,,,,FM radio,,"Li-Po 2500 mAh, non-removable",GSM 850 / 900 / 1800 / 1900 - SIM 1 & SIM 2,"5.0 inches, 68.9 cm2(~67.2% screen-to-body ratio)",,147 g (5.19 oz),"2016, February. Released 2016, May",Wiko U Feel Lite,,GSM / HSPA / LTE,,"LED flash, panorama, HDR",Up to 212 h (2G) / Up to 212 h (3G),,GPS,,0.40 W/kg (head)     0.49 W/kg (body),"HSPA 21.1/5.76 Mbps, LTE Cat4 150/50 Mbps",
eMMC 4.5,IPS LCD,146 x 71.5 x 8.8 mm (5.75 x 2.81 x 0.35 in),https://fdn2.gsmarena.com/vv/bigpic/wiko-tommy.jpg,,"4.0, A2DP",Yes,Qualcomm MSM8909v2 Snapdragon 212 (28 nm),No,Micro-SIM,LTE 800 / 1800 / 2100 / 2600,720p@30fps,Wiko,,Discontinued,"Accelerometer, proximity","720 x 1280 pixels, 16:9 ratio (~294 ppi density)",,"Wi-Fi 802.11 b/g/n, Wi-Fi Direct","8 MP, f/2.0, 1/3.2"", 1.4µm",,,,,"microUSB 2.0, OTG",Adreno 304,8GB 1GB RAM,microSDXC (dedicated slot),"True Black, Flashy Red, Cool Grey, Bleen, Sun Yellow, Hot Pink",HSDPA 850 / 900 / 1900 / 2100,Up to 26 h (2G) / Up to 15 h (3G),Android 6.0.1 (Marshmallow),Yes,"5 MP, f/2.8, 1/5.0"", 1.12µm",,Quad-core 1.3 GHz Cortex-A7,,,,FM radio,,"Li-Po 2500 mAh, removable",GSM 850 / 900 / 1800 / 1900,"5.0 inches, 68.9 cm2(~66.0% screen-to-body ratio)",,165 g (5.82 oz),"2016, February. Released 2016, July",Wiko Tommy,,GSM / HSPA / LTE,,"LED flash, panorama, HDR",Up to 270 h (2G) / Up to 270 h (3G),,GPS,,0.75 W/kg (head)     1.81 W/kg (body),"HSPA 42.2/5.76 Mbps, LTE Cat4 150/50 Mbps",
,TFT,146.3 x 73.7 x 9.8 mm (5.76 x 2.90 x 0.39 in),https://fdn2.gsmarena.com/vv/bigpic/wiko-s2pl.jpg,,"4.0, A2DP",Yes,,No,"Dual SIM (Micro-SIM/Mini-SIM, dual stand-by)",,720p@30fps,Wiko,"Black, Gold, Bleen, Lime, Silver",Available. Released 2017,Accelerometer,"480 x 854 pixels, 16:9 ratio (~196 ppi density)",,Wi-Fi 802.11 b/g/n,5 MP,,,Sunny2 Plus,,microUSB 2.0,Mali-400,8GB 1GB RAM,microSDXC,,HSDPA 900 / 2100,,Android 7.0 (Nougat),Yes,2 MP,,Quad-core 1.3 GHz Cortex-A7,,,,FM radio,,"Li-Ion 2000 mAh, removable",GSM 850 / 900 / 1800 / 1900,"5.0 inches, 68.9 cm2(~63.9% screen-to-body ratio)",,165 g (5.82 oz),2017,Wiko Sunny2 Plus,,GSM / HSPA,,"LED flash, panorama, HDR",,,GPS,,,HSPA 21.1/5.76 Mbps,
,TFT,126.6 x 66.3 x 11.4 mm (4.98 x 2.61 x 0.45 in),https://fdn2.gsmarena.com/vv/bigpic/wiko-s2.jpg,,"2.1, A2DP, EDR",Yes,,No,"Dual SIM (Micro-SIM, dual stand-by)",,720p@30fps,Wiko,"Space Grey, Gold, Lime, Silver, Bleen",Available. Released 2017,"Accelerometer, proximity, compass","480 x 800 pixels, 5:3 ratio (~233 ppi density)",,Wi-Fi 802.11 b/g/n,5 MP,,,,,microUSB 2.0,Mali-400,8GB 512MB RAM,microSDHC,,HSDPA 900 / 2100,,Android 6.0 (Marshmallow),Yes,2 MP,,Quad-core 1.2 GHz Cortex-A7,,,,FM radio,,"Li-Ion 1300 mAh, removable",GSM 850 / 900 / 1800 / 1900,"4.0 inches, 45.5 cm2(~54.3% screen-to-body ratio)",,125 g (4.41 oz),2017,Wiko Sunny2,,GSM / HSPA,,"LED flash, panorama",,,GPS,,,HSPA 21.1/5.76 Mbps,
,TFT,128.4 x 66.2 x 11.3 mm (5.06 x 2.61 x 0.44 in),https://fdn2.gsmarena.com/vv/bigpic/wiko-sunny.jpg,,"4.0, A2DP",Yes,Mediatek MT6580M (28 nm),No,Mini-SIM,,1080p@30fps,Wiko,,Discontinued,"Accelerometer, proximity","480 x 800 pixels, 5:3 ratio (~233 ppi density)",,"Wi-Fi 802.11 b/g/n, Wi-Fi Direct","5 MP, f/2.2, 1/5.0"", 1.12µm",,,,,"microUSB 2.0, OTG",Mali-400MP2,8GB 512MB RAM,microSDXC (dedicated slot),"True Black, Pure White, Flashy Red, Bleen, Hot Pink",HSDPA 900 / 2100,Up to 10 h (2G) / Up to 5 h (3G),Android 6.0 (Marshmallow),Yes,"VGA, f/2.8, 1/10"", 2.2µm",,Quad-core 1.3 GHz Cortex-A7,,,,FM radio,,"Li-Ion 1200 mAh, removable",GSM 850 / 900 / 1800 / 1900 - SIM 1 & SIM 2,"4.0 inches, 45.5 cm2(~53.6% screen-to-body ratio)",,123 g (4.34 oz),"2016, February. Released 2016, May",Wiko Sunny,,GSM / HSPA,,"LED flash, panorama, HDR",Up to 270 h (2G) / Up to 270 h (3G),,GPS,,0.62 W/kg (head)     0.64 W/kg (body),HSPA 21.1/5.76 Mbps,
,TFT,128.3 x 66.3 x 13.2 mm (5.05 x 2.61 x 0.52 in),https://fdn2.gsmarena.com/vv/bigpic/wiko-sm.jpg,,"2.1, A2DP, EDR",Yes,,No,"Dual SIM (Mini-SIM, dual stand-by)",,720p@30fps,Wiko,"Space Grey, Silver, Gold, Navy Blue",Available. Released 2016,"Accelerometer, proximity, compass","480 x 800 pixels, 5:3 ratio (~233 ppi density)",,Wi-Fi 802.11 b/g/n,5 MP,,,,,microUSB 2.0,Mali-400,8GB 512MB RAM,microSDHC,,HSDPA 900 / 2100,,Android 6.0 (Marshmallow),Yes,2 MP,,Quad-core 1.2 GHz Cortex-A7,,,,FM radio,,Li-Ion 2500 mAh battery,GSM 850 / 900 / 1800 / 1900,"4.0 inches, 45.5 cm2(~53.5% screen-to-body ratio)",,149 g (5.26 oz),2016,Wiko Sunny Max,,GSM / HSPA,,"LED flash, panorama",,,GPS,,,HSPA 21.1/5.76 Mbps,
,IPS LCD,154.6 x 78.8 x 9.4 mm (6.09 x 3.10 x 0.37 in),https://fdn2.gsmarena.com/vv/bigpic/wiko-r2.jpg,,"4.0, A2DP",Yes,,No,"Dual SIM (Micro-SIM, dual stand-by)","1, 3, 7, 20",720p@30fps,Wiko,,Available. Released 2017,"Accelerometer, proximity","720 x 1280 pixels, 16:9 ratio (~267 ppi density)",,Wi-Fi 802.11 b/g/n,"8 MP, AF",,,,,"microUSB 2.0, OTG",Adreno 304,16GB 2GB RAM,microSDXC,"Black, Gold, Rose Gold",HSDPA 900 / 2100,,Android 7.1 (Nougat),"Yes, with dual speakers",5 MP,,Quad-core 1.1 GHz Cortex-A7,,,,FM radio,,Li-Ion 2800 mAh battery,GSM 850 / 900 / 1800 / 1900,"5.5 inches, 83.4 cm2(~68.5% screen-to-body ratio)",,200 g (7.05 oz),2017,Wiko Robby2,,GSM / HSPA / LTE,,"LED flash, HDR",,,GPS,,,"HSPA 21.1/5.76 Mbps, LTE Cat4 150/50 Mbps",
,IPS LCD,155 x 79.1 x 10 mm (6.10 x 3.11 x 0.39 in),https://fdn2.gsmarena.com/vv/bigpic/wiko-robby.jpg,,"4.0, A2DP",Yes,Mediatek MT6580M (28 nm),No,"Dual SIM (Micro-SIM, dual stand-by)",,1080p@30fps,Wiko,,Discontinued,"Accelerometer, proximity","720 x 1280 pixels, 16:9 ratio (~267 ppi density)",,"Wi-Fi 802.11 b/g/n, Wi-Fi Direct","8 MP, f/2.0, 1/4.0"", 1.12µm",,,ROBBY,LED flash,"microUSB 2.0, OTG",Mali-400MP2,16GB 1GB RAM,microSDXC,"Space Grey, Gold, Bleen, Rose Gold, Lime",HSDPA 900 / 1900 / 2100,Up to 17 h (2G) / Up to 15 h (3G),Android 6.0.1 (Marshmallow),"Yes, with stereo speakers","5 MP, f/2.4, 1/5.0"", 1.1µm",,Quad-core 1.3 GHz Cortex-A7,,,,FM radio,,"Li-Po 2500 mAh, removable",GSM 850 / 900 / 1800 / 1900 - SIM 1 & SIM 2,"5.5 inches, 83.4 cm2(~68.0% screen-to-body ratio)",,185 g (6.53 oz),"2016, February. Released 2016, May",Wiko Robby,,GSM / HSPA,,"LED flash, panorama, HDR",Up to 270 h (2G) / Up to 270 h (3G),,GPS,,0.30 W/kg (head)     0.46 W/kg (body),HSPA 21.1/5.76 Mbps,
,IPS LCD,145 x 73.1 x 9.9 mm (5.71 x 2.88 x 0.39 in),https://fdn2.gsmarena.com/vv/bigpic/wiko-lenny3.jpg,,"4.0, A2DP",Yes,Mediatek MT6580M (28 nm),No,"Dual SIM (Mini-SIM/ Micro-SIM, dual stand-by)",,1080p@25fps,Wiko,,Discontinued,"Accelerometer, proximity","720 x 1280 pixels, 16:9 ratio (~294 ppi density)",,"Wi-Fi 802.11 b/g/n, Wi-Fi Direct","8 MP, f/2.0, 1/4.0"", 1.12µm",,,LENNY3,,"microUSB 2.0, OTG",Mali-400MP2,16GB 1GB RAM,microSDXC,"Space Grey, Bleen, Lime, Cinnabar, Gold, Rose Gold",HSDPA 900 / 1900 / 2100,Up to 17 h (2G) / Up to 13 h (3G),Android 6.0.1 (Marshmallow),Yes,"5 MP, f/2.4, 1/5.0"", 1.1µm",,Quad-core 1.3 GHz Cortex-A7,,,,FM radio,,Li-Ion 2000 mAh battery,GSM 850 / 900 / 1800 / 1900 - SIM 1 & SIM 2,"5.0 inches, 68.9 cm2(~65.0% screen-to-body ratio)",,177 g (6.24 oz),"2016, February. Released 2016, May",Wiko Lenny3,,GSM / HSPA,,"LED flash, panorama, HDR",Up to 450 h (2G) / Up to 450 h (3G),,GPS,,0.36 W/kg (head)     0.29 W/kg (body),HSPA 21.1/5.76 Mbps,
,IPS LCD,149.5 x 73.9 x 9.1 mm (5.89 x 2.91 x 0.36 in),https://fdn2.gsmarena.com/vv/bigpic/wiko-fever-se.jpg,,"4.0, A2DP",Yes,Mediatek MT6753 (28 nm),No,"Dual SIM (Micro-SIM, dual stand-by)",LTE 800 / 1800 / 2100 / 2600,1080p@30fps,Wiko,,Discontinued,"Accelerometer, gyro, proximity, compass","1080 x 1920 pixels, 16:9 ratio (~424 ppi density)",,"Wi-Fi 802.11 b/g/n, Wi-Fi Direct, DLNA","13 MP, f/2.2, 1/3.1"", 1.12µm, AF",,,,LED flash,"microUSB 2.0, OTG",Mali-T720MP3,32GB 3GB RAM,microSDXC,"Silver, Anthracite, Lime, Cinnabar, Ash Wood, Oak Wood",HSDPA 900 / 1900 / 2100,Up to 22 h (2G) / Up to 16 h (3G),Android 6.0 (Marshmallow),Yes,"5 MP, f/2.2, 1/4.0"", 1.4µm",,Octa-core 1.3 GHz Cortex-A53,,,,FM radio,,"Li-Po 2900 mAh, non-removable",GSM 850 / 900 / 1800 / 1900 - SIM 1 & SIM 2,"5.2 inches, 74.5 cm2(~67.5% screen-to-body ratio)",,150 g (5.29 oz),"2016, February. Released 2016, May",Wiko Fever SE,1080p@30fps,GSM / HSPA / LTE,,"LED flash, panorama, HDR",,Corning Gorilla Glass 3,GPS,,0.24 W/kg (head)     0.57 W/kg (body),"HSPA 21.1/11.5 Mbps, LTE Cat4 150/50 Mbps",
eMMC 4.5,IPS LCD,155.4 x 79.3 x 8.5 mm (6.12 x 3.12 x 0.33 in),https://fdn2.gsmarena.com/vv/bigpic/wiko-pulp-fab-4g.jpg,,"4.0, A2DP",Yes,Qualcomm MSM8916 Snapdragon 410 (28 nm),No,"Dual SIM (Micro-SIM, dual stand-by)","1, 3, 7, 20",1080p@30fps,Wiko,,Discontinued,"Accelerometer, proximity, compass","720 x 1280 pixels, 16:9 ratio (~267 ppi density)",,"Wi-Fi 802.11 b/g/n, Wi-Fi Direct, hotspot","13 MP, AF",,,,LED flash,"microUSB 2.0, OTG",Adreno 306,16GB 2GB RAM,microSDXC,"Black, White, Chocolate, Electric Blue, Flashy Red",HSDPA 900 / 1900 / 2100,Up to 27 h 30 min (2G) / Up to 20 h 40 min (3G),Android 5.1 (Lollipop),"Yes, with stereo speakers",5 MP,,Quad-core 1.2 GHz Cortex-A53,,,,FM radio,,"Li-Po 2820 mAh, removable",GSM 850 / 900 / 1800 / 1900 - SIM 1 & SIM 2,"5.5 inches, 83.4 cm2(~67.7% screen-to-body ratio)",,168 g (5.93 oz),"2015, November. Released 2015, November",Wiko Pulp Fab 4G,,GSM / HSPA / LTE,,"LED flash, panorama, HDR",Up to 259 h (2G) / Up to 259 h (3G),,GPS,,0.38 W/kg (head)     0.97 W/kg (body),"HSPA 42.2/11.5 Mbps, LTE Cat4 150/50 Mbps",
,IPS LCD,154.7 x 79.3 x 8.5 mm (6.09 x 3.12 x 0.33 in),https://fdn2.gsmarena.com/vv/bigpic/wiko-pulp-fab.jpg,,"4.0, A2DP",Yes,Mediatek MT6592M (28 nm),No,"Dual SIM (Micro-SIM, dual stand-by)",,1080p@30fps,Wiko,,Discontinued,"Accelerometer, proximity, compass","720 x 1280 pixels, 16:9 ratio (~267 ppi density)",,"Wi-Fi 802.11 b/g/n, Wi-Fi Direct, hotspot","13 MP, AF",,,,LED flash,"microUSB 2.0, OTG",Mali-450MP4,16GB 2GB RAM,microSDXC,"Black, White, Chocolate, Electric Blue, Flashy Red",HSDPA 900 / 1900 / 2100,Up to 29 h 40 min (2G) / Up to 18 h 50 min (3G),Android 5.1 (Lollipop),"Yes, with stereo speakers",5 MP,,Octa-core 1.4 GHz Cortex-A7,,,,FM radio,,Li-Po 2820 mAh battery,GSM 850 / 900 / 1800 / 1900 - SIM 1 & SIM 2,"5.5 inches, 83.4 cm2(~68.0% screen-to-body ratio)",,170 g (6.00 oz),"2015, October. Released 2015, October",Wiko Pulp Fab,,GSM / HSPA,,"LED flash, panorama, HDR",Up to 408 h (2G) / Up to 408 h (3G),,GPS,,0.25 W/kg (head)     0.27 W/kg (body),HSPA 21.1/5.76 Mbps,
,IPS LCD,143.9 x 72 x 8.5 mm (5.67 x 2.83 x 0.33 in),https://fdn2.gsmarena.com/vv/bigpic/wiko-pulp.jpg,,"4.0, A2DP",Yes,Mediatek MT6592M (28 nm),No,"Dual SIM (Micro-SIM, dual stand-by)",,1080p@30fps,Wiko,,Discontinued,"Accelerometer, gyro, proximity, compass","720 x 1280 pixels, 16:9 ratio (~294 ppi density)",,"Wi-Fi 802.11 b/g/n, Wi-Fi Direct, hotspot","13 MP, AF",,,,LED flash,"microUSB 2.0, OTG",Mali-450MP4,"16GB 2GB RAM, 32GB 2GB RAM",microSDXC,"Black, White, Chocolate, Electric Blue, Flashy Red",HSDPA 900 / 1900 / 2100,Up to 26 h (2G) / Up to 17 h (3G),Android 5.1 (Lollipop),"Yes, with stereo speakers",5 MP,,Octa-core 1.4 GHz Cortex-A7,,,,FM radio,,Li-Po 2500 mAh battery,GSM 850 / 900 / 1800 / 1900 - SIM 1 & SIM 2,"5.0 inches, 68.9 cm2(~66.5% screen-to-body ratio)",,149 g (5.26 oz),"2015, November. Released 2015, November",Wiko Pulp,,GSM / HSPA,,"LED flash, panorama, HDR",Up to 240 h (2G) / Up to 240 h (3G),,GPS,,0.33 W/kg (head)     0.46 W/kg (body),HSPA 21.1/11.5 Mbps,
eMMC 4.5,IPS LCD,143.9 x 72 x 8.8 mm (5.67 x 2.83 x 0.35 in),https://fdn2.gsmarena.com/vv/bigpic/wiko-pulp-4g.jpg,,"4.0, A2DP",Yes,Qualcomm MSM8916 Snapdragon 410 (28 nm),No,Nano-SIM + Micro-SIM,"1, 3, 7, 20",1080p@30fps,Wiko,,Discontinued,"Accelerometer, gyro, proximity, compass","720 x 1280 pixels, 16:9 ratio (~294 ppi density)",,"Wi-Fi 802.11 b/g/n, Wi-Fi Direct, hotspot","13 MP, AF",,,,LED flash,"microUSB 2.0, OTG",Adreno 306,16GB 2GB RAM,microSDXC (uses shared SIM slot),"Black, White, Chocolate, Electric Blue, Flashy Red",HSDPA 900 / 1900 / 2100,Up to 22 h (2G) / Up to 19 h (3G),Android 5.1 (Lollipop),"Yes, with stereo speakers",5 MP,,Quad-core 1.2 GHz Cortex-A53,,,,FM radio,,"Li-Po 2500 mAh, removable",GSM 850 / 900 / 1800 / 1900 - SIM 1 & SIM 2,"5.0 inches, 68.9 cm2(~66.5% screen-to-body ratio)",,151 g (5.33 oz),"2015, November. Released 2015, November",Wiko Pulp 4G,,GSM / HSPA / LTE,,"LED flash, panorama, HDR",Up to 280 h (2G) / Up to 280 h (3G),,GPS,,0.11 W/kg (head)     0.39 W/kg (body),"HSPA 21.1/5.76 Mbps, LTE Cat4 150/50 Mbps",
,IPS LCD,148 x 73.8 x 8.3 mm (5.83 x 2.91 x 0.33 in),https://fdn2.gsmarena.com/vv/bigpic/wiko-fever.jpg,,"4.0, A2DP",Yes,Mediatek MT6753 (28 nm),No,"Dual SIM (Micro-SIM, dual stand-by)","1, 3, 7, 20",1080p@30fps,Wiko,,Discontinued,"Accelerometer, gyro, proximity","1080 x 1920 pixels, 16:9 ratio (~424 ppi density)",,"Wi-Fi 802.11 b/g/n, Wi-Fi Direct, hotspot","13 MP, AF",,,,LED flash,"microUSB 2.0, OTG",Mali-T720MP3,"16GB 2GB RAM, 16GB 3GB RAM",microSDXC,"White/Gold, Black/Gold, Black/Grey",HSDPA 900 / 1900 / 2100,Up to 21 h 40 min (2G) / Up to 16 h 10 min (3G),Android 5.1 (Lollipop),"Yes, with stereo speakers",5 MP,,Octa-core 1.3 GHz Cortex-A53,,,,FM radio,,"Li-Po 2900 mAh, non-removable",GSM 850 / 900 / 1800 / 1900 - SIM 1 & SIM 2,"5.2 inches, 74.5 cm2(~68.2% screen-to-body ratio)",,143 g (5.04 oz),"2015, September. Released 2015, November",Wiko Fever 4G,,GSM / HSPA / LTE,,"LED flash, panorama, HDR",Up to 216 h (2G) / Up to 216 h (3G),Corning Gorilla Glass 3,GPS,,0.24 W/kg (head)     0.57 W/kg (body),"HSPA 21.1/11.5 Mbps, LTE Cat4 150/50 Mbps",
,IPS LCD,145.4 x 73.2 x 9 mm (5.72 x 2.88 x 0.35 in),https://fdn2.gsmarena.com/vv/bigpic/wiko-lenny2.jpg,,"4.0, A2DP",Yes,Mediatek MT6580M (28 nm),No,Dual SIM (Micro-SIM),,1080p@30fps,Wiko,,Discontinued,"Accelerometer, proximity","480 x 854 pixels, 16:9 ratio (~196 ppi density)",,"Wi-Fi 802.11 b/g/n, Wi-Fi Direct, hotspot",5 MP,About 120 EUR,,LENNY2,,"microUSB 2.0, OTG",Mali-400MP2,4GB 768MB RAM,microSDXC,"Black, White, Coral, Bleen, Blue",HSDPA 900 / 2100,Up to 11 h 40 min (2G) / Up to 12 h 10 min (3G),Android 5.1 (Lollipop),"Yes, with stereo speakers",2 MP,,Quad-core 1.3 GHz Cortex-A7,,,,FM radio,,"Li-Po 1800 mAh, removable",GSM 850 / 900 / 1800 / 1900 - SIM 1 & SIM 2,"5.0 inches, 68.9 cm2(~64.7% screen-to-body ratio)",,156 g (5.50 oz),"2015, September. Released 2015, September",Wiko Lenny2,,GSM / HSPA,,"LED flash, panorama, HDR",Up to 240 h (2G) / Up to 240 h (3G),,GPS,,0.33 W/kg (head)     0.41 W/kg (body),HSPA 21.1/5.76 Mbps,
,IPS LCD,142.5 x 71.6 x 9.3 mm (5.61 x 2.82 x 0.37 in),https://fdn2.gsmarena.com/vv/bigpic/wiko-rainbow-jam.jpg,,"4.0, A2DP",Yes,Mediatek MT6580 (28 nm),No,"Dual SIM (Micro-SIM, dual stand-by)",,1080p@24fps,Wiko,,Discontinued,"Accelerometer, proximity","720 x 1280 pixels, 16:9 ratio (~294 ppi density)",,"Wi-Fi 802.11 b/g/n, Wi-Fi Direct, hotspot","8 MP, AF",,,,,"microUSB 2.0, OTG",Mali-400MP2,8GB 1GB RAM,microSDXC,"Black, White, Bleen, Coral, Blue",HSDPA 900 / 1900 / 2100,Up to 23 h (2G) / Up to 20 h (3G),Android 5.1 (Lollipop),"Yes, with stereo speakers",5 MP,,Quad-core 1.3 GHz Cortex-A7,,,,FM radio,,"Li-Ion 2500 mAh, removable",GSM 850 / 900 / 1800 / 1900 - SIM 1 & SIM 2,"5.0 inches, 68.9 cm2(~67.5% screen-to-body ratio)",,159 g (5.61 oz),"2015, September. Released 2015, September",Wiko Rainbow Jam,,GSM / HSPA,,"LED flash, panorama, HDR",Up to 336 h (2G) / Up to 336 h (3G),,GPS,,0.33 W/kg (head)     0.48 W/kg (body),HSPA 21.1/5.76 Mbps,
eMMC 4.5,IPS LCD,143.1 x 71.4 x 8.7 mm (5.63 x 2.81 x 0.34 in),https://fdn2.gsmarena.com/vv/bigpic/wiko-rainbow-jam-4g.jpg,,"4.0, A2DP",Yes,Qualcomm MSM8909 Snapdragon 210 (28 nm),No,"Dual SIM (Micro-SIM, dual stand-by)","1, 3, 7, 20",720p@30fps,Wiko,,Discontinued,"Accelerometer, proximity","720 x 1280 pixels, 16:9 ratio (~294 ppi density)",,"Wi-Fi 802.11 b/g/n, Wi-Fi Direct, hotspot","8 MP, AF",,,,,"microUSB 2.0, OTG",Adreno 304,8GB 1GB RAM,microSDXC,"Black, White, Bleen, Coral, Blue",HSDPA 900 / 1900 / 2100,Up to 24 h 30 min (2G) / Up to 21 h 30 min (3G),Android 5.1 (Lollipop),"Yes, with stereo speakers",5 MP,,Quad-core 1.1 GHz Cortex-A7,,,,FM radio,,Li-Po 2500 mAh battery,GSM 850 / 900 / 1800 / 1900 - SIM 1 & SIM 2,"5.0 inches, 68.9 cm2(~67.5% screen-to-body ratio)",,153 g (5.40 oz),"2015, September. Released 2015, September",Wiko Rainbow Jam 4G,,GSM / HSPA / LTE,,"LED flash, HDR",Up to 238 h (2G) / Up to 238 h (3G),,GPS,,0.25 W/kg (head)     0.39 W/kg (body),"HSPA 21.1/5.76 Mbps, LTE Cat4 150/50 Mbps",
eMMC 4.5,IPS LCD,143 x 71.2 x 9 mm (5.63 x 2.80 x 0.35 in),https://fdn2.gsmarena.com/vv/bigpic/wiko-rainbow-lite-4g.jpg,,"4.0, A2DP",Yes,Qualcomm MSM8909 Snapdragon 210 (28 nm),No,"Dual SIM (Micro-SIM, dual stand-by)","1, 3, 7, 20",720p@30fps,Wiko,,Discontinued,"Accelerometer, proximity","480 x 854 pixels, 16:9 ratio (~196 ppi density)",,"Wi-Fi 802.11 b/g/n, Wi-Fi Direct, hotspot","5 MP, AF",,,RAINBOW LITE 4G,,microUSB 2.0,Adreno 304,4GB 1GB RAM,microSDXC,"Black, White, Coral, Bleen, Blue",HSDPA 900 / 1900 / 2100,Up to 11 h 40 min (2G) / Up to 13 h 10 min (3G),Android 5.1 (Lollipop),"Yes, with stereo speakers",2 MP,,Quad-core 1.1 GHz Cortex-A7,,,,FM radio,,"Li-Ion 2000 mAh, removable",GSM 850 / 900 / 1800 / 1900 - SIM 1 & SIM 2,"5.0 inches, 68.9 cm2(~67.7% screen-to-body ratio)",,158 g (5.57 oz),"2015, August. Released 2015, August",Wiko Rainbow Lite 4G,,GSM / HSPA / LTE,,"LED flash, HDR",Up to 144 h (2G) / Up to 144 h (3G),,GPS,,0.17 W/kg (head)     0.47 W/kg (body),"HSPA 21.1/5.76 Mbps, LTE Cat4 150/50 Mbps",
,AMOLED,141 x 68.4 x 7.7 mm (5.55 x 2.69 x 0.30 in),https://fdn2.gsmarena.com/vv/bigpic/wiko-selfy.jpg,,"4.0, A2DP",Yes,Mediatek MT6735P (28 nm),No,Micro-SIM,"1, 3, 7, 20",720p@30fps,Wiko,,Discontinued,"Accelerometer, proximity","720 x 1280 pixels, 16:9 ratio (~306 ppi density)",,"Wi-Fi 802.11 b/g/n, Wi-Fi Direct, hotspot","8 MP, AF",,,,LED flash,"microUSB 2.0, OTG",Mali-T720MP2,8GB 1GB RAM,microSDXC (dedicated slot),"Black, White, Mint, Ruby",HSDPA 900 / 1900 / 2100,Up to 18 h 30 min (2G) / Up to 11 h 30 min (3G),Android 5.1 (Lollipop),"Yes, with stereo speakers",8 MP,,Quad-core 1.0 GHz Cortex-A53,,,,FM radio,,Li-Po 2300 mAh battery,GSM 850 / 900 / 1800 / 1900,"4.8 inches, 63.5 cm2(~65.9% screen-to-body ratio)",,116 g (4.09 oz),"2015, August. Released 2015, August",Wiko Selfy 4G,,GSM / HSPA / LTE,,"LED flash, HDR, panorama",Up to 336 h (2G) / Up to 336 h (3G),,GPS,,0.40 W/kg (head)     0.52 W/kg (body),"HSPA 21.1/5.76 Mbps, LTE Cat4 150/50 Mbps",
,IPS LCD,143 x 71.1 x 8.4 mm (5.63 x 2.80 x 0.33 in),https://fdn2.gsmarena.com/vv/bigpic/wiko-rainbow-up-4g.jpg,,"4.0, A2DP",Yes,Mediatek MT6735P (28 nm),No,"Dual SIM (Micro-SIM, dual stand-by)","1, 3, 7, 20",720p@30fps,Wiko,,Discontinued,"Accelerometer, proximity","720 x 1280 pixels, 16:9 ratio (~294 ppi density)",,"Wi-Fi 802.11 b/g/n, Wi-Fi Direct, hotspot","8 MP, AF",,,,,"microUSB 2.0, OTG",Mali-T720MP2,8GB 1GB RAM,microSDXC,"Black, White, Bleen, Coral, Blue",HSDPA 900 / 1900 / 2100,Up to 15 h (2G) / Up to 23 h 40 min (3G),Android 5.0 (Lollipop),"Yes, with stereo speakers",5 MP,,Quad-core 1.0 GHz Cortex-A53,,,,FM radio,,"Li-Po 2800 mAh, non-removable",GSM 850 / 900 / 1800 / 1900 - SIM 1 & SIM 2,"5.0 inches, 68.9 cm2(~67.8% screen-to-body ratio)",,128 g (4.52 oz),"2015, May. Released 2015, August",Wiko Rainbow UP 4G,,GSM / HSPA / LTE,,"LED flash, HDR, panorama",Up to 451 h (2G) / Up to 451 h (3G),,GPS,,,"HSPA 21.1/5.76 Mbps, LTE Cat4 150/50 Mbps",
,TFT,128 x 65.6 x 10.9 mm (5.04 x 2.58 x 0.43 in),https://fdn2.gsmarena.com/vv/bigpic/wiko-sunset2.jpg,,"4.0, A2DP",Yes,Mediatek MT6572W,No,"Dual SIM (Mini-SIM, dual stand-by)",,720p@9fps,Wiko,,Discontinued,Accelerometer,"480 x 800 pixels, 5:3 ratio (~233 ppi density)",,"Wi-Fi 802.11 b/g/n, hotspot",2 MP,,,,,microUSB 2.0,Mali-400,4GB 512MB RAM,microSDXC,"Black, White, Bleen, Coral, Blue",HSDPA 900 / 1900 / 2100,Up to 14 h 20 min (2G) / Up to 7 h 40 min (3G),Android 4.4 (KitKat),"Yes, with stereo speakers",1.3 MP,,Dual-core 1.3 GHz Cortex-A7,,,,FM radio,,"Li-Ion 1300 mAh, removable",GSM 850 / 900 / 1800 / 1900 - SIM 1 & SIM 2,"4.0 inches, 45.5 cm2(~54.2% screen-to-body ratio)",,121 g (4.27 oz),"2015, April. Released 2015, July",Wiko Sunset2,,GSM / HSPA,,"LED flash, panorama, HDR",Up to 360 h (2G) / Up to 360 h (3G),,GPS,,0.90 W/kg (head)     1.41 W/kg (body),HSPA 21.1/5.76 Mbps,
,IPS LCD,139 x 71.6 x 8.8 mm (5.47 x 2.82 x 0.35 in),https://fdn2.gsmarena.com/vv/bigpic/wiko-bloom2.jpg,,"4.0, A2DP",Yes,Mediatek MT6582M (28 nm),No,"Dual SIM (Mini-SIM/ Micro-SIM, dual stand-by)",,Yes,Wiko,,Discontinued,"Accelerometer, proximity","480 x 800 pixels, 5:3 ratio (~199 ppi density)",,"Wi-Fi 802.11 b/g/n, Wi-Fi Direct, hotspot","8 MP, AF",,,,,"microUSB 2.0, OTG",Mali-400MP2,8GB 1GB RAM,microSDHC,Black,HSDPA 900 / 2100,Up to 16 h 30 min (2G) / Up to 15 h 30 min (3G),Android 5.0 (Lollipop),"Yes, with stereo speakers",2 MP,,Quad-core 1.3 GHz Cortex-A7,,,,FM radio,,"Li-Ion 2120 mAh, removable",GSM 850 / 900 / 1800 / 1900,"4.7 inches, 62.9 cm2(~63.2% screen-to-body ratio)",,151 g (5.33 oz),"2015, June. Released 2015, June",Wiko Bloom2,,GSM / HSPA,,"LED flash, panorama, HDR",Up to 360 h (2G) / Up to 360 h (3G),,GPS,,,HSPA 21.1/5.76 Mbps,
eMMC 4.5,IPS LCD,143 x 72 x 7.5 mm (5.63 x 2.83 x 0.30 in),https://fdn2.gsmarena.com/vv/bigpic/wiko-ridge-4g.jpg,,"4.0, A2DP",Yes,Qualcomm MSM8916 Snapdragon 410 (28 nm),No,Nano-SIM + Micro-SIM,"1, 3, 7, 20",1080p@30fps,Wiko,,Discontinued,"Accelerometer, proximity, compass","720 x 1280 pixels, 16:9 ratio (~294 ppi density)",,"Wi-Fi 802.11 b/g/n, hotspot","13 MP, AF",,,,,microUSB 2.0,Adreno 306,16GB 2GB RAM,microSDXC (uses shared SIM slot),"Black Grey, Black Bleen, Black Clementine, Arctic Gold",HSDPA 900 / 1900 / 2100,Up to 17 h (2G) / Up to 14 h 40 min (3G),Android 4.4.4 (KitKat),Yes,5 MP,,Quad-core 1.2 GHz Cortex-A53,,,,FM radio,,"Li-Po 2400 mAh, non-removable",GSM 850 / 900 / 1800 / 1900 - SIM 1 & SIM 2,"5.0 inches, 68.9 cm2(~66.9% screen-to-body ratio)",,125 g (4.41 oz),"2015, February. Released 2015, March",Wiko Ridge 4G,720p@30fps,GSM / HSPA / LTE,,"LED flash, HDR",Up to 247 h (2G) / Up to 247 h (3G),Corning Gorilla Glass 3,GPS,,0.29 W/kg (head)     0.57 W/kg (body),"HSPA 42.2/11.5 Mbps, LTE Cat4 150/50 Mbps",
eMMC 4.5,IPS LCD,156 x 78.2 x 8.6 mm (6.14 x 3.08 x 0.34 in),https://fdn2.gsmarena.com/vv/bigpic/wiko-ridge.jpg,,"4.0, A2DP",Yes,Qualcomm MSM8916 Snapdragon 410 (28 nm),No,"Hybrid Dual SIM (Micro-SIM, dual stand-by)","1, 3, 7, 20",1080p@30fps,Wiko,,Discontinued,"Accelerometer, proximity, compass","720 x 1280 pixels, 16:9 ratio (~267 ppi density)",,"Wi-Fi 802.11 b/g/n, hotspot","13 MP, AF",,,,,microUSB 2.0,Adreno 306,16GB 2GB RAM,microSDXC (uses shared SIM slot),"Black Grey, Black Bleen, Black Clementine, Arctic Gold",HSDPA 900 / 1900 / 2100,Up to 30 h (2G) / Up to 23 h (3G),Android 4.4.4 (KitKat),Yes,5 MP,,Quad-core 1.2 GHz Cortex-A53,,,,FM radio,,"Li-Po 2820 mAh, removable",GSM 850 / 900 / 1800 / 1900 - SIM 1 & SIM 2,"5.5 inches, 83.4 cm2(~68.4% screen-to-body ratio)",,154 g (5.43 oz),"2015, February. Released 2015, March",Wiko Ridge Fab 4G,720p@30fps,GSM / HSPA / LTE,,"LED flash, HDR",Up to 360 h (2G) / Up to 360 h (3G),Corning Gorilla Glass 3,GPS,,0.24 W/kg (head)     0.71 W/kg (body),"HSPA 42.2/11.5 Mbps, LTE Cat4 150/50 Mbps",
,AMOLED,141 x 71.4 x 6.6 mm (5.55 x 2.81 x 0.26 in),https://fdn2.gsmarena.com/vv/bigpic/wiko-highway-star-4g.jpg,,"4.0, A2DP",Yes,,No,Nano-SIM + Micro-SIM,"1, 3, 7, 20",1080p@30fps,Wiko,,Discontinued,"Accelerometer, proximity, compass","720 x 1280 pixels, 16:9 ratio (~294 ppi density)",,"Wi-Fi 802.11 b/g/n, hotspot","13 MP, AF",,,,,"microUSB 2.0, OTG",,16GB 2GB RAM,microSDXC (uses shared SIM slot),"Silver, Gold, Grey",HSDPA 900 / 1900 / 2100,Up to 13 h 40 min (2G) / Up to 19 h 50 min (3G),Android 4.4.4 (KitKat),Yes,5 MP,,Octa-core 1.5 GHz Cortex-A53,,,,FM radio,,"Li-Po 2450 mAh, non-removable",GSM 850 / 900 / 1800 / 1900 - SIM 1 & SIM 2,"5.0 inches, 68.9 cm2(~68.5% screen-to-body ratio)",,123 g (4.34 oz),"2015, March. Released 2015, April",Wiko Highway Star 4G,,GSM / HSPA / LTE,,"LED flash, HDR, panorama",Up to 184 h (2G) / Up to 184 h (3G),Corning Gorilla Glass 3,GPS,,0.35 W/kg (head)     0.53 W/kg (body),"HSPA 21.1/5.76 Mbps, LTE Cat4 150/50 Mbps",
eMMC 4.5,AMOLED,141.9 x 68.1 x 5.1 mm (5.59 x 2.68 x 0.20 in),https://fdn2.gsmarena.com/vv/bigpic/wiko-highway-pure-4g.jpg,,"4.0, A2DP",Yes,Qualcomm MSM8916 Snapdragon 410 (28 nm),No,Nano-SIM,"1, 3, 7, 20",1080p@30fps,Wiko,,Discontinued,"Accelerometer, proximity, compass","720 x 1280 pixels, 16:9 ratio (~306 ppi density)",,"Wi-Fi 802.11 b/g/n, hotspot","8 MP, AF",,,,,"microUSB 2.0, OTG",Adreno 306,16GB 2GB RAM,No,"White/Silver, Black/Grey, Black/Gold, Black/Bleen",HSDPA 900 / 1900 / 2100,Up to 20 h (2G) / Up to 13 h (3G),Android 4.4.4 (KitKat),"Yes, with stereo speakers",5 MP,,Quad-core 1.2 GHz Cortex-A53,,,,FM radio,,"Li-Po 2000 mAh, non-removable",GSM 850 / 900 / 1800 / 1900,"4.8 inches, 63.5 cm2(~65.7% screen-to-body ratio)",,98 g (3.46 oz),"2015, March. Released 2015, April",Wiko Highway Pure 4G,720p@30fps,GSM / HSPA / LTE,,"LED flash, HDR",Up to 160 h (2G) / Up to 160 h (3G),Corning Gorilla Glass 3,GPS,,0.35 W/kg (head)     0.58 W/kg (body),"HSPA 42.2/11.5 Mbps, LTE Cat4 150/50 Mbps",
,TFT,143 x 73 x 9.6 mm (5.63 x 2.87 x 0.38 in),https://fdn2.gsmarena.com/vv/bigpic/wiko-lenny.jpg,,"4.0, A2DP",Yes,Mediatek MT6572 (28 nm),No,Dual SIM (Mini-SIM),,720p@30fps,Wiko,,Discontinued,"Accelerometer, proximity","480 x 854 pixels, 16:9 ratio (~196 ppi density)",,"Wi-Fi 802.11 b/g/n, hotspot",5 MP,About 100 EUR,,,,microUSB 2.0,Mali-400,4GB 512MB RAM,microSDHC,"Black/Bleen, White/Silver, Bleen/Black, Violet/Coral, Yellow/Bleen",HSDPA 900 / 1900 / 2100,Up to 16 h (2G) / Up to 8 h 30 min (3G),Android 4.4.2 (KitKat),"Yes, with stereo speakers",1.3 MP,,Dual-core 1.3 GHz Cortex-A7,,,,FM radio,,"Li-Ion 1800 mAh, removable",GSM 850 / 900 / 1800 / 1900 - SIM 1 & SIM 2,"5.0 inches, 68.9 cm2(~66.0% screen-to-body ratio)",,174 g (6.14 oz),"2014, August. Released 2014, August",Wiko Lenny,,GSM / HSPA,,"LED flash, panorama",Up to 336 h (2G) / Up to 336 h (3G),,GPS,,0.48 W/kg (head)     0.80 W/kg (body),HSPA 21.1/5.76 Mbps,
,IPS LCD,132 x 67 x 9.6 mm (5.20 x 2.64 x 0.38 in),https://fdn2.gsmarena.com/vv/bigpic/wiko-birdy.jpg,,"4.0, A2DP",Yes,Mediatek MT6582 (28 nm),No,Micro-SIM,"3, 7, 20",720p@30fps,Wiko,,Discontinued,"Accelerometer, proximity, compass","480 x 854 pixels, 16:9 ratio (~218 ppi density)",,"Wi-Fi 802.11 b/g/n, hotspot","5 MP, AF",About 130 EUR,,,,"microUSB 2.0, OTG",Mali-400MP2,4GB 1GB RAM,microSDHC (dedicated slot),"Black, White, Fuchsia, Yellow, Coral, Violet, Bleen",HSDPA 900 / 1900 / 2100,Up to 18 h 30 min (2G) / Up to 11 h (3G),Android 4.4.2 (KitKat),"Yes, with stereo speakers",2 MP,,Quad-core 1.3 GHz Cortex-A7,0.51 W/kg (head)     1.05 W/kg (body),,,FM radio,,Li-Ion 2000 mAh battery,GSM 850 / 900 / 1800 / 1900,"4.5 inches, 55.8 cm2(~63.1% screen-to-body ratio)",,141 g (4.97 oz),"2014, May. Released 2014, August",Wiko Birdy,,GSM / HSPA / LTE,,"LED flash, panorama, HDR",Up to 186 h (2G) / Up to 186 h (3G),,GPS,,0.51 W/kg (head)     1.05 W/kg (body),"HSPA 21.1/5.76 Mbps, LTE Cat4 150/50 Mbps",
,"TFT, 256K colors",119 x 62.6 x 11.3 mm (4.69 x 2.46 x 0.44 in),https://fdn2.gsmarena.com/vv/bigpic/wiko-goa.jpg,,"4.0, A2DP",Yes,Mediatek MT6572M (28 nm),No,"Dual SIM (Mini-SIM, dual stand-by)",,480p@30fps,Wiko,,Discontinued,Accelerometer,"320 x 480 pixels, 3:2 ratio (~165 ppi density)",,"Wi-Fi 802.11 b/g/n, hotspot",2 MP,About 50 EUR,,,,microUSB 2.0,Mali-400,4GB 512MB RAM,microSDHC,"Black, White, Bleen, Fuchsia, Coral, Violet, Yellow",HSDPA 900 / 2100,Up to 11 h 50 min (2G) / Up to 6 h 30 min (3G),Android 4.4.2 (KitKat),"Yes, with stereo speakers",1.3 MP,,Dual-core 1.0 GHz Cortex-A7,0.47 W/kg (head)     0.61 W/kg (body),,,FM radio,,Li-Ion 1300 mAh battery,GSM 850 / 900 / 1800 / 1900 - SIM 1 & SIM 2,"3.5 inches, 36.5 cm2(~49.0% screen-to-body ratio)",,105 g (3.70 oz),"2014, May. Released 2014, August",Wiko Goa,,GSM / HSPA,,"LED flash, panorama, HDR",Up to 384 h (2G) / Up to 384 h (3G),,GPS,,0.47 W/kg (head),HSPA 21.1/5.76 Mbps,
,TFT,133.5 x 66.5 x 9.8 mm (5.26 x 2.62 x 0.39 in),https://fdn2.gsmarena.com/vv/bigpic/wiko-jimmy.jpg,,"4.0, A2DP",Yes,Mediatek MT6582M (28 nm),No,"Dual SIM (Mini-SIM, dual stand-by)",,720p@30fps,Wiko,,Discontinued,"Accelerometer, proximity, compass","480 x 854 pixels, 16:9 ratio (~218 ppi density)",,"Wi-Fi 802.11 b/g/n, hotspot","5 MP, AF",,,,,microUSB 2.0,Mali-400MP2,4GB 512MB RAM,microSDHC,"Black/Blue, Blue/Orange, Pink/Violet, Violet/Blue, White/Orange",HSDPA 900 / 1900 / 2100,Up to 17 h (2G) / Up to 10 h (3G),Android 4.4.2 (KitKat),Yes,1.3 MP,,Quad-core 1.3 GHz Cortex-A7,,,,FM radio,,Li-Po 1700 mAh battery,GSM 850 / 900 / 1800 / 1900 - SIM 1 & SIM 2,"4.5 inches, 55.8 cm2(~62.9% screen-to-body ratio)",,145 g (5.11 oz),"2014, November. Released 2014, November",Wiko Jimmy,,GSM / HSPA,,"LED flash, panorama, HDR",Up to 230 h (2G) / Up to 230 h (3G),,GPS,,0.54 W/kg (head)     0.61 W/kg (body),HSPA 21.1/5.76 Mbps,
,IPS LCD,143 x 69.5 x 7.2 mm (5.63 x 2.74 x 0.28 in),https://fdn2.gsmarena.com/vv/bigpic/wiko-getaway.jpg,,"4.0, A2DP",Yes,,No,Nano-SIM + Micro-SIM,,1080p@30fps,Wiko,,Discontinued,"Accelerometer, gyro, proximity, compass","720 x 1280 pixels, 16:9 ratio (~294 ppi density)",,"Wi-Fi 802.11 b/g/n, hotspot","13 MP, AF",,,,,"microUSB 2.0, OTG",,16GB 1GB RAM,microSDHC,"Noir & Or, Blanc & Argent, Navy, Corail",HSDPA 900 / 1900 / 2100,Up to 21 h (2G) / Up to 14 h (3G),Android 4.4.2 (KitKat),Yes,5 MP,,Quad-core 1.3 GHz Cortex-A7,,,,Stereo FM radio,,"Li-Po 2000 mAh, non-removable",GSM 850 / 900 / 1800 / 1900 - SIM 1 & SIM 2,"5.0 inches, 68.9 cm2(~69.3% screen-to-body ratio)",,133 g (4.69 oz),2014. Released 2014,Wiko Getaway,,GSM / HSPA,,"LED flash, panorama, HDR",Up to 216 h (2G) / Up to 260 h (3G),Corning Gorilla Glass 2,GPS,,0.32 W/kg (head)     0.52 W/kg (body),HSPA 21.1/5.76 Mbps,
,IPS LCD,146 x 74 x 10 mm (5.75 x 2.91 x 0.39 in),https://fdn2.gsmarena.com/vv/bigpic/wiko-rainbow-4g.jpg,,"4.0, A2DP",Yes,Mediatek MT6582 (28 nm),No,Micro-SIM,"3, 7, 20",1080p@30fps,Wiko,,Discontinued,"Accelerometer, proximity, compass","720 x 1280 pixels, 16:9 ratio (~294 ppi density)",,"Wi-Fi 802.11 b/g/n, hotspot","8 MP, AF",About 160 EUR,,,,"microUSB 2.0, OTG",Mali-400MP2,8GB 1GB RAM,microSDHC (dedicated slot),"Black, White, Bleen, Yellow, Fuschia, Coral, Violet",HSDPA 900 / 1900 / 2100,Up to 18 h 40 min (2G) / Up to 11 h 45 min (3G),Android 4.4.2 (KitKat),"Yes, with stereo speakers",2 MP,,Quad-core 1.3 GHz Cortex-A7,,,,FM radio,,Li-Po 2500 mAh battery,GSM 850 / 900 / 1800 / 1900,"5.0 inches, 68.9 cm2(~63.8% screen-to-body ratio)",,175 g (6.17 oz),"2014, September. Released 2014, November",Wiko Rainbow 4G,,GSM / HSPA / LTE,,"LED flash, HDR, panorama",Up to 200 h (2G) / Up to 200 h (3G),,GPS,,0.33 W/kg (head)     0.65 W/kg (body),"HSPA 21.1/5.76 Mbps, LTE Cat4 150/50 Mbps",
,IPS LCD,146 x 74 x 9.3 mm (5.75 x 2.91 x 0.37 in),https://fdn2.gsmarena.com/vv/bigpic/wiko-rainbow.jpg,,"4.0, A2DP",Yes,Mediatek MT6582 (28 nm),No,"Dual SIM (Mini-SIM, dual stand-by)",,1080p@30fps,Wiko,,Discontinued,"Accelerometer, proximity, compass","720 x 1280 pixels, 16:9 ratio (~294 ppi density)",,"Wi-Fi 802.11 b/g/n, hotspot","8 MP, AF",,,,,microUSB 2.0,Mali-400MP2,4GB 1GB RAM,microSDHC,"Black, White, Bleen, Yellow, Fuschia, Coral, Violet",HSDPA 900 / 1900 / 2100,Up to 16 h (2G) / Up to 10 h 30 min (3G),Android 4.4.2 (KitKat),"Yes, with stereo speakers",2 MP,,Quad-core 1.3 GHz Cortex-A7,,,,FM radio,,"Li-Po 2000 mAh, removable",GSM 850 / 900 / 1800 / 1900 - SIM 1 & SIM 2,"5.0 inches, 68.9 cm2(~63.8% screen-to-body ratio)",,167 g (5.89 oz),"2014, February. Released 2014, May",Wiko Rainbow,,GSM / HSPA,,"LED flash, HDR, panorama",Up to 260 h (2G) / Up to 260 h (3G),,GPS,,0.47 W/kg (head)     0.95 W/kg (body),HSPA 21.1/5.76 Mbps,
,IPS LCD,144 x 70 x 7.3 mm (5.67 x 2.76 x 0.29 in),https://fdn2.gsmarena.com/vv/bigpic/wiko-highway-4g.jpg,,"4.0, A2DP",Yes,Nvidia SL460N,No,Micro-SIM,"3, 7, 20",1920p@30fps,Wiko,,Discontinued,"Accelerometer, gyro, proximity, compass","1080 x 1920 pixels, 16:9 ratio (~441 ppi density)",,"Wi-Fi 802.11 a/b/g/n, dual-band, hotspot","16 MP, AF",About 300 EUR,,,,"microUSB 2.0, OTG",ULP GeForce,16GB 2GB RAM,No,"Black, White, Clementine, Purple, Electric blue",HSDPA 900 / 1900 / 2100,Up to 17 h 30 min (2G) / Up to 14 h (3G),Android 4.4.2 (KitKat),"Yes, with stereo speakers",8 MP,,Quad-core 2.0 GHz,0.26 W/kg (head)     0.74 W/kg (body),,,No,,"Li-Ion 2350 mAh, non-removable",GSM 850 / 900 / 1800 / 1900,"5.0 inches, 68.9 cm2(~68.4% screen-to-body ratio)",,143 g (5.04 oz),"2014, May. Released 2014, October",Wiko Highway 4G,1080p@30fps,GSM / HSPA / LTE,,"LED flash, HDR, panorama",Up to 140 h,Dual Corning Gorilla Glass 2,GPS,,,"HSPA 21.1/5.76 Mbps, LTE Cat4 150/50 Mbps",
,IPS LCD,138 x 68 x 7.6 mm (5.43 x 2.68 x 0.30 in),https://fdn2.gsmarena.com/vv/bigpic/wiko-highway-signs.jpg,,"4.0, A2DP",Yes,Mediatek MT6592M (28 nm),No,Nano-SIM + Micro-SIM,,720p@30fps,Wiko,,Discontinued,"Accelerometer, gyro, proximity, compass","720 x 1280 pixels, 16:9 ratio (~312 ppi density)",,"Wi-Fi 802.11 a/b/g/n, dual-band, hotspot","8 MP, AF",About 200 EUR,,,,"microUSB 2.0, OTG",Mali-450MP4,8GB 1GB RAM,microSDHC,"White, Coral, Grey , Electric blue, Purple",HSDPA 900 / 1900 / 2100,Up to 14 h 15 min (2G) / Up to 8 h 30 min (3G),Android 4.4.2 (KitKat),"Yes, with stereo speakers",5 MP,,Octa-core 1.4 GHz Cortex-A7,0.24 W/kg (head)     0.37 W/kg (body),,,FM radio,,"Li-Ion 2000 mAh, non-removable",GSM 850 / 900 / 1800 / 1900 - SIM 1 & SIM 2,"4.7 inches, 60.9 cm2(~64.9% screen-to-body ratio)",,124 g (4.37 oz),"2014, September. Released 2014, October",Wiko Highway Signs,,GSM / HSPA,,"LED flash, HDR, panorama",Up to 230 h,Corning Gorilla Glass 2,GPS,,0.24 W/kg (head)     0.37 W/kg (body),HSPA 21.1/5.76 Mbps,
,IPS LCD,140.1 x 67.5 x 8.8 mm (5.52 x 2.66 x 0.35 in),https://fdn2.gsmarena.com/vv/bigpic/wiko-wax.jpg,,"4.0, A2DP",Yes,Nvidia Tegra 4i,No,Micro-SIM,"3, 7, 20",1080p@30fps,Wiko,,Discontinued,"Accelerometer, proximity, compass","720 x 1280 pixels, 16:9 ratio (~312 ppi density)",,Wi-Fi 802.11 b/g/n,"8 MP, AF",About 200 EUR,,C210AE,,microUSB 2.0,,4GB 1GB RAM,microSDHC (dedicated slot),"Black, White, Coral, Turquoise",HSDPA 900 / 1900 / 2100,Up to 14 h 50 min (2G) / Up to 8 h 40 min (3G),"Android 4.3 (Jelly Bean), upgradable to 4.4.2 (KitKat)","Yes, with stereo speakers",5 MP,,Quad-core 1.7 GHz,0.69 W/kg (head)     0.89 W/kg (body),,,No,,"Li-Ion 2000 mAh, removable",GSM 850 / 900 / 1800 / 1900,"4.7 inches, 60.9 cm2(~64.4% screen-to-body ratio)",,119 g (4.20 oz),"2014, April. Released 2014, April",Wiko Wax,,GSM / HSPA / LTE,,"LED flash, HDR",Up to 162 h,Corning Gorilla Glass 2,GPS,,0.69 W/kg (head),"HSPA, LTE Cat3 100/50 Mbps",
,IPS LCD,144 x 70 x 7.7 mm (5.67 x 2.76 x 0.30 in),https://fdn2.gsmarena.com/vv/bigpic/wiko-highway.jpg,,"4.0, A2DP",Yes,Mediatek MT6592 (28 nm),No,Dual SIM (Micro-SIM),,1080p@28fps,Wiko,,Discontinued,"Accelerometer, gyro, proximity, compass","1080 x 1920 pixels, 16:9 ratio (~441 ppi density)",,"Wi-Fi 802.11 b/g/n, Wi-Fi Direct, hotspot","16 MP, AF",About 350 EUR,,,,"microUSB 2.0, OTG",Mali-450MP4,"16GB 2GB RAM, 32GB 2GB RAM",No,"Black, White, Blue Electric, Orange, Purple",HSDPA 900 / 2100,Up to 16 h 30 min (2G) / Up to 11 h 30 min (3G),Android 4.4.2 (KitKat),"Yes, with stereo speakers",8 MP,,Octa-core 2.0 GHz Cortex-A7,0.20 W/kg (head)     0.41 W/kg (body),,,Stereo FM radio,,"Li-Ion 2350 mAh, non-removable",GSM 850 / 900 / 1800 / 1900 - SIM 1 & SIM 2,"5.0 inches, 68.9 cm2(~68.4% screen-to-body ratio)",,154 g (5.43 oz),"2014, January. Released 2014, February",Wiko Highway,,GSM / HSPA,,"LED flash, HDR",Up to 253 h,Corning Gorilla Glass 2,GPS,,0.20 W/kg (head),HSPA 21.1/5.76 Mbps,
