,Type,Dimensions,Model Image,Bluetooth,3.5mm jack,Chipset,NFC,SIM,4G bands,EDGE,Video,Brand,Music play,Status,Sensors,Resolution,Build,WLAN,Single,Infrared port,Price,Models,Features_1,USB,GPU,Internal,Card slot,Talk time,3G bands,Colors,OS,Loudspeaker,Single_1,CPU,SAR,Dual,Radio,Type_1,2G bands,Size,Weight,Announced,Model Name,Video_1,Technology,Stand-by,Features,GPRS,Protection,Positioning,SAR EU,Speed
eMMC 5.0,IPS LCD,144 x 72.3 x 9.5 mm (5.67 x 2.85 x 0.37 in),https://fdn2.gsmarena.com/vv/bigpic/lava-xolo-2x.jpg,"4.0, A2DP",Yes,Mediatek MT6737 (28 nm),No,Dual SIM,"3, 5, 40",,1080p@30fps,XOLO,,Discontinued,"Fingerprint (rear-mounted), accelerometer, proximity","720 x 1280 pixels, 16:9 ratio (~294 ppi density)",,Wi-Fi 802.11 b/g/n,"8 MP, f/2.0, AF",,,,,microUSB 2.0,Mali-T720MP2,"16GB 2GB RAM, 16GB 3GB RAM",microSDHC,Up to 16 h (2G) / Up to 12 h (3G),HSDPA 900 / 2100,"Black/Gun Metal, Latte Gold",Android 6.0 (Marshmallow),Yes,"5 MP, f/2.4",Quad-core 1.25 GHz Cortex-A53,,,FM radio,"Li-Ion 2500 mAh, removable",GSM 850 / 900 / 1800 / 1900 - SIM 1 & SIM 2,"5.0 inches, 68.9 cm2(~66.2% screen-to-body ratio)",-,"2017, January. Released 2017, January",XOLO Era 2X,,GSM / HSPA / LTE,Up to 322 h (3G),"LED flash, HDR, panorama",,,GPS,,"HSPA 21.1/5.76 Mbps, LTE Cat4 150/50 Mbps"
,TFT,146.5 x 73 x 9.2 mm (5.77 x 2.87 x 0.36 in),https://fdn2.gsmarena.com/vv/bigpic/xolo-era-2.jpg,"4.0, A2DP",Yes,Spreadtrum SC9832A,No,Dual SIM,"3, 5, 40",,720p@30fps,XOLO,,Discontinued,Accelerometer,"480 x 854 pixels, 16:9 ratio (~196 ppi density)",,Wi-Fi 802.11 b/g/n,"5 MP, f/2.0, 1.4µm, AF",,,era 2,LED flash,microUSB 2.0,Mali-400MP3,8GB 1GB RAM,microSDHC,,HSDPA 900 / 2100,"Black, Blue, Gold",Android 6.0 (Marshmallow),Yes,5 MP,Quad-core 1.3 GHz,,,FM radio,"Li-Ion 2350 mAh, removable",GSM 850 / 900 / 1800 / 1900 - SIM 1 & SIM 2,"5.0 inches, 68.9 cm2(~64.4% screen-to-body ratio)",-,"2016, October. Released 2016, October",XOLO Era 2,,GSM / HSPA / LTE,,"Panorama, LED flash",,,GPS,,"HSPA 21.1/5.76 Mbps, LTE Cat4 150/50 Mbps"
,IPS LCD,145.5 x 72 x 8.6 mm (5.73 x 2.83 x 0.34 in),https://fdn2.gsmarena.com/vv/bigpic/xolo-era-1x.jpg,"4.0, A2DP",Yes,Spreadtrum SC9832A,No,Dual SIM,"3, 5, 40",,1080p@30fps,XOLO,,Discontinued,"Accelerometer, proximity","720 x 1280 pixels, 16:9 ratio (~294 ppi density)",,Wi-Fi 802.11 b/g/n,"8 MP, AF",,,,dual-LED flash,microUSB 2.0,Mali-400MP3,8GB 1GB RAM,microSDHC,Up to 22 h (2G) / Up to 13 h 30 min (3G),HSDPA 900 / 2100,"Black, Brown/Gold",Android 6.0 (Marshmallow),Yes,5 MP,Quad-core 1.3 GHz,,,FM radio,"Li-Po 2500 mAh, removable",GSM 850 / 900 / 1800 / 1900 - SIM 1 & SIM 2,"5.0 inches, 68.9 cm2(~65.8% screen-to-body ratio)",-,"2016, September. Released 2016, September",XOLO Era 1X,,GSM / HSPA / LTE,Up to 185 h,"LED flash, panorama, HDR",,,GPS,,"HSPA 21.1/5.76 Mbps, LTE Cat4 150/50 Mbps"
,IPS LCD,145.5 x 72 x 8.5 mm (5.73 x 2.83 x 0.33 in),https://fdn2.gsmarena.com/vv/bigpic/xolo-era-x.jpg,"4.0, A2DP",Yes,Spreadtrum SC9830A,No,Dual SIM,"3, 5, 40",,1080p@30fps,XOLO,,Discontinued,"Accelerometer, proximity","720 x 1280 pixels, 16:9 ratio (~294 ppi density)",,"Wi-Fi 802.11 b/g/n, hotspot","8 MP, AF",,,,LED flash,microUSB 2.0,,8GB 2GB RAM,microSDHC,,HSDPA 900 / 2100,Black,"Android 5.1.1 (Lollipop), upgradable to 6.0 (Marshmallow)",Yes,5 MP,Quad-core 1.5 GHz,,,FM radio,"Li-Po 2500 mAh, removable",GSM 900 / 1800 - SIM 1 & SIM 2,"5.0 inches, 68.9 cm2(~65.8% screen-to-body ratio)",-,"2016, February. Released 2016, February",XOLO Era X,,GSM / HSPA / LTE,,"LED flash, panorama, HDR",,Corning Gorilla Glass,GPS,,"HSPA 21.1/5.76 Mbps, LTE Cat4 150/50 Mbps"
,IPS LCD,143 x 71.8 x 9.2 mm (5.63 x 2.83 x 0.36 in),https://fdn2.gsmarena.com/vv/bigpic/xolo-era-4k.jpg,"4.0, A2DP",Yes,Mediatek MT6735P (28 nm),No,Dual SIM,"3, 40",,1080p@30fps,XOLO,,Discontinued,"Accelerometer, proximity","720 x 1280 pixels, 16:9 ratio (~294 ppi density)",,"Wi-Fi 802.11 b/g/n, hotspot","8 MP, f/2.0, AF",,,,,microUSB 2.0,Mali-T720MP2,8GB 2GB RAM,microSDHC,Up to 32 h (2G) / Up to 17 h (3G),HSDPA 900 / 2100,"Blue, White",Android 5.1.1 (Lollipop),Yes,"5 MP, f/2.2",Quad-core 1.0 GHz Cortex-A53,,,FM radio,"Li-Ion 4000 mAh, non-removable",GSM 900 / 1800 - SIM 1 & SIM 2,"5.0 inches, 68.9 cm2(~67.1% screen-to-body ratio)",-,"2016, February. Released 2016, February",XOLO Era 4K,,GSM / HSPA / LTE,Up to 624 h (2G) / Up to 528 h (3G),"Dual-LED flash, panorama, HDR",,Corning Gorilla Glass 3,GPS,,"HSPA 42.2/11.5 Mbps, LTE Cat4 150/50 Mbps"
,IPS LCD,145.5 x 72 x 8.5 mm (5.73 x 2.83 x 0.33 in),https://fdn2.gsmarena.com/vv/bigpic/xolo-era-4g-.jpg,"4.0, A2DP",Yes,Spreadtrum SC9830A,No,Dual SIM,"3, 5, 40",,1080p@30fps,XOLO,,Discontinued,"Accelerometer, proximity","720 x 1280 pixels, 16:9 ratio (~294 ppi density)",,"Wi-Fi 802.11 b/g/n, hotspot","5 MP, AF",,,,LED flash,microUSB 2.0,Mali-400MP2,8GB 1GB RAM,microSDHC,Up to 13 h 30 min (2G) / Up to 10 h 45 min (3G),HSDPA 900 / 2100,Black,"Android 5.1.1 (Lollipop), upgradable to 6.0 (Marshmallow)",Yes,2 MP,Quad-core 1.5 GHz,,,FM radio,"Li-Po 2500 mAh, removable",GSM 900 / 1800 - SIM 1 & SIM 2,"5.0 inches, 68.9 cm2(~65.8% screen-to-body ratio)",-,"2016, February. Released 2016, February",XOLO Era 4G,,GSM / HSPA / LTE,Up to 455 h (2G) / Up to 329 h (3G),"LED flash, panorama, HDR",,Corning Gorilla Glass,GPS,0.26 W/kg (head)     0.23 W/kg (body),HSPA 21.1/5.76 Mbps
,IPS LCD,143 x 72.6 x 9.5 mm (5.63 x 2.86 x 0.37 in),https://fdn2.gsmarena.com/vv/bigpic/xolo-one-hd.jpg,"4.0, A2DP",Yes,Mediatek MT6580M (28 nm),No,Dual SIM,,,1080p@30fps,XOLO,,Discontinued,"Accelerometer, proximity","720 x 1280 pixels, 16:9 ratio (~294 ppi density)",,"Wi-Fi 802.11 b/g/n, hotspot","8 MP, f/2.2, AF",,,,LED flash,microUSB 2.0,Mali-400MP2,8GB 1GB RAM,microSDXC,Up to 5 h (2G) / Up to 4 h 30 min (3G),HSDPA 900 / 2100,"Space Gray, White",Android 5.1 (Lollipop),Yes,5 MP,Quad-core 1.3 GHz Cortex-A7,,,FM radio,"Li-Po 2300 mAh, removable",GSM 850 / 900 / 1800 / 1900 - SIM 1 & SIM 2,"5.0 inches, 68.9 cm2(~66.4% screen-to-body ratio)",-,"2015, December. Released 2016, January",XOLO One HD,,GSM / HSPA,Up to 200 h (2G) / Up to 182 h (3G),"LED flash, panorama, HDR",,,GPS,0.22 W/kg (head)     0.48 W/kg (body),HSPA 21.1/5.76 Mbps
eMMC 4.5,IPS LCD,155.5 x 76.6 x 7.3 mm (6.12 x 3.02 x 0.29 in),https://fdn2.gsmarena.com/vv/bigpic/xolo-black-3gb.jpg,"4.0, A2DP",Yes,Qualcomm MSM8939 Snapdragon 615 (28 nm),No,Dual SIM,"3, 40",,1080p@30fps,XOLO,,Discontinued,"Accelerometer, gyro, proximity, compass","1080 x 1920 pixels, 16:9 ratio (~401 ppi density)","Glass front (Gorilla Glass 3), glass back (Gorilla Glass 3), aluminum frame","Wi-Fi 802.11 b/g/n, hotspot",5 MP,,,,LED flash,"microUSB 2.0, OTG",Adreno 405,16GB 3GB RAM,microSDHC,Up to 36 h (2G) / Up to 27 h (3G),HSDPA 900 / 2100,Black,"Android 5.0 (Lollipop) , HIVE Atlas UI",Yes,,Octa-core (4x1.5 GHz Cortex-A53 & 4x1.0 GHz Cortex-A53),,"13 MP, f/2.0, AF2 MP, f/2.4, (depth)",FM radio,"Li-Po 3200 mAh, non-removable",GSM 850 / 900 / 1800 / 1900 - SIM 1 & SIM 2,"5.5 inches, 83.4 cm2(~70.0% screen-to-body ratio)",-,"2015, December. Released 2015, December",XOLO Black 3GB,,GSM / HSPA / LTE,Up to 798 h (2G) / Up to 634 h (3G),"LED flash, panorama, HDR",,Corning Gorilla Glass 3,"GPS, GLONASS",0.13 W/kg (head)     0.27 W/kg (body),"HSPA 42.2/7.2 Mbps, LTE Cat4 150/50 Mbps"
,IPS LCD,144.6 x 72 x 7.6 mm (5.69 x 2.83 x 0.30 in),https://fdn2.gsmarena.com/vv/bigpic/xolo-black-1x.jpg,"4.0, A2DP",Yes,Mediatek MT6753 (28 nm),No,Hybrid Dual SIM,LTE 1800 TD-LTE 2300,,1080p@30fps,XOLO,,Discontinued,"Accelerometer, gyro, proximity, compass","1080 x 1920 pixels, 16:9 ratio (~441 ppi density)",,"Wi-Fi 802.11 b/g/n, hotspot","13 MP, PDAF",,About 140 EUR,,LED flash,"microUSB 2.0, OTG",Mali-T720MP3,32GB 3GB RAM,microSDXC (uses shared SIM slot),Up to 27 h (2G) / Up to 12 h (3G),HSDPA 900 / 2100,Black,"Android 5.1 (Lollipop), upgradable to 6.0 (Marshmallow), HIVE Atlas UI",Yes,5 MP,Octa-core 1.3 GHz Cortex-A53,,,FM radio,"Li-Po 2400 mAh, non-removable",GSM 850 / 900 / 1800 / 1900 - SIM 1 & SIM 2,"5.0 inches, 68.9 cm2(~66.2% screen-to-body ratio)",-,"2015, October. Released 2015, October",XOLO Black 1X,,GSM / HSPA / LTE,Up to 394 h (2G) / Up to 354 h (3G),"LED flash, panorama, HDR",,Asahi Dragontrail Glass,"GPS, GLONASS",0.09 W/kg (head)     0.14 W/kg (body),"HSPA 42.2/7.2 Mbps, LTE Cat4 150/50 Mbps"
eMMC 4.5,IPS LCD,155.5 x 76.6 x 7.3 mm (6.12 x 3.02 x 0.29 in),https://fdn2.gsmarena.com/vv/bigpic/xolo-black-2015.jpg,"4.0, A2DP",Yes,Qualcomm MSM8939 Snapdragon 615 (28 nm),No,Nano-SIM + Micro-SIM,LTE 1800 TD-LTE 2300,,1080p@30fps,XOLO,,Discontinued,"Accelerometer, gyro, proximity, compass","1080 x 1920 pixels, 16:9 ratio (~403 ppi density)","Glass front (Gorilla Glass 3), glass back (Gorilla Glass 3), aluminum frame","Wi-Fi 802.11 b/g/n, hotspot",5 MP,,About 180 EUR,,LED flash,microUSB 2.0,Adreno 405,16GB 2GB RAM,microSDHC (uses shared SIM slot),Up to 36 h (2G) / Up to 24 h (3G),HSDPA 900 / 2100,Black,"Android 5.0 (Lollipop), HIVE Atlas UI",Yes,,Octa-core (4x1.5 GHz Cortex-A53 & 4x1.0 GHz Cortex-A53),,"13 MP, AF2 MP, (depth)",FM radio,"Li-Po 3200 mAh, non-removable",GSM 850 / 900 / 1800 / 1900 - SIM 1 & SIM 2,"5.5 inches, 82.6 cm2(~69.3% screen-to-body ratio)",-,"2015, July. Released 2015, July",XOLO Black,,GSM / HSPA / LTE,Up to 736 h (2G) / Up to 699 h (3G),"LED flash, panorama, HDR",,Corning Gorilla Glass 3,"GPS, GLONASS",0.13 W/kg (head)     0.27 W/kg (body),"HSPA 42.2/11.5 Mbps, LTE Cat4 150/50 Mbps"
,IPS LCD,143 x 73.2 x 9.4 mm (5.63 x 2.88 x 0.37 in),https://fdn2.gsmarena.com/vv/bigpic/xolo-era.jpg,2.1,Yes,Spreadtrum 7731,No,Dual SIM,,,Yes,XOLO,,Discontinued,"Accelerometer, proximity","480 x 854 pixels, 16:9 ratio (~196 ppi density)",,"Wi-Fi 802.11 b/g/n, hotspot",8 MP,,About 60 EUR,,,microUSB 2.0,Mali-400,8GB 1GB RAM,microSDHC,Up to 24 h 30 min (2G) / Up to 10 h (3G),HSDPA 2100,Black,Android 4.4.2 (KitKat),Yes,2 MP,Quad-core 1.2 GHz,,,FM radio,"Li-Ion 2100 mAh, removable",GSM 900 / 1800 - SIM 1 & SIM 2,"5.0 inches, 68.9 cm2(~65.8% screen-to-body ratio)",-,"2015, July. Released 2015, July",XOLO Era,,GSM / HSPA,Up to 511 h (2G) / Up to 523 h (3G),"LED flash, panorama, HDR",,,GPS,,HSPA 21.1/5.76 Mbps
,IPS LCD,143 x 71 x 6.9 mm (5.63 x 2.80 x 0.27 in),https://fdn2.gsmarena.com/vv/bigpic/xolo-cube-5.jpg,"4.0, A2DP",Yes,Mediatek MT6582M (28 nm),No,Dual SIM,,,Yes,XOLO,,Discontinued,"Accelerometer, proximity","720 x 1280 pixels, 16:9 ratio (~294 ppi density)",,"Wi-Fi 802.11 b/g/n, hotspot","8 MP, AF",,,,,microUSB 2.0,Mali-400MP2,8GB 2GB RAM,microSDHC,Up to 26 h (2G) / Up to 10 h (3G),HSDPA 2100,"Black, White, Gold",Android 5.0 (Lollipop),Yes,5 MP,Quad-core 1.3 GHz Cortex-A7,,,FM radio,"Li-Po 2100 mAh, removable",GSM 850 / 900 / 1800 / 1900 - SIM 1 & SIM 2,"5.0 inches, 68.9 cm2(~67.9% screen-to-body ratio)",-,"2015, June. Released 2015, June",XOLO Cube 5.0,,GSM / HSPA,Up to 656 h (2G) / Up to 477 h (3G),"LED flash, panorama, HDR",,,GPS,0.79 W/kg (head)     1.19 W/kg (body),HSPA 21.1/5.76 Mbps
,IPS LCD,135 x 68 x 9.5 mm (5.31 x 2.68 x 0.37 in),https://fdn2.gsmarena.com/vv/bigpic/xolo-prime.jpg,"4.0, A2DP",Yes,Mediatek MT6582M (28 nm),No,Dual SIM,,,720p,XOLO,,Discontinued,"Accelerometer, proximity","480 x 854 pixels, 16:9 ratio (~218 ppi density)",,"Wi-Fi 802.11 b/g/n, hotspot","5 MP, AF",,About 80 EUR,,,microUSB 2.0,Mali-400MP2,8GB 1GB RAM,microSDHC,Up to 21 h (2G) / Up to 10 h (3G),HSDPA 2100,"Black, Blue, Red",Android 5.0 (Lollipop),Yes,VGA,Quad-core 1.3 GHz Cortex-A7,,,FM radio,"Li-Ion 1800 mAh, removable",GSM 900 / 1800 - SIM 1 & SIM 2,"4.5 inches, 55.8 cm2(~60.8% screen-to-body ratio)",-,"2015, May. Released 2015, May",XOLO Prime,,GSM / HSPA,Up to 500 h (2G) / Up to 400 h (3G),"LED flash, panorama, HDR",,,GPS,0.89 W/kg (head)     0.71 W/kg (body),HSPA 21.1/5.76 Mbps
eMMC 4.5,IPS LCD,152.4 x 75 x 9.3 mm (6.00 x 2.95 x 0.37 in),https://fdn2.gsmarena.com/vv/bigpic/xolo-2000.jpg,"4.0, A2DP",Yes,Qualcomm MSM8916 Snapdragon 410 (28 nm),No,Dual SIM (Micro-SIM),"3, 40",,1080p@30fps,XOLO,,Discontinued,"Accelerometer, proximity, compass","720 x 1280 pixels, 16:9 ratio (~267 ppi density)",,"Wi-Fi 802.11 b/g/n, hotspot","8 MP, AF",,,,,microUSB 2.0,Adreno 306,8GB 1GB RAM,microSDHC,Up to 30 h (2G) / Up to 17 h 20 min (3G),HSDPA 850 / 900 / 2100,Black,"Android 4.4.2 (KitKat), upgradable to 5.0 (Lollipop)",Yes,2 MP,Quad-core 1.2 GHz Cortex-A53,,,FM radio,"Li-Ion 2920 mAh, removable",GSM 850 / 900 / 1800 / 1900 - SIM 1 & SIM 2,"5.5 inches, 83.4 cm2(~73.0% screen-to-body ratio)",-,"2015, January. Released 2015, February",XOLO LT2000,,GSM / HSPA / LTE,Up to 760 h (2G) / Up to 693 h (3G),"LED flash, panorama, HDR",,,GPS,0.28 W/kg (head)     0.30 W/kg (body),"HSPA 42.2/7.2 Mbps, LTE"
,IPS LCD,143.7 x 72 x 8.8 mm (5.66 x 2.83 x 0.35 in),https://fdn2.gsmarena.com/vv/bigpic/xolo-1010.jpg,"4.0, A2DP",Yes,Mediatek MT6582M (28 nm),No,Dual SIM,,,Yes,XOLO,,Discontinued,"Accelerometer, proximity","480 x 854 pixels, 16:9 ratio (~196 ppi density)",,"Wi-Fi 802.11 b/g/n, hotspot","5 MP, AF",,About 80 EUR,,,microUSB 2.0,Mali-400MP2,4GB 512MB RAM,microSDHC,Up to 28 h (2G) / Up to 15 h (3G),HSDPA 900 / 2100,"Black, White",Android 4.4.2 (KitKat),Yes,VGA,Dual-core 1.0 GHz Cortex-A7,,,FM radio,"Li-Po 2500 mAh, removable",GSM 850 / 900 / 1800 / 1900 - SIM 1 & SIM 2,"5.0 inches, 68.9 cm2(~66.6% screen-to-body ratio)",-,"2015, March. Released 2015, March",XOLO A1010,,GSM / HSPA,Up to 961 h (2G) / Up to 842 h (3G),"LED flash, panorama, HDR",,,GPS,,HSPA 21.1/5.76 Mbps
eMMC 4.5,IPS LCD,143 x 71.3 x 8.8 mm (5.63 x 2.81 x 0.35 in),https://fdn2.gsmarena.com/vv/bigpic/xolo-q1000.jpg,"4.0, A2DP",Yes,Qualcomm MSM8212 Snapdragon 200 (28 nm),No,Dual SIM,,,Yes,XOLO,,Discontinued,"Accelerometer, proximity","720 x 1280 pixels, 16:9 ratio (~294 ppi density)",,"Wi-Fi 802.11 b/g/n, hotspot","8 MP, AF",,About 120 EUR,,,microUSB 2.0,Adreno 302,8GB 1GB RAM,microSDHC,Up to 32 h (2G) / Up to 12 h (3G),HSDPA 2100,"Black, White, Yellow",Microsoft Windows Phone 8.1,Yes,2 MP,Quad-core 1.2 GHz Cortex-A7,,,FM radio,"Li-Po 2200 mAh, removable",GSM 850 / 900 / 1800 / 1900 - SIM 1 & SIM 2,"5.0 inches, 68.9 cm2(~67.6% screen-to-body ratio)",-,"2015, February. Released 2015, February",XOLO Win Q1000,,GSM / HSPA,Up to 530 h (2G) / Up to 500 h (3G),LED flash,,,GPS,0.69 W/kg (head)     0.78 W/kg (body),HSPA 21.1/5.76 Mbps
,IPS LCD,143 x 71.3 x 8.8 mm (5.63 x 2.81 x 0.35 in),https://fdn2.gsmarena.com/vv/bigpic/xolo-8x-1020.jpg,"4.0, A2DP",Yes,Mediatek MT6592M (28 nm),No,Dual SIM,,,Yes,XOLO,,Discontinued,"Accelerometer, proximity, compass","720 x 1280 pixels, 16:9 ratio (~294 ppi density)",,"Wi-Fi 802.11 b/g/n, hotspot","8 MP, AF",,About 120 EUR,,LED flash,microUSB 2.0,Mali-450MP4,8GB 1GB RAM,microSDHC,Up to 30 h (2G) / Up to 17 h (3G),HSDPA 2100,Black,Android 4.4.2 (KitKat),Yes,5 MP,Octa-core 1.4 GHz Cortex-A7,,,FM radio,"Li-Po 2500 mAh, non-removable",GSM 850 / 900 / 1800 / 1900 - SIM 1 & SIM 2,"5.0 inches, 68.9 cm2(~67.6% screen-to-body ratio)",-,"2015, February. Released 2015, February",XOLO 8X-1020,,GSM / HSPA,Up to 657 h (2G) / Up to 700 h (3G),"Dual-LED flash, panorama, HDR",,,GPS,0.73 W/kg (head)     0.71 W/kg (body),HSPA 21.1/5.76 Mbps
,IPS LCD,134.6 x 67 x 10.8 mm (5.30 x 2.64 x 0.43 in),https://fdn2.gsmarena.com/vv/bigpic/xolo-700.jpg,"4.0, A2DP",Yes,Mediatek MT6582M (28 nm),No,Dual SIM,,,Yes,XOLO,,Discontinued,"Accelerometer, proximity","480 x 854 pixels, 16:9 ratio (~218 ppi density)",,"Wi-Fi 802.11 b/g/n, hotspot","5 MP, AF",,,,,microUSB 2.0,Mali-400MP2,8GB 1GB RAM,microSDHC,Up to 21 h (2G) / Up to 9 h (3G),HSDPA 2100,"Black, White",Android 4.4.2 (KitKat),Yes,VGA,Quad-core 1.3 GHz Cortex-A7,,,FM radio,"Li-Ion 2000 mAh, removable",GSM 900 / 1800 / 850 - SIM 1 & SIM 2,"4.5 inches, 55.8 cm2(~61.9% screen-to-body ratio)",-,"2015, January. Released 2015, January",XOLO Q700 Club,,GSM / HSPA,Up to 600 h (2G) / Up to 550 h (3G),"LED flash, panorama, HDR",,,GPS,,HSPA 21.1/5.76 Mbps
,IPS LCD,-,https://fdn2.gsmarena.com/vv/bigpic/xolo-520s.jpg,"4.0, A2DP",Yes,Mediatek MT6582M (28 nm),No,Dual SIM,,,Yes,XOLO,,Discontinued,"Accelerometer, proximity","480 x 800 pixels, 5:3 ratio (~233 ppi density)",,"Wi-Fi 802.11 b/g/n, hotspot",5 MP,,,,,microUSB 2.0,Mali-400MP2,4GB 512MB RAM,microSDHC,Up to 19 h (2G) / Up to 11 h (3G),HSDPA 2100,"Black, White",Android 4.4.2 (KitKat),Yes,VGA,Quad-core 1.3 GHz Cortex-A7,,,FM radio,"Li-Po 1820 mAh, removable",GSM 850 / 900 / 1800 / 1900 - SIM 1 & SIM 2,"4.0 inches, 45.5 cm2",-,"2015, January. Released 2015, January",XOLO Q520s,,GSM / HSPA,Up to 610 h (2G) / Up to 527 h (3G),"LED flash, panorama, HDR",,,GPS,,HSPA 21.1/5.76 Mbps
eMMC 4.5,IPS LCD,135.8 x 67.2 x 7.2 mm (5.35 x 2.65 x 0.28 in),https://fdn2.gsmarena.com/vv/bigpic/xolo-q900s-plus.jpg,"4.0, A2DP",Yes,Qualcomm MSM8212 Snapdragon 200 (28 nm),No,Dual SIM,,,720p,XOLO,Up to 30 h,Discontinued,"Accelerometer, proximity, compass","720 x 1280 pixels, 16:9 ratio (~312 ppi density)",,"Wi-Fi 802.11 b/g/n, hotspot","8 MP, AF",,,,,microUSB 2.0,Adreno 302,8GB 1GB RAM,microSDHC,Up to 23 h (2G) / Up to 14 h (3G),HSDPA 2100,"Black, White",Android 4.4.2 (KitKat),Yes,2 MP,Quad-core 1.2 GHz Cortex-A7,,,FM radio,"Li-Po 1800 mAh, removable",GSM 850 / 900 / 1800 / 1900 - SIM 1 & SIM 2,"4.7 inches, 60.9 cm2(~66.7% screen-to-body ratio)",100 g (3.53 oz),"2014, June. Released 2014, July",XOLO Q900s Plus,,GSM / HSPA,Up to 263 h (2G) / Up to 246 h (3G),"LED flash, panorama",,Asahi Dragontrail Glass,GPS,,HSPA 42.2/5.76 Mbps
,IPS LCD,155.5 x 76.6 x 10.6 mm (6.12 x 3.02 x 0.42 in),https://fdn2.gsmarena.com/vv/bigpic/xolo-omega-55.jpg,"4.0, A2DP",Yes,Mediatek MT6592M (28 nm),No,Dual SIM,,,Yes,XOLO,,Discontinued,"Accelerometer, proximity","720 x 1280 pixels, 16:9 ratio (~267 ppi density)",,"Wi-Fi 802.11 b/g/n, hotspot","13 MP, AF",,About 130 EUR,,,microUSB 2.0,Mali-450MP4,8GB 1GB RAM,microSDHC,Up to 31 h (2G) / Up to 13 h 30 min (3G),HSDPA 2100,Black,Android 4.4.2 (KitKat),Yes,2 MP,Octa-core 1.4 GHz Cortex-A7,,,FM radio,"Li-Ion 2600 mAh, removable",GSM 850 / 900 / 1800 / 1900 - SIM 1 & SIM 2,"5.5 inches, 83.4 cm2(~70.0% screen-to-body ratio)",-,"2014, December. Released 2014, December",XOLO Omega 5.5,,GSM / HSPA,Up to 780 h (2G) / Up to 750 h (3G),"LED flash, panorama, HDR",,,GPS,,HSPA 21.1/5.76 Mbps
,IPS LCD,144 x 72 x 10.5 mm (5.67 x 2.83 x 0.41 in),https://fdn2.gsmarena.com/vv/bigpic/xolo-omega-5.jpg,"4.0, A2DP",Yes,Mediatek MT6592M (28 nm),No,Dual SIM,,,Yes,XOLO,,Discontinued,"Accelerometer, proximity","720 x 1280 pixels, 16:9 ratio (~294 ppi density)",,"Wi-Fi 802.11 b/g/n, hotspot","8 MP, AF",,About 110 EUR,,,microUSB 2.0,Mali-450MP4,8GB 1GB RAM,microSDHC,Up to 22 h (2G) / Up to 7 h 40 min (3G),HSDPA 2100,Black,Android 4.4.2 (KitKat),Yes,2 MP,Octa-core 1.4 GHz Cortex-A7,,,FM radio,"Li-Ion 2100 mAh, non-removable",GSM 850 / 900 / 1800 / 1900 - SIM 1 & SIM 2,"5.0 inches, 68.9 cm2(~66.5% screen-to-body ratio)",-,"2014, December. Released 2014, December",XOLO Omega 5.0,,GSM / HSPA,Up to 675 h (2G) / Up to 656 h (3G),"LED flash, panorama, HDR",,,GPS,,HSPA 21.1/5.76 Mbps
,"IPS LCD, 256K colors",143 x 71.3 x 8.8 mm (5.63 x 2.81 x 0.35 in),https://fdn2.gsmarena.com/vv/bigpic/xolo-opus-3.jpg,"4.0, A2DP",Yes,Mediatek MT6582M (28 nm),No,Dual SIM,,,1080p@30fps,XOLO,,Discontinued,"Accelerometer, proximity, compass","720 x 1280 pixels, 16:9 ratio (~294 ppi density)",,"Wi-Fi 802.11 b/g/n, hotspot","8 MP, AF",,About 120 EUR,,LED flash,microUSB 2.0,Mali-400MP2,8GB 1GB RAM,microSDHC,Up to 26 h (2G) / Up to 13 h (3G),HSDPA 900 / 2100,Black,Android 4.4.2 (KitKat),Yes,5 MP,Quad-core 1.3 GHz Cortex-A7,,,FM radio,"Li-Po 2500 mAh, removable",GSM 850 / 900 / 1800 / 1900 - SIM 1 & SIM 2,"5.0 inches, 68.9 cm2(~67.6% screen-to-body ratio)",-,"2014, December. Released 2014, December",XOLO Opus 3,,GSM / HSPA,Up to 550 h (2G) / Up to 550 h (3G),"Dual-LED flash, HDR, panorama",,,GPS,0.73 W/kg (head)     0.71 W/kg (body),HSPA 21.1/5.76 Mbps
,"IPS LCD, 256K colors",135 x 67 x 8.5 mm (5.31 x 2.64 x 0.33 in),https://fdn2.gsmarena.com/vv/bigpic/xolo-q710s.jpg,"4.0, A2DP",Yes,Mediatek MT6582M (28 nm),No,Dual SIM,,,1080p@30fps,XOLO,,Discontinued,"Accelerometer, proximity","540 x 960 pixels, 16:9 ratio (~245 ppi density)",,"Wi-Fi 802.11 b/g/n, hotspot","8 MP, AF",,,,,microUSB 2.0,Mali-400MP2,8GB 1GB RAM,microSDHC,Up to 22 h (2G) / Up to 12 h (3G),HSDPA 900 / 2100,Black,Android 4.4.2 (KitKat),Yes,1.3 MP,Quad-core 1.3 GHz Cortex-A7,,,FM radio,"Li-Po 2000 mAh, removable",GSM 850 / 900 / 1800 / 1900 - SIM 1 & SIM 2,"4.5 inches, 55.8 cm2(~61.7% screen-to-body ratio)",-,"2014, December. Released 2014, December",XOLO Q710s,,GSM / HSPA,Up to 640 h (2G) / Up to 600 h (3G),"LED flash, HDR, panorama",,,GPS,0.41 W/kg (head)     1.02 W/kg (body),HSPA 21.1/5.76 Mbps
,IPS LCD,143 x 71 x 8.7 mm (5.63 x 2.80 x 0.34 in),https://fdn2.gsmarena.com/vv/bigpic/xolo-q1020.jpg,"4.0, A2DP",Yes,Mediatek MT6582 (28 nm),No,Dual SIM,,,1080p@30fps,XOLO,,Discontinued,"Accelerometer, proximity, compass","720 x 1280 pixels, 16:9 ratio (~294 ppi density)",,"Wi-Fi 802.11 b/g/n, hotspot","13 MP, AF",,About 150 EUR,,,"microUSB 2.0, OTG",Mali-400MP2,8GB 1GB RAM,microSDHC,Up to 25 h 40 min (2G) / Up to 12 h 30 min (3G),HSDPA 900 / 2100,"Black, White",Android 4.4.2 (KitKat),Yes,2 MP,Quad-core 1.3 GHz Cortex-A7,,,FM radio,"Li-Po 2100 mAh, removable",GSM 850 / 900 / 1800 / 1900 - SIM 1 & SIM 2,"5.0 inches, 68.9 cm2(~67.9% screen-to-body ratio)",-,"2014, October. Released 2014, October",XOLO Q1020,,GSM / HSPA,Up to 487 h (2G) / Up to 454 h (3G),"LED flash, panorama, HDR",,Corning Gorilla Glass 3,GPS,0.37 W/kg (head)     0.54 W/kg (body),HSPA 21.1/5.76 Mbps
,"IPS LCD, 256K colors",128 x 64.3 x 9.3 mm (5.04 x 2.53 x 0.37 in),https://fdn2.gsmarena.com/vv/bigpic/xolo-one.jpg,"4.0, A2DP",Yes,Mediatek MT6582M (28 nm),No,Dual SIM,,,,XOLO,,Discontinued,"Accelerometer, proximity","480 x 854 pixels, 16:9 ratio (~218 ppi density)",,"Wi-Fi 802.11 b/g/n, hotspot",5 MP,,About 80 EUR,,,microUSB 2.0,Mali-400MP2,8GB 1GB RAM,microSDHC,Up to 19 h (2G) / Up to 8 h (3G),HSDPA 2100,"Black, White, Brown, Red, Liverpool FC Limited Edition","Android 4.4.2 (KitKat), upgradable to 5.0 (Lollipop)",Yes,VGA,Quad-core 1.3 GHz Cortex-A7,,,FM radio,"Li-Ion 1700 mAh, removable",GSM 900 / 1800 - SIM 1 & SIM 2,"4.5 inches, 55.8 cm2(~67.8% screen-to-body ratio)",-,"2014, October. Released 2014, October",XOLO One,,GSM / HSPA,Up to 430 h (2G) / Up to 377 h (3G),"LED flash, panorama, HDR",,,GPS,0.50 W/kg (head)     0.77 W/kg (body),HSPA 21.1/5.76 Mbps
,IPS LCD,152.4 x 75 x 9.3 mm (6.00 x 2.95 x 0.37 in),https://fdn2.gsmarena.com/vv/bigpic/xolo-q2100.jpg,"4.0, A2DP",Yes,Mediatek MT6582 (28 nm),No,Dual SIM,,,1080p@30fps,XOLO,,Discontinued,"Fingerprint (rear-mounted), accelerometer, proximity, compass","720 x 1280 pixels, 16:9 ratio (~267 ppi density)",,"Wi-Fi 802.11 b/g/n, hotspot","8 MP, AF",,,,,"microUSB 2.0, OTG",Mali-400MP2,8GB 1GB RAM,microSDHC,Up to 27 h (2G) / Up to 22 h (3G),HSDPA 900 / 2100,"Black, White",Android 4.4 (KitKat),Yes,2 MP,Quad-core 1.3 GHz Cortex-A7,0.68 W/kg (head)     0.56 W/kg (body),,FM radio,"Li-Po 2800 mAh, removable",GSM 850 / 900 / 1800 / 1900 - SIM 1 & SIM 2,"5.5 inches, 83.4 cm2(~73.0% screen-to-body ratio)",-,"2014, September. Released 2014, September",XOLO Q2100,,GSM / HSPA,Up to 777 h (2G) / Up to 604 h (3G),"Dual-LED flash, panorama, HDR",,Corning Gorilla Glass 3,GPS,,HSPA 21.1/5.76 Mbps
,"IPS LCD, 256K colors",143 x 71 x 7.9 mm (5.63 x 2.80 x 0.31 in),https://fdn2.gsmarena.com/vv/bigpic/xolo-opus-hd.jpg,"4.0, A2DP",Yes,Broadcom BCM23550,No,Dual SIM,,,1080p@30fps,XOLO,,Discontinued,"Accelerometer, proximity","720 x 1280 pixels, 16:9 ratio (~294 ppi density)",,"Wi-Fi 802.11 b/g/n, hotspot","8 MP, AF",,About 120 EUR,,,microUSB 2.0,Broadcom VideoCore IV,8GB 1GB RAM,microSDHC,Up to 28 h (2G) / Up to 9 h (3G),HSDPA 2100,Black,Android 4.4.2 (KitKat),Yes,2 MP,Quad-core 1.2 GHz,0.52 W/kg (head)     0.60 W/kg (body),,FM radio,"Li-Ion 2500 mAh, removable",GSM 850 / 900 / 1800 / 1900 - SIM 1 & SIM 2,"4.99 inches, 4.99, 68.6 cm2(~67.6% screen-to-body ratio)",-,2014. Released 2014,XOLO Opus HD,,GSM / HSPA,Up to 600 h (2G) / Up to 500 h (3G),"LED flash, panorama",,,GPS,,HSPA 21.1/5.76 Mbps
,IPS LCD,141.5 x 70.8 x 8.7 mm (5.57 x 2.79 x 0.34 in),https://fdn2.gsmarena.com/vv/bigpic/xolo-8x-1100.jpg,"4.0, A2DP",Yes,Mediatek MT6592 (28 nm),No,Dual SIM,,,1080p@30fps,XOLO,,Discontinued,"Accelerometer, gyro, proximity, compass","720 x 1280 pixels, 16:9 ratio (~294 ppi density)",,"Wi-Fi 802.11 b/g/n, hotspot","13 MP, AF",,About 190 EUR,,LED flash,"microUSB 2.0, OTG",Mali-450MP4,16GB 2GB RAM,microSDHC,Up to 22 h 30 min (2G) / Up to 11 h 30 min (3G),HSDPA 900 / 2100,"Black, White",Android 4.4 (KitKat),Yes,5 MP,Octa-core 1.7 GHz Cortex-A7,,,FM radio,"Li-Po 2100 mAh, removable",GSM 850 / 900 / 1800 / 1900 - SIM 1 & SIM 2,"5.0 inches, 68.9 cm2(~68.8% screen-to-body ratio)",-,"2014, August. Released 2014, August",XOLO Play 8X-1100,,GSM / HSPA,Up to 463 h (2G) / Up to 443 h (3G),"Dual-LED flash, panorama, HDR",,Gorilla Glass 3,GPS,0.72 W/kg (head)     0.90 W/kg (body),HSPA 21.1/5.76 Mbps
,"IPS LCD, 256K colors",128 x 63 x 9 mm (5.04 x 2.48 x 0.35 in),https://fdn2.gsmarena.com/vv/bigpic/xolo-q510s.jpg,"4.0, A2DP",Yes,Mediatek MT6582M (28 nm),No,Dual SIM,,,1080p@30fps,XOLO,,Discontinued,"Accelerometer, proximity","480 x 640 pixels, 4:3 ratio (~200 ppi density)",,"Wi-Fi 802.11 b/g/n, hotspot",5 MP,,,,,microUSB 2.0,Mali-400MP2,8GB 1GB RAM,microSDHC,Up to 16 h (2G) / Up to 7 h (3G),HSDPA 2100,"Black, Metal Blue, Real Golden, Rose Golden",Android 4.4.2 (KitKat),Yes,VGA,Quad-core 1.3 GHz Cortex-A7,,,No,"Li-Ion 1500 mAh, removable",GSM 850 / 1900 - SIM 1 & SIM 2,"4.0 inches, 49.5 cm2(~61.4% screen-to-body ratio)",-,"2014, September. Released 2014, September",XOLO Q510s,,GSM / HSPA,Up to 390 h (2G) / Up to 320 h (3G),"LED flash, panorama, HDR",,,GPS,,HSPA 21.1/5.76 Mbps
,"IPS LCD, 256K colors",136 x 64.6 x 8.9 mm (5.35 x 2.54 x 0.35 in),https://fdn2.gsmarena.com/vv/bigpic/xolo-q700s-plus.jpg,"4.0, A2DP",Yes,Mediatek MT6582M (28 nm),No,Dual SIM (Mini-SIM),,,1080p@30fps,XOLO,,Discontinued,"Accelerometer, compass","480 x 854 pixels, 16:9 ratio (~218 ppi density)",,"Wi-Fi 802.11 b/g/n, Wi-Fi Direct, hotspot","8 MP, AF",,,,,"microUSB 2.0, OTG",Mali-400MP2,8GB 1GB RAM,microSDHC,Up to 18 h (2G) / Up to 8 h (3G),HSDPA 2100,"Black, Titanium Blue, Real Golden",Android 4.4.2 (KitKat),Yes,VGA,Quad-core 1.3 GHz Cortex-A7,,,FM radio,"Li-Ion 1800 mAh, removable",GSM 850 / 900 / 1800 / 1900 - SIM 1 & SIM 2,"4.5 inches, 55.8 cm2(~63.5% screen-to-body ratio)",-,"2014, September. Released 2014, September",XOLO Q700s plus,,GSM / HSPA,Up to 470 h (2G) / Up to 430 h (3G),"LED flash, HDR, panorama",,,GPS,0.47 W/kg (head)     0.24 W/kg (body),HSPA 21.1/11.5 Mbps
,IPS LCD,147 x 72.1 x 8 mm (5.79 x 2.84 x 0.31 in),https://fdn2.gsmarena.com/vv/bigpic/xolo-q1000s-plus.jpg,"4.0, A2DP",Yes,Mediatek MT6589T (28 nm),No,Mini-SIM,,,1080p@30fps,XOLO,,Discontinued,"Accelerometer, proximity, compass","1080 x 1920 pixels, 16:9 ratio (~441 ppi density)",,"Wi-Fi 802.11 b/g/n, hotspot","13 MP, AF",,,,,microUSB 2.0,PowerVR SGX544,32GB 2GB RAM,No,,HSDPA 2100,"Black, White",Android 4.2 (Jelly Bean),Yes,5 MP,Quad-core 1.5 GHz Cortex-A7,,,FM radio,"Li-Po 3000 mAh, non-removable",GSM 900 / 1800,"5.0 inches, 68.9 cm2(~65.0% screen-to-body ratio)",-,"2014, August. Released 2014, August",XOLO Q1000s plus,,GSM / HSPA,,"LED flash, panorama, HDR",,,GPS,0.58 W/kg (head)     0.56 W/kg (body),HSPA 42.2/11.5 Mbps
,IPS LCD,128 x 64.3 x 9.3 mm (5.04 x 2.53 x 0.37 in),https://fdn2.gsmarena.com/vv/bigpic/xolo-q610s.jpg,"4.0, A2DP",Yes,Mediatek MT6582M (28 nm),No,Dual SIM,,,Yes,XOLO,,Discontinued,"Accelerometer, proximity","480 x 854 pixels, 16:9 ratio (~218 ppi density)",,"Wi-Fi 802.11 b/g/n, hotspot","5 MP, AF",,,,,microUSB 2.0,Mali-400MP2,8GB 1GB RAM,microSDXC,Up to 19 h (2G) / Up to 8 h (3G),HSDPA 2100,"Black, White",Android 4.4.2 (KitKat),Yes,VGA,Quad-core 1.3 GHz Cortex-A7,,,FM radio,"Li-Ion 1700 mAh, removable",GSM 900 / 1800 - SIM 1 & SIM 2,"4.5 inches, 55.8 cm2(~67.8% screen-to-body ratio)",-,"2014, September. Released 2014, September",XOLO Q610s,,GSM / HSPA,Up to 430 h (2G) / Up to 377 h (3G),"LED flash, panorama",,,GPS,0.31 W/kg (head)     0.26 W/kg (body),HSPA 21.1/5.76 Mbps
,"TFT, 256K colors",141 x 72.5 x 8.8 mm (5.55 x 2.85 x 0.35 in),https://fdn2.gsmarena.com/vv/bigpic/xolo-a1000s.jpg,3.0,Yes,Mediatek MT6572M (28 nm),No,Dual SIM,,,720p,XOLO,,Discontinued,"Accelerometer, proximity","480 x 854 pixels, 16:9 ratio (~196 ppi density)",,"Wi-Fi 802.11 b/g/n, hotspot",5 MP,,,,,microUSB 2.0,Mali-400,4GB 1GB RAM,microSDHC,Up to 29 h (2G) / Up to 13 h (3G),HSDPA 2100,"Black, White",Android 4.4.2 (KitKat),Yes,VGA,Dual-core 1.0 GHz Cortex-A7,,,FM radio,"Li-Ion 2000 mAh, removable",GSM 850 / 900 / 1800 / 1900 - SIM 1 & SIM 2,"5.0 inches, 68.9 cm2(~67.4% screen-to-body ratio)",-,"2014, August. Released 2014, August",XOLO A1000s,,GSM / HSPA,Up to 650 h (2G) / Up to 590 h (3G),"LED flash, panorama, HDR",,,GPS,0.89 W/kg (head)     0.71 W/kg (body),HSPA 21.1/5.76 Mbps
,IPS LCD,143 x 68.5 x 9.7 mm (5.63 x 2.70 x 0.38 in),https://fdn2.gsmarena.com/vv/bigpic/xolo-8x-1200.jpg,"4.0, A2DP",Yes,Mediatek MT6592T,No,Dual SIM,,,1080p@30fps,XOLO,,Discontinued,"Accelerometer, gyro, proximity, compass","1080 x 1920 pixels, 16:9 ratio (~441 ppi density)",,"Wi-Fi 802.11 b/g/n, hotspot","13 MP, AF",,About 270 EUR,,LED flash,"microUSB 2.0, OTG",Mali-450MP4,32GB 2GB RAM,No,Up to 24 h (2G) / Up to 11 h 45 min (3G),HSDPA 2100,"Black, Red",Android 4.4.2 (KitKat),Yes,5 MP,Octa-core 2.0 GHz Cortex-A7,,,FM radio,"Li-Ion 2300 mAh, non-removable",GSM 900 / 1800 - SIM 1 & SIM 2,"5.0 inches, 68.9 cm2(~70.4% screen-to-body ratio)",-,"2014, July. Released 2014, July",XOLO Play 8X-1200,,GSM / HSPA,Up to 600 h (2G) / Up to 547 h (3G),"Dual-LED flash, panorama, HDR",,,GPS,,HSPA 21.1/5.76 Mbps
,IPS LCD,140 x 70 x 7.9 mm (5.51 x 2.76 x 0.31 in),https://fdn2.gsmarena.com/vv/bigpic/XOLO-8X-1000.jpg,"4.0, A2DP",Yes,Mediatek MT6592M (28 nm),No,Dual SIM,,,1080p@30fps,XOLO,,Discontinued,"Accelerometer, proximity","720 x 1280 pixels, 16:9 ratio (~294 ppi density)",,"Wi-Fi 802.11 b/g/n, hotspot","8 MP, AF",,About 170 EUR,,,microUSB 2.0,Mali-450MP4,16GB 2GB RAM,microSDHC,Up to 11 h (2G) / Up to 7 h 40 min (3G),HSDPA 900 / 2100,Black,Android 4.4.2 (KitKat),Yes,2 MP,Octa-core 1.4 GHz Cortex-A7,,,FM radio,"Li-Ion 1920 mAh, non-removable",GSM 900 / 1800 - SIM 1 & SIM 2,"5.0 inches, 68.9 cm2(~70.3% screen-to-body ratio)",-,"2014, August. Released 2014, August",XOLO Hive 8X-1000,,GSM / HSPA,Up to 352 h (2G) / Up to 321 h (3G),"LED flash, panorama, HDR",,Corning Gorilla Glass 3,GPS,0.31 W/kg (head)     0.31 W/kg (body),HSPA 21.1/5.76 Mbps
,"IPS LCD, 256K colors",125 x 63.9 x 9.1 mm (4.92 x 2.52 x 0.36 in),https://fdn2.gsmarena.com/vv/bigpic/xolo-a550s.jpg,3.0,Yes,Mediatek MT6572M (28 nm),No,Dual SIM,,,,XOLO,,Discontinued,"Accelerometer, proximity","480 x 800 pixels, 5:3 ratio (~233 ppi density)",,"Wi-Fi 802.11 b/g/n, hotspot",5 MP,,,,,microUSB 2.0,Mali-400,4GB 512MB RAM,microSDHC,Up to 21 h (2G) / Up to 8 h 30 min (3G),HSDPA 2100,White,Android 4.2.2 (Jelly Bean),Yes,VGA,Dual-core 1.0 GHz Cortex-A7,,,FM radio,"Li-Ion 1400 mAh, removable",GSM 850 / 900 / 1800 / 1900 - SIM 1 & SIM 2,"4.0 inches, 45.5 cm2(~57.0% screen-to-body ratio)",-,"2014, July. Released 2014, July",XOLO A550S IPS,,GSM / HSPA,Up to 600 h (2G) / Up to 570 h (3G),"LED flash, panorama, HDR",,,GPS,,HSPA 21.1/5.76 Mbps
eMMC 4.5,IPS LCD,135.8 x 67.2 x 7.2 mm (5.35 x 2.65 x 0.28 in),https://fdn2.gsmarena.com/vv/bigpic/xolo-q900s.jpg,"4.0, A2DP",Yes,Qualcomm MSM8212 Snapdragon 200 (28 nm),No,Dual SIM,,,Yes,XOLO,,Discontinued,"Accelerometer, proximity, compass","540 x 960 pixels, 16:9 ratio (~234 ppi density)",,"Wi-Fi 802.11 b/g/n, hotspot","8 MP, AF",,,,,microUSB 2.0,Adreno 302,8GB 1GB RAM,microSDHC,Up to 23 h (2G) / Up to 14 h (3G),HSDPA 2100,"Black, White","Android 4.3 (Jelly Bean), upgradable to 4.4.2 (KitKat)",Yes,2 MP,Quad-core 1.2 GHz Cortex-A7,,,FM radio,"Li-Po 1800 mAh, removable",GSM 850 / 900 / 1800 / 1900 - SIM 1 & SIM 2,"4.7 inches, 60.9 cm2(~66.7% screen-to-body ratio)",100 g (3.53 oz),"2014, June. Released 2014, July",XOLO Q900s,,GSM / HSPA,Up to 263 h (2G) / Up to 246 h (3G),"LED flash, panorama",,Asahi Dragontrail Glass,GPS,,HSPA 42.2/5.76 Mbps
,IPS LCD,125 x 63.2 x 9 mm (4.92 x 2.49 x 0.35 in),https://fdn2.gsmarena.com/vv/bigpic/xolo-q500s.jpg,3.0,Yes,Mediatek MT6582M (28 nm),No,Dual SIM,,,1080p@30fps,XOLO,,Discontinued,"Accelerometer, proximity","480 x 800 pixels, 5:3 ratio (~233 ppi density)",,"Wi-Fi 802.11 b/g/n, hotspot",5 MP,,,,,microUSB 2.0,Mali-400MP2,4GB 512MB RAM,microSDHC,Up to 16 h (2G) / Up to 7 h 40 min (3G),HSDPA 2100,"Black, White",Android 4.4.2 (KitKat),Yes,VGA,Quad-core 1.3 GHz Cortex-A7,,,No,"Li-Ion 1500 mAh, removable",GSM 900 / 1800 - SIM 1 & SIM 2,"4.0 inches, 45.5 cm2(~57.6% screen-to-body ratio)",-,"2014, July. Released 2014, July",XOLO Q500s IPS,,GSM / HSPA,Up to 700 h (2G) / Up to 383 h (3G),"LED flash, panorama, HDR",,,GPS,0.78 W/kg (head)     0.49 W/kg (body),HSPA 21.1/5.76 Mbps
,IPS LCD,135 x 67 x 8.9 mm (5.31 x 2.64 x 0.35 in),https://fdn2.gsmarena.com/vv/bigpic/xolo-a700s.jpg,3.0,Yes,Mediatek MT6572 (28 nm),No,Dual SIM,,,720p,XOLO,,Discontinued,"Accelerometer, proximity","540 x 960 pixels, 16:9 ratio (~245 ppi density)",,"Wi-Fi 802.11 b/g/n, hotspot","5 MP, AF",,,,,microUSB 2.0,Mali-400,4GB 1GB RAM,microSDHC,Up to 22 h 20 min (2G) / Up to 12 h (3G),HSDPA 2100,"Black, White",Android 4.2 (Jelly Bean),Yes,VGA,Dual-core 1.3 GHz Cortex-A7,,,FM radio,"Li-Ion 1900 mAh, removable",GSM 850 / 900 / 1800 / 1900 - SIM 1 & SIM 2,"4.5 inches, 55.8 cm2(~61.7% screen-to-body ratio)",-,"2014, July. Released 2014, July",XOLO A700s,,GSM / HSPA,Up to 623 h (2G) / Up to 565 h (3G),"LED flash, panorama, HDR",,,GPS,0.31 W/kg (head)     0.30 W/kg (body),HSPA 21.1/5.76 Mbps
,IPS LCD,139.9 x 70.2 x 8.5 mm (5.51 x 2.76 x 0.33 in),https://fdn2.gsmarena.com/vv/bigpic/xolo-play-1000.jpg,"4.0, A2DP",Yes,Mediatek MT6591,No,Dual SIM,,,1080p@30fps,XOLO,,Discontinued,"Accelerometer, gyro, proximity, compass","720 x 1280 pixels, 16:9 ratio (~294 ppi density)",,"Wi-Fi 802.11 b/g/n, hotspot","8 MP, AF",,,,,"microUSB 2.0, OTG",Mali-450MP4,8GB 2GB RAM,microSDHC,Up to 25 h (2G) / Up to 15 h (3G),HSDPA 2100,"Black, White",Android 4.4.2 (KitKat),Yes,2 MP,Hexa-core 1.5 GHz Cortex-A7,,,FM radio,"Li-Po 2100 mAh, removable",GSM 900 / 1800 / 1900 - SIM 1 & SIM 2,"5.0 inches, 68.9 cm2(~70.2% screen-to-body ratio)",-,"2014, June. Released 2014, June",XOLO Play 6X-1000,,GSM / HSPA,Up to 581 h (2G) / Up to 532 h (3G),"LED flash, panorama, HDR",,,GPS,0.31 W/kg (head)     0.45 W/kg (body),HSPA 21.1/5.76 Mbps
,IPS LCD,155.7 x 78 x 8.4 mm (6.13 x 3.07 x 0.33 in),https://fdn2.gsmarena.com/vv/bigpic/xolo-q2000l.jpg,"4.0, A2DP",Yes,Broadcom BCM23550,No,Dual SIM,,,720p,XOLO,,Discontinued,"Accelerometer, proximity","540 x 960 pixels, 16:9 ratio (~200 ppi density)",,"Wi-Fi 802.11 b/g/n, hotspot","8 MP, AF",,,,,microUSB 2.0,Broadcom VideoCore IV,8GB 1GB RAM,microSDHC,Up to 26 h (2G) / Up to 10 h (3G),HSDPA 2100,"Black, White",Android 4.4.2 (KitKat),Yes,2 MP,Quad-core 1.2 GHz,,,FM radio,"Li-Ion 2500 mAh, removable",GSM 850 / 900 / 1800 / 1900 - SIM 1 & SIM 2,"5.5 inches, 83.4 cm2(~68.7% screen-to-body ratio)",-,"2014, May. Released 2014, May",XOLO Q2000L,,GSM / HSPA,Up to 555 h (2G) / Up to 500 h (3G),"LED flash, panorama",,,GPS,1.05 W/kg (head)     1.17 W/kg (body),HSPA 21.1/5.76 Mbps
eMMC 4.5,IPS LCD,135.8 x 67.2 x 7.2 mm (5.35 x 2.65 x 0.28 in),https://fdn2.gsmarena.com/vv/bigpic/xolo-q900s-win.jpg,"4.0, A2DP, EDR",Yes,Qualcomm MSM8212 Snapdragon 200 (28 nm),No,Dual SIM (Dual stand-by),,,Yes,XOLO,,Discontinued,"Accelerometer, proximity, compass","720 x 1280 pixels, 16:9 ratio (~312 ppi density)",,"Wi-Fi 802.11 b/g/n, hotspot","8 MP, AF",,About 120 EUR,,,microUSB 2.0,Adreno 302,8GB 1GB RAM,microSDHC,Up to 23 h (2G) / Up to 14 h (3G),HSDPA 2100,"Black, White",Microsoft Windows Phone 8.1,Yes,2 MP,Quad-core 1.2 GHz Cortex-A7,,,FM radio,"Li-Po 1800 mAh, removable",GSM 850 / 900 / 1800 / 1900 - SIM 1 & SIM 2,"4.7 inches, 60.9 cm2(~66.7% screen-to-body ratio)",100 g (3.53 oz),"2014, June. Released 2014, July",XOLO Win Q900s,,GSM / HSPA,Up to 263 h (2G) / Up to 246 h (3G),"LED flash, panorama",,Scratch-resistant glass,GPS,,HSPA 42.2/5.76 Mbps
eMMC 4.5,IPS LCD,143 x 73 x 9.3 mm (5.63 x 2.87 x 0.37 in),https://fdn2.gsmarena.com/vv/bigpic/xolo-q1000-opus2-new.jpg,"4.0, A2DP",Yes,Qualcomm Snapdragon 200 (28 nm),No,Dual SIM,,,720p,XOLO,,Discontinued,"Accelerometer, proximity","540 x 960 pixels, 16:9 ratio (~220 ppi density)",,"Wi-Fi 802.11 b/g/n, hotspot","8 MP, AF",,,,,microUSB 2.0,Adreno 305,4GB 1GB RAM,microSDHC,Up to 24 h (2G) / Up to 13 h (3G),HSDPA 2100,Black,Android 4.3 (Jelly Bean),Yes,2 MP,Quad-core 1.2 GHz Cortex-A7,,,FM radio,"Li-Ion 2000 mAh, removable",GSM 900 / 1800 - SIM 1 & SIM 2,"5.0 inches, 68.9 cm2(~66.0% screen-to-body ratio)",-,"2014, June. Released 2014, June",XOLO Q1000 Opus2,,GSM / HSPA,Up to 431 h (2G) / Up to 327 h (3G),"LED flash, panorama",,,GPS,1.24 W/kg (head)     1.15 W/kg (body),HSPA 21.1/5.76 Mbps
,IPS LCD,143.6 x 72.2 x 8.3 mm (5.65 x 2.84 x 0.33 in),https://fdn2.gsmarena.com/vv/bigpic/xolo-q1011.jpg,"4.0, A2DP",Yes,Mediatek MT6582 (28 nm),No,Micro-SIM,,,1080p@30fps,XOLO,,Discontinued,"Accelerometer, proximity","720 x 1280 pixels, 16:9 ratio (~294 ppi density)",,"Wi-Fi 802.11 b/g/n, hotspot","8 MP, AF",,,,,microUSB 2.0,Mali-400MP2,4GB 1GB RAM,microSDHC (dedicated slot),Up to 26 h (2G) / Up to 13 h 30 min (3G),HSDPA 900 / 2100,"Black, White",Android 4.4.2 (KitKat),Yes,2 MP,Quad-core 1.3 GHz Cortex-A7,,,FM radio,"Li-Po 2250 mAh, non-removable",GSM 850 / 900 / 1800 / 1900,"5.0 inches, 68.9 cm2(~66.5% screen-to-body ratio)",-,"2014, June. Released 2014, June",XOLO Q1011,,GSM / HSPA,Up to 550 h (2G) / Up to 509 h (3G),"LED flash, panorama, HDR",,,GPS,0.25 W/kg (head)     0.65 W/kg (body),HSPA 21.1/5.76 Mbps
,IPS LCD,144.8 x 71.4 x 6.9 mm (5.70 x 2.81 x 0.27 in),https://fdn2.gsmarena.com/vv/bigpic/xolo-q1200.jpg,"4.0, A2DP",Yes,Mediatek MT6582 (28 nm),No,Micro-SIM,,,1080p@30fps,XOLO,,Discontinued,"Accelerometer, proximity, compass","720 x 1280 pixels, 16:9 ratio (~294 ppi density)",,"Wi-Fi 802.11 b/g/n, hotspot","8 MP, AF",,,,,microUSB 2.0,Mali-400MP2,8GB 1GB RAM,microSDHC (dedicated slot),Up to 15 h (2G) / Up to 9 h (3G),HSDPA 900 / 2100,"Black, White","Android 4.2.2 (Jelly Bean), upgradable to 4.4.2 (KitKat)",Yes,2 MP,Quad-core 1.3 GHz Cortex-A7,,,FM radio,"Li-Po 2000 mAh, removable",GSM 850 / 900 / 1800 / 1900,"5.0 inches, 68.9 cm2(~66.7% screen-to-body ratio)",-,"2014, May. Released 2014, May",XOLO Q1200,,GSM / HSPA,Up to 418 h (2G) / Up to 385 h (3G),"LED flash, panorama, HDR",,Corning Gorilla Glass 3,GPS,0.31 W/kg (head)     0.45 W/kg (body),HSPA 21.1/5.76 Mbps
,IPS LCD,136.5 x 68 x 7.9 mm (5.37 x 2.68 x 0.31 in),https://fdn2.gsmarena.com/vv/bigpic/xolo-q600s.jpg,"4.0, A2DP",Yes,Broadcom BCM23550,No,Dual SIM,,,720p,XOLO,,Discontinued,"Accelerometer, proximity","540 x 960 pixels, 16:9 ratio (~245 ppi density)",,"Wi-Fi 802.11 b/g/n, hotspot","5 MP, AF",,,,,microUSB 2.0,Broadcom VideoCore IV,4GB 1GB RAM,microSDXC,Up to 24 h (2G) / Up to 11 h (3G),HSDPA 2100,"Black, White",Android 4.4.2 (KitKat),Yes,VGA,Quad-core 1.2 GHz,,,FM radio,"Li-Ion 2000 mAh, removable",GSM 850 / 900 / 1800 / 1900 - SIM 1 & SIM 2,"4.5 inches, 55.8 cm2(~60.1% screen-to-body ratio)",-,"2014, May. Released 2014, May",XOLO Q600s,,GSM / HSPA,Up to 449 h (2G) / Up to 400 h (3G),"LED flash, panorama",,,GPS,0.94 W/kg (head)     1.27 W/kg (body),HSPA 21.1/5.76 Mbps
,"IPS LCD, 256K colors",127 x 63 x 9.2 mm (5.0 x 2.48 x 0.36 in),https://fdn2.gsmarena.com/vv/bigpic/xolo-a500s-lite.jpg,"4.0, A2DP",Yes,Mediatek MT6572 (28 nm),No,Dual SIM,,,720p,XOLO,,Discontinued,"Accelerometer, proximity","480 x 800 pixels, 5:3 ratio (~233 ppi density)",,"Wi-Fi 802.11 b/g/n, hotspot",3.15 MP,,About 60 EUR,,,microUSB 2.0,Mali-400,4GB 512MB RAM,microSDHC,Up to 16 h (2G) / Up to 8 h (3G),HSDPA 2100,"Black, White",Android 4.2 (Jelly Bean),Yes,VGA,Dual-core 1.3 GHz Cortex-A7,,,FM radio,"Li-Ion 1400 mAh, removable",GSM 900 / 1800 - SIM 1 & SIM 2,"4.0 inches, 45.5 cm2(~56.9% screen-to-body ratio)",-,"2014, May. Released 2014, May",XOLO A500S Lite,,GSM / HSPA,Up to 526 h (2G) / Up to 432 h (3G),LED flash,,,GPS,0.78 W/kg (head)     1.19 W/kg (body),HSPA 21.1/5.76 Mbps
,IPS LCD,133.8 x 67.6 x 9.3 mm (5.27 x 2.66 x 0.37 in),https://fdn2.gsmarena.com/vv/bigpic/xolo-q900t.jpg,3.0,Yes,Mediatek MT6589T (28 nm),No,Dual SIM,,,1080p@30fps,XOLO,,Discontinued,"Accelerometer, proximity, compass","720 x 1280 pixels, 16:9 ratio (~312 ppi density)",,"Wi-Fi 802.11 b/g/n, hotspot","8 MP, AF",,,,,microUSB 2.0,PowerVR SGX544,4GB 1GB RAM,microSDHC,Up to 15 h (2G) / Up to 10 h (3G),HSDPA 2100,Black,Android 4.2 (Jelly Bean),Yes,2 MP,Quad-core 1.5 GHz Cortex-A7,,,FM radio,"Li-Po 1800 mAh, removable",GSM 850 / 900 / 1800 / 1900 - SIM 1 & SIM 2,"4.7 inches, 60.9 cm2(~67.3% screen-to-body ratio)",-,"2014, May. Released 2014, May",XOLO Q900T,,GSM / HSPA,Up to 367 h (2G) / Up to 300 h (3G),"LED flash, panorama, HDR",,,GPS,0.32 W/kg (head)     0.46 W/kg (body),HSPA 42.2/11.5 Mbps
,IPS LCD,143.6 x 72.2 x 8.3 mm (5.65 x 2.84 x 0.33 in),https://fdn2.gsmarena.com/vv/bigpic/xolo-q1010i.jpg,"4.0, A2DP",Yes,Mediatek MT6582 (28 nm),No,Dual SIM,,,1080p@30fps,XOLO,,Discontinued,"Accelerometer, proximity","720 x 1280 pixels, 16:9 ratio (~294 ppi density)",,"Wi-Fi 802.11 b/g/n, hotspot","8 MP, AF",,About 160 EUR,,,microUSB 2.0,Mali-400MP2,8GB 1GB RAM,microSDHC,Up to 19 h (2G) / Up to 9 h 40 min (3G),HSDPA 900 / 2100,"Black, White",Android 4.2 (Jelly Bean),Yes,2 MP,Quad-core 1.3 GHz Cortex-A7,,,FM radio,"Li-Ion 2250 mAh, non-removable",GSM 850 / 900 / 1800 / 1900 - SIM 1 & SIM 2,"5.0 inches, 68.9 cm2(~66.5% screen-to-body ratio)",-,"2014, March. Released 2014, March",XOLO Q1010i,,GSM / HSPA,Up to 732 h (2G) / Up to 685 h (3G),"LED flash, panorama, HDR",,Scratch-resistant glass,GPS,0.49 W/kg (head)     0.91 W/kg (body),HSPA 21.1/5.76 Mbps
,IPS LCD,128 x 63 x 9 mm (5.04 x 2.48 x 0.35 in),https://fdn2.gsmarena.com/vv/bigpic/xolo-a510s.jpg,"4.0, A2DP",Yes,Mediatek MT6572 (28 nm),No,Dual SIM,,,720p@30fps,XOLO,,Discontinued,"Accelerometer, proximity","480 x 854 pixels, 16:9 ratio (~245 ppi density)",,"Wi-Fi 802.11 b/g/n, hotspot",5 MP,,About 100 EUR,,,microUSB 2.0,Mali-400,4GB 1GB RAM,microSDHC,Up to 13 h (2G) / Up to 6 h 40 min (3G),HSDPA 2100,Silver,Android 4.2 (Jelly Bean),Yes,VGA,Dual-core 1.3 GHz Cortex-A7,,,FM radio,"Li-Ion 1400 mAh, removable",GSM 900 / 1800 - SIM 1 & SIM 2,"4.0 inches, 44.1 cm2(~54.7% screen-to-body ratio)",120 g (4.23 oz),"2014, March. Released 2014, March",XOLO A510s,,GSM / HSPA,Up to 424 h (2G) / Up to 416 h (3G),"LED flash, panorama",,,GPS,,HSPA 21.1/5.76 Mbps
,IPS LCD,168 x 83 x 8.5 mm (6.61 x 3.27 x 0.33 in),https://fdn2.gsmarena.com/vv/bigpic/xolo-q2500.jpg,"4.0, A2DP",Yes,Mediatek MT6582 (28 nm),No,Dual SIM,,,1080p@30fps,XOLO,,Discontinued,"Accelerometer, proximity","720 x 1280 pixels, 16:9 ratio (~245 ppi density)",,"Wi-Fi 802.11 b/g/n, hotspot","8 MP, AF",,About 170 EUR,,,microUSB 2.0,Mali-400MP2,4GB 1GB RAM,microSDHC,Up to 40 h (2G) / Up to 15 h (3G),HSDPA 2100,Black,"Android 4.2 (Jelly Bean), upgradable to 4.4.2 (KitKat)",Yes,2 MP,Quad-core 1.3 GHz Cortex-A7,,,FM radio,"Li-Po 3000 mAh, removable",GSM 900 / 1800 - SIM 1 & SIM 2,"6.0 inches, 99.2 cm2(~71.2% screen-to-body ratio)",-,"2014, March. Released 2014, March",XOLO Q2500,,GSM / HSPA,Up to 600 h (2G) / Up to 600 h (3G),"LED flash, panorama, HDR",,,GPS,0.74 W/kg (head)     0.41 W/kg (body),HSPA 21.1/5.76 Mbps
,IPS LCD,124.5 x 61.9 x 9.3 mm (4.90 x 2.44 x 0.37 in),https://fdn2.gsmarena.com/vv/bigpic/xolo-a500.jpg,"4.0, A2DP",Yes,Mediatek MT6572 (28 nm),No,Dual SIM,,,720p@30fps,XOLO,,Discontinued,"Accelerometer, proximity","480 x 800 pixels, 5:3 ratio (~233 ppi density)",,"Wi-Fi 802.11 b/g/n, hotspot",5 MP,,About 80 EUR,,,microUSB 2.0,Mali-400,4GB 512MB RAM,microSDHC (dedicated slot),Up to 15 h (2G) / Up to 8 h (3G),HSDPA 2100,"Black, White",Android 4.2 (Jelly Bean),Yes,VGA,Dual-core 1.3 GHz Cortex-A7,,,FM radio,"Li-Ion 1400 mAh, removable",GSM 900 / 1800,"4.0 inches, 45.5 cm2(~59.1% screen-to-body ratio)",120 g (4.23 oz),"2014, January. Released 2014, January",XOLO A500 Club,,GSM / HSPA,Up to 466 h (2G) / Up to 400 h (3G),"LED flash, panorama, HDR",,,GPS,0.34 W/kg (head)     0.65 W/kg (body),HSPA 21.1/5.76 Mbps
,IPS LCD,143.6 x 72.2 x 8.3 mm (5.65 x 2.84 x 0.33 in),https://fdn2.gsmarena.com/vv/bigpic/xolo-q1010.jpg,"4.0, A2DP",Yes,Mediatek MT6582 (28 nm),No,Dual SIM,,,1080p@30fps,XOLO,,Discontinued,"Accelerometer, proximity","720 x 1280 pixels, 16:9 ratio (~294 ppi density)",,"Wi-Fi 802.11 b/g/n, hotspot","8 MP, AF",,About 140 EUR,,,microUSB 2.0,Mali-400MP2,4GB 1GB RAM,microSDHC (dedicated slot),Up to 19 h (2G) / Up to 9 h 45 min (3G),HSDPA 900 / 2100,"Black, White",Android 4.2 (Jelly Bean),Yes,2 MP,Quad-core 1.3 GHz Cortex-A7,,,No,"Li-Po 2250 mAh, removable",GSM 850 / 900 / 1800 / 1900,"5.0 inches, 68.9 cm2(~66.5% screen-to-body ratio)",-,"2014, February. Released 2014, February",XOLO Q1010,,GSM / HSPA,Up to 732 h (2G) / Up to 685 h (3G),"LED flash, panorama, HDR",,,GPS,0.43 W/kg (head)     0.54 W/kg (body),HSPA 21.1/5.76 Mbps
eMMC 4.5,IPS LCD,143.8 x 70.8 x 8.3 mm (5.66 x 2.79 x 0.33 in),https://fdn2.gsmarena.com/vv/bigpic/lava-xolo-q1100.jpg,3.0,Yes,Qualcomm MSM8228 Snapdragon 400 (28 nm),No,Dual SIM (Mini-SIM),,,1080p@30fps,XOLO,,Discontinued,"Accelerometer, proximity, compass","720 x 1280 pixels, 16:9 ratio (~294 ppi density)",,"Wi-Fi 802.11 b/g/n, hotspot","8 MP, AF",,About 140 EUR,,,microUSB 2.0,Adreno 305,8GB 1GB RAM,microSDHC (dedicated slot),Up to 24 h (2G) / Up to 12 h 30 min (3G),HSDPA 2100,"Black, White",Android 4.3 (Jelly Bean),Yes,2 MP,Quad-core 1.4 GHz Cortex-A7,,,FM radio,"Li-Ion 2000 mAh, removable",GSM 900 / 1800,"5.0 inches, 68.9 cm2(~67.7% screen-to-body ratio)",-,"2014, January. Released 2014, January",XOLO Q1100,,GSM / HSPA,Up to 600 h (2G) / Up to 450 h (3G),"LED flash, panorama, HDR",,,GPS,0.42 W/kg (head)     0.73 W/kg (body),HSPA 42.2/5.76 Mbps
,IPS LCD,136 x 64.6 x 8.9 mm (5.35 x 2.54 x 0.35 in),https://fdn2.gsmarena.com/vv/bigpic/xolo-q700s.jpg,"4.0, A2DP",Yes,Mediatek MT6582M (28 nm),No,Dual SIM,,,1080p@30fps,XOLO,,Discontinued,"Accelerometer, proximity","480 x 854 pixels, 16:9 ratio (~218 ppi density)",,"Wi-Fi 802.11 b/g/n, hotspot","8 MP, AF",,About 120 EUR,,,microUSB 2.0,Mali-400MP2,4GB 1GB RAM,microSDHC (dedicated slot),Up to 23 h (2G) / Up to 9 h (3G),HSDPA 2100,"Golden, Silver",Android 4.2 (Jelly Bean),Yes,VGA,Quad-core 1.3 GHz Cortex-A7,,,FM radio,"Li-Ion 1800 mAh, removable",GSM 900 / 1800 - SIM 1 & SIM 2,"4.5 inches, 55.8 cm2(~63.5% screen-to-body ratio)",-,"2014, January. Released 2014, January",XOLO Q700s,,GSM / HSPA,Up to 600 h (2G) / Up to 450 h (3G),"LED flash, panorama",,,GPS,0.33 W/kg (head)     0.70 W/kg (body),HSPA 21.1/5.76 Mbps
,IPS LCD,164.8 x 81.6 x 8.9 mm (6.49 x 3.21 x 0.35 in),https://fdn2.gsmarena.com/vv/bigpic/xolo-q3000.jpg,"4.0, A2DP",Yes,Mediatek MT6589 (28 nm),No,Dual SIM,,,1080p@30fps,XOLO,,Discontinued,"Accelerometer, gyro, proximity, compass","1080 x 1920 pixels, 16:9 ratio (~386 ppi density)",,"Wi-Fi 802.11 b/g/n, hotspot","13 MP, AF",,About 250 EUR,,,"microUSB 2.0, OTG",PowerVR SGX544,16GB 2GB RAM,microSDHC (dedicated slot),Up to 33 h,HSDPA 900 / 1900 / 2100,"Black, White",Android 4.2 (Jelly Bean),Yes,5 MP,Quad-core 1.5 GHz Cortex-A7,,,FM radio,"Li-Ion 4000 mAh, removable",GSM 850 / 900 / 1800 / 1900 - SIM 1 & SIM 2,"5.7 inches, 89.6 cm2(~66.6% screen-to-body ratio)",-,"2013, December. Released 2013, December",XOLO Q3000,,GSM / HSPA,Up to 667 h,"LED flash, HDR, panorama",,,"GPS, GLONASS",0.37 W/kg (head)     0.53 W/kg (body),HSPA 42.2/11.5 Mbps
,IPS LCD,128.7 x 66 x 9.8 mm (5.07 x 2.60 x 0.39 in),https://fdn2.gsmarena.com/vv/bigpic/xolo-lt900.jpg,"4.0, A2DP",Yes,Qualcomm MSM8960 Snapdragon S4 Plus,No,Yes,40,,1080p@30fps,XOLO,,Discontinued,"Accelerometer, gyro, proximity, compass","720 x 1280 pixels, 16:9 ratio (~342 ppi density)",,"Wi-Fi 802.11 b/g/n, hotspot","8 MP, AF",,About 190 EUR,,,microUSB 2.0,Adreno 225,8GB 1GB RAM,microSDHC (dedicated slot),Up to 15 h (2G) / Up to 14 h (3G),HSDPA 2100,Black,Android 4.2 (Jelly Bean),Yes,1 MP,Dual-core 1.5 GHz Krait,,,FM radio,"Li-Ion 1810 mAh, removable",GSM 850 / 900 / 1800 / 1900 - SIM 1 & SIM 2,"4.3 inches, 51.0 cm2(~60.0% screen-to-body ratio)",140 g (4.94 oz),"2013, October. Released 2013, October",XOLO LT900,720p,GSM / HSPA / LTE,Up to 362 h (2G) / Up to 301 h (3G),"Dual-LED flash, panorama, HDR",,,GPS,0.60 W/kg (head)     0.53 W/kg (body),LTE
,IPS LCD,143.3 x 72.9 x 9 mm (5.64 x 2.87 x 0.35 in),https://fdn2.gsmarena.com/vv/bigpic/xolo-q1000-opus.jpg,"4.0, A2DP",Yes,BCM23550,No,Dual SIM (Mini-SIM),,,720p@30fps,XOLO,,Discontinued,"Accelerometer, proximity","480 x 854 pixels, 16:9 ratio (~196 ppi density)",,"Wi-Fi 802.11 b/g/n, hotspot","5 MP, AF",,About 100 EUR,,,"microUSB 2.0, OTG",Broadcom VideoCore IV,4GB 1GB RAM,microSDHC (dedicated slot),Up to 18 h (2G) / Up to 11 h (3G),HSDPA 2100,"Black, White",Android 4.2 (Jelly Bean),Yes,VGA,Quad-core 1.2 GHz,,,FM radio,"Li-Po 2000 mAh, removable",GSM 850 / 900 / 1800 / 1900,"5.0 inches, 68.9 cm2(~65.9% screen-to-body ratio)",-,"2013, December. Released 2013, December",XOLO Q1000 Opus,,GSM / HSPA,Up to 700 h (2G) / Up to 526 h (3G),"LED flash, panorama",,,"GPS, GLONASS",0.53 W/kg (head)     0.47 W/kg (body),HSPA 42.2/5.76 Mbps
Stylus,IPS LCD,199 x 119 x 9.6 mm (7.83 x 4.69 x 0.38 in),https://fdn2.gsmarena.com/vv/bigpic/xolo-tegra.jpg,"4.0, A2DP",Yes,Nvidia Tegra 4,No,No,,No,1080p@30fps,XOLO,,Discontinued,"Accelerometer, gyro, proximity, compass","1280 x 800 pixels, 16:10 ratio (~216 ppi density)",,"Wi-Fi 802.11 b/g/n, Wi-Fi Direct","5 MP, AF",Yes,About 190 EUR,,,"microUSB 2.0, OTG",ULP GeForce,16GB 1GB RAM,microSDXC (dedicated slot),Up to 10 h (multimedia),,Black,Android 4.2.2 (Jelly Bean),Yes,VGA,Quad-core 1.8 GHz Cortex-A15,,,No,"Li-Ion 4100 mAh, non-removable",N/A,"7.0 inches, 142.1 cm2(~60.0% screen-to-body ratio)",320 g (11.29 oz),"2013, December. Released 2013, December",XOLO Play Tegra Note,,No cellular connectivity,,"Panorama, HDR",No,,GPS,,
,TFT,118.5 x 63 x 10.7 mm (4.67 x 2.48 x 0.42 in),https://fdn2.gsmarena.com/vv/bigpic/xolo-q500.jpg,3.0,Yes,Qualcomm MSM8225Q Snapdragon S4 Play,No,Dual SIM,,,720p,XOLO,,Discontinued,"Accelerometer, proximity","480 x 800 pixels, 5:3 ratio (~233 ppi density)",,"Wi-Fi 802.11 b/g/n, hotspot","5 MP, AF",,About 90 EUR,,,microUSB 2.0,Adreno 203,4GB 1GB RAM,microSDHC (dedicated slot),Up to 13 h 20 min (2G) / Up to 10 h (3G),HSDPA 2100,White,Android 4.1 (Jelly Bean),Yes,VGA,Quad-core 1.2 GHz Cortex-A5,,,FM radio,"Li-Ion 1450 mAh, removable",GSM 850 / 900 / 1800 / 1900 - SIM 1 & SIM 2,"4.0 inches, 45.5 cm2(~61.0% screen-to-body ratio)",116 g (4.09 oz),"2013, November. Released 2013, November",XOLO Q500,,GSM / HSPA,Up to 333 h (2G) / Up to 242 h (3G),"LED flash, panorama, HDR",,,GPS,,HSPA 7.2/5.76 Mbps
,IPS LCD,135.5 x 67 x 9.6 mm (5.33 x 2.64 x 0.38 in),https://fdn2.gsmarena.com/vv/bigpic/xolo-q800x.jpg,"4.0, A2DP",Yes,Mediatek MT6589 (28 nm),No,Dual SIM (Mini-SIM),,,1080p@30fps,XOLO,,Discontinued,"Accelerometer, gyro, proximity, compass","540 x 960 pixels, 16:9 ratio (~245 ppi density)",,"Wi-Fi 802.11 b/g/n, hotspot","8 MP, AF",,About 100 EUR,,,microUSB 2.0,PowerVR SGX544,4GB 1GB RAM,microSDHC (dedicated slot),Up to 16 h (2G) / Up to 10 h (3G),HSDPA 900 / 2100,"Black, White",Android 4.1.2 (Jelly Bean),Yes,1 MP,Quad-core 1.2 GHz Cortex-A7,,,"FM radio, recording","Li-Ion 2100 mAh, removable",GSM 850 / 900 / 1800 / 1900 - SIM 1 & SIM 2,"4.5 inches, 55.8 cm2(~61.5% screen-to-body ratio)",143.5 g (5.04 oz),"2013, February. Released 2013, February",XOLO Q800 X-Edition,,GSM / HSPA,Up to 360 h (2G) / Up to 360 h (3G),LED flash,,,GPS,0.65 W/kg (head)     0.95 W/kg (body),HSPA 21.1/5.76 Mbps
,IPS LCD,125 x 63.2 x 9 mm (4.92 x 2.49 x 0.35 in),https://fdn2.gsmarena.com/vv/bigpic/lava-xolo-a500s.jpg,3.0,Yes,Mediatek MT6572W,No,Dual SIM,,,720p@30fps,XOLO,,Discontinued,"Accelerometer, proximity","480 x 800 pixels, 5:3 ratio (~233 ppi density)",,"Wi-Fi 802.11 b/g/n, hotspot",5 MP,,About 120 EUR,,,microUSB 2.0,Mali-400,4GB 512MB RAM,microSDHC (dedicated slot),Up to 10 h (2G) / Up to 8 h (3G),HSDPA 2100,"Black, White, Red, Blue",Android 4.2 (Jelly Bean),Yes,VGA,Dual-core 1.3 GHz Cortex-A7,,,FM radio,"Li-Ion 1400 mAh, removable",GSM 900 / 1800 - SIM 1 & SIM 2,"4.0 inches, 45.5 cm2(~57.6% screen-to-body ratio)",120 g (4.23 oz),"2013, July. Released 2013, October",XOLO A500S IPS,,GSM / HSPA,Up to 492 h (2G) / Up to 470 h (3G),"LED flash, panorama",,,GPS,0.72 W/kg (head)     0.53 W/kg (body),HSPA 21.1/5.76 Mbps
,IPS LCD,156 x 77.8 x 9.8 mm (6.14 x 3.06 x 0.39 in),https://fdn2.gsmarena.com/vv/bigpic/lava-xolo-q2000.jpg,2.0,Yes,Mediatek MT6589 (28 nm),No,Dual SIM (Mini-SIM),,,1080p@30fps,XOLO,,Discontinued,"Accelerometer, proximity","720 x 1280 pixels, 16:9 ratio (~267 ppi density)",,"Wi-Fi 802.11 b/g/n, hotspot","13 MP, AF",,About 160 EUR,,,"microUSB 2.0, OTG",PowerVR SGX544,8GB 1GB RAM,microSDHC (dedicated slot),Up to 17 h,HSDPA 2100,"White, Black",Android 4.2 (Jelly Bean),Yes,2 MP,Quad-core 1.2 GHz Cortex-A7,,,FM radio,"Li-Po 2600 mAh, removable",GSM 850 / 900 / 1800 / 1900 - SIM 1 & SIM 2,"5.5 inches, 83.4 cm2(~68.7% screen-to-body ratio)",180 g (6.35 oz),"2013, November. Released 2013, November",XOLO Q2000,,GSM / HSPA,Up to 520 h,"LED flash, panorama, HDR",,,GPS,0.23 W/kg (head)     0.35 W/kg (body),HSPA 42.2/11.5 Mbps
,TFT,137 x 70 x 9.9 mm (5.39 x 2.76 x 0.39 in),https://fdn2.gsmarena.com/vv/bigpic/xolo-q900.jpg,"4.0, A2DP",Yes,Mediatek MT6589 (28 nm),No,Dual SIM,,,1080p@30fps,XOLO,,Discontinued,"Accelerometer, proximity, compass","720 x 1280 pixels, 16:9 ratio (~312 ppi density)",,"Wi-Fi 802.11 b/g/n, hotspot","8 MP, AF",,About 120 EUR,,,microUSB 2.0,PowerVR SGX544,4GB 1GB RAM,microSDHC (dedicated slot),Up to 13 h (2G) / Up to 10 h (3G),HSDPA 2100,White,Android 4.2.2 (Jelly Bean),Yes,2 MP,Quad-core 1.2 GHz Cortex-A7,,,FM radio,"Li-Po 1800 mAh, removable",GSM 850 / 900 / 1800 / 1900 - SIM 1 & SIM 2,"4.7 inches, 60.9 cm2(~63.5% screen-to-body ratio)",138 g (4.87 oz),"2013, October. Released 2013, October",XOLO Q900,,GSM / HSPA,Up to 384 h (2G) / Up to 298 h (3G),"LED flash, panorama, HDR",,,GPS,0.51 W/kg (head)     0.40 W/kg (body),HSPA 42.2/11.5 Mbps
,IPS LCD,136 x 67 x 9 mm (5.35 x 2.64 x 0.35 in),https://fdn2.gsmarena.com/vv/bigpic/xolo-a600.jpg,3.0,Yes,Mediatek MT6572W,No,Dual SIM,,,720p@30fps,XOLO,,Discontinued,"Accelerometer, proximity","540 x 960 pixels, 16:9 ratio (~245 ppi density)",,"Wi-Fi 802.11 b/g/n, hotspot","5 MP, AF",,About 80 EUR,,,microUSB 2.0,Mali-400,4GB 512MB RAM,microSDHC (dedicated slot),Up to 22 h (2G) / Up to 10 h (3G),HSDPA 2100,"Black, White",Android 4.2 (Jelly Bean),Yes,VGA,Dual-core 1.3 GHz Cortex-A7,,,FM radio,"Li-Po 1900 mAh, removable",GSM 850 / 900 / 1800 / 1900 - SIM 1 & SIM 2,"4.5 inches, 55.8 cm2(~61.3% screen-to-body ratio)",-,"2013, October. Released 2013, October",XOLO A600,,GSM / HSPA,Up to 650 h (2G) / Up to 366 h (3G),"LED flash, panorama",,,GPS,0.82 W/kg (head)     0.74 W/kg (body),HSPA 21.1/5.76 Mbps
,TFT,124.8 x 64.6 x 11.9 mm (4.91 x 2.54 x 0.47 in),https://fdn2.gsmarena.com/vv/bigpic/xolo-a500l.jpg,"4.0, A2DP",Yes,Mediatek MT6572W,No,Dual SIM,,,Yes,XOLO,,Discontinued,"Accelerometer, proximity","480 x 800 pixels, 5:3 ratio (~233 ppi density)",,"Wi-Fi 802.11 b/g/n, hotspot",3.15 MP,,About 80 EUR,,,microUSB 2.0,Mali-400,4GB 512MB RAM,microSDHC (dedicated slot),Up to 13 h (2G) / Up to 7 h 30 min (3G),HSDPA 2100,Black,Android 4.2 (Jelly Bean),Yes,VGA,Dual-core 1.3 GHz Cortex-A7,,,FM radio,"Li-Ion 1500 mAh, removable",GSM 900 / 1800 - SIM 1 & SIM 2,"4.0 inches, 45.5 cm2(~56.5% screen-to-body ratio)",-,"2013, October. Released 2013, October",XOLO A500L,,GSM / HSPA,Up to 681 h (2G) / Up to 556 h (3G),"LED flash, panorama",,,GPS,0.33 W/kg (head)     0.51 W/kg (body),HSPA 21.1/5.76 Mbps
,IPS LCD,135.8 x 67.5 x 10.2 mm (5.35 x 2.66 x 0.40 in),https://fdn2.gsmarena.com/vv/bigpic/xolo-q700i.jpg,"3.0, A2DP",Yes,Mediatek MT6589W-M,No,Dual SIM (Mini-SIM),,,720p@30fps,XOLO,,Discontinued,"Accelerometer, proximity, compass","540 x 960 pixels, 16:9 ratio (~245 ppi density)",,"Wi-Fi 802.11 b/g/n, hotspot","8 MP, AF",,About 120 EUR,,,"microUSB 2.0, OTG",PowerVR SGX544,4GB 1GB RAM,microSDHC (dedicated slot),Up to 17 h 40 min (2G) / Up to 16 h 30 min (3G),HSDPA 2100,White,Android 4.2 (Jelly Bean),Yes,2 MP,Quad-core 1.2 GHz Cortex-A7,,,FM radio,"Li-Ion 2400 mAh, removable",GSM 900 / 1800 - SIM 1 & SIM 2,"4.5 inches, 55.8 cm2(~60.9% screen-to-body ratio)",151.3 g (5.33 oz),"2013, October. Released 2013, October",XOLO Q700i,,GSM / HSPA,Up to 378 h,"LED flash, panorama, HDR",,,GPS,0.76 W/kg (head)     0.65 W/kg (body),HSPA 21.1/11.5 Mbps
No,IPS LCD,194.6 x 122.6 x 10.6 mm (7.66 x 4.83 x 0.42 in),https://fdn2.gsmarena.com/vv/bigpic/xolo-play-tab.jpg,"4.0, A2DP",Yes,Nvidia Tegra 3,No,No,,No,720p,XOLO,,Discontinued,"Accelerometer, compass","1280 x 800 pixels, 16:10 ratio (~216 ppi density)",,"Wi-Fi 802.11 a/b/g/n, dual band",2 MP,Yes,About 110 EUR,,,microUSB 2.0,,8GB 1GB RAM,microSDHC (dedicated slot),,,Black,Android 4.1 (Jelly Bean),Yes,,Quad-core 1.2 GHz,,,No,"Li-Ion 4000 mAh, non-removable",N/A,"7.0 inches, 142.1 cm2(~59.6% screen-to-body ratio)",338 g (11.92 oz),"2013, October. Released 2013, October",XOLO Play Tab 7.0,,No cellular connectivity,Up to 330 h,,No,,GPS,,
,IPS LCD,214.2 x 154.9 x 11.3 mm (8.43 x 6.10 x 0.44 in),https://fdn2.gsmarena.com/vv/bigpic/xolo-tab-1.jpg,3.0,Yes,Qualcomm MSM8225Q Snapdragon S4 Play,No,Yes,,,Yes,XOLO,,Discontinued,Accelerometer,"768 x 1024 pixels, 4:3 ratio (~160 ppi density)",,"Wi-Fi 802.11 b/g/n, hotspot",2 MP,Yes,About 120 EUR,,,microUSB 2.0,Adreno 203,4GB 1GB RAM,microSDXC (dedicated slot),Up to 16 h (2G) / Up to 12 h (3G),HSDPA 2100,White,Android 4.1 (Jelly Bean),Yes,VGA,Quad-core 1.2 GHz Cortex-A5,,,FM radio,"Li-Ion 4000 mAh, non-removable",GSM 850 / 900 / 1800 / 1900,"8.0 inches, 198.2 cm2(~59.7% screen-to-body ratio)",480 g (1.06 lb),"2013, September. Released 2013, September",XOLO Tab,,GSM / HSPA,Up to 360 h (2G) / Up to 360 h (3G),,,,GPS,,HSPA 21.1/5.76 Mbps
,IPS LCD,147 x 72.1 x 7 mm (5.79 x 2.84 x 0.28 in),https://fdn2.gsmarena.com/vv/bigpic/xolo-q1000s.jpg,"4.0, A2DP",Yes,Mediatek MT6589T (28 nm),No,Mini-SIM,,,1080p@30fps,XOLO,,Discontinued,"Accelerometer, proximity, compass","720 x 1280 pixels, 16:9 ratio (~294 ppi density)",,"Wi-Fi 802.11 b/g/n, hotspot","13 MP, AF",,About 170 EUR,,,microUSB 2.0,PowerVR SGX544MP2,16GB 1GB RAM,No,Up to 22 h 30 min,HSDPA 2100,Black,Android 4.2 (Jelly Bean),Yes,5 MP,Quad-core 1.5 GHz Cortex-A7,,,FM radio,"Li-Po 2500 mAh, removable",GSM 900 / 1800,"5.0 inches, 68.9 cm2(~65.0% screen-to-body ratio)",158 g (5.57 oz),"2013, August. Released 2013, August",XOLO Q1000s,,GSM / HSPA,Up to 327 h,"LED flash, panorama, HDR",,,GPS,0.80 W/kg (head)     0.85 W/kg (body),HSPA 42.2/11.5 Mbps
,TFT,125 x 63.2 x 9 mm (4.92 x 2.49 x 0.35 in),https://fdn2.gsmarena.com/vv/bigpic/xolo-a500s.jpg,3.0,Yes,Mediatek MT6572W,No,"Dual SIM (Mini-SIM, dual stand-by)",,,720p@30fps,XOLO,,Discontinued,"Accelerometer, proximity","480 x 800 pixels, 5:3 ratio (~233 ppi density)",,"Wi-Fi 802.11 b/g/n, hotspot",5 MP,,About 120 EUR,,,microUSB 2.0,Mali-400,4GB 512MB RAM,microSDHC (dedicated slot),Up to 10 h (2G) / Up to 8 h (3G),HSDPA 2100,"Black, White, Red, Blue",Android 4.2 (Jelly Bean),Yes,VGA,Dual-core 1.3 GHz Cortex-A7,,,FM Radio,"Li-Ion 1400 mAh, removable",GSM 900 / 1800 - SIM 1 & SIM 2,"4.0 inches, 45.5 cm2(~57.6% screen-to-body ratio)",120 g (4.23 oz),"2013, August. Released 2013, August",XOLO A500S,,GSM / HSPA,Up to 492 h (2G) / Up to 470 h (3G),LED flash,,,GPS,0.93 W/kg (head)     0.81 W/kg (body),HSPA 21.1/5.76 Mbps
,IPS LCD,138.4 x 70 x 10.4 mm (5.45 x 2.76 x 0.41 in),https://fdn2.gsmarena.com/vv/bigpic/xolo-play.jpg,3.0,Yes,Nvidia Tegra 3,No,Mini-SIM,,,1080p@30fps,XOLO,,Discontinued,"Accelerometer, proximity, compass","720 x 1280 pixels, 16:9 ratio (~312 ppi density)",,"Wi-Fi 802.11 b/g/n, hotspot","8 MP, AF",,About 170 EUR,,,microUSB 2.0,ULP GeForce,4GB 1GB RAM,microSDHC (dedicated slot),Up to 11 h,HSDPA 900 / 2100,Black,Android 4.1.1 (Jelly Bean),Yes,2 MP,Quad-core 1.5 GHz,,,No,"Li-Ion 2000 mAh, removable",GSM 900 / 1800,"4.7 inches, 60.9 cm2(~62.9% screen-to-body ratio)",167 g (5.89 oz),"2013, July. Released 2013, July",XOLO Play,,GSM / HSPA,Up to 227 h,LED flash,,,GPS,0.45 W/kg (head)     0.61 W/kg (body),HSPA 21.1/5.76 Mbps
,TFT,133.5 x 67 x 11.9 mm (5.26 x 2.64 x 0.47 in),https://fdn2.gsmarena.com/vv/bigpic/lava-xolo-q600.jpg,3.0,Yes,Mediatek MT6589 (28 nm),No,Dual SIM (Mini-SIM),,,720p@30fps,XOLO,,Discontinued,"Accelerometer, compass","480 x 854 pixels, 16:9 ratio (~218 ppi density)",,"Wi-Fi 802.11 b/g/n, hotspot","5 MP, AF",,About 120 EUR,,,microUSB 2.0,PowerVR SGX544,4GB 512MB RAM,microSDHC (dedicated slot),Up to 13 h 30 min (2G) / Up to 10 h (3G),HSDPA 2100,White,Android 4.2 (Jelly Bean),Yes,VGA,Quad-core 1.2 GHz Cortex-A7,,,FM radio,"Li-Ion 2000 mAh, removable",GSM 900 / 1800 - SIM 1 & SIM 2,"4.5 inches, 55.8 cm2(~62.4% screen-to-body ratio)",147.7 g (5.19 oz),"2013, July. Released 2013, July",XOLO Q600,,GSM / HSPA,Up to 333 h (2G) / Up to 242 h (3G),"LED flash, HDR, panorama",,,GPS,0.77 W/kg (head)     0.87 W/kg (body),HSPA 21.1/11.5 Mbps
,TFT,133.9 x 67.6 x 9.1 mm (5.27 x 2.66 x 0.36 in),https://fdn2.gsmarena.com/vv/bigpic/lava-x1000.jpg,"2.1, A2DP, EDR",Yes,Intel Atom Z2480,No,Mini-SIM,,,1080p@30fps,XOLO,,Discontinued,"Accelerometer, gyro, proximity, compass","720 x 1280 pixels, 16:9 ratio (~312 ppi density)",,"Wi-Fi 802.11 b/g/n, hotspot","8 MP, AF",,About 170 EUR,,,microUSB 2.0,PowerVR SGX540,8GB 1GB RAM,microSDHC (dedicated slot),Up to 9 h 30 min,HSDPA 850 / 900 / 1900 / 2100,Black,"Android 4.0.4 (Ice Cream Sandwich), upgradable to 4.1 (Jelly Bean)",Yes,1.3 MP,2 GHz,,,FM radio,"Li-Ion 1900 mAh, removable",GSM 850 / 900 / 1800 / 1900,"4.7 inches, 60.9 cm2(~67.3% screen-to-body ratio)",140 g (4.94 oz),"2013, March. Released 2013, March",XOLO X1000,,GSM / HSPA,Up to 336 h,LED flash,,,GPS,1.30 W/kg (head)     1.22 W/kg (body),HSPA 21.1/5.76 Mbps
,IPS LCD,126 x 64.7 x 10 mm (4.96 x 2.55 x 0.39 in),https://fdn2.gsmarena.com/vv/bigpic/lava-x910.jpg,2.1,Yes,Intel Atom Z2460,No,Dual SIM (Mini-SIM),,,1080p@30fps,XOLO,,Discontinued,"Accelerometer, proximity, compass","540 x 960 pixels, 16:9 ratio (~256 ppi density)",,"Wi-Fi 802.11 b/g/n, hotspot","5 MP, AF",,About 140 EUR,,,microUSB 2.0,PowerVR SGX540,4GB 1GB RAM,microSDHC (dedicated slot),,HSDPA 850 / 900 / 1900 / 2100,"White, Black",Android 4.0.4 (Ice Cream Sandwich),Yes,VGA,1.6 GHz,,,FM radio,"Li-Ion 2000 mAh, removable",GSM 850 / 900 / 1800 / 1900 - SIM 1 & SIM 2,"4.3 inches, 51.0 cm2(~62.5% screen-to-body ratio)",150 g (5.29 oz),"2013, May. Released 2013, May",XOLO X910,,GSM / HSPA,,LED flash,,,GPS,,HSPA 21.1/11.5 Mbps
No,IPS LCD,110.5 x 61 x 12.6 mm (4.35 x 2.40 x 0.50 in),https://fdn2.gsmarena.com/vv/bigpic/lava-x500.jpg,2.1,Yes,Intel Atom Z2420,No,Dual SIM (Mini-SIM),,,1080p@30fps,XOLO,,Discontinued,"Accelerometer, proximity","320 x 480 pixels, 3:2 ratio (~165 ppi density)",,"Wi-Fi 802.11 b/g/n, hotspot","5 MP, AF",,About 100 EUR,,,microUSB 2.0,PowerVR SGX540,4GB 512MB RAM,microSDHC (dedicated slot),Up to 10 h (2G) / Up to 9 h 40 min (3G),HSDPA 850 / 900 / 1900 / 2100,Black,Android 4.0 (Ice Cream Sandwich),Yes,,1.2 GHz,,,FM radio,"Li-Ion 1500 mAh, removable",GSM 850 / 900 / 1800 / 1900 - SIM 1 & SIM 2,"3.5 inches, 36.5 cm2(~54.1% screen-to-body ratio)",132 g (4.66 oz),"2013, January. Released 2013, January",XOLO X500,,GSM / HSPA,Up to 405 h (2G) / Up to 383 h (3G),LED flash,,,GPS,,HSPA 21.1/5.76 Mbps
,IPS LCD,143.5 x 70.8 x 8.8 mm (5.65 x 2.79 x 0.35 in),https://fdn2.gsmarena.com/vv/bigpic/lava-q1000.jpg,"4.0, A2DP",Yes,Mediatek MT6589 (28 nm),No,Dual SIM (Mini-SIM),,,1080p@30fps,XOLO,,Discontinued,"Accelerometer, proximity","720 x 1280 pixels, 16:9 ratio (~294 ppi density)",,"Wi-Fi 802.11 b/g/n, hotspot","8 MP, AF",,About 150 EUR,,,2.0,PowerVR SGX544,4GB 1GB RAM,microSDHC (dedicated slot),Up to 14 h (2G) / Up to 10 h 30 min (3G),HSDPA 900 / 2100,"Black, White","Android 4.2 (Jelly Bean), upgradable to 4.4.2 (KitKat)",Yes,1.2 MP,Quad-core 1.2 GHz Cortex-A7,,,FM radio,"Li-Ion 2100 mAh, removable",GSM 900 / 1800 - SIM 1 & SIM 2,"5.0 inches, 68.9 cm2(~67.8% screen-to-body ratio)",171.1 g (6.03 oz),"2013, May. Released 2013, May",XOLO Q1000,,GSM / HSPA,Up to 350 h (2G) / Up to 346 h (3G),LED flash,,,GPS,0.80 W/kg (head)     0.67 W/kg (body),HSPA 42.2/11.5 Mbps
,IPS LCD,135.5 x 67 x 9.6 mm (5.33 x 2.64 x 0.38 in),https://fdn2.gsmarena.com/vv/bigpic/lava-q800.jpg,"4.0, A2DP",Yes,Mediatek MT6589M (28 nm),No,Dual SIM (Mini-SIM),,,Yes,XOLO,,Discontinued,"Accelerometer, gyro, proximity, compass","540 x 960 pixels, 16:9 ratio (~245 ppi density)",,"Wi-Fi 802.11 b/g/n, hotspot","8 MP, AF",,About 130 EUR,,,microUSB 2.0,PowerVR SGX544,4GB 1GB RAM,microSDHC (dedicated slot),Up to 16 h (2G) / Up to 10 h (3G),HSDPA 900 / 2100,"Black, White",Android 4.1.2 (Jelly Bean),Yes,1 MP,Quad-core 1.2 GHz Cortex-A7,,,"FM radio, recording","Li-Ion 2100 mAh, removable",GSM 850 / 900 / 1800 / 1900 - SIM 1 & SIM 2,"4.5 inches, 55.8 cm2(~61.5% screen-to-body ratio)",143.5 g (5.04 oz),"2013, February. Released 2013, February",XOLO Q800,,GSM / HSPA,Up to 360 h (2G) / Up to 360 h (3G),LED flash,,,GPS,0.65 W/kg (head)     0.95 W/kg (body),HSPA 21.1/5.76 Mbps
,IPS LCD,135.8 x 67.5 x 10.2 mm (5.35 x 2.66 x 0.40 in),https://fdn2.gsmarena.com/vv/bigpic/lava-q700.jpg,3.0,Yes,Mediatek MT6589W-M,No,Dual SIM (Mini-SIM),,,720p@30fps,XOLO,,Discontinued,"Accelerometer, compass","540 x 960 pixels, 16:9 ratio (~245 ppi density)",,"Wi-Fi 802.11 b/g/n, Wi-Fi Direct, hotspot","5 MP, AF",,About 100 EUR,,,"microUSB 2.0, OTG",PowerVR SGX544,4GB 1GB RAM,microSDHC (dedicated slot),Up to 17 h (2G) / Up to 16 h (3G),HSDPA 2100,"Coffee Brown, Blue, Black",Android 4.2 (Jelly Bean),Yes,VGA,Quad-core 1.2 GHz Cortex-A7,,,FM radio,"Li-Ion 2400 mAh, removable",GSM 850 / 900 / 1800 / 1900 - SIM 1 & SIM 2,"4.5 inches, 55.8 cm2(~60.9% screen-to-body ratio)",151.3 g (5.33 oz),"2013, May. Released 2013, May",XOLO Q700,,GSM / HSPA,Up to 380 h,"LED flash, HDR, panorama",,,GPS,0.86 W/kg (head)     0.55 W/kg (body),HSPA 21.1/11.5 Mbps
,TFT,124 x 63.5 x 11.8 mm (4.88 x 2.5 x 0.46 in),https://fdn2.gsmarena.com/vv/bigpic/lava-a500.jpg,2.0,Yes,,No,Dual SIM (Mini-SIM),,,Yes,XOLO,,Discontinued,"Accelerometer, proximity","480 x 800 pixels, 5:3 ratio (~233 ppi density)",,"Wi-Fi 802.11 b/g/n, hotspot",5 MP,,About 80 EUR,,,Proprietary,Adreno 203,4GB 512MB RAM,microSDHC (dedicated slot),Up to 9 h,HSDPA 2100,Black,Android 4.0 (Ice Cream Sandwich),Yes,VGA,Dual-core 1.0 GHz,,,FM radio,"Li-Ion 1500 mAh, removable",GSM 900 / 1800 - SIM 1 & SIM 2,"4.0 inches, 45.5 cm2(~57.8% screen-to-body ratio)",-,"2013, January. Released 2013, January",XOLO A500,,GSM / HSPA,Up to 310 h,LED flash,,,GPS,0.55 W/kg (head)     0.78 W/kg (body),HSPA 7.2/5.76 Mbps
